comparison,block,a,b,metric,a_median,a_p25,a_p75,a_min,a_max,b_median,b_p25,b_p75,b_min,b_max,ratio_b_over_a,rule,result
head-to-head json vs jsonb,W1,W1/json/X-0,W1/jsonb/X-0,exec_ms,165.658,150.116,191.092,85.726,207.925,301.826,291.663,361.076,261.621,396.557,1.8219826389308096,Step 6A: IQR non-overlap and >= 10 % median difference,measurable: json/X-0 faster
head-to-head json vs jsonb,W1,W1/json/X-0,W1/jsonb/X-0,client_total_ms,170.925,154.519,198.483,90.226,213.603,315.574,292.601,365.022,265.933,401.842,1.8462717566184,Step 6A: IQR non-overlap and >= 10 % median difference,measurable: json/X-0 faster
head-to-head json vs jsonb,W1,W1/json/X-0,W1/jsonb/X-0,explain_wal_bytes,9059086.0,9059086.0,9059086.0,9059086.0,9059086.0,7844703.0,7844703.0,7844703.0,7844703.0,7844703.0,0.8659486177744642,min-max ranges non-overlapping,consistent: jsonb/X-0 lower
head-to-head json vs jsonb,W1,W1/json/X-0,W1/jsonb/X-0,lsn_diff_bytes,9103072.0,9103048.0,9103088.0,9103048.0,9103088.0,7884288.0,7884272.0,7884296.0,7884272.0,7884352.0,0.8661128902418875,min-max ranges non-overlapping,consistent: jsonb/X-0 lower
head-to-head json vs jsonb,W1,W1/json/X-0,W1/jsonb/X-0,stat_wal_records,10015.0,10015.0,10015.0,10015.0,10015.0,10015.0,10015.0,10015.0,10015.0,10016.0,1.0,min-max ranges non-overlapping,overlapping
head-to-head json vs jsonb,W1,W1/json/X-0,W1/jsonb/X-0,stat_wal_fpi,0.0,0.0,0.0,0.0,0.0,0.0,0.0,0.0,0.0,0.0,,min-max ranges non-overlapping,identical
head-to-head json vs jsonb,W1,W1/json/X-0,W1/jsonb/X-0,shared_dirtied,1267.0,1267.0,1267.0,1267.0,1267.0,998.0,998.0,998.0,998.0,998.0,0.7876874506708761,min-max ranges non-overlapping,consistent: jsonb/X-0 lower
head-to-head json vs jsonb,W1,W1/json/X-0,W1/jsonb/X-0,io_extends,1268.0,1268.0,1268.0,1268.0,1268.0,999.0,999.0,999.0,999.0,999.0,0.7878548895899053,min-max ranges non-overlapping,consistent: jsonb/X-0 lower
head-to-head json vs jsonb,W1,W1/json/X-0,W1/jsonb/X-0,heap_growth,10240000.0,10240000.0,10240000.0,10240000.0,10240000.0,8036352.0,8036352.0,8036352.0,8036352.0,8036352.0,0.7848,min-max ranges non-overlapping,consistent: jsonb/X-0 lower
head-to-head json vs jsonb,W1,W1/json/X-0,W1/jsonb/X-0,toast_growth,0.0,0.0,0.0,0.0,0.0,0.0,0.0,0.0,0.0,0.0,,min-max ranges non-overlapping,identical
head-to-head json vs jsonb,W1,W1/json/X-0,W1/jsonb/X-0,secondary_index_growth,0.0,0.0,0.0,0.0,0.0,0.0,0.0,0.0,0.0,0.0,,min-max ranges non-overlapping,identical
head-to-head json vs jsonb,W1,W1/json/X-0,W1/jsonb/X-0,dead_after,0.0,0.0,0.0,0.0,0.0,0.0,0.0,0.0,0.0,0.0,,min-max ranges non-overlapping,identical
head-to-head json vs jsonb,W1,W1/json/X-0,W1/jsonb/X-0,hot_updates,0.0,0.0,0.0,0.0,0.0,0.0,0.0,0.0,0.0,0.0,,min-max ranges non-overlapping,identical
head-to-head json vs jsonb,W1,W1/json/X-0,W1/jsonb/X-0,docs_compressed_after,1.0,1.0,1.0,1.0,1.0,2880.0,2880.0,2880.0,2880.0,2880.0,2880.0,min-max ranges non-overlapping,consistent: json/X-0 lower
head-to-head json vs jsonb,W1,W1/json/X-1,W1/jsonb/X-1,exec_ms,731.528,670.757,861.353,599.736,1003.787,371.331,339.79,440.733,329.261,486.032,0.5076100983147603,Step 6A: IQR non-overlap and >= 10 % median difference,measurable: jsonb/X-1 faster
head-to-head json vs jsonb,W1,W1/json/X-1,W1/jsonb/X-1,client_total_ms,733.6419999999999,673.085,871.813,603.101,1015.732,375.978,353.57599999999996,466.655,333.03999999999996,491.928,0.5124815645778187,Step 6A: IQR non-overlap and >= 10 % median difference,measurable: jsonb/X-1 faster
head-to-head json vs jsonb,W1,W1/json/X-1,W1/jsonb/X-1,explain_wal_bytes,10955870.0,10955870.0,10955870.0,10955870.0,10955870.0,9741849.0,9741849.0,9741849.0,9741849.0,9741849.0,0.8891899045899595,min-max ranges non-overlapping,consistent: jsonb/X-1 lower
head-to-head json vs jsonb,W1,W1/json/X-1,W1/jsonb/X-1,lsn_diff_bytes,11006008.0,11006000.0,11006024.0,11005984.0,11006024.0,9788272.0,9788272.0,9788288.0,9788264.0,9788328.0,0.8893571583811315,min-max ranges non-overlapping,consistent: jsonb/X-1 lower
head-to-head json vs jsonb,W1,W1/json/X-1,W1/jsonb/X-1,stat_wal_records,35282.0,35282.0,35282.0,35282.0,35282.0,35285.0,35285.0,35285.0,35285.0,35286.0,1.0000850291933563,min-max ranges non-overlapping,consistent: json/X-1 lower
head-to-head json vs jsonb,W1,W1/json/X-1,W1/jsonb/X-1,stat_wal_fpi,0.0,0.0,0.0,0.0,0.0,0.0,0.0,0.0,0.0,0.0,,min-max ranges non-overlapping,identical
head-to-head json vs jsonb,W1,W1/json/X-1,W1/jsonb/X-1,shared_dirtied,1338.0,1338.0,1338.0,1338.0,1338.0,1069.0,1069.0,1069.0,1069.0,1069.0,0.7989536621823617,min-max ranges non-overlapping,consistent: jsonb/X-1 lower
head-to-head json vs jsonb,W1,W1/json/X-1,W1/jsonb/X-1,io_extends,1334.0,1334.0,1334.0,1334.0,1334.0,1065.0,1065.0,1065.0,1065.0,1065.0,0.7983508245877061,min-max ranges non-overlapping,consistent: jsonb/X-1 lower
head-to-head json vs jsonb,W1,W1/json/X-1,W1/jsonb/X-1,heap_growth,10240000.0,10240000.0,10240000.0,10240000.0,10240000.0,8036352.0,8036352.0,8036352.0,8036352.0,8036352.0,0.7848,min-max ranges non-overlapping,consistent: jsonb/X-1 lower
head-to-head json vs jsonb,W1,W1/json/X-1,W1/jsonb/X-1,toast_growth,0.0,0.0,0.0,0.0,0.0,0.0,0.0,0.0,0.0,0.0,,min-max ranges non-overlapping,identical
head-to-head json vs jsonb,W1,W1/json/X-1,W1/jsonb/X-1,secondary_index_growth,540672.0,540672.0,540672.0,540672.0,540672.0,540672.0,540672.0,540672.0,540672.0,540672.0,1.0,min-max ranges non-overlapping,identical
head-to-head json vs jsonb,W1,W1/json/X-1,W1/jsonb/X-1,dead_after,0.0,0.0,0.0,0.0,0.0,0.0,0.0,0.0,0.0,0.0,,min-max ranges non-overlapping,identical
head-to-head json vs jsonb,W1,W1/json/X-1,W1/jsonb/X-1,hot_updates,0.0,0.0,0.0,0.0,0.0,0.0,0.0,0.0,0.0,0.0,,min-max ranges non-overlapping,identical
head-to-head json vs jsonb,W1,W1/json/X-1,W1/jsonb/X-1,docs_compressed_after,1.0,1.0,1.0,1.0,1.0,2880.0,2880.0,2880.0,2880.0,2880.0,2880.0,min-max ranges non-overlapping,consistent: json/X-1 lower
head-to-head json vs jsonb,W1b,W1b/json/X-0,W1b/jsonb/X-0,exec_ms,5.13,4.705,5.757,4.6,16.721,12.941,12.244,14.013,11.949,41.223,2.5226120857699805,Step 6A: IQR non-overlap and >= 10 % median difference,measurable: json/X-0 faster; below 0.1 ms: same result in session 2
head-to-head json vs jsonb,W1b,W1b/json/X-0,W1b/jsonb/X-0,client_total_ms,8.66,7.987000000000001,9.647,7.659,33.150999999999996,16.218,15.464,17.255999999999997,15.112,60.152,1.8727482678983833,Step 6A: IQR non-overlap and >= 10 % median difference,measurable: json/X-0 faster; below 0.1 ms: same result in session 2
head-to-head json vs jsonb,W1b,W1b/json/X-0,W1b/jsonb/X-0,loop_wal_bytes,558376.0,558376.0,558392.0,558376.0,558416.0,500608.0,500608.0,500608.0,500608.0,500632.0,0.8965428313537831,min-max ranges non-overlapping,consistent: jsonb/X-0 lower
head-to-head json vs jsonb,W1b,W1b/json/X-0,W1b/jsonb/X-0,lsn_diff_bytes,558416.0,558416.0,558432.0,558416.0,558456.0,500648.0,500648.0,500648.0,500648.0,500672.0,0.8965502421134065,min-max ranges non-overlapping,consistent: jsonb/X-0 lower
head-to-head json vs jsonb,W1b,W1b/json/X-0,W1b/jsonb/X-0,stat_wal_records,501.0,501.0,502.0,501.0,502.0,501.0,501.0,501.0,501.0,501.0,1.0,min-max ranges non-overlapping,overlapping
head-to-head json vs jsonb,W1b,W1b/json/X-0,W1b/jsonb/X-0,stat_wal_fpi,15.0,15.0,16.0,15.0,16.0,14.0,14.0,14.0,14.0,14.0,0.9333333333333333,min-max ranges non-overlapping,consistent: jsonb/X-0 lower
head-to-head json vs jsonb,W1b,W1b/json/X-0,W1b/jsonb/X-0,io_extends,62.0,62.0,62.0,62.0,62.0,50.0,50.0,50.0,50.0,50.0,0.8064516129032258,min-max ranges non-overlapping,consistent: jsonb/X-0 lower
head-to-head json vs jsonb,W1b,W1b/json/X-0,W1b/jsonb/X-0,heap_growth,507904.0,507904.0,507904.0,507904.0,507904.0,409600.0,409600.0,409600.0,409600.0,409600.0,0.8064516129032258,min-max ranges non-overlapping,consistent: jsonb/X-0 lower
head-to-head json vs jsonb,W1b,W1b/json/X-0,W1b/jsonb/X-0,toast_growth,0.0,0.0,0.0,0.0,0.0,0.0,0.0,0.0,0.0,0.0,,min-max ranges non-overlapping,identical
head-to-head json vs jsonb,W1b,W1b/json/X-0,W1b/jsonb/X-0,secondary_index_growth,0.0,0.0,0.0,0.0,0.0,0.0,0.0,0.0,0.0,0.0,,min-max ranges non-overlapping,identical
head-to-head json vs jsonb,W1b,W1b/json/X-0,W1b/jsonb/X-0,dead_after,0.0,0.0,0.0,0.0,0.0,0.0,0.0,0.0,0.0,0.0,,min-max ranges non-overlapping,identical
head-to-head json vs jsonb,W1b,W1b/json/X-0,W1b/jsonb/X-0,hot_updates,0.0,0.0,0.0,0.0,0.0,0.0,0.0,0.0,0.0,0.0,,min-max ranges non-overlapping,identical
head-to-head json vs jsonb,W1b,W1b/json/X-0,W1b/jsonb/X-0,docs_compressed_after,1.0,1.0,1.0,1.0,1.0,2880.0,2880.0,2880.0,2880.0,2880.0,2880.0,min-max ranges non-overlapping,consistent: json/X-0 lower
head-to-head json vs jsonb,W1b,W1b/json/X-1,W1b/jsonb/X-1,exec_ms,33.623,32.502,34.431,31.569,99.792,18.164,17.717,18.684,17.468,51.407,0.5402254409184191,Step 6A: IQR non-overlap and >= 10 % median difference,measurable: jsonb/X-1 faster; below 0.1 ms: same result in session 2
head-to-head json vs jsonb,W1b,W1b/json/X-1,W1b/jsonb/X-1,client_total_ms,37.602999999999994,35.926,39.64,34.951,119.096,22.094,21.499,23.726000000000003,20.969,59.385,0.5875595032311253,Step 6A: IQR non-overlap and >= 10 % median difference,measurable: jsonb/X-1 faster; below 0.1 ms: same result in session 2
head-to-head json vs jsonb,W1b,W1b/json/X-1,W1b/jsonb/X-1,loop_wal_bytes,957016.0,956992.0,957016.0,956992.0,957072.0,876992.0,876992.0,876992.0,876992.0,877008.0,0.9163817532831217,min-max ranges non-overlapping,consistent: jsonb/X-1 lower
head-to-head json vs jsonb,W1b,W1b/json/X-1,W1b/jsonb/X-1,lsn_diff_bytes,957056.0,957032.0,957056.0,957032.0,957112.0,877032.0,877032.0,877032.0,877032.0,877048.0,0.9163852480941554,min-max ranges non-overlapping,consistent: jsonb/X-1 lower
head-to-head json vs jsonb,W1b,W1b/json/X-1,W1b/jsonb/X-1,stat_wal_records,1754.0,1754.0,1755.0,1754.0,1756.0,1754.0,1754.0,1754.0,1754.0,1755.0,1.0,min-max ranges non-overlapping,overlapping
head-to-head json vs jsonb,W1b,W1b/json/X-1,W1b/jsonb/X-1,stat_wal_fpi,62.0,62.0,63.0,62.0,64.0,58.0,58.0,58.0,58.0,59.0,0.9354838709677419,min-max ranges non-overlapping,consistent: jsonb/X-1 lower
head-to-head json vs jsonb,W1b,W1b/json/X-1,W1b/jsonb/X-1,io_extends,64.0,64.0,64.0,64.0,64.0,52.0,52.0,52.0,52.0,52.0,0.8125,min-max ranges non-overlapping,consistent: jsonb/X-1 lower
head-to-head json vs jsonb,W1b,W1b/json/X-1,W1b/jsonb/X-1,heap_growth,507904.0,507904.0,507904.0,507904.0,507904.0,409600.0,409600.0,409600.0,409600.0,409600.0,0.8064516129032258,min-max ranges non-overlapping,consistent: jsonb/X-1 lower
head-to-head json vs jsonb,W1b,W1b/json/X-1,W1b/jsonb/X-1,toast_growth,0.0,0.0,0.0,0.0,0.0,0.0,0.0,0.0,0.0,0.0,,min-max ranges non-overlapping,identical
head-to-head json vs jsonb,W1b,W1b/json/X-1,W1b/jsonb/X-1,secondary_index_growth,16384.0,16384.0,16384.0,16384.0,16384.0,16384.0,16384.0,16384.0,16384.0,16384.0,1.0,min-max ranges non-overlapping,identical
head-to-head json vs jsonb,W1b,W1b/json/X-1,W1b/jsonb/X-1,dead_after,0.0,0.0,0.0,0.0,0.0,0.0,0.0,0.0,0.0,0.0,,min-max ranges non-overlapping,identical
head-to-head json vs jsonb,W1b,W1b/json/X-1,W1b/jsonb/X-1,hot_updates,0.0,0.0,0.0,0.0,0.0,0.0,0.0,0.0,0.0,0.0,,min-max ranges non-overlapping,identical
head-to-head json vs jsonb,W1b,W1b/json/X-1,W1b/jsonb/X-1,docs_compressed_after,1.0,1.0,1.0,1.0,1.0,2880.0,2880.0,2880.0,2880.0,2880.0,2880.0,min-max ranges non-overlapping,consistent: json/X-1 lower
head-to-head json vs jsonb,UA-1,UA-1/json/X-0,UA-1/jsonb/X-0,exec_ms,19.536,19.304,20.904,15.545,26.931,42.023,39.953,44.823,36.06,58.936,2.1510544635544635,Step 6A: IQR non-overlap and >= 10 % median difference,measurable: json/X-0 faster
head-to-head json vs jsonb,UA-1,UA-1/json/X-0,UA-1/jsonb/X-0,client_total_ms,34.282,26.586,36.563,20.872,41.771,57.126,50.077999999999996,61.831,44.813,77.931,1.6663555218482002,Step 6A: IQR non-overlap and >= 10 % median difference,measurable: json/X-0 faster
head-to-head json vs jsonb,UA-1,UA-1/json/X-0,UA-1/jsonb/X-0,explain_wal_bytes,2098202.0,2098202.0,2098202.0,2098202.0,2098202.0,2225158.0,2225158.0,2225158.0,2225158.0,2225158.0,1.0605070436497535,min-max ranges non-overlapping,consistent: json/X-0 lower
head-to-head json vs jsonb,UA-1,UA-1/json/X-0,UA-1/jsonb/X-0,lsn_diff_bytes,2119136.0,2119128.0,2119136.0,2119112.0,2119152.0,2246048.0,2246048.0,2246072.0,2246048.0,2248416.0,1.0598885583558582,min-max ranges non-overlapping,consistent: json/X-0 lower
head-to-head json vs jsonb,UA-1,UA-1/json/X-0,UA-1/jsonb/X-0,stat_wal_records,715.0,715.0,715.0,715.0,716.0,714.0,714.0,714.0,714.0,715.0,0.9986013986013986,min-max ranges non-overlapping,overlapping
head-to-head json vs jsonb,UA-1,UA-1/json/X-0,UA-1/jsonb/X-0,stat_wal_fpi,239.0,239.0,239.0,239.0,240.0,240.0,240.0,240.0,240.0,241.0,1.00418410041841,min-max ranges non-overlapping,overlapping
head-to-head json vs jsonb,UA-1,UA-1/json/X-0,UA-1/jsonb/X-0,shared_dirtied,303.0,303.0,303.0,303.0,303.0,294.0,294.0,294.0,294.0,294.0,0.9702970297029703,min-max ranges non-overlapping,consistent: jsonb/X-0 lower
head-to-head json vs jsonb,UA-1,UA-1/json/X-0,UA-1/jsonb/X-0,io_extends,60.0,60.0,60.0,60.0,60.0,50.0,50.0,50.0,50.0,50.0,0.8333333333333334,min-max ranges non-overlapping,consistent: jsonb/X-0 lower
head-to-head json vs jsonb,UA-1,UA-1/json/X-0,UA-1/jsonb/X-0,heap_growth,491520.0,491520.0,491520.0,491520.0,491520.0,409600.0,409600.0,409600.0,409600.0,409600.0,0.8333333333333334,min-max ranges non-overlapping,consistent: jsonb/X-0 lower
head-to-head json vs jsonb,UA-1,UA-1/json/X-0,UA-1/jsonb/X-0,toast_growth,0.0,0.0,0.0,0.0,0.0,0.0,0.0,0.0,0.0,0.0,,min-max ranges non-overlapping,identical
head-to-head json vs jsonb,UA-1,UA-1/json/X-0,UA-1/jsonb/X-0,secondary_index_growth,0.0,0.0,0.0,0.0,0.0,0.0,0.0,0.0,0.0,0.0,,min-max ranges non-overlapping,identical
head-to-head json vs jsonb,UA-1,UA-1/json/X-0,UA-1/jsonb/X-0,dead_after,238.0,238.0,238.0,238.0,238.0,238.0,238.0,238.0,238.0,238.0,1.0,min-max ranges non-overlapping,identical
head-to-head json vs jsonb,UA-1,UA-1/json/X-0,UA-1/jsonb/X-0,hot_updates,0.0,0.0,0.0,0.0,0.0,1.0,1.0,1.0,1.0,1.0,,min-max ranges non-overlapping,consistent: json/X-0 lower
head-to-head json vs jsonb,UA-1,UA-1/json/X-0,UA-1/jsonb/X-0,docs_compressed_after,1.0,1.0,1.0,1.0,1.0,2880.0,2880.0,2880.0,2880.0,2880.0,2880.0,min-max ranges non-overlapping,consistent: json/X-0 lower
head-to-head json vs jsonb,UA-1,UA-1/json/X-1,UA-1/jsonb/X-1,exec_ms,93.403,87.484,101.17,42.324,110.795,51.243,50.489,61.763,48.952,68.392,0.5486226352472618,Step 6A: IQR non-overlap and >= 10 % median difference,measurable: jsonb/X-1 faster
head-to-head json vs jsonb,UA-1,UA-1/json/X-1,UA-1/jsonb/X-1,client_total_ms,109.083,99.634,114.54299999999999,47.309000000000005,129.199,68.765,64.791,74.055,54.695,82.582,0.6303915367197456,Step 6A: IQR non-overlap and >= 10 % median difference,measurable: jsonb/X-1 faster
head-to-head json vs jsonb,UA-1,UA-1/json/X-1,UA-1/jsonb/X-1,explain_wal_bytes,2484878.0,2484878.0,2484878.0,2484878.0,2484878.0,2626690.0,2626690.0,2626690.0,2626690.0,2626690.0,1.0570700050465254,min-max ranges non-overlapping,consistent: json/X-1 lower
head-to-head json vs jsonb,UA-1,UA-1/json/X-1,UA-1/jsonb/X-1,lsn_diff_bytes,2507200.0,2507200.0,2507224.0,2507200.0,2507256.0,2649112.0,2649104.0,2649128.0,2649088.0,2651480.0,1.0566017868538609,min-max ranges non-overlapping,consistent: json/X-1 lower
head-to-head json vs jsonb,UA-1,UA-1/json/X-1,UA-1/jsonb/X-1,stat_wal_records,1927.0,1926.0,1927.0,1926.0,1930.0,1926.0,1926.0,1926.0,1926.0,1928.0,0.9994810586403736,min-max ranges non-overlapping,overlapping
head-to-head json vs jsonb,UA-1,UA-1/json/X-1,UA-1/jsonb/X-1,stat_wal_fpi,284.0,283.0,284.0,283.0,287.0,286.0,286.0,286.0,286.0,288.0,1.0070422535211268,min-max ranges non-overlapping,overlapping
head-to-head json vs jsonb,UA-1,UA-1/json/X-1,UA-1/jsonb/X-1,shared_dirtied,348.0,348.0,348.0,348.0,348.0,341.0,341.0,341.0,341.0,341.0,0.9798850574712644,min-max ranges non-overlapping,consistent: jsonb/X-1 lower
head-to-head json vs jsonb,UA-1,UA-1/json/X-1,UA-1/jsonb/X-1,io_extends,61.0,61.0,61.0,61.0,61.0,51.0,51.0,51.0,51.0,51.0,0.8360655737704918,min-max ranges non-overlapping,consistent: jsonb/X-1 lower
head-to-head json vs jsonb,UA-1,UA-1/json/X-1,UA-1/jsonb/X-1,heap_growth,491520.0,491520.0,491520.0,491520.0,491520.0,409600.0,409600.0,409600.0,409600.0,409600.0,0.8333333333333334,min-max ranges non-overlapping,consistent: jsonb/X-1 lower
head-to-head json vs jsonb,UA-1,UA-1/json/X-1,UA-1/jsonb/X-1,toast_growth,0.0,0.0,0.0,0.0,0.0,0.0,0.0,0.0,0.0,0.0,,min-max ranges non-overlapping,identical
head-to-head json vs jsonb,UA-1,UA-1/json/X-1,UA-1/jsonb/X-1,secondary_index_growth,8192.0,8192.0,8192.0,8192.0,8192.0,8192.0,8192.0,8192.0,8192.0,8192.0,1.0,min-max ranges non-overlapping,identical
head-to-head json vs jsonb,UA-1,UA-1/json/X-1,UA-1/jsonb/X-1,dead_after,238.0,238.0,238.0,238.0,238.0,238.0,238.0,238.0,238.0,238.0,1.0,min-max ranges non-overlapping,identical
head-to-head json vs jsonb,UA-1,UA-1/json/X-1,UA-1/jsonb/X-1,hot_updates,0.0,0.0,0.0,0.0,0.0,0.0,0.0,0.0,0.0,0.0,,min-max ranges non-overlapping,identical
head-to-head json vs jsonb,UA-1,UA-1/json/X-1,UA-1/jsonb/X-1,docs_compressed_after,1.0,1.0,1.0,1.0,1.0,2880.0,2880.0,2880.0,2880.0,2880.0,2880.0,min-max ranges non-overlapping,consistent: json/X-1 lower
head-to-head json vs jsonb,UA-2,UA-2/json/X-0,UA-2/jsonb/X-0,exec_ms,19.488,15.555,25.744,10.715,31.268,39.223,35.496,48.468,26.808,57.154,2.0126744663382596,Step 6A: IQR non-overlap and >= 10 % median difference,measurable: json/X-0 faster
head-to-head json vs jsonb,UA-2,UA-2/json/X-0,UA-2/jsonb/X-0,client_total_ms,32.945,23.884,37.943,15.972999999999999,49.775000000000006,55.306,51.726,61.663000000000004,34.081,83.326,1.6787372894217634,Step 6A: IQR non-overlap and >= 10 % median difference,measurable: json/X-0 faster
head-to-head json vs jsonb,UA-2,UA-2/json/X-0,UA-2/jsonb/X-0,explain_wal_bytes,2103892.0,2103892.0,2103892.0,2103892.0,2103892.0,2227253.0,2227253.0,2227253.0,2227253.0,2227253.0,1.0586346637565045,min-max ranges non-overlapping,consistent: json/X-0 lower
head-to-head json vs jsonb,UA-2,UA-2/json/X-0,UA-2/jsonb/X-0,lsn_diff_bytes,2124832.0,2124832.0,2124856.0,2124832.0,2124872.0,2248144.0,2248128.0,2248152.0,2248128.0,2252736.0,1.0580337645517386,min-max ranges non-overlapping,consistent: json/X-0 lower
head-to-head json vs jsonb,UA-2,UA-2/json/X-0,UA-2/jsonb/X-0,stat_wal_records,715.0,715.0,715.0,715.0,717.0,714.0,714.0,714.0,714.0,715.0,0.9986013986013986,min-max ranges non-overlapping,overlapping
head-to-head json vs jsonb,UA-2,UA-2/json/X-0,UA-2/jsonb/X-0,stat_wal_fpi,240.0,240.0,240.0,240.0,241.0,240.0,240.0,240.0,240.0,241.0,1.0,min-max ranges non-overlapping,overlapping
head-to-head json vs jsonb,UA-2,UA-2/json/X-0,UA-2/jsonb/X-0,shared_dirtied,303.0,303.0,303.0,303.0,303.0,294.0,294.0,294.0,294.0,294.0,0.9702970297029703,min-max ranges non-overlapping,consistent: jsonb/X-0 lower
head-to-head json vs jsonb,UA-2,UA-2/json/X-0,UA-2/jsonb/X-0,io_extends,59.0,59.0,59.0,59.0,59.0,50.0,50.0,50.0,50.0,50.0,0.847457627118644,min-max ranges non-overlapping,consistent: jsonb/X-0 lower
head-to-head json vs jsonb,UA-2,UA-2/json/X-0,UA-2/jsonb/X-0,heap_growth,483328.0,483328.0,483328.0,483328.0,483328.0,409600.0,409600.0,409600.0,409600.0,409600.0,0.847457627118644,min-max ranges non-overlapping,consistent: jsonb/X-0 lower
head-to-head json vs jsonb,UA-2,UA-2/json/X-0,UA-2/jsonb/X-0,toast_growth,0.0,0.0,0.0,0.0,0.0,0.0,0.0,0.0,0.0,0.0,,min-max ranges non-overlapping,identical
head-to-head json vs jsonb,UA-2,UA-2/json/X-0,UA-2/jsonb/X-0,secondary_index_growth,0.0,0.0,0.0,0.0,0.0,0.0,0.0,0.0,0.0,0.0,,min-max ranges non-overlapping,identical
head-to-head json vs jsonb,UA-2,UA-2/json/X-0,UA-2/jsonb/X-0,dead_after,238.0,238.0,238.0,238.0,238.0,238.0,238.0,238.0,238.0,238.0,1.0,min-max ranges non-overlapping,identical
head-to-head json vs jsonb,UA-2,UA-2/json/X-0,UA-2/jsonb/X-0,hot_updates,0.0,0.0,0.0,0.0,0.0,1.0,1.0,1.0,1.0,1.0,,min-max ranges non-overlapping,consistent: json/X-0 lower
head-to-head json vs jsonb,UA-2,UA-2/json/X-0,UA-2/jsonb/X-0,docs_compressed_after,1.0,1.0,1.0,1.0,1.0,2878.0,2878.0,2878.0,2878.0,2878.0,2878.0,min-max ranges non-overlapping,consistent: json/X-0 lower
head-to-head json vs jsonb,UA-2,UA-2/json/X-1,UA-2/jsonb/X-1,exec_ms,88.874,85.539,105.636,63.858,134.007,48.443,44.492,73.182,35.166,94.278,0.5450750500708869,Step 6A: IQR non-overlap and >= 10 % median difference,measurable: jsonb/X-1 faster
head-to-head json vs jsonb,UA-2,UA-2/json/X-1,UA-2/jsonb/X-1,client_total_ms,103.96799999999999,90.363,115.316,70.953,141.73600000000002,64.962,55.681999999999995,86.346,41.322,105.552,0.6248268698060943,Step 6A: IQR non-overlap and >= 10 % median difference,measurable: jsonb/X-1 faster
head-to-head json vs jsonb,UA-2,UA-2/json/X-1,UA-2/jsonb/X-1,explain_wal_bytes,2488362.0,2488362.0,2488362.0,2488362.0,2488362.0,2626625.0,2626625.0,2626625.0,2626625.0,2626625.0,1.0555638608851927,min-max ranges non-overlapping,consistent: json/X-1 lower
head-to-head json vs jsonb,UA-2,UA-2/json/X-1,UA-2/jsonb/X-1,lsn_diff_bytes,2510680.0,2510680.0,2510704.0,2510680.0,2510776.0,2648992.0,2648968.0,2648992.0,2648968.0,2652152.0,1.055089457836124,min-max ranges non-overlapping,consistent: json/X-1 lower
head-to-head json vs jsonb,UA-2,UA-2/json/X-1,UA-2/jsonb/X-1,stat_wal_records,1921.0,1920.0,1921.0,1920.0,1921.0,1921.0,1921.0,1921.0,1921.0,1922.0,1.0,min-max ranges non-overlapping,overlapping
head-to-head json vs jsonb,UA-2,UA-2/json/X-1,UA-2/jsonb/X-1,stat_wal_fpi,285.0,284.0,285.0,284.0,285.0,286.0,286.0,286.0,286.0,287.0,1.0035087719298246,min-max ranges non-overlapping,consistent: json/X-1 lower
head-to-head json vs jsonb,UA-2,UA-2/json/X-1,UA-2/jsonb/X-1,shared_dirtied,348.0,348.0,348.0,348.0,348.0,341.0,341.0,341.0,341.0,341.0,0.9798850574712644,min-max ranges non-overlapping,consistent: jsonb/X-1 lower
head-to-head json vs jsonb,UA-2,UA-2/json/X-1,UA-2/jsonb/X-1,io_extends,60.0,60.0,60.0,60.0,60.0,51.0,51.0,51.0,51.0,51.0,0.85,min-max ranges non-overlapping,consistent: jsonb/X-1 lower
head-to-head json vs jsonb,UA-2,UA-2/json/X-1,UA-2/jsonb/X-1,heap_growth,483328.0,483328.0,483328.0,483328.0,483328.0,409600.0,409600.0,409600.0,409600.0,409600.0,0.847457627118644,min-max ranges non-overlapping,consistent: jsonb/X-1 lower
head-to-head json vs jsonb,UA-2,UA-2/json/X-1,UA-2/jsonb/X-1,toast_growth,0.0,0.0,0.0,0.0,0.0,0.0,0.0,0.0,0.0,0.0,,min-max ranges non-overlapping,identical
head-to-head json vs jsonb,UA-2,UA-2/json/X-1,UA-2/jsonb/X-1,secondary_index_growth,8192.0,8192.0,8192.0,8192.0,8192.0,8192.0,8192.0,8192.0,8192.0,8192.0,1.0,min-max ranges non-overlapping,identical
head-to-head json vs jsonb,UA-2,UA-2/json/X-1,UA-2/jsonb/X-1,dead_after,238.0,238.0,238.0,238.0,238.0,238.0,238.0,238.0,238.0,238.0,1.0,min-max ranges non-overlapping,identical
head-to-head json vs jsonb,UA-2,UA-2/json/X-1,UA-2/jsonb/X-1,hot_updates,0.0,0.0,0.0,0.0,0.0,0.0,0.0,0.0,0.0,0.0,,min-max ranges non-overlapping,identical
head-to-head json vs jsonb,UA-2,UA-2/json/X-1,UA-2/jsonb/X-1,docs_compressed_after,1.0,1.0,1.0,1.0,1.0,2878.0,2878.0,2878.0,2878.0,2878.0,2878.0,min-max ranges non-overlapping,consistent: json/X-1 lower
head-to-head json vs jsonb,UA-3,UA-3/json/X-0,UA-3/jsonb/X-0,exec_ms,760.26,704.018,846.289,461.688,866.121,983.312,948.85,1027.263,872.173,1082.696,1.2933891037276721,Step 6A: IQR non-overlap and >= 10 % median difference,measurable: json/X-0 faster
head-to-head json vs jsonb,UA-3,UA-3/json/X-0,UA-3/jsonb/X-0,client_total_ms,768.6809999999999,715.101,858.083,464.536,874.4630000000001,986.196,957.739,1042.905,879.222,1096.8430000000003,1.2829717399025085,Step 6A: IQR non-overlap and >= 10 % median difference,measurable: json/X-0 faster
head-to-head json vs jsonb,UA-3,UA-3/json/X-0,UA-3/jsonb/X-0,explain_wal_bytes,18232798.0,18232798.0,18232798.0,18232798.0,18232798.0,15788614.0,15788614.0,15788614.0,15788614.0,15788614.0,0.865945753361607,min-max ranges non-overlapping,consistent: jsonb/X-0 lower
head-to-head json vs jsonb,UA-3,UA-3/json/X-0,UA-3/jsonb/X-0,lsn_diff_bytes,18397904.0,18397904.0,18397904.0,18397880.0,18397960.0,15928920.0,15928920.0,15928944.0,15928904.0,15928976.0,0.8658007999172079,min-max ranges non-overlapping,consistent: jsonb/X-0 lower
head-to-head json vs jsonb,UA-3,UA-3/json/X-0,UA-3/jsonb/X-0,stat_wal_records,15062.0,15062.0,15063.0,15062.0,15063.0,15063.0,15063.0,15063.0,15063.0,15064.0,1.0000663922453858,min-max ranges non-overlapping,overlapping
head-to-head json vs jsonb,UA-3,UA-3/json/X-0,UA-3/jsonb/X-0,stat_wal_fpi,1265.0,1265.0,1266.0,1265.0,1266.0,996.0,996.0,996.0,996.0,996.0,0.7873517786561265,min-max ranges non-overlapping,consistent: jsonb/X-0 lower
head-to-head json vs jsonb,UA-3,UA-3/json/X-0,UA-3/jsonb/X-0,shared_dirtied,2531.0,2531.0,2531.0,2531.0,2531.0,1995.0,1995.0,1995.0,1995.0,1995.0,0.7882259976293955,min-max ranges non-overlapping,consistent: jsonb/X-0 lower
head-to-head json vs jsonb,UA-3,UA-3/json/X-0,UA-3/jsonb/X-0,io_extends,1262.0,1262.0,1262.0,1262.0,1262.0,995.0,995.0,995.0,995.0,995.0,0.7884310618066561,min-max ranges non-overlapping,consistent: jsonb/X-0 lower
head-to-head json vs jsonb,UA-3,UA-3/json/X-0,UA-3/jsonb/X-0,heap_growth,10223616.0,10223616.0,10223616.0,10223616.0,10223616.0,8036352.0,8036352.0,8036352.0,8036352.0,8036352.0,0.7860576923076923,min-max ranges non-overlapping,consistent: jsonb/X-0 lower
head-to-head json vs jsonb,UA-3,UA-3/json/X-0,UA-3/jsonb/X-0,toast_growth,0.0,0.0,0.0,0.0,0.0,0.0,0.0,0.0,0.0,0.0,,min-max ranges non-overlapping,identical
head-to-head json vs jsonb,UA-3,UA-3/json/X-0,UA-3/jsonb/X-0,secondary_index_growth,0.0,0.0,0.0,0.0,0.0,0.0,0.0,0.0,0.0,0.0,,min-max ranges non-overlapping,identical
head-to-head json vs jsonb,UA-3,UA-3/json/X-0,UA-3/jsonb/X-0,dead_after,5000.0,5000.0,5000.0,5000.0,5000.0,5000.0,5000.0,5000.0,5000.0,5000.0,1.0,min-max ranges non-overlapping,identical
head-to-head json vs jsonb,UA-3,UA-3/json/X-0,UA-3/jsonb/X-0,hot_updates,4.0,4.0,4.0,4.0,4.0,4.0,4.0,4.0,4.0,4.0,1.0,min-max ranges non-overlapping,identical
head-to-head json vs jsonb,UA-3,UA-3/json/X-0,UA-3/jsonb/X-0,docs_compressed_after,1.0,1.0,1.0,1.0,1.0,2880.0,2880.0,2880.0,2880.0,2880.0,2880.0,min-max ranges non-overlapping,consistent: json/X-0 lower
head-to-head json vs jsonb,UA-3,UA-3/json/X-1,UA-3/jsonb/X-1,exec_ms,1912.065,1800.654,2011.478,1788.048,2273.624,1120.78,1051.604,1268.303,1035.749,1382.389,0.5861620813099973,Step 6A: IQR non-overlap and >= 10 % median difference,measurable: jsonb/X-1 faster
head-to-head json vs jsonb,UA-3,UA-3/json/X-1,UA-3/jsonb/X-1,client_total_ms,1924.4930000000002,1814.831,2029.6610000000003,1793.757,2279.344,1147.829,1063.8650000000002,1281.987,1044.343,1396.524,0.5964318914124395,Step 6A: IQR non-overlap and >= 10 % median difference,measurable: jsonb/X-1 faster
head-to-head json vs jsonb,UA-3,UA-3/json/X-1,UA-3/jsonb/X-1,explain_wal_bytes,20498141.0,20498141.0,20498141.0,20498141.0,20498141.0,18046214.0,18046214.0,18046214.0,18046214.0,18046214.0,0.8803829576545502,min-max ranges non-overlapping,consistent: jsonb/X-1 lower
head-to-head json vs jsonb,UA-3,UA-3/json/X-1,UA-3/jsonb/X-1,lsn_diff_bytes,20671336.0,20671320.0,20671376.0,20671320.0,20671416.0,18195096.0,18195096.0,18195152.0,18195096.0,18195808.0,0.8802090005213016,min-max ranges non-overlapping,consistent: jsonb/X-1 lower
head-to-head json vs jsonb,UA-3,UA-3/json/X-1,UA-3/jsonb/X-1,stat_wal_records,40528.0,40527.0,40528.0,40527.0,40529.0,40532.0,40532.0,40533.0,40532.0,40533.0,1.0000986971969996,min-max ranges non-overlapping,consistent: json/X-1 lower
head-to-head json vs jsonb,UA-3,UA-3/json/X-1,UA-3/jsonb/X-1,stat_wal_fpi,1319.0,1318.0,1319.0,1318.0,1319.0,1048.0,1048.0,1048.0,1048.0,1049.0,0.7945413191811979,min-max ranges non-overlapping,consistent: jsonb/X-1 lower
head-to-head json vs jsonb,UA-3,UA-3/json/X-1,UA-3/jsonb/X-1,shared_dirtied,2638.0,2638.0,2638.0,2638.0,2638.0,2101.0,2101.0,2101.0,2101.0,2101.0,0.7964366944655041,min-max ranges non-overlapping,consistent: jsonb/X-1 lower
head-to-head json vs jsonb,UA-3,UA-3/json/X-1,UA-3/jsonb/X-1,io_extends,1316.0,1316.0,1316.0,1316.0,1316.0,1049.0,1049.0,1049.0,1049.0,1049.0,0.797112462006079,min-max ranges non-overlapping,consistent: jsonb/X-1 lower
head-to-head json vs jsonb,UA-3,UA-3/json/X-1,UA-3/jsonb/X-1,heap_growth,10223616.0,10223616.0,10223616.0,10223616.0,10223616.0,8036352.0,8036352.0,8036352.0,8036352.0,8036352.0,0.7860576923076923,min-max ranges non-overlapping,consistent: jsonb/X-1 lower
head-to-head json vs jsonb,UA-3,UA-3/json/X-1,UA-3/jsonb/X-1,toast_growth,0.0,0.0,0.0,0.0,0.0,0.0,0.0,0.0,0.0,0.0,,min-max ranges non-overlapping,identical
head-to-head json vs jsonb,UA-3,UA-3/json/X-1,UA-3/jsonb/X-1,secondary_index_growth,442368.0,442368.0,442368.0,442368.0,442368.0,442368.0,442368.0,442368.0,442368.0,442368.0,1.0,min-max ranges non-overlapping,identical
head-to-head json vs jsonb,UA-3,UA-3/json/X-1,UA-3/jsonb/X-1,dead_after,5000.0,5000.0,5000.0,5000.0,5000.0,5000.0,5000.0,5000.0,5000.0,5000.0,1.0,min-max ranges non-overlapping,identical
head-to-head json vs jsonb,UA-3,UA-3/json/X-1,UA-3/jsonb/X-1,hot_updates,0.0,0.0,0.0,0.0,0.0,0.0,0.0,0.0,0.0,0.0,,min-max ranges non-overlapping,identical
head-to-head json vs jsonb,UA-3,UA-3/json/X-1,UA-3/jsonb/X-1,docs_compressed_after,1.0,1.0,1.0,1.0,1.0,2880.0,2880.0,2880.0,2880.0,2880.0,2880.0,min-max ranges non-overlapping,consistent: json/X-1 lower
index effect json: X-0 vs X-1,W1,W1/json/X-0,W1/json/X-1,exec_ms,165.658,150.116,191.092,85.726,207.925,731.528,670.757,861.353,599.736,1003.787,4.415892984341234,Step 6A: IQR non-overlap and >= 10 % median difference,measurable: json/X-0 faster
index effect json: X-0 vs X-1,W1,W1/json/X-0,W1/json/X-1,client_total_ms,170.925,154.519,198.483,90.226,213.603,733.6419999999999,673.085,871.813,603.101,1015.732,4.292186631563551,Step 6A: IQR non-overlap and >= 10 % median difference,measurable: json/X-0 faster
index effect json: X-0 vs X-1,W1,W1/json/X-0,W1/json/X-1,explain_wal_bytes,9059086.0,9059086.0,9059086.0,9059086.0,9059086.0,10955870.0,10955870.0,10955870.0,10955870.0,10955870.0,1.2093791801954414,min-max ranges non-overlapping,consistent: json/X-0 lower
index effect json: X-0 vs X-1,W1,W1/json/X-0,W1/json/X-1,lsn_diff_bytes,9103072.0,9103048.0,9103088.0,9103048.0,9103088.0,11006008.0,11006000.0,11006024.0,11005984.0,11006024.0,1.2090432768190782,min-max ranges non-overlapping,consistent: json/X-0 lower
index effect json: X-0 vs X-1,W1,W1/json/X-0,W1/json/X-1,stat_wal_records,10015.0,10015.0,10015.0,10015.0,10015.0,35282.0,35282.0,35282.0,35282.0,35282.0,3.5229156265601596,min-max ranges non-overlapping,consistent: json/X-0 lower
index effect json: X-0 vs X-1,W1,W1/json/X-0,W1/json/X-1,stat_wal_fpi,0.0,0.0,0.0,0.0,0.0,0.0,0.0,0.0,0.0,0.0,,min-max ranges non-overlapping,identical
index effect json: X-0 vs X-1,W1,W1/json/X-0,W1/json/X-1,shared_dirtied,1267.0,1267.0,1267.0,1267.0,1267.0,1338.0,1338.0,1338.0,1338.0,1338.0,1.0560378847671665,min-max ranges non-overlapping,consistent: json/X-0 lower
index effect json: X-0 vs X-1,W1,W1/json/X-0,W1/json/X-1,io_extends,1268.0,1268.0,1268.0,1268.0,1268.0,1334.0,1334.0,1334.0,1334.0,1334.0,1.0520504731861198,min-max ranges non-overlapping,consistent: json/X-0 lower
index effect json: X-0 vs X-1,W1,W1/json/X-0,W1/json/X-1,heap_growth,10240000.0,10240000.0,10240000.0,10240000.0,10240000.0,10240000.0,10240000.0,10240000.0,10240000.0,10240000.0,1.0,min-max ranges non-overlapping,identical
index effect json: X-0 vs X-1,W1,W1/json/X-0,W1/json/X-1,toast_growth,0.0,0.0,0.0,0.0,0.0,0.0,0.0,0.0,0.0,0.0,,min-max ranges non-overlapping,identical
index effect json: X-0 vs X-1,W1,W1/json/X-0,W1/json/X-1,secondary_index_growth,0.0,0.0,0.0,0.0,0.0,540672.0,540672.0,540672.0,540672.0,540672.0,,min-max ranges non-overlapping,consistent: json/X-0 lower
index effect json: X-0 vs X-1,W1,W1/json/X-0,W1/json/X-1,dead_after,0.0,0.0,0.0,0.0,0.0,0.0,0.0,0.0,0.0,0.0,,min-max ranges non-overlapping,identical
index effect json: X-0 vs X-1,W1,W1/json/X-0,W1/json/X-1,hot_updates,0.0,0.0,0.0,0.0,0.0,0.0,0.0,0.0,0.0,0.0,,min-max ranges non-overlapping,identical
index effect json: X-0 vs X-1,W1,W1/json/X-0,W1/json/X-1,docs_compressed_after,1.0,1.0,1.0,1.0,1.0,1.0,1.0,1.0,1.0,1.0,1.0,min-max ranges non-overlapping,identical
index effect jsonb: X-0 vs X-1,W1,W1/jsonb/X-0,W1/jsonb/X-1,exec_ms,301.826,291.663,361.076,261.621,396.557,371.331,339.79,440.733,329.261,486.032,1.2302816854744123,Step 6A: IQR non-overlap and >= 10 % median difference,not measurable
index effect jsonb: X-0 vs X-1,W1,W1/jsonb/X-0,W1/jsonb/X-1,client_total_ms,315.574,292.601,365.022,265.933,401.842,375.978,353.57599999999996,466.655,333.03999999999996,491.928,1.1914099387148498,Step 6A: IQR non-overlap and >= 10 % median difference,not measurable
index effect jsonb: X-0 vs X-1,W1,W1/jsonb/X-0,W1/jsonb/X-1,explain_wal_bytes,7844703.0,7844703.0,7844703.0,7844703.0,7844703.0,9741849.0,9741849.0,9741849.0,9741849.0,9741849.0,1.2418378363081433,min-max ranges non-overlapping,consistent: jsonb/X-0 lower
index effect jsonb: X-0 vs X-1,W1,W1/jsonb/X-0,W1/jsonb/X-1,lsn_diff_bytes,7884288.0,7884272.0,7884296.0,7884272.0,7884352.0,9788272.0,9788272.0,9788288.0,9788264.0,9788328.0,1.2414909247353725,min-max ranges non-overlapping,consistent: jsonb/X-0 lower
index effect jsonb: X-0 vs X-1,W1,W1/jsonb/X-0,W1/jsonb/X-1,stat_wal_records,10015.0,10015.0,10015.0,10015.0,10016.0,35285.0,35285.0,35285.0,35285.0,35286.0,3.5232151772341487,min-max ranges non-overlapping,consistent: jsonb/X-0 lower
index effect jsonb: X-0 vs X-1,W1,W1/jsonb/X-0,W1/jsonb/X-1,stat_wal_fpi,0.0,0.0,0.0,0.0,0.0,0.0,0.0,0.0,0.0,0.0,,min-max ranges non-overlapping,identical
index effect jsonb: X-0 vs X-1,W1,W1/jsonb/X-0,W1/jsonb/X-1,shared_dirtied,998.0,998.0,998.0,998.0,998.0,1069.0,1069.0,1069.0,1069.0,1069.0,1.0711422845691383,min-max ranges non-overlapping,consistent: jsonb/X-0 lower
index effect jsonb: X-0 vs X-1,W1,W1/jsonb/X-0,W1/jsonb/X-1,io_extends,999.0,999.0,999.0,999.0,999.0,1065.0,1065.0,1065.0,1065.0,1065.0,1.0660660660660661,min-max ranges non-overlapping,consistent: jsonb/X-0 lower
index effect jsonb: X-0 vs X-1,W1,W1/jsonb/X-0,W1/jsonb/X-1,heap_growth,8036352.0,8036352.0,8036352.0,8036352.0,8036352.0,8036352.0,8036352.0,8036352.0,8036352.0,8036352.0,1.0,min-max ranges non-overlapping,identical
index effect jsonb: X-0 vs X-1,W1,W1/jsonb/X-0,W1/jsonb/X-1,toast_growth,0.0,0.0,0.0,0.0,0.0,0.0,0.0,0.0,0.0,0.0,,min-max ranges non-overlapping,identical
index effect jsonb: X-0 vs X-1,W1,W1/jsonb/X-0,W1/jsonb/X-1,secondary_index_growth,0.0,0.0,0.0,0.0,0.0,540672.0,540672.0,540672.0,540672.0,540672.0,,min-max ranges non-overlapping,consistent: jsonb/X-0 lower
index effect jsonb: X-0 vs X-1,W1,W1/jsonb/X-0,W1/jsonb/X-1,dead_after,0.0,0.0,0.0,0.0,0.0,0.0,0.0,0.0,0.0,0.0,,min-max ranges non-overlapping,identical
index effect jsonb: X-0 vs X-1,W1,W1/jsonb/X-0,W1/jsonb/X-1,hot_updates,0.0,0.0,0.0,0.0,0.0,0.0,0.0,0.0,0.0,0.0,,min-max ranges non-overlapping,identical
index effect jsonb: X-0 vs X-1,W1,W1/jsonb/X-0,W1/jsonb/X-1,docs_compressed_after,2880.0,2880.0,2880.0,2880.0,2880.0,2880.0,2880.0,2880.0,2880.0,2880.0,1.0,min-max ranges non-overlapping,identical
GIN effect jsonb only: X-1 vs X-2,W1,W1/jsonb/X-1,W1/jsonb/X-2,exec_ms,371.331,339.79,440.733,329.261,486.032,1295.759,1206.614,1356.374,1078.608,1457.142,3.489498587513566,Step 6A: IQR non-overlap and >= 10 % median difference,measurable: jsonb/X-1 faster
GIN effect jsonb only: X-1 vs X-2,W1,W1/jsonb/X-1,W1/jsonb/X-2,client_total_ms,375.978,353.57599999999996,466.655,333.03999999999996,491.928,1299.743,1211.191,1361.861,1083.389,1459.5520000000001,3.456965567134247,Step 6A: IQR non-overlap and >= 10 % median difference,measurable: jsonb/X-1 faster
GIN effect jsonb only: X-1 vs X-2,W1,W1/jsonb/X-1,W1/jsonb/X-2,explain_wal_bytes,9741849.0,9741849.0,9741849.0,9741849.0,9741849.0,27427915.0,27427915.0,27427915.0,27427915.0,27427915.0,2.815473222793743,min-max ranges non-overlapping,consistent: jsonb/X-1 lower
GIN effect jsonb only: X-1 vs X-2,W1,W1/jsonb/X-1,W1/jsonb/X-2,lsn_diff_bytes,9788272.0,9788272.0,9788288.0,9788264.0,9788328.0,27719608.0,27719600.0,27719624.0,27719584.0,27960488.0,2.831920486067408,min-max ranges non-overlapping,consistent: jsonb/X-1 lower
GIN effect jsonb only: X-1 vs X-2,W1,W1/jsonb/X-1,W1/jsonb/X-2,stat_wal_records,35285.0,35285.0,35285.0,35285.0,35286.0,87078.0,87078.0,87078.0,87078.0,87271.0,2.46784752727788,min-max ranges non-overlapping,consistent: jsonb/X-1 lower
GIN effect jsonb only: X-1 vs X-2,W1,W1/jsonb/X-1,W1/jsonb/X-2,stat_wal_fpi,0.0,0.0,0.0,0.0,0.0,743.0,743.0,743.0,743.0,801.0,,min-max ranges non-overlapping,consistent: jsonb/X-1 lower
GIN effect jsonb only: X-1 vs X-2,W1,W1/jsonb/X-1,W1/jsonb/X-2,shared_dirtied,1069.0,1069.0,1069.0,1069.0,1069.0,2002.0,2002.0,2002.0,2002.0,2002.0,1.872778297474275,min-max ranges non-overlapping,consistent: jsonb/X-1 lower
GIN effect jsonb only: X-1 vs X-2,W1,W1/jsonb/X-1,W1/jsonb/X-2,io_extends,1065.0,1065.0,1065.0,1065.0,1065.0,1996.0,1996.0,1996.0,1996.0,1996.0,1.8741784037558686,min-max ranges non-overlapping,consistent: jsonb/X-1 lower
GIN effect jsonb only: X-1 vs X-2,W1,W1/jsonb/X-1,W1/jsonb/X-2,heap_growth,8036352.0,8036352.0,8036352.0,8036352.0,8036352.0,8036352.0,8036352.0,8036352.0,8036352.0,8036352.0,1.0,min-max ranges non-overlapping,identical
GIN effect jsonb only: X-1 vs X-2,W1,W1/jsonb/X-1,W1/jsonb/X-2,toast_growth,0.0,0.0,0.0,0.0,0.0,0.0,0.0,0.0,0.0,0.0,,min-max ranges non-overlapping,identical
GIN effect jsonb only: X-1 vs X-2,W1,W1/jsonb/X-1,W1/jsonb/X-2,secondary_index_growth,540672.0,540672.0,540672.0,540672.0,540672.0,8142848.0,8142848.0,8142848.0,8142848.0,8142848.0,15.06060606060606,min-max ranges non-overlapping,consistent: jsonb/X-1 lower
GIN effect jsonb only: X-1 vs X-2,W1,W1/jsonb/X-1,W1/jsonb/X-2,dead_after,0.0,0.0,0.0,0.0,0.0,0.0,0.0,0.0,0.0,0.0,,min-max ranges non-overlapping,identical
GIN effect jsonb only: X-1 vs X-2,W1,W1/jsonb/X-1,W1/jsonb/X-2,hot_updates,0.0,0.0,0.0,0.0,0.0,0.0,0.0,0.0,0.0,0.0,,min-max ranges non-overlapping,identical
GIN effect jsonb only: X-1 vs X-2,W1,W1/jsonb/X-1,W1/jsonb/X-2,docs_compressed_after,2880.0,2880.0,2880.0,2880.0,2880.0,2880.0,2880.0,2880.0,2880.0,2880.0,1.0,min-max ranges non-overlapping,identical
GIN effect jsonb only: X-1 vs X-3,W1,W1/jsonb/X-1,W1/jsonb/X-3,exec_ms,371.331,339.79,440.733,329.261,486.032,823.623,742.225,851.409,707.706,1032.656,2.2180291976700035,Step 6A: IQR non-overlap and >= 10 % median difference,measurable: jsonb/X-1 faster
GIN effect jsonb only: X-1 vs X-3,W1,W1/jsonb/X-1,W1/jsonb/X-3,client_total_ms,375.978,353.57599999999996,466.655,333.03999999999996,491.928,829.346,746.813,857.66,713.2379999999999,1036.192,2.2058365117107916,Step 6A: IQR non-overlap and >= 10 % median difference,measurable: jsonb/X-1 faster
GIN effect jsonb only: X-1 vs X-3,W1,W1/jsonb/X-1,W1/jsonb/X-3,explain_wal_bytes,9741849.0,9741849.0,9741849.0,9741849.0,9741849.0,20348036.0,20348036.0,20348036.0,20348036.0,20348036.0,2.088724224733929,min-max ranges non-overlapping,consistent: jsonb/X-1 lower
GIN effect jsonb only: X-1 vs X-3,W1,W1/jsonb/X-1,W1/jsonb/X-3,lsn_diff_bytes,9788272.0,9788272.0,9788288.0,9788264.0,9788328.0,20549024.0,20549000.0,20549040.0,20549000.0,20549072.0,2.099351550508609,min-max ranges non-overlapping,consistent: jsonb/X-1 lower
GIN effect jsonb only: X-1 vs X-3,W1,W1/jsonb/X-1,W1/jsonb/X-3,stat_wal_records,35285.0,35285.0,35285.0,35285.0,35286.0,69158.0,69158.0,69158.0,69158.0,69159.0,1.9599829956071986,min-max ranges non-overlapping,consistent: jsonb/X-1 lower
GIN effect jsonb only: X-1 vs X-3,W1,W1/jsonb/X-1,W1/jsonb/X-3,stat_wal_fpi,0.0,0.0,0.0,0.0,0.0,470.0,470.0,470.0,470.0,470.0,,min-max ranges non-overlapping,consistent: jsonb/X-1 lower
GIN effect jsonb only: X-1 vs X-3,W1,W1/jsonb/X-1,W1/jsonb/X-3,shared_dirtied,1069.0,1069.0,1069.0,1069.0,1069.0,1847.0,1847.0,1847.0,1847.0,1847.0,1.7277829747427502,min-max ranges non-overlapping,consistent: jsonb/X-1 lower
GIN effect jsonb only: X-1 vs X-3,W1,W1/jsonb/X-1,W1/jsonb/X-3,io_extends,1065.0,1065.0,1065.0,1065.0,1065.0,1841.0,1841.0,1841.0,1841.0,1841.0,1.7286384976525822,min-max ranges non-overlapping,consistent: jsonb/X-1 lower
GIN effect jsonb only: X-1 vs X-3,W1,W1/jsonb/X-1,W1/jsonb/X-3,heap_growth,8036352.0,8036352.0,8036352.0,8036352.0,8036352.0,8036352.0,8036352.0,8036352.0,8036352.0,8036352.0,1.0,min-max ranges non-overlapping,identical
GIN effect jsonb only: X-1 vs X-3,W1,W1/jsonb/X-1,W1/jsonb/X-3,toast_growth,0.0,0.0,0.0,0.0,0.0,0.0,0.0,0.0,0.0,0.0,,min-max ranges non-overlapping,identical
GIN effect jsonb only: X-1 vs X-3,W1,W1/jsonb/X-1,W1/jsonb/X-3,secondary_index_growth,540672.0,540672.0,540672.0,540672.0,540672.0,6873088.0,6873088.0,6873088.0,6873088.0,6873088.0,12.712121212121213,min-max ranges non-overlapping,consistent: jsonb/X-1 lower
GIN effect jsonb only: X-1 vs X-3,W1,W1/jsonb/X-1,W1/jsonb/X-3,dead_after,0.0,0.0,0.0,0.0,0.0,0.0,0.0,0.0,0.0,0.0,,min-max ranges non-overlapping,identical
GIN effect jsonb only: X-1 vs X-3,W1,W1/jsonb/X-1,W1/jsonb/X-3,hot_updates,0.0,0.0,0.0,0.0,0.0,0.0,0.0,0.0,0.0,0.0,,min-max ranges non-overlapping,identical
GIN effect jsonb only: X-1 vs X-3,W1,W1/jsonb/X-1,W1/jsonb/X-3,docs_compressed_after,2880.0,2880.0,2880.0,2880.0,2880.0,2880.0,2880.0,2880.0,2880.0,2880.0,1.0,min-max ranges non-overlapping,identical
GIN effect jsonb only: X-1 vs X-4,W1,W1/jsonb/X-1,W1/jsonb/X-4,exec_ms,371.331,339.79,440.733,329.261,486.032,1606.402,1499.5,1900.273,1460.585,2009.881,4.326064885506462,Step 6A: IQR non-overlap and >= 10 % median difference,measurable: jsonb/X-1 faster
GIN effect jsonb only: X-1 vs X-4,W1,W1/jsonb/X-1,W1/jsonb/X-4,client_total_ms,375.978,353.57599999999996,466.655,333.03999999999996,491.928,1611.5230000000001,1504.737,1910.492,1466.6770000000001,2024.541,4.286216214778524,Step 6A: IQR non-overlap and >= 10 % median difference,measurable: jsonb/X-1 faster
GIN effect jsonb only: X-1 vs X-4,W1,W1/jsonb/X-1,W1/jsonb/X-4,explain_wal_bytes,9741849.0,9741849.0,9741849.0,9741849.0,9741849.0,38034102.0,38034102.0,38034102.0,38034102.0,38034102.0,3.9041974475276717,min-max ranges non-overlapping,consistent: jsonb/X-1 lower
GIN effect jsonb only: X-1 vs X-4,W1,W1/jsonb/X-1,W1/jsonb/X-4,lsn_diff_bytes,9788272.0,9788272.0,9788288.0,9788264.0,9788328.0,38480352.0,38480336.0,38480360.0,38480336.0,38480432.0,3.9312712192713892,min-max ranges non-overlapping,consistent: jsonb/X-1 lower
GIN effect jsonb only: X-1 vs X-4,W1,W1/jsonb/X-1,W1/jsonb/X-4,stat_wal_records,35285.0,35285.0,35285.0,35285.0,35286.0,120951.0,120951.0,120951.0,120951.0,120952.0,3.4278305228850785,min-max ranges non-overlapping,consistent: jsonb/X-1 lower
GIN effect jsonb only: X-1 vs X-4,W1,W1/jsonb/X-1,W1/jsonb/X-4,stat_wal_fpi,0.0,0.0,0.0,0.0,0.0,1213.0,1213.0,1213.0,1213.0,1213.0,,min-max ranges non-overlapping,consistent: jsonb/X-1 lower
GIN effect jsonb only: X-1 vs X-4,W1,W1/jsonb/X-1,W1/jsonb/X-4,shared_dirtied,1069.0,1069.0,1069.0,1069.0,1069.0,2780.0,2780.0,2780.0,2780.0,2780.0,2.6005612722170253,min-max ranges non-overlapping,consistent: jsonb/X-1 lower
GIN effect jsonb only: X-1 vs X-4,W1,W1/jsonb/X-1,W1/jsonb/X-4,io_extends,1065.0,1065.0,1065.0,1065.0,1065.0,2772.0,2772.0,2772.0,2772.0,2772.0,2.602816901408451,min-max ranges non-overlapping,consistent: jsonb/X-1 lower
GIN effect jsonb only: X-1 vs X-4,W1,W1/jsonb/X-1,W1/jsonb/X-4,heap_growth,8036352.0,8036352.0,8036352.0,8036352.0,8036352.0,8036352.0,8036352.0,8036352.0,8036352.0,8036352.0,1.0,min-max ranges non-overlapping,identical
GIN effect jsonb only: X-1 vs X-4,W1,W1/jsonb/X-1,W1/jsonb/X-4,toast_growth,0.0,0.0,0.0,0.0,0.0,0.0,0.0,0.0,0.0,0.0,,min-max ranges non-overlapping,identical
GIN effect jsonb only: X-1 vs X-4,W1,W1/jsonb/X-1,W1/jsonb/X-4,secondary_index_growth,540672.0,540672.0,540672.0,540672.0,540672.0,14475264.0,14475264.0,14475264.0,14475264.0,14475264.0,26.772727272727273,min-max ranges non-overlapping,consistent: jsonb/X-1 lower
GIN effect jsonb only: X-1 vs X-4,W1,W1/jsonb/X-1,W1/jsonb/X-4,dead_after,0.0,0.0,0.0,0.0,0.0,0.0,0.0,0.0,0.0,0.0,,min-max ranges non-overlapping,identical
GIN effect jsonb only: X-1 vs X-4,W1,W1/jsonb/X-1,W1/jsonb/X-4,hot_updates,0.0,0.0,0.0,0.0,0.0,0.0,0.0,0.0,0.0,0.0,,min-max ranges non-overlapping,identical
GIN effect jsonb only: X-1 vs X-4,W1,W1/jsonb/X-1,W1/jsonb/X-4,docs_compressed_after,2880.0,2880.0,2880.0,2880.0,2880.0,2880.0,2880.0,2880.0,2880.0,2880.0,1.0,min-max ranges non-overlapping,identical
index effect json: X-0 vs X-1,W1b,W1b/json/X-0,W1b/json/X-1,exec_ms,5.13,4.705,5.757,4.6,16.721,33.623,32.502,34.431,31.569,99.792,6.554191033138401,Step 6A: IQR non-overlap and >= 10 % median difference,measurable: json/X-0 faster; below 0.1 ms: same result in session 2
index effect json: X-0 vs X-1,W1b,W1b/json/X-0,W1b/json/X-1,client_total_ms,8.66,7.987000000000001,9.647,7.659,33.150999999999996,37.602999999999994,35.926,39.64,34.951,119.096,4.342147806004618,Step 6A: IQR non-overlap and >= 10 % median difference,measurable: json/X-0 faster; below 0.1 ms: same result in session 2
index effect json: X-0 vs X-1,W1b,W1b/json/X-0,W1b/json/X-1,loop_wal_bytes,558376.0,558376.0,558392.0,558376.0,558416.0,957016.0,956992.0,957016.0,956992.0,957072.0,1.7139275327019785,min-max ranges non-overlapping,consistent: json/X-0 lower
index effect json: X-0 vs X-1,W1b,W1b/json/X-0,W1b/json/X-1,lsn_diff_bytes,558416.0,558416.0,558432.0,558416.0,558456.0,957056.0,957032.0,957056.0,957032.0,957112.0,1.713876393226555,min-max ranges non-overlapping,consistent: json/X-0 lower
index effect json: X-0 vs X-1,W1b,W1b/json/X-0,W1b/json/X-1,stat_wal_records,501.0,501.0,502.0,501.0,502.0,1754.0,1754.0,1755.0,1754.0,1756.0,3.500998003992016,min-max ranges non-overlapping,consistent: json/X-0 lower
index effect json: X-0 vs X-1,W1b,W1b/json/X-0,W1b/json/X-1,stat_wal_fpi,15.0,15.0,16.0,15.0,16.0,62.0,62.0,63.0,62.0,64.0,4.133333333333334,min-max ranges non-overlapping,consistent: json/X-0 lower
index effect json: X-0 vs X-1,W1b,W1b/json/X-0,W1b/json/X-1,io_extends,62.0,62.0,62.0,62.0,62.0,64.0,64.0,64.0,64.0,64.0,1.032258064516129,min-max ranges non-overlapping,consistent: json/X-0 lower
index effect json: X-0 vs X-1,W1b,W1b/json/X-0,W1b/json/X-1,heap_growth,507904.0,507904.0,507904.0,507904.0,507904.0,507904.0,507904.0,507904.0,507904.0,507904.0,1.0,min-max ranges non-overlapping,identical
index effect json: X-0 vs X-1,W1b,W1b/json/X-0,W1b/json/X-1,toast_growth,0.0,0.0,0.0,0.0,0.0,0.0,0.0,0.0,0.0,0.0,,min-max ranges non-overlapping,identical
index effect json: X-0 vs X-1,W1b,W1b/json/X-0,W1b/json/X-1,secondary_index_growth,0.0,0.0,0.0,0.0,0.0,16384.0,16384.0,16384.0,16384.0,16384.0,,min-max ranges non-overlapping,consistent: json/X-0 lower
index effect json: X-0 vs X-1,W1b,W1b/json/X-0,W1b/json/X-1,dead_after,0.0,0.0,0.0,0.0,0.0,0.0,0.0,0.0,0.0,0.0,,min-max ranges non-overlapping,identical
index effect json: X-0 vs X-1,W1b,W1b/json/X-0,W1b/json/X-1,hot_updates,0.0,0.0,0.0,0.0,0.0,0.0,0.0,0.0,0.0,0.0,,min-max ranges non-overlapping,identical
index effect json: X-0 vs X-1,W1b,W1b/json/X-0,W1b/json/X-1,docs_compressed_after,1.0,1.0,1.0,1.0,1.0,1.0,1.0,1.0,1.0,1.0,1.0,min-max ranges non-overlapping,identical
index effect jsonb: X-0 vs X-1,W1b,W1b/jsonb/X-0,W1b/jsonb/X-1,exec_ms,12.941,12.244,14.013,11.949,41.223,18.164,17.717,18.684,17.468,51.407,1.4036009581948845,Step 6A: IQR non-overlap and >= 10 % median difference,measurable: jsonb/X-0 faster; below 0.1 ms: same result in session 2
index effect jsonb: X-0 vs X-1,W1b,W1b/jsonb/X-0,W1b/jsonb/X-1,client_total_ms,16.218,15.464,17.255999999999997,15.112,60.152,22.094,21.499,23.726000000000003,20.969,59.385,1.36231347885066,Step 6A: IQR non-overlap and >= 10 % median difference,measurable: jsonb/X-0 faster; below 0.1 ms: same result in session 2
index effect jsonb: X-0 vs X-1,W1b,W1b/jsonb/X-0,W1b/jsonb/X-1,loop_wal_bytes,500608.0,500608.0,500608.0,500608.0,500632.0,876992.0,876992.0,876992.0,876992.0,877008.0,1.7518537458450525,min-max ranges non-overlapping,consistent: jsonb/X-0 lower
index effect jsonb: X-0 vs X-1,W1b,W1b/jsonb/X-0,W1b/jsonb/X-1,lsn_diff_bytes,500648.0,500648.0,500648.0,500648.0,500672.0,877032.0,877032.0,877032.0,877032.0,877048.0,1.7517936753966858,min-max ranges non-overlapping,consistent: jsonb/X-0 lower
index effect jsonb: X-0 vs X-1,W1b,W1b/jsonb/X-0,W1b/jsonb/X-1,stat_wal_records,501.0,501.0,501.0,501.0,501.0,1754.0,1754.0,1754.0,1754.0,1755.0,3.500998003992016,min-max ranges non-overlapping,consistent: jsonb/X-0 lower
index effect jsonb: X-0 vs X-1,W1b,W1b/jsonb/X-0,W1b/jsonb/X-1,stat_wal_fpi,14.0,14.0,14.0,14.0,14.0,58.0,58.0,58.0,58.0,59.0,4.142857142857143,min-max ranges non-overlapping,consistent: jsonb/X-0 lower
index effect jsonb: X-0 vs X-1,W1b,W1b/jsonb/X-0,W1b/jsonb/X-1,io_extends,50.0,50.0,50.0,50.0,50.0,52.0,52.0,52.0,52.0,52.0,1.04,min-max ranges non-overlapping,consistent: jsonb/X-0 lower
index effect jsonb: X-0 vs X-1,W1b,W1b/jsonb/X-0,W1b/jsonb/X-1,heap_growth,409600.0,409600.0,409600.0,409600.0,409600.0,409600.0,409600.0,409600.0,409600.0,409600.0,1.0,min-max ranges non-overlapping,identical
index effect jsonb: X-0 vs X-1,W1b,W1b/jsonb/X-0,W1b/jsonb/X-1,toast_growth,0.0,0.0,0.0,0.0,0.0,0.0,0.0,0.0,0.0,0.0,,min-max ranges non-overlapping,identical
index effect jsonb: X-0 vs X-1,W1b,W1b/jsonb/X-0,W1b/jsonb/X-1,secondary_index_growth,0.0,0.0,0.0,0.0,0.0,16384.0,16384.0,16384.0,16384.0,16384.0,,min-max ranges non-overlapping,consistent: jsonb/X-0 lower
index effect jsonb: X-0 vs X-1,W1b,W1b/jsonb/X-0,W1b/jsonb/X-1,dead_after,0.0,0.0,0.0,0.0,0.0,0.0,0.0,0.0,0.0,0.0,,min-max ranges non-overlapping,identical
index effect jsonb: X-0 vs X-1,W1b,W1b/jsonb/X-0,W1b/jsonb/X-1,hot_updates,0.0,0.0,0.0,0.0,0.0,0.0,0.0,0.0,0.0,0.0,,min-max ranges non-overlapping,identical
index effect jsonb: X-0 vs X-1,W1b,W1b/jsonb/X-0,W1b/jsonb/X-1,docs_compressed_after,2880.0,2880.0,2880.0,2880.0,2880.0,2880.0,2880.0,2880.0,2880.0,2880.0,1.0,min-max ranges non-overlapping,identical
GIN effect jsonb only: X-1 vs X-4,W1b,W1b/jsonb/X-1,W1b/jsonb/X-4,exec_ms,18.164,17.717,18.684,17.468,51.407,44.212,42.097,47.336,41.816,81.965,2.434045364457168,Step 6A: IQR non-overlap and >= 10 % median difference,measurable: jsonb/X-1 faster; below 0.1 ms: same result in session 2
GIN effect jsonb only: X-1 vs X-4,W1b,W1b/jsonb/X-1,W1b/jsonb/X-4,client_total_ms,22.094,21.499,23.726000000000003,20.969,59.385,50.71699999999999,47.794999999999995,58.42099999999999,46.091,87.776,2.295510093237983,Step 6A: IQR non-overlap and >= 10 % median difference,measurable: jsonb/X-1 faster; below 0.1 ms: same result in session 2
GIN effect jsonb only: X-1 vs X-4,W1b,W1b/jsonb/X-1,W1b/jsonb/X-4,loop_wal_bytes,876992.0,876992.0,876992.0,876992.0,877008.0,1675872.0,1675848.0,1675872.0,1675848.0,1675888.0,1.9109319127198423,min-max ranges non-overlapping,consistent: jsonb/X-1 lower
GIN effect jsonb only: X-1 vs X-4,W1b,W1b/jsonb/X-1,W1b/jsonb/X-4,lsn_diff_bytes,877032.0,877032.0,877032.0,877032.0,877048.0,1675912.0,1675888.0,1675912.0,1675888.0,1675928.0,1.9108903666000785,min-max ranges non-overlapping,consistent: jsonb/X-1 lower
GIN effect jsonb only: X-1 vs X-4,W1b,W1b/jsonb/X-1,W1b/jsonb/X-4,stat_wal_records,1754.0,1754.0,1754.0,1754.0,1755.0,2384.0,2384.0,2384.0,2384.0,2385.0,1.3591790193842646,min-max ranges non-overlapping,consistent: jsonb/X-1 lower
GIN effect jsonb only: X-1 vs X-4,W1b,W1b/jsonb/X-1,W1b/jsonb/X-4,stat_wal_fpi,58.0,58.0,58.0,58.0,59.0,58.0,58.0,58.0,58.0,59.0,1.0,min-max ranges non-overlapping,overlapping
GIN effect jsonb only: X-1 vs X-4,W1b,W1b/jsonb/X-1,W1b/jsonb/X-4,io_extends,52.0,52.0,52.0,52.0,52.0,182.0,182.0,182.0,182.0,182.0,3.5,min-max ranges non-overlapping,consistent: jsonb/X-1 lower
GIN effect jsonb only: X-1 vs X-4,W1b,W1b/jsonb/X-1,W1b/jsonb/X-4,heap_growth,409600.0,409600.0,409600.0,409600.0,409600.0,409600.0,409600.0,409600.0,409600.0,409600.0,1.0,min-max ranges non-overlapping,identical
GIN effect jsonb only: X-1 vs X-4,W1b,W1b/jsonb/X-1,W1b/jsonb/X-4,toast_growth,0.0,0.0,0.0,0.0,0.0,0.0,0.0,0.0,0.0,0.0,,min-max ranges non-overlapping,identical
GIN effect jsonb only: X-1 vs X-4,W1b,W1b/jsonb/X-1,W1b/jsonb/X-4,secondary_index_growth,16384.0,16384.0,16384.0,16384.0,16384.0,1081344.0,1081344.0,1081344.0,1081344.0,1081344.0,66.0,min-max ranges non-overlapping,consistent: jsonb/X-1 lower
GIN effect jsonb only: X-1 vs X-4,W1b,W1b/jsonb/X-1,W1b/jsonb/X-4,dead_after,0.0,0.0,0.0,0.0,0.0,0.0,0.0,0.0,0.0,0.0,,min-max ranges non-overlapping,identical
GIN effect jsonb only: X-1 vs X-4,W1b,W1b/jsonb/X-1,W1b/jsonb/X-4,hot_updates,0.0,0.0,0.0,0.0,0.0,0.0,0.0,0.0,0.0,0.0,,min-max ranges non-overlapping,identical
GIN effect jsonb only: X-1 vs X-4,W1b,W1b/jsonb/X-1,W1b/jsonb/X-4,docs_compressed_after,2880.0,2880.0,2880.0,2880.0,2880.0,2880.0,2880.0,2880.0,2880.0,2880.0,1.0,min-max ranges non-overlapping,identical
index effect json: X-0 vs X-1,UA-1,UA-1/json/X-0,UA-1/json/X-1,exec_ms,19.536,19.304,20.904,15.545,26.931,93.403,87.484,101.17,42.324,110.795,4.781070843570843,Step 6A: IQR non-overlap and >= 10 % median difference,measurable: json/X-0 faster
index effect json: X-0 vs X-1,UA-1,UA-1/json/X-0,UA-1/json/X-1,client_total_ms,34.282,26.586,36.563,20.872,41.771,109.083,99.634,114.54299999999999,47.309000000000005,129.199,3.1819322093226767,Step 6A: IQR non-overlap and >= 10 % median difference,measurable: json/X-0 faster
index effect json: X-0 vs X-1,UA-1,UA-1/json/X-0,UA-1/json/X-1,explain_wal_bytes,2098202.0,2098202.0,2098202.0,2098202.0,2098202.0,2484878.0,2484878.0,2484878.0,2484878.0,2484878.0,1.1842892152423836,min-max ranges non-overlapping,consistent: json/X-0 lower
index effect json: X-0 vs X-1,UA-1,UA-1/json/X-0,UA-1/json/X-1,lsn_diff_bytes,2119136.0,2119128.0,2119136.0,2119112.0,2119152.0,2507200.0,2507200.0,2507224.0,2507200.0,2507256.0,1.1831236881446023,min-max ranges non-overlapping,consistent: json/X-0 lower
index effect json: X-0 vs X-1,UA-1,UA-1/json/X-0,UA-1/json/X-1,stat_wal_records,715.0,715.0,715.0,715.0,716.0,1927.0,1926.0,1927.0,1926.0,1930.0,2.6951048951048953,min-max ranges non-overlapping,consistent: json/X-0 lower
index effect json: X-0 vs X-1,UA-1,UA-1/json/X-0,UA-1/json/X-1,stat_wal_fpi,239.0,239.0,239.0,239.0,240.0,284.0,283.0,284.0,283.0,287.0,1.1882845188284519,min-max ranges non-overlapping,consistent: json/X-0 lower
index effect json: X-0 vs X-1,UA-1,UA-1/json/X-0,UA-1/json/X-1,shared_dirtied,303.0,303.0,303.0,303.0,303.0,348.0,348.0,348.0,348.0,348.0,1.1485148514851484,min-max ranges non-overlapping,consistent: json/X-0 lower
index effect json: X-0 vs X-1,UA-1,UA-1/json/X-0,UA-1/json/X-1,io_extends,60.0,60.0,60.0,60.0,60.0,61.0,61.0,61.0,61.0,61.0,1.0166666666666666,min-max ranges non-overlapping,consistent: json/X-0 lower
index effect json: X-0 vs X-1,UA-1,UA-1/json/X-0,UA-1/json/X-1,heap_growth,491520.0,491520.0,491520.0,491520.0,491520.0,491520.0,491520.0,491520.0,491520.0,491520.0,1.0,min-max ranges non-overlapping,identical
index effect json: X-0 vs X-1,UA-1,UA-1/json/X-0,UA-1/json/X-1,toast_growth,0.0,0.0,0.0,0.0,0.0,0.0,0.0,0.0,0.0,0.0,,min-max ranges non-overlapping,identical
index effect json: X-0 vs X-1,UA-1,UA-1/json/X-0,UA-1/json/X-1,secondary_index_growth,0.0,0.0,0.0,0.0,0.0,8192.0,8192.0,8192.0,8192.0,8192.0,,min-max ranges non-overlapping,consistent: json/X-0 lower
index effect json: X-0 vs X-1,UA-1,UA-1/json/X-0,UA-1/json/X-1,dead_after,238.0,238.0,238.0,238.0,238.0,238.0,238.0,238.0,238.0,238.0,1.0,min-max ranges non-overlapping,identical
index effect json: X-0 vs X-1,UA-1,UA-1/json/X-0,UA-1/json/X-1,hot_updates,0.0,0.0,0.0,0.0,0.0,0.0,0.0,0.0,0.0,0.0,,min-max ranges non-overlapping,identical
index effect json: X-0 vs X-1,UA-1,UA-1/json/X-0,UA-1/json/X-1,docs_compressed_after,1.0,1.0,1.0,1.0,1.0,1.0,1.0,1.0,1.0,1.0,1.0,min-max ranges non-overlapping,identical
index effect jsonb: X-0 vs X-1,UA-1,UA-1/jsonb/X-0,UA-1/jsonb/X-1,exec_ms,42.023,39.953,44.823,36.06,58.936,51.243,50.489,61.763,48.952,68.392,1.2194036599005307,Step 6A: IQR non-overlap and >= 10 % median difference,measurable: jsonb/X-0 faster
index effect jsonb: X-0 vs X-1,UA-1,UA-1/jsonb/X-0,UA-1/jsonb/X-1,client_total_ms,57.126,50.077999999999996,61.831,44.813,77.931,68.765,64.791,74.055,54.695,82.582,1.2037426040682002,Step 6A: IQR non-overlap and >= 10 % median difference,measurable: jsonb/X-0 faster
index effect jsonb: X-0 vs X-1,UA-1,UA-1/jsonb/X-0,UA-1/jsonb/X-1,explain_wal_bytes,2225158.0,2225158.0,2225158.0,2225158.0,2225158.0,2626690.0,2626690.0,2626690.0,2626690.0,2626690.0,1.1804510061757412,min-max ranges non-overlapping,consistent: jsonb/X-0 lower
index effect jsonb: X-0 vs X-1,UA-1,UA-1/jsonb/X-0,UA-1/jsonb/X-1,lsn_diff_bytes,2246048.0,2246048.0,2246072.0,2246048.0,2248416.0,2649112.0,2649104.0,2649128.0,2649088.0,2651480.0,1.179454757868042,min-max ranges non-overlapping,consistent: jsonb/X-0 lower
index effect jsonb: X-0 vs X-1,UA-1,UA-1/jsonb/X-0,UA-1/jsonb/X-1,stat_wal_records,714.0,714.0,714.0,714.0,715.0,1926.0,1926.0,1926.0,1926.0,1928.0,2.697478991596639,min-max ranges non-overlapping,consistent: jsonb/X-0 lower
index effect jsonb: X-0 vs X-1,UA-1,UA-1/jsonb/X-0,UA-1/jsonb/X-1,stat_wal_fpi,240.0,240.0,240.0,240.0,241.0,286.0,286.0,286.0,286.0,288.0,1.1916666666666667,min-max ranges non-overlapping,consistent: jsonb/X-0 lower
index effect jsonb: X-0 vs X-1,UA-1,UA-1/jsonb/X-0,UA-1/jsonb/X-1,shared_dirtied,294.0,294.0,294.0,294.0,294.0,341.0,341.0,341.0,341.0,341.0,1.1598639455782314,min-max ranges non-overlapping,consistent: jsonb/X-0 lower
index effect jsonb: X-0 vs X-1,UA-1,UA-1/jsonb/X-0,UA-1/jsonb/X-1,io_extends,50.0,50.0,50.0,50.0,50.0,51.0,51.0,51.0,51.0,51.0,1.02,min-max ranges non-overlapping,consistent: jsonb/X-0 lower
index effect jsonb: X-0 vs X-1,UA-1,UA-1/jsonb/X-0,UA-1/jsonb/X-1,heap_growth,409600.0,409600.0,409600.0,409600.0,409600.0,409600.0,409600.0,409600.0,409600.0,409600.0,1.0,min-max ranges non-overlapping,identical
index effect jsonb: X-0 vs X-1,UA-1,UA-1/jsonb/X-0,UA-1/jsonb/X-1,toast_growth,0.0,0.0,0.0,0.0,0.0,0.0,0.0,0.0,0.0,0.0,,min-max ranges non-overlapping,identical
index effect jsonb: X-0 vs X-1,UA-1,UA-1/jsonb/X-0,UA-1/jsonb/X-1,secondary_index_growth,0.0,0.0,0.0,0.0,0.0,8192.0,8192.0,8192.0,8192.0,8192.0,,min-max ranges non-overlapping,consistent: jsonb/X-0 lower
index effect jsonb: X-0 vs X-1,UA-1,UA-1/jsonb/X-0,UA-1/jsonb/X-1,dead_after,238.0,238.0,238.0,238.0,238.0,238.0,238.0,238.0,238.0,238.0,1.0,min-max ranges non-overlapping,identical
index effect jsonb: X-0 vs X-1,UA-1,UA-1/jsonb/X-0,UA-1/jsonb/X-1,hot_updates,1.0,1.0,1.0,1.0,1.0,0.0,0.0,0.0,0.0,0.0,0.0,min-max ranges non-overlapping,consistent: jsonb/X-1 lower
index effect jsonb: X-0 vs X-1,UA-1,UA-1/jsonb/X-0,UA-1/jsonb/X-1,docs_compressed_after,2880.0,2880.0,2880.0,2880.0,2880.0,2880.0,2880.0,2880.0,2880.0,2880.0,1.0,min-max ranges non-overlapping,identical
GIN effect jsonb only: X-1 vs X-2,UA-1,UA-1/jsonb/X-1,UA-1/jsonb/X-2,exec_ms,51.243,50.489,61.763,48.952,68.392,100.595,95.362,106.673,87.09,129.922,1.9630973986690865,Step 6A: IQR non-overlap and >= 10 % median difference,measurable: jsonb/X-1 faster
GIN effect jsonb only: X-1 vs X-2,UA-1,UA-1/jsonb/X-1,UA-1/jsonb/X-2,client_total_ms,68.765,64.791,74.055,54.695,82.582,111.721,104.946,120.24300000000001,95.74999999999999,142.602,1.6246782520177416,Step 6A: IQR non-overlap and >= 10 % median difference,measurable: jsonb/X-1 faster
GIN effect jsonb only: X-1 vs X-2,UA-1,UA-1/jsonb/X-1,UA-1/jsonb/X-2,explain_wal_bytes,2626690.0,2626690.0,2626690.0,2626690.0,2626690.0,3089874.0,3089874.0,3089874.0,3089874.0,3089874.0,1.1763375198443669,min-max ranges non-overlapping,consistent: jsonb/X-1 lower
GIN effect jsonb only: X-1 vs X-2,UA-1,UA-1/jsonb/X-1,UA-1/jsonb/X-2,lsn_diff_bytes,2649112.0,2649104.0,2649128.0,2649088.0,2651480.0,3114272.0,3114272.0,3114288.0,3114272.0,3116664.0,1.1755909149934016,min-max ranges non-overlapping,consistent: jsonb/X-1 lower
GIN effect jsonb only: X-1 vs X-2,UA-1,UA-1/jsonb/X-1,UA-1/jsonb/X-2,stat_wal_records,1926.0,1926.0,1926.0,1926.0,1928.0,2242.0,2242.0,2242.0,2242.0,2244.0,1.1640706126687435,min-max ranges non-overlapping,consistent: jsonb/X-1 lower
GIN effect jsonb only: X-1 vs X-2,UA-1,UA-1/jsonb/X-1,UA-1/jsonb/X-2,stat_wal_fpi,286.0,286.0,286.0,286.0,288.0,286.0,286.0,286.0,286.0,287.0,1.0,min-max ranges non-overlapping,overlapping
GIN effect jsonb only: X-1 vs X-2,UA-1,UA-1/jsonb/X-1,UA-1/jsonb/X-2,shared_dirtied,341.0,341.0,341.0,341.0,341.0,420.0,420.0,420.0,420.0,420.0,1.2316715542521994,min-max ranges non-overlapping,consistent: jsonb/X-1 lower
GIN effect jsonb only: X-1 vs X-2,UA-1,UA-1/jsonb/X-1,UA-1/jsonb/X-2,io_extends,51.0,51.0,51.0,51.0,51.0,129.0,129.0,129.0,129.0,129.0,2.5294117647058822,min-max ranges non-overlapping,consistent: jsonb/X-1 lower
GIN effect jsonb only: X-1 vs X-2,UA-1,UA-1/jsonb/X-1,UA-1/jsonb/X-2,heap_growth,409600.0,409600.0,409600.0,409600.0,409600.0,409600.0,409600.0,409600.0,409600.0,409600.0,1.0,min-max ranges non-overlapping,identical
GIN effect jsonb only: X-1 vs X-2,UA-1,UA-1/jsonb/X-1,UA-1/jsonb/X-2,toast_growth,0.0,0.0,0.0,0.0,0.0,0.0,0.0,0.0,0.0,0.0,,min-max ranges non-overlapping,identical
GIN effect jsonb only: X-1 vs X-2,UA-1,UA-1/jsonb/X-1,UA-1/jsonb/X-2,secondary_index_growth,8192.0,8192.0,8192.0,8192.0,8192.0,647168.0,647168.0,647168.0,647168.0,647168.0,79.0,min-max ranges non-overlapping,consistent: jsonb/X-1 lower
GIN effect jsonb only: X-1 vs X-2,UA-1,UA-1/jsonb/X-1,UA-1/jsonb/X-2,dead_after,238.0,238.0,238.0,238.0,238.0,238.0,238.0,238.0,238.0,238.0,1.0,min-max ranges non-overlapping,identical
GIN effect jsonb only: X-1 vs X-2,UA-1,UA-1/jsonb/X-1,UA-1/jsonb/X-2,hot_updates,0.0,0.0,0.0,0.0,0.0,0.0,0.0,0.0,0.0,0.0,,min-max ranges non-overlapping,identical
GIN effect jsonb only: X-1 vs X-2,UA-1,UA-1/jsonb/X-1,UA-1/jsonb/X-2,docs_compressed_after,2880.0,2880.0,2880.0,2880.0,2880.0,2880.0,2880.0,2880.0,2880.0,2880.0,1.0,min-max ranges non-overlapping,identical
GIN effect jsonb only: X-1 vs X-3,UA-1,UA-1/jsonb/X-1,UA-1/jsonb/X-3,exec_ms,51.243,50.489,61.763,48.952,68.392,77.275,69.168,81.503,61.697,95.053,1.508010850262475,Step 6A: IQR non-overlap and >= 10 % median difference,measurable: jsonb/X-1 faster
GIN effect jsonb only: X-1 vs X-3,UA-1,UA-1/jsonb/X-1,UA-1/jsonb/X-3,client_total_ms,68.765,64.791,74.055,54.695,82.582,92.381,80.332,96.864,72.02799999999999,113.445,1.3434305242492548,Step 6A: IQR non-overlap and >= 10 % median difference,measurable: jsonb/X-1 faster
GIN effect jsonb only: X-1 vs X-3,UA-1,UA-1/jsonb/X-1,UA-1/jsonb/X-3,explain_wal_bytes,2626690.0,2626690.0,2626690.0,2626690.0,2626690.0,2925822.0,2925822.0,2925822.0,2925822.0,2925822.0,1.1138817294770225,min-max ranges non-overlapping,consistent: jsonb/X-1 lower
GIN effect jsonb only: X-1 vs X-3,UA-1,UA-1/jsonb/X-1,UA-1/jsonb/X-3,lsn_diff_bytes,2649112.0,2649104.0,2649128.0,2649088.0,2651480.0,2949680.0,2949680.0,2949696.0,2949680.0,2953408.0,1.113459906564917,min-max ranges non-overlapping,consistent: jsonb/X-1 lower
GIN effect jsonb only: X-1 vs X-3,UA-1,UA-1/jsonb/X-1,UA-1/jsonb/X-3,stat_wal_records,1926.0,1926.0,1926.0,1926.0,1928.0,2212.0,2212.0,2213.0,2212.0,2214.0,1.1484942886812046,min-max ranges non-overlapping,consistent: jsonb/X-1 lower
GIN effect jsonb only: X-1 vs X-3,UA-1,UA-1/jsonb/X-1,UA-1/jsonb/X-3,stat_wal_fpi,286.0,286.0,286.0,286.0,288.0,286.0,286.0,287.0,286.0,288.0,1.0,min-max ranges non-overlapping,overlapping
GIN effect jsonb only: X-1 vs X-3,UA-1,UA-1/jsonb/X-1,UA-1/jsonb/X-3,shared_dirtied,341.0,341.0,341.0,341.0,341.0,390.0,390.0,390.0,390.0,390.0,1.1436950146627567,min-max ranges non-overlapping,consistent: jsonb/X-1 lower
GIN effect jsonb only: X-1 vs X-3,UA-1,UA-1/jsonb/X-1,UA-1/jsonb/X-3,io_extends,51.0,51.0,51.0,51.0,51.0,99.0,99.0,99.0,99.0,99.0,1.9411764705882353,min-max ranges non-overlapping,consistent: jsonb/X-1 lower
GIN effect jsonb only: X-1 vs X-3,UA-1,UA-1/jsonb/X-1,UA-1/jsonb/X-3,heap_growth,409600.0,409600.0,409600.0,409600.0,409600.0,409600.0,409600.0,409600.0,409600.0,409600.0,1.0,min-max ranges non-overlapping,identical
GIN effect jsonb only: X-1 vs X-3,UA-1,UA-1/jsonb/X-1,UA-1/jsonb/X-3,toast_growth,0.0,0.0,0.0,0.0,0.0,0.0,0.0,0.0,0.0,0.0,,min-max ranges non-overlapping,identical
GIN effect jsonb only: X-1 vs X-3,UA-1,UA-1/jsonb/X-1,UA-1/jsonb/X-3,secondary_index_growth,8192.0,8192.0,8192.0,8192.0,8192.0,401408.0,401408.0,401408.0,401408.0,401408.0,49.0,min-max ranges non-overlapping,consistent: jsonb/X-1 lower
GIN effect jsonb only: X-1 vs X-3,UA-1,UA-1/jsonb/X-1,UA-1/jsonb/X-3,dead_after,238.0,238.0,238.0,238.0,238.0,238.0,238.0,238.0,238.0,238.0,1.0,min-max ranges non-overlapping,identical
GIN effect jsonb only: X-1 vs X-3,UA-1,UA-1/jsonb/X-1,UA-1/jsonb/X-3,hot_updates,0.0,0.0,0.0,0.0,0.0,0.0,0.0,0.0,0.0,0.0,,min-max ranges non-overlapping,identical
GIN effect jsonb only: X-1 vs X-3,UA-1,UA-1/jsonb/X-1,UA-1/jsonb/X-3,docs_compressed_after,2880.0,2880.0,2880.0,2880.0,2880.0,2880.0,2880.0,2880.0,2880.0,2880.0,1.0,min-max ranges non-overlapping,identical
GIN effect jsonb only: X-1 vs X-4,UA-1,UA-1/jsonb/X-1,UA-1/jsonb/X-4,exec_ms,51.243,50.489,61.763,48.952,68.392,124.388,116.954,129.141,104.154,145.266,2.4274144761235683,Step 6A: IQR non-overlap and >= 10 % median difference,measurable: jsonb/X-1 faster
GIN effect jsonb only: X-1 vs X-4,UA-1,UA-1/jsonb/X-1,UA-1/jsonb/X-4,client_total_ms,68.765,64.791,74.055,54.695,82.582,133.70700000000002,128.065,138.865,119.953,162.152,1.9444048571220827,Step 6A: IQR non-overlap and >= 10 % median difference,measurable: jsonb/X-1 faster
GIN effect jsonb only: X-1 vs X-4,UA-1,UA-1/jsonb/X-1,UA-1/jsonb/X-4,explain_wal_bytes,2626690.0,2626690.0,2626690.0,2626690.0,2626690.0,3389006.0,3389006.0,3389006.0,3389006.0,3389006.0,1.2902192493213893,min-max ranges non-overlapping,consistent: jsonb/X-1 lower
GIN effect jsonb only: X-1 vs X-4,UA-1,UA-1/jsonb/X-1,UA-1/jsonb/X-4,lsn_diff_bytes,2649112.0,2649104.0,2649128.0,2649088.0,2651480.0,3414864.0,3414864.0,3414880.0,3414840.0,3421064.0,1.289059881197926,min-max ranges non-overlapping,consistent: jsonb/X-1 lower
GIN effect jsonb only: X-1 vs X-4,UA-1,UA-1/jsonb/X-1,UA-1/jsonb/X-4,stat_wal_records,1926.0,1926.0,1926.0,1926.0,1928.0,2528.0,2528.0,2529.0,2528.0,2529.0,1.312564901349948,min-max ranges non-overlapping,consistent: jsonb/X-1 lower
GIN effect jsonb only: X-1 vs X-4,UA-1,UA-1/jsonb/X-1,UA-1/jsonb/X-4,stat_wal_fpi,286.0,286.0,286.0,286.0,288.0,286.0,286.0,287.0,286.0,287.0,1.0,min-max ranges non-overlapping,overlapping
GIN effect jsonb only: X-1 vs X-4,UA-1,UA-1/jsonb/X-1,UA-1/jsonb/X-4,shared_dirtied,341.0,341.0,341.0,341.0,341.0,469.0,469.0,469.0,469.0,469.0,1.3753665689149561,min-max ranges non-overlapping,consistent: jsonb/X-1 lower
GIN effect jsonb only: X-1 vs X-4,UA-1,UA-1/jsonb/X-1,UA-1/jsonb/X-4,io_extends,51.0,51.0,51.0,51.0,51.0,177.0,177.0,177.0,177.0,177.0,3.4705882352941178,min-max ranges non-overlapping,consistent: jsonb/X-1 lower
GIN effect jsonb only: X-1 vs X-4,UA-1,UA-1/jsonb/X-1,UA-1/jsonb/X-4,heap_growth,409600.0,409600.0,409600.0,409600.0,409600.0,409600.0,409600.0,409600.0,409600.0,409600.0,1.0,min-max ranges non-overlapping,identical
GIN effect jsonb only: X-1 vs X-4,UA-1,UA-1/jsonb/X-1,UA-1/jsonb/X-4,toast_growth,0.0,0.0,0.0,0.0,0.0,0.0,0.0,0.0,0.0,0.0,,min-max ranges non-overlapping,identical
GIN effect jsonb only: X-1 vs X-4,UA-1,UA-1/jsonb/X-1,UA-1/jsonb/X-4,secondary_index_growth,8192.0,8192.0,8192.0,8192.0,8192.0,1040384.0,1040384.0,1040384.0,1040384.0,1040384.0,127.0,min-max ranges non-overlapping,consistent: jsonb/X-1 lower
GIN effect jsonb only: X-1 vs X-4,UA-1,UA-1/jsonb/X-1,UA-1/jsonb/X-4,dead_after,238.0,238.0,238.0,238.0,238.0,238.0,238.0,238.0,238.0,238.0,1.0,min-max ranges non-overlapping,identical
GIN effect jsonb only: X-1 vs X-4,UA-1,UA-1/jsonb/X-1,UA-1/jsonb/X-4,hot_updates,0.0,0.0,0.0,0.0,0.0,0.0,0.0,0.0,0.0,0.0,,min-max ranges non-overlapping,identical
GIN effect jsonb only: X-1 vs X-4,UA-1,UA-1/jsonb/X-1,UA-1/jsonb/X-4,docs_compressed_after,2880.0,2880.0,2880.0,2880.0,2880.0,2880.0,2880.0,2880.0,2880.0,2880.0,1.0,min-max ranges non-overlapping,identical
index effect json: X-0 vs X-1,UA-2,UA-2/json/X-0,UA-2/json/X-1,exec_ms,19.488,15.555,25.744,10.715,31.268,88.874,85.539,105.636,63.858,134.007,4.560447454844007,Step 6A: IQR non-overlap and >= 10 % median difference,measurable: json/X-0 faster
index effect json: X-0 vs X-1,UA-2,UA-2/json/X-0,UA-2/json/X-1,client_total_ms,32.945,23.884,37.943,15.972999999999999,49.775000000000006,103.96799999999999,90.363,115.316,70.953,141.73600000000002,3.1558051297617236,Step 6A: IQR non-overlap and >= 10 % median difference,measurable: json/X-0 faster
index effect json: X-0 vs X-1,UA-2,UA-2/json/X-0,UA-2/json/X-1,explain_wal_bytes,2103892.0,2103892.0,2103892.0,2103892.0,2103892.0,2488362.0,2488362.0,2488362.0,2488362.0,2488362.0,1.1827422700404773,min-max ranges non-overlapping,consistent: json/X-0 lower
index effect json: X-0 vs X-1,UA-2,UA-2/json/X-0,UA-2/json/X-1,lsn_diff_bytes,2124832.0,2124832.0,2124856.0,2124832.0,2124872.0,2510680.0,2510680.0,2510704.0,2510680.0,2510776.0,1.1815898856944926,min-max ranges non-overlapping,consistent: json/X-0 lower
index effect json: X-0 vs X-1,UA-2,UA-2/json/X-0,UA-2/json/X-1,stat_wal_records,715.0,715.0,715.0,715.0,717.0,1921.0,1920.0,1921.0,1920.0,1921.0,2.6867132867132866,min-max ranges non-overlapping,consistent: json/X-0 lower
index effect json: X-0 vs X-1,UA-2,UA-2/json/X-0,UA-2/json/X-1,stat_wal_fpi,240.0,240.0,240.0,240.0,241.0,285.0,284.0,285.0,284.0,285.0,1.1875,min-max ranges non-overlapping,consistent: json/X-0 lower
index effect json: X-0 vs X-1,UA-2,UA-2/json/X-0,UA-2/json/X-1,shared_dirtied,303.0,303.0,303.0,303.0,303.0,348.0,348.0,348.0,348.0,348.0,1.1485148514851484,min-max ranges non-overlapping,consistent: json/X-0 lower
index effect json: X-0 vs X-1,UA-2,UA-2/json/X-0,UA-2/json/X-1,io_extends,59.0,59.0,59.0,59.0,59.0,60.0,60.0,60.0,60.0,60.0,1.0169491525423728,min-max ranges non-overlapping,consistent: json/X-0 lower
index effect json: X-0 vs X-1,UA-2,UA-2/json/X-0,UA-2/json/X-1,heap_growth,483328.0,483328.0,483328.0,483328.0,483328.0,483328.0,483328.0,483328.0,483328.0,483328.0,1.0,min-max ranges non-overlapping,identical
index effect json: X-0 vs X-1,UA-2,UA-2/json/X-0,UA-2/json/X-1,toast_growth,0.0,0.0,0.0,0.0,0.0,0.0,0.0,0.0,0.0,0.0,,min-max ranges non-overlapping,identical
index effect json: X-0 vs X-1,UA-2,UA-2/json/X-0,UA-2/json/X-1,secondary_index_growth,0.0,0.0,0.0,0.0,0.0,8192.0,8192.0,8192.0,8192.0,8192.0,,min-max ranges non-overlapping,consistent: json/X-0 lower
index effect json: X-0 vs X-1,UA-2,UA-2/json/X-0,UA-2/json/X-1,dead_after,238.0,238.0,238.0,238.0,238.0,238.0,238.0,238.0,238.0,238.0,1.0,min-max ranges non-overlapping,identical
index effect json: X-0 vs X-1,UA-2,UA-2/json/X-0,UA-2/json/X-1,hot_updates,0.0,0.0,0.0,0.0,0.0,0.0,0.0,0.0,0.0,0.0,,min-max ranges non-overlapping,identical
index effect json: X-0 vs X-1,UA-2,UA-2/json/X-0,UA-2/json/X-1,docs_compressed_after,1.0,1.0,1.0,1.0,1.0,1.0,1.0,1.0,1.0,1.0,1.0,min-max ranges non-overlapping,identical
index effect jsonb: X-0 vs X-1,UA-2,UA-2/jsonb/X-0,UA-2/jsonb/X-1,exec_ms,39.223,35.496,48.468,26.808,57.154,48.443,44.492,73.182,35.166,94.278,1.23506616016113,Step 6A: IQR non-overlap and >= 10 % median difference,not measurable
index effect jsonb: X-0 vs X-1,UA-2,UA-2/jsonb/X-0,UA-2/jsonb/X-1,client_total_ms,55.306,51.726,61.663000000000004,34.081,83.326,64.962,55.681999999999995,86.346,41.322,105.552,1.1745922684699672,Step 6A: IQR non-overlap and >= 10 % median difference,not measurable
index effect jsonb: X-0 vs X-1,UA-2,UA-2/jsonb/X-0,UA-2/jsonb/X-1,explain_wal_bytes,2227253.0,2227253.0,2227253.0,2227253.0,2227253.0,2626625.0,2626625.0,2626625.0,2626625.0,2626625.0,1.1793114657382884,min-max ranges non-overlapping,consistent: jsonb/X-0 lower
index effect jsonb: X-0 vs X-1,UA-2,UA-2/jsonb/X-0,UA-2/jsonb/X-1,lsn_diff_bytes,2248144.0,2248128.0,2248152.0,2248128.0,2252736.0,2648992.0,2648968.0,2648992.0,2648968.0,2652152.0,1.178301745795643,min-max ranges non-overlapping,consistent: jsonb/X-0 lower
index effect jsonb: X-0 vs X-1,UA-2,UA-2/jsonb/X-0,UA-2/jsonb/X-1,stat_wal_records,714.0,714.0,714.0,714.0,715.0,1921.0,1921.0,1921.0,1921.0,1922.0,2.6904761904761907,min-max ranges non-overlapping,consistent: jsonb/X-0 lower
index effect jsonb: X-0 vs X-1,UA-2,UA-2/jsonb/X-0,UA-2/jsonb/X-1,stat_wal_fpi,240.0,240.0,240.0,240.0,241.0,286.0,286.0,286.0,286.0,287.0,1.1916666666666667,min-max ranges non-overlapping,consistent: jsonb/X-0 lower
index effect jsonb: X-0 vs X-1,UA-2,UA-2/jsonb/X-0,UA-2/jsonb/X-1,shared_dirtied,294.0,294.0,294.0,294.0,294.0,341.0,341.0,341.0,341.0,341.0,1.1598639455782314,min-max ranges non-overlapping,consistent: jsonb/X-0 lower
index effect jsonb: X-0 vs X-1,UA-2,UA-2/jsonb/X-0,UA-2/jsonb/X-1,io_extends,50.0,50.0,50.0,50.0,50.0,51.0,51.0,51.0,51.0,51.0,1.02,min-max ranges non-overlapping,consistent: jsonb/X-0 lower
index effect jsonb: X-0 vs X-1,UA-2,UA-2/jsonb/X-0,UA-2/jsonb/X-1,heap_growth,409600.0,409600.0,409600.0,409600.0,409600.0,409600.0,409600.0,409600.0,409600.0,409600.0,1.0,min-max ranges non-overlapping,identical
index effect jsonb: X-0 vs X-1,UA-2,UA-2/jsonb/X-0,UA-2/jsonb/X-1,toast_growth,0.0,0.0,0.0,0.0,0.0,0.0,0.0,0.0,0.0,0.0,,min-max ranges non-overlapping,identical
index effect jsonb: X-0 vs X-1,UA-2,UA-2/jsonb/X-0,UA-2/jsonb/X-1,secondary_index_growth,0.0,0.0,0.0,0.0,0.0,8192.0,8192.0,8192.0,8192.0,8192.0,,min-max ranges non-overlapping,consistent: jsonb/X-0 lower
index effect jsonb: X-0 vs X-1,UA-2,UA-2/jsonb/X-0,UA-2/jsonb/X-1,dead_after,238.0,238.0,238.0,238.0,238.0,238.0,238.0,238.0,238.0,238.0,1.0,min-max ranges non-overlapping,identical
index effect jsonb: X-0 vs X-1,UA-2,UA-2/jsonb/X-0,UA-2/jsonb/X-1,hot_updates,1.0,1.0,1.0,1.0,1.0,0.0,0.0,0.0,0.0,0.0,0.0,min-max ranges non-overlapping,consistent: jsonb/X-1 lower
index effect jsonb: X-0 vs X-1,UA-2,UA-2/jsonb/X-0,UA-2/jsonb/X-1,docs_compressed_after,2878.0,2878.0,2878.0,2878.0,2878.0,2878.0,2878.0,2878.0,2878.0,2878.0,1.0,min-max ranges non-overlapping,identical
GIN effect jsonb only: X-1 vs X-4,UA-2,UA-2/jsonb/X-1,UA-2/jsonb/X-4,exec_ms,48.443,44.492,73.182,35.166,94.278,110.796,108.11,142.589,90.52,190.288,2.2871415890840785,Step 6A: IQR non-overlap and >= 10 % median difference,measurable: jsonb/X-1 faster
GIN effect jsonb only: X-1 vs X-4,UA-2,UA-2/jsonb/X-1,UA-2/jsonb/X-4,client_total_ms,64.962,55.681999999999995,86.346,41.322,105.552,132.05700000000002,120.489,153.552,97.02799999999999,204.335,2.0328345802161265,Step 6A: IQR non-overlap and >= 10 % median difference,measurable: jsonb/X-1 faster
GIN effect jsonb only: X-1 vs X-4,UA-2,UA-2/jsonb/X-1,UA-2/jsonb/X-4,explain_wal_bytes,2626625.0,2626625.0,2626625.0,2626625.0,2626625.0,3383067.0,3383067.0,3383067.0,3383067.0,3383067.0,1.2879901013658213,min-max ranges non-overlapping,consistent: jsonb/X-1 lower
GIN effect jsonb only: X-1 vs X-4,UA-2,UA-2/jsonb/X-1,UA-2/jsonb/X-4,lsn_diff_bytes,2648992.0,2648968.0,2648992.0,2648968.0,2652152.0,3408840.0,3408840.0,3408856.0,3408840.0,3409544.0,1.2868442033800027,min-max ranges non-overlapping,consistent: jsonb/X-1 lower
GIN effect jsonb only: X-1 vs X-4,UA-2,UA-2/jsonb/X-1,UA-2/jsonb/X-4,stat_wal_records,1921.0,1921.0,1921.0,1921.0,1922.0,2520.0,2520.0,2521.0,2520.0,2523.0,1.3118167621030714,min-max ranges non-overlapping,consistent: jsonb/X-1 lower
GIN effect jsonb only: X-1 vs X-4,UA-2,UA-2/jsonb/X-1,UA-2/jsonb/X-4,stat_wal_fpi,286.0,286.0,286.0,286.0,287.0,286.0,286.0,286.0,286.0,289.0,1.0,min-max ranges non-overlapping,overlapping
GIN effect jsonb only: X-1 vs X-4,UA-2,UA-2/jsonb/X-1,UA-2/jsonb/X-4,shared_dirtied,341.0,341.0,341.0,341.0,341.0,466.0,466.0,466.0,466.0,466.0,1.3665689149560116,min-max ranges non-overlapping,consistent: jsonb/X-1 lower
GIN effect jsonb only: X-1 vs X-4,UA-2,UA-2/jsonb/X-1,UA-2/jsonb/X-4,io_extends,51.0,51.0,51.0,51.0,51.0,174.0,174.0,174.0,174.0,174.0,3.411764705882353,min-max ranges non-overlapping,consistent: jsonb/X-1 lower
GIN effect jsonb only: X-1 vs X-4,UA-2,UA-2/jsonb/X-1,UA-2/jsonb/X-4,heap_growth,409600.0,409600.0,409600.0,409600.0,409600.0,409600.0,409600.0,409600.0,409600.0,409600.0,1.0,min-max ranges non-overlapping,identical
GIN effect jsonb only: X-1 vs X-4,UA-2,UA-2/jsonb/X-1,UA-2/jsonb/X-4,toast_growth,0.0,0.0,0.0,0.0,0.0,0.0,0.0,0.0,0.0,0.0,,min-max ranges non-overlapping,identical
GIN effect jsonb only: X-1 vs X-4,UA-2,UA-2/jsonb/X-1,UA-2/jsonb/X-4,secondary_index_growth,8192.0,8192.0,8192.0,8192.0,8192.0,1015808.0,1015808.0,1015808.0,1015808.0,1015808.0,124.0,min-max ranges non-overlapping,consistent: jsonb/X-1 lower
GIN effect jsonb only: X-1 vs X-4,UA-2,UA-2/jsonb/X-1,UA-2/jsonb/X-4,dead_after,238.0,238.0,238.0,238.0,238.0,238.0,238.0,238.0,238.0,238.0,1.0,min-max ranges non-overlapping,identical
GIN effect jsonb only: X-1 vs X-4,UA-2,UA-2/jsonb/X-1,UA-2/jsonb/X-4,hot_updates,0.0,0.0,0.0,0.0,0.0,0.0,0.0,0.0,0.0,0.0,,min-max ranges non-overlapping,identical
GIN effect jsonb only: X-1 vs X-4,UA-2,UA-2/jsonb/X-1,UA-2/jsonb/X-4,docs_compressed_after,2878.0,2878.0,2878.0,2878.0,2878.0,2878.0,2878.0,2878.0,2878.0,2878.0,1.0,min-max ranges non-overlapping,identical
index effect json: X-0 vs X-1,UA-3,UA-3/json/X-0,UA-3/json/X-1,exec_ms,760.26,704.018,846.289,461.688,866.121,1912.065,1800.654,2011.478,1788.048,2273.624,2.5150146002683296,Step 6A: IQR non-overlap and >= 10 % median difference,measurable: json/X-0 faster
index effect json: X-0 vs X-1,UA-3,UA-3/json/X-0,UA-3/json/X-1,client_total_ms,768.6809999999999,715.101,858.083,464.536,874.4630000000001,1924.4930000000002,1814.831,2029.6610000000003,1793.757,2279.344,2.50363024453577,Step 6A: IQR non-overlap and >= 10 % median difference,measurable: json/X-0 faster
index effect json: X-0 vs X-1,UA-3,UA-3/json/X-0,UA-3/json/X-1,explain_wal_bytes,18232798.0,18232798.0,18232798.0,18232798.0,18232798.0,20498141.0,20498141.0,20498141.0,20498141.0,20498141.0,1.1242454943009843,min-max ranges non-overlapping,consistent: json/X-0 lower
index effect json: X-0 vs X-1,UA-3,UA-3/json/X-0,UA-3/json/X-1,lsn_diff_bytes,18397904.0,18397904.0,18397904.0,18397880.0,18397960.0,20671336.0,20671320.0,20671376.0,20671320.0,20671416.0,1.123570163209896,min-max ranges non-overlapping,consistent: json/X-0 lower
index effect json: X-0 vs X-1,UA-3,UA-3/json/X-0,UA-3/json/X-1,stat_wal_records,15062.0,15062.0,15063.0,15062.0,15063.0,40528.0,40527.0,40528.0,40527.0,40529.0,2.690744920993228,min-max ranges non-overlapping,consistent: json/X-0 lower
index effect json: X-0 vs X-1,UA-3,UA-3/json/X-0,UA-3/json/X-1,stat_wal_fpi,1265.0,1265.0,1266.0,1265.0,1266.0,1319.0,1318.0,1319.0,1318.0,1319.0,1.042687747035573,min-max ranges non-overlapping,consistent: json/X-0 lower
index effect json: X-0 vs X-1,UA-3,UA-3/json/X-0,UA-3/json/X-1,shared_dirtied,2531.0,2531.0,2531.0,2531.0,2531.0,2638.0,2638.0,2638.0,2638.0,2638.0,1.0422757803239826,min-max ranges non-overlapping,consistent: json/X-0 lower
index effect json: X-0 vs X-1,UA-3,UA-3/json/X-0,UA-3/json/X-1,io_extends,1262.0,1262.0,1262.0,1262.0,1262.0,1316.0,1316.0,1316.0,1316.0,1316.0,1.0427892234548335,min-max ranges non-overlapping,consistent: json/X-0 lower
index effect json: X-0 vs X-1,UA-3,UA-3/json/X-0,UA-3/json/X-1,heap_growth,10223616.0,10223616.0,10223616.0,10223616.0,10223616.0,10223616.0,10223616.0,10223616.0,10223616.0,10223616.0,1.0,min-max ranges non-overlapping,identical
index effect json: X-0 vs X-1,UA-3,UA-3/json/X-0,UA-3/json/X-1,toast_growth,0.0,0.0,0.0,0.0,0.0,0.0,0.0,0.0,0.0,0.0,,min-max ranges non-overlapping,identical
index effect json: X-0 vs X-1,UA-3,UA-3/json/X-0,UA-3/json/X-1,secondary_index_growth,0.0,0.0,0.0,0.0,0.0,442368.0,442368.0,442368.0,442368.0,442368.0,,min-max ranges non-overlapping,consistent: json/X-0 lower
index effect json: X-0 vs X-1,UA-3,UA-3/json/X-0,UA-3/json/X-1,dead_after,5000.0,5000.0,5000.0,5000.0,5000.0,5000.0,5000.0,5000.0,5000.0,5000.0,1.0,min-max ranges non-overlapping,identical
index effect json: X-0 vs X-1,UA-3,UA-3/json/X-0,UA-3/json/X-1,hot_updates,4.0,4.0,4.0,4.0,4.0,0.0,0.0,0.0,0.0,0.0,0.0,min-max ranges non-overlapping,consistent: json/X-1 lower
index effect json: X-0 vs X-1,UA-3,UA-3/json/X-0,UA-3/json/X-1,docs_compressed_after,1.0,1.0,1.0,1.0,1.0,1.0,1.0,1.0,1.0,1.0,1.0,min-max ranges non-overlapping,identical
index effect jsonb: X-0 vs X-1,UA-3,UA-3/jsonb/X-0,UA-3/jsonb/X-1,exec_ms,983.312,948.85,1027.263,872.173,1082.696,1120.78,1051.604,1268.303,1035.749,1382.389,1.1398009990725222,Step 6A: IQR non-overlap and >= 10 % median difference,measurable: jsonb/X-0 faster
index effect jsonb: X-0 vs X-1,UA-3,UA-3/jsonb/X-0,UA-3/jsonb/X-1,client_total_ms,986.196,957.739,1042.905,879.222,1096.8430000000003,1147.829,1063.8650000000002,1281.987,1044.343,1396.524,1.1638954122709886,Step 6A: IQR non-overlap and >= 10 % median difference,measurable: jsonb/X-0 faster
index effect jsonb: X-0 vs X-1,UA-3,UA-3/jsonb/X-0,UA-3/jsonb/X-1,explain_wal_bytes,15788614.0,15788614.0,15788614.0,15788614.0,15788614.0,18046214.0,18046214.0,18046214.0,18046214.0,18046214.0,1.1429891186142114,min-max ranges non-overlapping,consistent: jsonb/X-0 lower
index effect jsonb: X-0 vs X-1,UA-3,UA-3/jsonb/X-0,UA-3/jsonb/X-1,lsn_diff_bytes,15928920.0,15928920.0,15928944.0,15928904.0,15928976.0,18195096.0,18195096.0,18195152.0,18195096.0,18195808.0,1.1422680257041908,min-max ranges non-overlapping,consistent: jsonb/X-0 lower
index effect jsonb: X-0 vs X-1,UA-3,UA-3/jsonb/X-0,UA-3/jsonb/X-1,stat_wal_records,15063.0,15063.0,15063.0,15063.0,15064.0,40532.0,40532.0,40533.0,40532.0,40533.0,2.690831839606984,min-max ranges non-overlapping,consistent: jsonb/X-0 lower
index effect jsonb: X-0 vs X-1,UA-3,UA-3/jsonb/X-0,UA-3/jsonb/X-1,stat_wal_fpi,996.0,996.0,996.0,996.0,996.0,1048.0,1048.0,1048.0,1048.0,1049.0,1.0522088353413654,min-max ranges non-overlapping,consistent: jsonb/X-0 lower
index effect jsonb: X-0 vs X-1,UA-3,UA-3/jsonb/X-0,UA-3/jsonb/X-1,shared_dirtied,1995.0,1995.0,1995.0,1995.0,1995.0,2101.0,2101.0,2101.0,2101.0,2101.0,1.0531328320802005,min-max ranges non-overlapping,consistent: jsonb/X-0 lower
index effect jsonb: X-0 vs X-1,UA-3,UA-3/jsonb/X-0,UA-3/jsonb/X-1,io_extends,995.0,995.0,995.0,995.0,995.0,1049.0,1049.0,1049.0,1049.0,1049.0,1.0542713567839197,min-max ranges non-overlapping,consistent: jsonb/X-0 lower
index effect jsonb: X-0 vs X-1,UA-3,UA-3/jsonb/X-0,UA-3/jsonb/X-1,heap_growth,8036352.0,8036352.0,8036352.0,8036352.0,8036352.0,8036352.0,8036352.0,8036352.0,8036352.0,8036352.0,1.0,min-max ranges non-overlapping,identical
index effect jsonb: X-0 vs X-1,UA-3,UA-3/jsonb/X-0,UA-3/jsonb/X-1,toast_growth,0.0,0.0,0.0,0.0,0.0,0.0,0.0,0.0,0.0,0.0,,min-max ranges non-overlapping,identical
index effect jsonb: X-0 vs X-1,UA-3,UA-3/jsonb/X-0,UA-3/jsonb/X-1,secondary_index_growth,0.0,0.0,0.0,0.0,0.0,442368.0,442368.0,442368.0,442368.0,442368.0,,min-max ranges non-overlapping,consistent: jsonb/X-0 lower
index effect jsonb: X-0 vs X-1,UA-3,UA-3/jsonb/X-0,UA-3/jsonb/X-1,dead_after,5000.0,5000.0,5000.0,5000.0,5000.0,5000.0,5000.0,5000.0,5000.0,5000.0,1.0,min-max ranges non-overlapping,identical
index effect jsonb: X-0 vs X-1,UA-3,UA-3/jsonb/X-0,UA-3/jsonb/X-1,hot_updates,4.0,4.0,4.0,4.0,4.0,0.0,0.0,0.0,0.0,0.0,0.0,min-max ranges non-overlapping,consistent: jsonb/X-1 lower
index effect jsonb: X-0 vs X-1,UA-3,UA-3/jsonb/X-0,UA-3/jsonb/X-1,docs_compressed_after,2880.0,2880.0,2880.0,2880.0,2880.0,2880.0,2880.0,2880.0,2880.0,2880.0,1.0,min-max ranges non-overlapping,identical
GIN effect jsonb only: X-1 vs X-4,UA-3,UA-3/jsonb/X-1,UA-3/jsonb/X-4,exec_ms,1120.78,1051.604,1268.303,1035.749,1382.389,3423.215,3366.026,3567.837,3302.024,3756.612,3.054314852156534,Step 6A: IQR non-overlap and >= 10 % median difference,measurable: jsonb/X-1 faster
GIN effect jsonb only: X-1 vs X-4,UA-3,UA-3/jsonb/X-1,UA-3/jsonb/X-4,client_total_ms,1147.829,1063.8650000000002,1281.987,1044.343,1396.524,3441.584,3382.326,3576.54,3309.9459999999995,3765.3630000000003,2.998342087540914,Step 6A: IQR non-overlap and >= 10 % median difference,measurable: jsonb/X-1 faster
GIN effect jsonb only: X-1 vs X-4,UA-3,UA-3/jsonb/X-1,UA-3/jsonb/X-4,explain_wal_bytes,18046214.0,18046214.0,18046214.0,18046214.0,18046214.0,47835203.0,47835203.0,47835203.0,47835203.0,47835203.0,2.650705738056747,min-max ranges non-overlapping,consistent: jsonb/X-1 lower
GIN effect jsonb only: X-1 vs X-4,UA-3,UA-3/jsonb/X-1,UA-3/jsonb/X-4,lsn_diff_bytes,18195096.0,18195096.0,18195152.0,18195096.0,18195808.0,48384576.0,48384536.0,48384616.0,48384520.0,48590424.0,2.6592097123312786,min-max ranges non-overlapping,consistent: jsonb/X-1 lower
GIN effect jsonb only: X-1 vs X-4,UA-3,UA-3/jsonb/X-1,UA-3/jsonb/X-4,stat_wal_records,40532.0,40532.0,40533.0,40532.0,40533.0,124678.0,124677.0,124678.0,124677.0,124807.0,3.0760386854830752,min-max ranges non-overlapping,consistent: jsonb/X-1 lower
GIN effect jsonb only: X-1 vs X-4,UA-3,UA-3/jsonb/X-1,UA-3/jsonb/X-4,stat_wal_fpi,1048.0,1048.0,1048.0,1048.0,1049.0,2255.0,2255.0,2255.0,2255.0,2301.0,2.1517175572519083,min-max ranges non-overlapping,consistent: jsonb/X-1 lower
GIN effect jsonb only: X-1 vs X-4,UA-3,UA-3/jsonb/X-1,UA-3/jsonb/X-4,shared_dirtied,2101.0,2101.0,2101.0,2101.0,2101.0,4314.0,4314.0,4314.0,4314.0,4314.0,2.053307948595907,min-max ranges non-overlapping,consistent: jsonb/X-1 lower
GIN effect jsonb only: X-1 vs X-4,UA-3,UA-3/jsonb/X-1,UA-3/jsonb/X-4,io_extends,1049.0,1049.0,1049.0,1049.0,1049.0,2262.0,2262.0,2262.0,2262.0,2262.0,2.1563393708293614,min-max ranges non-overlapping,consistent: jsonb/X-1 lower
GIN effect jsonb only: X-1 vs X-4,UA-3,UA-3/jsonb/X-1,UA-3/jsonb/X-4,heap_growth,8036352.0,8036352.0,8036352.0,8036352.0,8036352.0,8036352.0,8036352.0,8036352.0,8036352.0,8036352.0,1.0,min-max ranges non-overlapping,identical
GIN effect jsonb only: X-1 vs X-4,UA-3,UA-3/jsonb/X-1,UA-3/jsonb/X-4,toast_growth,0.0,0.0,0.0,0.0,0.0,0.0,0.0,0.0,0.0,0.0,,min-max ranges non-overlapping,identical
GIN effect jsonb only: X-1 vs X-4,UA-3,UA-3/jsonb/X-1,UA-3/jsonb/X-4,secondary_index_growth,442368.0,442368.0,442368.0,442368.0,442368.0,10330112.0,10330112.0,10330112.0,10330112.0,10330112.0,23.35185185185185,min-max ranges non-overlapping,consistent: jsonb/X-1 lower
GIN effect jsonb only: X-1 vs X-4,UA-3,UA-3/jsonb/X-1,UA-3/jsonb/X-4,dead_after,5000.0,5000.0,5000.0,5000.0,5000.0,5000.0,5000.0,5000.0,5000.0,5000.0,1.0,min-max ranges non-overlapping,identical
GIN effect jsonb only: X-1 vs X-4,UA-3,UA-3/jsonb/X-1,UA-3/jsonb/X-4,hot_updates,0.0,0.0,0.0,0.0,0.0,0.0,0.0,0.0,0.0,0.0,,min-max ranges non-overlapping,identical
GIN effect jsonb only: X-1 vs X-4,UA-3,UA-3/jsonb/X-1,UA-3/jsonb/X-4,docs_compressed_after,2880.0,2880.0,2880.0,2880.0,2880.0,2880.0,2880.0,2880.0,2880.0,2880.0,1.0,min-max ranges non-overlapping,identical
update mechanism json (separate): text regexp vs jsonb_set cast,UB-R238,UB-R238/UB-json-text/X-1,UB-R238/UB-json-cast/X-1,exec_ms,106.811,100.863,112.11,97.867,116.919,131.598,124.079,137.076,120.934,141.954,1.2320641132467631,Step 6A: IQR non-overlap and >= 10 % median difference,measurable: UB-json-text/X-1 faster
update mechanism json (separate): text regexp vs jsonb_set cast,UB-R238,UB-R238/UB-json-text/X-1,UB-R238/UB-json-cast/X-1,client_total_ms,117.845,111.14,128.89499999999998,108.51799999999999,134.07500000000002,141.46800000000002,133.637,149.06,127.80600000000001,154.958,1.2004582290296577,Step 6A: IQR non-overlap and >= 10 % median difference,measurable: UB-json-text/X-1 faster
update mechanism json (separate): text regexp vs jsonb_set cast,UB-R238,UB-R238/UB-json-text/X-1,UB-R238/UB-json-cast/X-1,explain_wal_bytes,2484878.0,2484878.0,2484878.0,2484878.0,2484878.0,2520817.0,2520817.0,2520817.0,2520817.0,2520817.0,1.01446308430434,min-max ranges non-overlapping,consistent: UB-json-text/X-1 lower
update mechanism json (separate): text regexp vs jsonb_set cast,UB-R238,UB-R238/UB-json-text/X-1,UB-R238/UB-json-cast/X-1,lsn_diff_bytes,2507200.0,2507200.0,2507200.0,2507200.0,2507272.0,2543256.0,2543232.0,2543272.0,2543232.0,2548584.0,1.0143809827696235,min-max ranges non-overlapping,consistent: UB-json-text/X-1 lower
update mechanism json (separate): text regexp vs jsonb_set cast,UB-R238,UB-R238/UB-json-text/X-1,UB-R238/UB-json-cast/X-1,stat_wal_records,1926.0,1926.0,1927.0,1926.0,1927.0,1926.0,1926.0,1927.0,1926.0,1929.0,1.0,min-max ranges non-overlapping,overlapping
update mechanism json (separate): text regexp vs jsonb_set cast,UB-R238,UB-R238/UB-json-text/X-1,UB-R238/UB-json-cast/X-1,stat_wal_fpi,283.0,283.0,284.0,283.0,284.0,283.0,283.0,284.0,283.0,286.0,1.0,min-max ranges non-overlapping,overlapping
update mechanism json (separate): text regexp vs jsonb_set cast,UB-R238,UB-R238/UB-json-text/X-1,UB-R238/UB-json-cast/X-1,shared_dirtied,348.0,348.0,348.0,348.0,348.0,348.0,348.0,348.0,348.0,348.0,1.0,min-max ranges non-overlapping,identical
update mechanism json (separate): text regexp vs jsonb_set cast,UB-R238,UB-R238/UB-json-text/X-1,UB-R238/UB-json-cast/X-1,io_extends,61.0,61.0,61.0,61.0,61.0,61.0,61.0,61.0,61.0,61.0,1.0,min-max ranges non-overlapping,identical
update mechanism json (separate): text regexp vs jsonb_set cast,UB-R238,UB-R238/UB-json-text/X-1,UB-R238/UB-json-cast/X-1,heap_growth,491520.0,491520.0,491520.0,491520.0,491520.0,491520.0,491520.0,491520.0,491520.0,491520.0,1.0,min-max ranges non-overlapping,identical
update mechanism json (separate): text regexp vs jsonb_set cast,UB-R238,UB-R238/UB-json-text/X-1,UB-R238/UB-json-cast/X-1,toast_growth,0.0,0.0,0.0,0.0,0.0,0.0,0.0,0.0,0.0,0.0,,min-max ranges non-overlapping,identical
update mechanism json (separate): text regexp vs jsonb_set cast,UB-R238,UB-R238/UB-json-text/X-1,UB-R238/UB-json-cast/X-1,secondary_index_growth,8192.0,8192.0,8192.0,8192.0,8192.0,8192.0,8192.0,8192.0,8192.0,8192.0,1.0,min-max ranges non-overlapping,identical
update mechanism json (separate): text regexp vs jsonb_set cast,UB-R238,UB-R238/UB-json-text/X-1,UB-R238/UB-json-cast/X-1,dead_after,238.0,238.0,238.0,238.0,238.0,238.0,238.0,238.0,238.0,238.0,1.0,min-max ranges non-overlapping,identical
update mechanism json (separate): text regexp vs jsonb_set cast,UB-R238,UB-R238/UB-json-text/X-1,UB-R238/UB-json-cast/X-1,hot_updates,0.0,0.0,0.0,0.0,0.0,0.0,0.0,0.0,0.0,0.0,,min-max ranges non-overlapping,identical
update mechanism json (separate): text regexp vs jsonb_set cast,UB-R238,UB-R238/UB-json-text/X-1,UB-R238/UB-json-cast/X-1,docs_compressed_after,1.0,1.0,1.0,1.0,1.0,1.0,1.0,1.0,1.0,1.0,1.0,min-max ranges non-overlapping,identical
"update mechanism (separate, not a type verdict): json text regexp vs jsonb jsonb_set",UB-R238,UB-R238/UB-json-text/X-1,UB-R238/UB-jsonb/X-1,exec_ms,106.811,100.863,112.11,97.867,116.919,39.244,33.894,40.527,32.05,50.135,0.36741534111655166,Step 6A: IQR non-overlap and >= 10 % median difference,measurable: UB-jsonb/X-1 faster
"update mechanism (separate, not a type verdict): json text regexp vs jsonb jsonb_set",UB-R238,UB-R238/UB-json-text/X-1,UB-R238/UB-jsonb/X-1,client_total_ms,117.845,111.14,128.89499999999998,108.51799999999999,134.07500000000002,51.245999999999995,47.076,57.221999999999994,36.997,67.431,0.4348593491450634,Step 6A: IQR non-overlap and >= 10 % median difference,measurable: UB-jsonb/X-1 faster
"update mechanism (separate, not a type verdict): json text regexp vs jsonb jsonb_set",UB-R238,UB-R238/UB-json-text/X-1,UB-R238/UB-jsonb/X-1,explain_wal_bytes,2484878.0,2484878.0,2484878.0,2484878.0,2484878.0,2626690.0,2626690.0,2626690.0,2626690.0,2626690.0,1.0570700050465254,min-max ranges non-overlapping,consistent: UB-json-text/X-1 lower
"update mechanism (separate, not a type verdict): json text regexp vs jsonb jsonb_set",UB-R238,UB-R238/UB-json-text/X-1,UB-R238/UB-jsonb/X-1,lsn_diff_bytes,2507200.0,2507200.0,2507200.0,2507200.0,2507272.0,2649088.0,2649088.0,2649104.0,2649088.0,2649816.0,1.0565922144224633,min-max ranges non-overlapping,consistent: UB-json-text/X-1 lower
"update mechanism (separate, not a type verdict): json text regexp vs jsonb jsonb_set",UB-R238,UB-R238/UB-json-text/X-1,UB-R238/UB-jsonb/X-1,stat_wal_records,1926.0,1926.0,1927.0,1926.0,1927.0,1926.0,1926.0,1926.0,1926.0,1927.0,1.0,min-max ranges non-overlapping,overlapping
"update mechanism (separate, not a type verdict): json text regexp vs jsonb jsonb_set",UB-R238,UB-R238/UB-json-text/X-1,UB-R238/UB-jsonb/X-1,stat_wal_fpi,283.0,283.0,284.0,283.0,284.0,286.0,286.0,286.0,286.0,287.0,1.010600706713781,min-max ranges non-overlapping,consistent: UB-json-text/X-1 lower
"update mechanism (separate, not a type verdict): json text regexp vs jsonb jsonb_set",UB-R238,UB-R238/UB-json-text/X-1,UB-R238/UB-jsonb/X-1,shared_dirtied,348.0,348.0,348.0,348.0,348.0,341.0,341.0,341.0,341.0,341.0,0.9798850574712644,min-max ranges non-overlapping,consistent: UB-jsonb/X-1 lower
"update mechanism (separate, not a type verdict): json text regexp vs jsonb jsonb_set",UB-R238,UB-R238/UB-json-text/X-1,UB-R238/UB-jsonb/X-1,io_extends,61.0,61.0,61.0,61.0,61.0,51.0,51.0,51.0,51.0,51.0,0.8360655737704918,min-max ranges non-overlapping,consistent: UB-jsonb/X-1 lower
"update mechanism (separate, not a type verdict): json text regexp vs jsonb jsonb_set",UB-R238,UB-R238/UB-json-text/X-1,UB-R238/UB-jsonb/X-1,heap_growth,491520.0,491520.0,491520.0,491520.0,491520.0,409600.0,409600.0,409600.0,409600.0,409600.0,0.8333333333333334,min-max ranges non-overlapping,consistent: UB-jsonb/X-1 lower
"update mechanism (separate, not a type verdict): json text regexp vs jsonb jsonb_set",UB-R238,UB-R238/UB-json-text/X-1,UB-R238/UB-jsonb/X-1,toast_growth,0.0,0.0,0.0,0.0,0.0,0.0,0.0,0.0,0.0,0.0,,min-max ranges non-overlapping,identical
"update mechanism (separate, not a type verdict): json text regexp vs jsonb jsonb_set",UB-R238,UB-R238/UB-json-text/X-1,UB-R238/UB-jsonb/X-1,secondary_index_growth,8192.0,8192.0,8192.0,8192.0,8192.0,8192.0,8192.0,8192.0,8192.0,8192.0,1.0,min-max ranges non-overlapping,identical
"update mechanism (separate, not a type verdict): json text regexp vs jsonb jsonb_set",UB-R238,UB-R238/UB-json-text/X-1,UB-R238/UB-jsonb/X-1,dead_after,238.0,238.0,238.0,238.0,238.0,238.0,238.0,238.0,238.0,238.0,1.0,min-max ranges non-overlapping,identical
"update mechanism (separate, not a type verdict): json text regexp vs jsonb jsonb_set",UB-R238,UB-R238/UB-json-text/X-1,UB-R238/UB-jsonb/X-1,hot_updates,0.0,0.0,0.0,0.0,0.0,0.0,0.0,0.0,0.0,0.0,,min-max ranges non-overlapping,identical
"update mechanism (separate, not a type verdict): json text regexp vs jsonb jsonb_set",UB-R238,UB-R238/UB-json-text/X-1,UB-R238/UB-jsonb/X-1,docs_compressed_after,1.0,1.0,1.0,1.0,1.0,2880.0,2880.0,2880.0,2880.0,2880.0,2880.0,min-max ranges non-overlapping,consistent: UB-json-text/X-1 lower
update mechanism json (separate): text regexp vs jsonb_set cast,UB-R5000,UB-R5000/UB-json-text/X-1,UB-R5000/UB-json-cast/X-1,exec_ms,1933.738,1921.098,1990.517,1886.751,2056.784,2496.183,2446.52,2767.514,2417.226,3111.754,1.2908589477995467,Step 6A: IQR non-overlap and >= 10 % median difference,measurable: UB-json-text/X-1 faster
update mechanism json (separate): text regexp vs jsonb_set cast,UB-R5000,UB-R5000/UB-json-text/X-1,UB-R5000/UB-json-cast/X-1,client_total_ms,1949.313,1935.516,2008.9379999999999,1891.001,2062.995,2513.077,2462.6189999999997,2784.966,2423.975,3128.4280000000003,1.289211635073485,Step 6A: IQR non-overlap and >= 10 % median difference,measurable: UB-json-text/X-1 faster
update mechanism json (separate): text regexp vs jsonb_set cast,UB-R5000,UB-R5000/UB-json-text/X-1,UB-R5000/UB-json-cast/X-1,explain_wal_bytes,20497306.0,20497306.0,20497306.0,20497306.0,20497306.0,21247117.0,21247117.0,21247117.0,21247117.0,21247117.0,1.0365809536140993,min-max ranges non-overlapping,consistent: UB-json-text/X-1 lower
update mechanism json (separate): text regexp vs jsonb_set cast,UB-R5000,UB-R5000/UB-json-text/X-1,UB-R5000/UB-json-cast/X-1,lsn_diff_bytes,20670464.0,20670440.0,20675800.0,20670440.0,20676552.0,21422672.0,21422656.0,21422752.0,21422656.0,21429456.0,1.0363904748340433,min-max ranges non-overlapping,consistent: UB-json-text/X-1 lower
update mechanism json (separate): text regexp vs jsonb_set cast,UB-R5000,UB-R5000/UB-json-text/X-1,UB-R5000/UB-json-cast/X-1,stat_wal_records,40527.0,40526.0,40528.0,40526.0,40528.0,40530.0,40530.0,40531.0,40530.0,40532.0,1.0000740247242579,min-max ranges non-overlapping,consistent: UB-json-text/X-1 lower
update mechanism json (separate): text regexp vs jsonb_set cast,UB-R5000,UB-R5000/UB-json-text/X-1,UB-R5000/UB-json-cast/X-1,stat_wal_fpi,1319.0,1318.0,1319.0,1318.0,1320.0,1317.0,1317.0,1317.0,1317.0,1318.0,0.9984836997725549,min-max ranges non-overlapping,overlapping
update mechanism json (separate): text regexp vs jsonb_set cast,UB-R5000,UB-R5000/UB-json-text/X-1,UB-R5000/UB-json-cast/X-1,shared_dirtied,2639.0,2639.0,2639.0,2639.0,2639.0,2638.0,2638.0,2638.0,2638.0,2638.0,0.9996210685865858,min-max ranges non-overlapping,consistent: UB-json-cast/X-1 lower
update mechanism json (separate): text regexp vs jsonb_set cast,UB-R5000,UB-R5000/UB-json-text/X-1,UB-R5000/UB-json-cast/X-1,io_extends,1317.0,1317.0,1317.0,1317.0,1317.0,1317.0,1317.0,1317.0,1317.0,1317.0,1.0,min-max ranges non-overlapping,identical
update mechanism json (separate): text regexp vs jsonb_set cast,UB-R5000,UB-R5000/UB-json-text/X-1,UB-R5000/UB-json-cast/X-1,heap_growth,10231808.0,10231808.0,10231808.0,10231808.0,10231808.0,10231808.0,10231808.0,10231808.0,10231808.0,10231808.0,1.0,min-max ranges non-overlapping,identical
update mechanism json (separate): text regexp vs jsonb_set cast,UB-R5000,UB-R5000/UB-json-text/X-1,UB-R5000/UB-json-cast/X-1,toast_growth,0.0,0.0,0.0,0.0,0.0,0.0,0.0,0.0,0.0,0.0,,min-max ranges non-overlapping,identical
update mechanism json (separate): text regexp vs jsonb_set cast,UB-R5000,UB-R5000/UB-json-text/X-1,UB-R5000/UB-json-cast/X-1,secondary_index_growth,442368.0,442368.0,442368.0,442368.0,442368.0,442368.0,442368.0,442368.0,442368.0,442368.0,1.0,min-max ranges non-overlapping,identical
update mechanism json (separate): text regexp vs jsonb_set cast,UB-R5000,UB-R5000/UB-json-text/X-1,UB-R5000/UB-json-cast/X-1,dead_after,5000.0,5000.0,5000.0,5000.0,5000.0,5000.0,5000.0,5000.0,5000.0,5000.0,1.0,min-max ranges non-overlapping,identical
update mechanism json (separate): text regexp vs jsonb_set cast,UB-R5000,UB-R5000/UB-json-text/X-1,UB-R5000/UB-json-cast/X-1,hot_updates,0.0,0.0,0.0,0.0,0.0,0.0,0.0,0.0,0.0,0.0,,min-max ranges non-overlapping,identical
update mechanism json (separate): text regexp vs jsonb_set cast,UB-R5000,UB-R5000/UB-json-text/X-1,UB-R5000/UB-json-cast/X-1,docs_compressed_after,1.0,1.0,1.0,1.0,1.0,4.0,4.0,4.0,4.0,4.0,4.0,min-max ranges non-overlapping,consistent: UB-json-text/X-1 lower
"update mechanism (separate, not a type verdict): json text regexp vs jsonb jsonb_set",UB-R5000,UB-R5000/UB-json-text/X-1,UB-R5000/UB-jsonb/X-1,exec_ms,1933.738,1921.098,1990.517,1886.751,2056.784,932.761,865.614,973.652,779.075,989.252,0.4823616229292696,Step 6A: IQR non-overlap and >= 10 % median difference,measurable: UB-jsonb/X-1 faster
"update mechanism (separate, not a type verdict): json text regexp vs jsonb jsonb_set",UB-R5000,UB-R5000/UB-json-text/X-1,UB-R5000/UB-jsonb/X-1,client_total_ms,1949.313,1935.516,2008.9379999999999,1891.001,2062.995,940.338,883.152,980.971,786.3660000000001,999.165,0.48239456670119163,Step 6A: IQR non-overlap and >= 10 % median difference,measurable: UB-jsonb/X-1 faster
"update mechanism (separate, not a type verdict): json text regexp vs jsonb jsonb_set",UB-R5000,UB-R5000/UB-json-text/X-1,UB-R5000/UB-jsonb/X-1,explain_wal_bytes,20497306.0,20497306.0,20497306.0,20497306.0,20497306.0,18045847.0,18045847.0,18045847.0,18045847.0,18045847.0,0.8804009170766148,min-max ranges non-overlapping,consistent: UB-jsonb/X-1 lower
"update mechanism (separate, not a type verdict): json text regexp vs jsonb jsonb_set",UB-R5000,UB-R5000/UB-json-text/X-1,UB-R5000/UB-jsonb/X-1,lsn_diff_bytes,20670464.0,20670440.0,20675800.0,20670440.0,20676552.0,18194656.0,18194656.0,18194680.0,18194656.0,18196856.0,0.8802248464282175,min-max ranges non-overlapping,consistent: UB-jsonb/X-1 lower
"update mechanism (separate, not a type verdict): json text regexp vs jsonb jsonb_set",UB-R5000,UB-R5000/UB-json-text/X-1,UB-R5000/UB-jsonb/X-1,stat_wal_records,40527.0,40526.0,40528.0,40526.0,40528.0,40526.0,40526.0,40527.0,40526.0,40528.0,0.999975325091914,min-max ranges non-overlapping,overlapping
"update mechanism (separate, not a type verdict): json text regexp vs jsonb jsonb_set",UB-R5000,UB-R5000/UB-json-text/X-1,UB-R5000/UB-jsonb/X-1,stat_wal_fpi,1319.0,1318.0,1319.0,1318.0,1320.0,1048.0,1048.0,1049.0,1048.0,1049.0,0.7945413191811979,min-max ranges non-overlapping,consistent: UB-jsonb/X-1 lower
"update mechanism (separate, not a type verdict): json text regexp vs jsonb jsonb_set",UB-R5000,UB-R5000/UB-json-text/X-1,UB-R5000/UB-jsonb/X-1,shared_dirtied,2639.0,2639.0,2639.0,2639.0,2639.0,2099.0,2099.0,2099.0,2099.0,2099.0,0.7953770367563471,min-max ranges non-overlapping,consistent: UB-jsonb/X-1 lower
"update mechanism (separate, not a type verdict): json text regexp vs jsonb jsonb_set",UB-R5000,UB-R5000/UB-json-text/X-1,UB-R5000/UB-jsonb/X-1,io_extends,1317.0,1317.0,1317.0,1317.0,1317.0,1047.0,1047.0,1047.0,1047.0,1047.0,0.7949886104783599,min-max ranges non-overlapping,consistent: UB-jsonb/X-1 lower
"update mechanism (separate, not a type verdict): json text regexp vs jsonb jsonb_set",UB-R5000,UB-R5000/UB-json-text/X-1,UB-R5000/UB-jsonb/X-1,heap_growth,10231808.0,10231808.0,10231808.0,10231808.0,10231808.0,8019968.0,8019968.0,8019968.0,8019968.0,8019968.0,0.7838270616493195,min-max ranges non-overlapping,consistent: UB-jsonb/X-1 lower
"update mechanism (separate, not a type verdict): json text regexp vs jsonb jsonb_set",UB-R5000,UB-R5000/UB-json-text/X-1,UB-R5000/UB-jsonb/X-1,toast_growth,0.0,0.0,0.0,0.0,0.0,0.0,0.0,0.0,0.0,0.0,,min-max ranges non-overlapping,identical
"update mechanism (separate, not a type verdict): json text regexp vs jsonb jsonb_set",UB-R5000,UB-R5000/UB-json-text/X-1,UB-R5000/UB-jsonb/X-1,secondary_index_growth,442368.0,442368.0,442368.0,442368.0,442368.0,442368.0,442368.0,442368.0,442368.0,442368.0,1.0,min-max ranges non-overlapping,identical
"update mechanism (separate, not a type verdict): json text regexp vs jsonb jsonb_set",UB-R5000,UB-R5000/UB-json-text/X-1,UB-R5000/UB-jsonb/X-1,dead_after,5000.0,5000.0,5000.0,5000.0,5000.0,5000.0,5000.0,5000.0,5000.0,5000.0,1.0,min-max ranges non-overlapping,identical
"update mechanism (separate, not a type verdict): json text regexp vs jsonb jsonb_set",UB-R5000,UB-R5000/UB-json-text/X-1,UB-R5000/UB-jsonb/X-1,hot_updates,0.0,0.0,0.0,0.0,0.0,0.0,0.0,0.0,0.0,0.0,,min-max ranges non-overlapping,identical
"update mechanism (separate, not a type verdict): json text regexp vs jsonb jsonb_set",UB-R5000,UB-R5000/UB-json-text/X-1,UB-R5000/UB-jsonb/X-1,docs_compressed_after,1.0,1.0,1.0,1.0,1.0,2880.0,2880.0,2880.0,2880.0,2880.0,2880.0,min-max ranges non-overlapping,consistent: UB-json-text/X-1 lower
