batch,query,type,phase,round,planning_ms,execution_ms,serialization_ms,output_kb,top_node,plan_shape,top_plan_rows,top_actual_rows,scan_plan_rows,scan_actual_rows,scan_rows_removed_by_filter,shared_hit_blocks,shared_read_blocks,temp_written_blocks,io_read_ms,serialization_shared_hit_blocks,planning_shared_hit_blocks,planning_memory_used_kb,jit,settings
1,Q01,json,warmup,1,1.176,0.042,,2,Index Scan,Index Scan using T_pkey,1,1,1,1,,3,0,0,,0,34,10,False,"{""jit"": ""off"", ""max_parallel_workers_per_gather"": ""0""}"
1,Q01,jsonb,warmup,1,0.884,0.075,,2,Index Scan,Index Scan using T_pkey,1,1,1,1,,3,0,0,,0,22,10,False,"{""jit"": ""off"", ""max_parallel_workers_per_gather"": ""0""}"
1,Q01,json,warmup,2,0.025,0.012,,2,Index Scan,Index Scan using T_pkey,1,1,1,1,,3,0,0,,0,0,10,False,"{""jit"": ""off"", ""max_parallel_workers_per_gather"": ""0""}"
1,Q01,jsonb,warmup,2,0.023,0.028,,2,Index Scan,Index Scan using T_pkey,1,1,1,1,,3,0,0,,0,0,10,False,"{""jit"": ""off"", ""max_parallel_workers_per_gather"": ""0""}"
1,Q01,json,warmup,3,0.023,0.011,,2,Index Scan,Index Scan using T_pkey,1,1,1,1,,3,0,0,,0,0,10,False,"{""jit"": ""off"", ""max_parallel_workers_per_gather"": ""0""}"
1,Q01,jsonb,warmup,3,0.023,0.028,,2,Index Scan,Index Scan using T_pkey,1,1,1,1,,3,0,0,,0,0,10,False,"{""jit"": ""off"", ""max_parallel_workers_per_gather"": ""0""}"
1,Q01,json,measure,1,0.025,0.017,,2,Index Scan,Index Scan using T_pkey,1,1,1,1,,3,0,0,,0,0,10,False,"{""jit"": ""off"", ""max_parallel_workers_per_gather"": ""0""}"
1,Q01,jsonb,measure,1,0.023,0.03,,2,Index Scan,Index Scan using T_pkey,1,1,1,1,,3,0,0,,0,0,10,False,"{""jit"": ""off"", ""max_parallel_workers_per_gather"": ""0""}"
1,Q01,jsonb,measure,2,0.023,0.028,,2,Index Scan,Index Scan using T_pkey,1,1,1,1,,3,0,0,,0,0,10,False,"{""jit"": ""off"", ""max_parallel_workers_per_gather"": ""0""}"
1,Q01,json,measure,2,0.023,0.011,,2,Index Scan,Index Scan using T_pkey,1,1,1,1,,3,0,0,,0,0,10,False,"{""jit"": ""off"", ""max_parallel_workers_per_gather"": ""0""}"
1,Q01,json,measure,3,0.022,0.011,,2,Index Scan,Index Scan using T_pkey,1,1,1,1,,3,0,0,,0,0,10,False,"{""jit"": ""off"", ""max_parallel_workers_per_gather"": ""0""}"
1,Q01,jsonb,measure,3,0.022,0.027,,2,Index Scan,Index Scan using T_pkey,1,1,1,1,,3,0,0,,0,0,10,False,"{""jit"": ""off"", ""max_parallel_workers_per_gather"": ""0""}"
1,Q01,jsonb,measure,4,0.022,0.027,,2,Index Scan,Index Scan using T_pkey,1,1,1,1,,3,0,0,,0,0,10,False,"{""jit"": ""off"", ""max_parallel_workers_per_gather"": ""0""}"
1,Q01,json,measure,4,0.022,0.011,,2,Index Scan,Index Scan using T_pkey,1,1,1,1,,3,0,0,,0,0,10,False,"{""jit"": ""off"", ""max_parallel_workers_per_gather"": ""0""}"
1,Q01,json,measure,5,0.05,0.016,,2,Index Scan,Index Scan using T_pkey,1,1,1,1,,3,0,0,,0,0,10,False,"{""jit"": ""off"", ""max_parallel_workers_per_gather"": ""0""}"
1,Q01,jsonb,measure,5,0.05,0.044,,2,Index Scan,Index Scan using T_pkey,1,1,1,1,,3,0,0,,0,0,10,False,"{""jit"": ""off"", ""max_parallel_workers_per_gather"": ""0""}"
1,Q01,jsonb,measure,6,0.028,0.032,,2,Index Scan,Index Scan using T_pkey,1,1,1,1,,3,0,0,,0,0,10,False,"{""jit"": ""off"", ""max_parallel_workers_per_gather"": ""0""}"
1,Q01,json,measure,6,0.025,0.012,,2,Index Scan,Index Scan using T_pkey,1,1,1,1,,3,0,0,,0,0,10,False,"{""jit"": ""off"", ""max_parallel_workers_per_gather"": ""0""}"
1,Q01,json,measure,7,0.038,0.019,,2,Index Scan,Index Scan using T_pkey,1,1,1,1,,3,0,0,,0,0,10,False,"{""jit"": ""off"", ""max_parallel_workers_per_gather"": ""0""}"
1,Q01,jsonb,measure,7,0.026,0.031,,2,Index Scan,Index Scan using T_pkey,1,1,1,1,,3,0,0,,0,0,10,False,"{""jit"": ""off"", ""max_parallel_workers_per_gather"": ""0""}"
1,Q01,jsonb,measure,8,0.035,0.045,,2,Index Scan,Index Scan using T_pkey,1,1,1,1,,3,0,0,,0,0,10,False,"{""jit"": ""off"", ""max_parallel_workers_per_gather"": ""0""}"
1,Q01,json,measure,8,0.028,0.014,,2,Index Scan,Index Scan using T_pkey,1,1,1,1,,3,0,0,,0,0,10,False,"{""jit"": ""off"", ""max_parallel_workers_per_gather"": ""0""}"
1,Q01,json,measure,9,0.028,0.014,,2,Index Scan,Index Scan using T_pkey,1,1,1,1,,3,0,0,,0,0,10,False,"{""jit"": ""off"", ""max_parallel_workers_per_gather"": ""0""}"
1,Q01,jsonb,measure,9,0.027,0.032,,2,Index Scan,Index Scan using T_pkey,1,1,1,1,,3,0,0,,0,0,10,False,"{""jit"": ""off"", ""max_parallel_workers_per_gather"": ""0""}"
1,Q01,jsonb,measure,10,0.027,0.032,,2,Index Scan,Index Scan using T_pkey,1,1,1,1,,3,0,0,,0,0,10,False,"{""jit"": ""off"", ""max_parallel_workers_per_gather"": ""0""}"
1,Q01,json,measure,10,0.025,0.012,,2,Index Scan,Index Scan using T_pkey,1,1,1,1,,3,0,0,,0,0,10,False,"{""jit"": ""off"", ""max_parallel_workers_per_gather"": ""0""}"
1,Q01,json,measure,11,0.024,0.012,,2,Index Scan,Index Scan using T_pkey,1,1,1,1,,3,0,0,,0,0,10,False,"{""jit"": ""off"", ""max_parallel_workers_per_gather"": ""0""}"
1,Q01,jsonb,measure,11,0.024,0.029,,2,Index Scan,Index Scan using T_pkey,1,1,1,1,,3,0,0,,0,0,10,False,"{""jit"": ""off"", ""max_parallel_workers_per_gather"": ""0""}"
1,Q01,jsonb,measure,12,0.025,0.029,,2,Index Scan,Index Scan using T_pkey,1,1,1,1,,3,0,0,,0,0,10,False,"{""jit"": ""off"", ""max_parallel_workers_per_gather"": ""0""}"
1,Q01,json,measure,12,0.024,0.012,,2,Index Scan,Index Scan using T_pkey,1,1,1,1,,3,0,0,,0,0,10,False,"{""jit"": ""off"", ""max_parallel_workers_per_gather"": ""0""}"
1,Q01,json,measure,13,0.023,0.011,,2,Index Scan,Index Scan using T_pkey,1,1,1,1,,3,0,0,,0,0,10,False,"{""jit"": ""off"", ""max_parallel_workers_per_gather"": ""0""}"
1,Q01,jsonb,measure,13,0.026,0.03,,2,Index Scan,Index Scan using T_pkey,1,1,1,1,,3,0,0,,0,0,10,False,"{""jit"": ""off"", ""max_parallel_workers_per_gather"": ""0""}"
1,Q01,jsonb,measure,14,0.025,0.029,,2,Index Scan,Index Scan using T_pkey,1,1,1,1,,3,0,0,,0,0,10,False,"{""jit"": ""off"", ""max_parallel_workers_per_gather"": ""0""}"
1,Q01,json,measure,14,0.023,0.011,,2,Index Scan,Index Scan using T_pkey,1,1,1,1,,3,0,0,,0,0,10,False,"{""jit"": ""off"", ""max_parallel_workers_per_gather"": ""0""}"
1,Q01,json,measure,15,0.022,0.011,,2,Index Scan,Index Scan using T_pkey,1,1,1,1,,3,0,0,,0,0,10,False,"{""jit"": ""off"", ""max_parallel_workers_per_gather"": ""0""}"
1,Q01,jsonb,measure,15,0.022,0.027,,2,Index Scan,Index Scan using T_pkey,1,1,1,1,,3,0,0,,0,0,10,False,"{""jit"": ""off"", ""max_parallel_workers_per_gather"": ""0""}"
1,Q01,json,detail,1,0.023,0.011,0.001,2,Index Scan,Index Scan using T_pkey,1,1,1,1,,3,0,0,,0,0,10,False,"{""jit"": ""off"", ""max_parallel_workers_per_gather"": ""0""}"
1,Q01,jsonb,detail,1,0.022,0.028,0.017,2,Index Scan,Index Scan using T_pkey,1,1,1,1,,3,0,0,,0,0,10,False,"{""jit"": ""off"", ""max_parallel_workers_per_gather"": ""0""}"
1,Q02,json,warmup,1,0.016,5.567,,8249,Seq Scan,Seq Scan on T,5000,5000,5000,5000,,1250,0,0,,0,0,7,False,"{""jit"": ""off"", ""max_parallel_workers_per_gather"": ""0""}"
1,Q02,jsonb,warmup,1,0.017,67.281,,8986,Seq Scan,Seq Scan on T,5000,5000,5000,5000,,981,0,0,,0,0,7,False,"{""jit"": ""off"", ""max_parallel_workers_per_gather"": ""0""}"
1,Q02,json,warmup,2,0.03,2.893,,8249,Seq Scan,Seq Scan on T,5000,5000,5000,5000,,1250,0,0,,0,0,7,False,"{""jit"": ""off"", ""max_parallel_workers_per_gather"": ""0""}"
1,Q02,jsonb,warmup,2,0.02,71.079,,8986,Seq Scan,Seq Scan on T,5000,5000,5000,5000,,981,0,0,,0,0,7,False,"{""jit"": ""off"", ""max_parallel_workers_per_gather"": ""0""}"
1,Q02,json,warmup,3,0.036,3.06,,8249,Seq Scan,Seq Scan on T,5000,5000,5000,5000,,1250,0,0,,0,0,7,False,"{""jit"": ""off"", ""max_parallel_workers_per_gather"": ""0""}"
1,Q02,jsonb,warmup,3,0.022,73.104,,8986,Seq Scan,Seq Scan on T,5000,5000,5000,5000,,981,0,0,,0,0,7,False,"{""jit"": ""off"", ""max_parallel_workers_per_gather"": ""0""}"
1,Q02,json,measure,1,0.038,3.104,,8249,Seq Scan,Seq Scan on T,5000,5000,5000,5000,,1250,0,0,,0,0,7,False,"{""jit"": ""off"", ""max_parallel_workers_per_gather"": ""0""}"
1,Q02,jsonb,measure,1,0.024,63.664,,8986,Seq Scan,Seq Scan on T,5000,5000,5000,5000,,981,0,0,,0,0,7,False,"{""jit"": ""off"", ""max_parallel_workers_per_gather"": ""0""}"
1,Q02,jsonb,measure,2,0.032,68.709,,8986,Seq Scan,Seq Scan on T,5000,5000,5000,5000,,981,0,0,,0,0,7,False,"{""jit"": ""off"", ""max_parallel_workers_per_gather"": ""0""}"
1,Q02,json,measure,2,0.041,3.243,,8249,Seq Scan,Seq Scan on T,5000,5000,5000,5000,,1250,0,0,,0,0,7,False,"{""jit"": ""off"", ""max_parallel_workers_per_gather"": ""0""}"
1,Q02,json,measure,3,0.025,3.032,,8249,Seq Scan,Seq Scan on T,5000,5000,5000,5000,,1250,0,0,,0,0,7,False,"{""jit"": ""off"", ""max_parallel_workers_per_gather"": ""0""}"
1,Q02,jsonb,measure,3,0.034,68.972,,8986,Seq Scan,Seq Scan on T,5000,5000,5000,5000,,981,0,0,,0,0,7,False,"{""jit"": ""off"", ""max_parallel_workers_per_gather"": ""0""}"
1,Q02,jsonb,measure,4,0.035,71.083,,8986,Seq Scan,Seq Scan on T,5000,5000,5000,5000,,981,0,0,,0,0,7,False,"{""jit"": ""off"", ""max_parallel_workers_per_gather"": ""0""}"
1,Q02,json,measure,4,0.037,3.202,,8249,Seq Scan,Seq Scan on T,5000,5000,5000,5000,,1250,0,0,,0,0,7,False,"{""jit"": ""off"", ""max_parallel_workers_per_gather"": ""0""}"
1,Q02,json,measure,5,0.023,3.12,,8249,Seq Scan,Seq Scan on T,5000,5000,5000,5000,,1250,0,0,,0,0,7,False,"{""jit"": ""off"", ""max_parallel_workers_per_gather"": ""0""}"
1,Q02,jsonb,measure,5,0.031,68.552,,8986,Seq Scan,Seq Scan on T,5000,5000,5000,5000,,981,0,0,,0,0,7,False,"{""jit"": ""off"", ""max_parallel_workers_per_gather"": ""0""}"
1,Q02,jsonb,measure,6,0.045,72.31,,8986,Seq Scan,Seq Scan on T,5000,5000,5000,5000,,981,0,0,,0,0,7,False,"{""jit"": ""off"", ""max_parallel_workers_per_gather"": ""0""}"
1,Q02,json,measure,6,0.04,3.142,,8249,Seq Scan,Seq Scan on T,5000,5000,5000,5000,,1250,0,0,,0,0,7,False,"{""jit"": ""off"", ""max_parallel_workers_per_gather"": ""0""}"
1,Q02,json,measure,7,0.025,2.85,,8249,Seq Scan,Seq Scan on T,5000,5000,5000,5000,,1250,0,0,,0,0,7,False,"{""jit"": ""off"", ""max_parallel_workers_per_gather"": ""0""}"
1,Q02,jsonb,measure,7,0.023,71.435,,8986,Seq Scan,Seq Scan on T,5000,5000,5000,5000,,981,0,0,,0,0,7,False,"{""jit"": ""off"", ""max_parallel_workers_per_gather"": ""0""}"
1,Q02,jsonb,measure,8,0.038,66.857,,8986,Seq Scan,Seq Scan on T,5000,5000,5000,5000,,981,0,0,,0,0,7,False,"{""jit"": ""off"", ""max_parallel_workers_per_gather"": ""0""}"
1,Q02,json,measure,8,0.032,2.956,,8249,Seq Scan,Seq Scan on T,5000,5000,5000,5000,,1250,0,0,,0,0,7,False,"{""jit"": ""off"", ""max_parallel_workers_per_gather"": ""0""}"
1,Q02,json,measure,9,0.02,2.648,,8249,Seq Scan,Seq Scan on T,5000,5000,5000,5000,,1250,0,0,,0,0,7,False,"{""jit"": ""off"", ""max_parallel_workers_per_gather"": ""0""}"
1,Q02,jsonb,measure,9,0.023,70.044,,8986,Seq Scan,Seq Scan on T,5000,5000,5000,5000,,981,0,0,,0,0,7,False,"{""jit"": ""off"", ""max_parallel_workers_per_gather"": ""0""}"
1,Q02,jsonb,measure,10,0.038,66.645,,8986,Seq Scan,Seq Scan on T,5000,5000,5000,5000,,981,0,0,,0,0,7,False,"{""jit"": ""off"", ""max_parallel_workers_per_gather"": ""0""}"
1,Q02,json,measure,10,0.03,2.964,,8249,Seq Scan,Seq Scan on T,5000,5000,5000,5000,,1250,0,0,,0,0,7,False,"{""jit"": ""off"", ""max_parallel_workers_per_gather"": ""0""}"
1,Q02,json,measure,11,0.021,2.687,,8249,Seq Scan,Seq Scan on T,5000,5000,5000,5000,,1250,0,0,,0,0,7,False,"{""jit"": ""off"", ""max_parallel_workers_per_gather"": ""0""}"
1,Q02,jsonb,measure,11,0.023,68.805,,8986,Seq Scan,Seq Scan on T,5000,5000,5000,5000,,981,0,0,,0,0,7,False,"{""jit"": ""off"", ""max_parallel_workers_per_gather"": ""0""}"
1,Q02,jsonb,measure,12,0.037,65.802,,8986,Seq Scan,Seq Scan on T,5000,5000,5000,5000,,981,0,0,,0,0,7,False,"{""jit"": ""off"", ""max_parallel_workers_per_gather"": ""0""}"
1,Q02,json,measure,12,0.029,2.924,,8249,Seq Scan,Seq Scan on T,5000,5000,5000,5000,,1250,0,0,,0,0,7,False,"{""jit"": ""off"", ""max_parallel_workers_per_gather"": ""0""}"
1,Q02,json,measure,13,0.019,2.798,,8249,Seq Scan,Seq Scan on T,5000,5000,5000,5000,,1250,0,0,,0,0,7,False,"{""jit"": ""off"", ""max_parallel_workers_per_gather"": ""0""}"
1,Q02,jsonb,measure,13,0.021,70.051,,8986,Seq Scan,Seq Scan on T,5000,5000,5000,5000,,981,0,0,,0,0,7,False,"{""jit"": ""off"", ""max_parallel_workers_per_gather"": ""0""}"
1,Q02,jsonb,measure,14,0.036,60.963,,8986,Seq Scan,Seq Scan on T,5000,5000,5000,5000,,981,0,0,,0,0,7,False,"{""jit"": ""off"", ""max_parallel_workers_per_gather"": ""0""}"
1,Q02,json,measure,14,0.032,2.819,,8249,Seq Scan,Seq Scan on T,5000,5000,5000,5000,,1250,0,0,,0,0,7,False,"{""jit"": ""off"", ""max_parallel_workers_per_gather"": ""0""}"
1,Q02,json,measure,15,0.018,2.581,,8249,Seq Scan,Seq Scan on T,5000,5000,5000,5000,,1250,0,0,,0,0,7,False,"{""jit"": ""off"", ""max_parallel_workers_per_gather"": ""0""}"
1,Q02,jsonb,measure,15,0.021,66.592,,8986,Seq Scan,Seq Scan on T,5000,5000,5000,5000,,981,0,0,,0,0,7,False,"{""jit"": ""off"", ""max_parallel_workers_per_gather"": ""0""}"
1,Q02,json,detail,1,0.043,3.403,1.87,8249,Seq Scan,Seq Scan on T,5000,5000,5000,5000,,1250,0,0,,0,0,7,False,"{""jit"": ""off"", ""max_parallel_workers_per_gather"": ""0""}"
1,Q02,jsonb,detail,1,0.028,68.862,67.379,8986,Seq Scan,Seq Scan on T,5000,5000,5000,5000,,981,0,0,,0,0,7,False,"{""jit"": ""off"", ""max_parallel_workers_per_gather"": ""0""}"
1,Q03,json,warmup,1,0.051,0.062,,1,Index Scan,Index Scan using T_pkey,1,1,1,1,,3,0,0,,0,0,10,False,"{""jit"": ""off"", ""max_parallel_workers_per_gather"": ""0""}"
1,Q03,jsonb,warmup,1,0.035,0.03,,1,Index Scan,Index Scan using T_pkey,1,1,1,1,,3,0,0,,0,0,10,False,"{""jit"": ""off"", ""max_parallel_workers_per_gather"": ""0""}"
1,Q03,json,warmup,2,0.032,0.043,,1,Index Scan,Index Scan using T_pkey,1,1,1,1,,3,0,0,,0,0,10,False,"{""jit"": ""off"", ""max_parallel_workers_per_gather"": ""0""}"
1,Q03,jsonb,warmup,2,0.032,0.021,,1,Index Scan,Index Scan using T_pkey,1,1,1,1,,3,0,0,,0,0,10,False,"{""jit"": ""off"", ""max_parallel_workers_per_gather"": ""0""}"
1,Q03,json,warmup,3,0.032,0.043,,1,Index Scan,Index Scan using T_pkey,1,1,1,1,,3,0,0,,0,0,10,False,"{""jit"": ""off"", ""max_parallel_workers_per_gather"": ""0""}"
1,Q03,jsonb,warmup,3,0.031,0.021,,1,Index Scan,Index Scan using T_pkey,1,1,1,1,,3,0,0,,0,0,10,False,"{""jit"": ""off"", ""max_parallel_workers_per_gather"": ""0""}"
1,Q03,json,measure,1,0.031,0.042,,1,Index Scan,Index Scan using T_pkey,1,1,1,1,,3,0,0,,0,0,10,False,"{""jit"": ""off"", ""max_parallel_workers_per_gather"": ""0""}"
1,Q03,jsonb,measure,1,0.028,0.019,,1,Index Scan,Index Scan using T_pkey,1,1,1,1,,3,0,0,,0,0,10,False,"{""jit"": ""off"", ""max_parallel_workers_per_gather"": ""0""}"
1,Q03,jsonb,measure,2,0.026,0.018,,1,Index Scan,Index Scan using T_pkey,1,1,1,1,,3,0,0,,0,0,10,False,"{""jit"": ""off"", ""max_parallel_workers_per_gather"": ""0""}"
1,Q03,json,measure,2,0.026,0.037,,1,Index Scan,Index Scan using T_pkey,1,1,1,1,,3,0,0,,0,0,10,False,"{""jit"": ""off"", ""max_parallel_workers_per_gather"": ""0""}"
1,Q03,json,measure,3,0.026,0.037,,1,Index Scan,Index Scan using T_pkey,1,1,1,1,,3,0,0,,0,0,10,False,"{""jit"": ""off"", ""max_parallel_workers_per_gather"": ""0""}"
1,Q03,jsonb,measure,3,0.026,0.018,,1,Index Scan,Index Scan using T_pkey,1,1,1,1,,3,0,0,,0,0,10,False,"{""jit"": ""off"", ""max_parallel_workers_per_gather"": ""0""}"
1,Q03,jsonb,measure,4,0.029,0.019,,1,Index Scan,Index Scan using T_pkey,1,1,1,1,,3,0,0,,0,0,10,False,"{""jit"": ""off"", ""max_parallel_workers_per_gather"": ""0""}"
1,Q03,json,measure,4,0.027,0.038,,1,Index Scan,Index Scan using T_pkey,1,1,1,1,,3,0,0,,0,0,10,False,"{""jit"": ""off"", ""max_parallel_workers_per_gather"": ""0""}"
1,Q03,json,measure,5,0.026,0.036,,1,Index Scan,Index Scan using T_pkey,1,1,1,1,,3,0,0,,0,0,10,False,"{""jit"": ""off"", ""max_parallel_workers_per_gather"": ""0""}"
1,Q03,jsonb,measure,5,0.026,0.018,,1,Index Scan,Index Scan using T_pkey,1,1,1,1,,3,0,0,,0,0,10,False,"{""jit"": ""off"", ""max_parallel_workers_per_gather"": ""0""}"
1,Q03,jsonb,measure,6,0.025,0.017,,1,Index Scan,Index Scan using T_pkey,1,1,1,1,,3,0,0,,0,0,10,False,"{""jit"": ""off"", ""max_parallel_workers_per_gather"": ""0""}"
1,Q03,json,measure,6,0.026,0.035,,1,Index Scan,Index Scan using T_pkey,1,1,1,1,,3,0,0,,0,0,10,False,"{""jit"": ""off"", ""max_parallel_workers_per_gather"": ""0""}"
1,Q03,json,measure,7,0.025,0.034,,1,Index Scan,Index Scan using T_pkey,1,1,1,1,,3,0,0,,0,0,10,False,"{""jit"": ""off"", ""max_parallel_workers_per_gather"": ""0""}"
1,Q03,jsonb,measure,7,0.037,0.016,,1,Index Scan,Index Scan using T_pkey,1,1,1,1,,3,0,0,,0,0,10,False,"{""jit"": ""off"", ""max_parallel_workers_per_gather"": ""0""}"
1,Q03,jsonb,measure,8,0.023,0.016,,1,Index Scan,Index Scan using T_pkey,1,1,1,1,,3,0,0,,0,0,10,False,"{""jit"": ""off"", ""max_parallel_workers_per_gather"": ""0""}"
1,Q03,json,measure,8,0.026,0.036,,1,Index Scan,Index Scan using T_pkey,1,1,1,1,,3,0,0,,0,0,10,False,"{""jit"": ""off"", ""max_parallel_workers_per_gather"": ""0""}"
1,Q03,json,measure,9,0.024,0.033,,1,Index Scan,Index Scan using T_pkey,1,1,1,1,,3,0,0,,0,0,10,False,"{""jit"": ""off"", ""max_parallel_workers_per_gather"": ""0""}"
1,Q03,jsonb,measure,9,0.024,0.016,,1,Index Scan,Index Scan using T_pkey,1,1,1,1,,3,0,0,,0,0,10,False,"{""jit"": ""off"", ""max_parallel_workers_per_gather"": ""0""}"
1,Q03,jsonb,measure,10,0.024,0.016,,1,Index Scan,Index Scan using T_pkey,1,1,1,1,,3,0,0,,0,0,10,False,"{""jit"": ""off"", ""max_parallel_workers_per_gather"": ""0""}"
1,Q03,json,measure,10,0.023,0.033,,1,Index Scan,Index Scan using T_pkey,1,1,1,1,,3,0,0,,0,0,10,False,"{""jit"": ""off"", ""max_parallel_workers_per_gather"": ""0""}"
1,Q03,json,measure,11,0.023,0.032,,1,Index Scan,Index Scan using T_pkey,1,1,1,1,,3,0,0,,0,0,10,False,"{""jit"": ""off"", ""max_parallel_workers_per_gather"": ""0""}"
1,Q03,jsonb,measure,11,0.023,0.016,,1,Index Scan,Index Scan using T_pkey,1,1,1,1,,3,0,0,,0,0,10,False,"{""jit"": ""off"", ""max_parallel_workers_per_gather"": ""0""}"
1,Q03,jsonb,measure,12,0.023,0.015,,1,Index Scan,Index Scan using T_pkey,1,1,1,1,,3,0,0,,0,0,10,False,"{""jit"": ""off"", ""max_parallel_workers_per_gather"": ""0""}"
1,Q03,json,measure,12,0.026,0.036,,1,Index Scan,Index Scan using T_pkey,1,1,1,1,,3,0,0,,0,0,10,False,"{""jit"": ""off"", ""max_parallel_workers_per_gather"": ""0""}"
1,Q03,json,measure,13,0.024,0.033,,1,Index Scan,Index Scan using T_pkey,1,1,1,1,,3,0,0,,0,0,10,False,"{""jit"": ""off"", ""max_parallel_workers_per_gather"": ""0""}"
1,Q03,jsonb,measure,13,0.024,0.017,,1,Index Scan,Index Scan using T_pkey,1,1,1,1,,3,0,0,,0,0,10,False,"{""jit"": ""off"", ""max_parallel_workers_per_gather"": ""0""}"
1,Q03,jsonb,measure,14,0.023,0.016,,1,Index Scan,Index Scan using T_pkey,1,1,1,1,,3,0,0,,0,0,10,False,"{""jit"": ""off"", ""max_parallel_workers_per_gather"": ""0""}"
1,Q03,json,measure,14,0.023,0.032,,1,Index Scan,Index Scan using T_pkey,1,1,1,1,,3,0,0,,0,0,10,False,"{""jit"": ""off"", ""max_parallel_workers_per_gather"": ""0""}"
1,Q03,json,measure,15,0.023,0.032,,1,Index Scan,Index Scan using T_pkey,1,1,1,1,,3,0,0,,0,0,10,False,"{""jit"": ""off"", ""max_parallel_workers_per_gather"": ""0""}"
1,Q03,jsonb,measure,15,0.027,0.018,,1,Index Scan,Index Scan using T_pkey,1,1,1,1,,3,0,0,,0,0,10,False,"{""jit"": ""off"", ""max_parallel_workers_per_gather"": ""0""}"
1,Q03,json,detail,1,0.024,0.034,0.001,1,Index Scan,Index Scan using T_pkey,1,1,1,1,,3,0,0,,0,0,10,False,"{""jit"": ""off"", ""max_parallel_workers_per_gather"": ""0""}"
1,Q03,jsonb,detail,1,0.024,0.016,0.001,1,Index Scan,Index Scan using T_pkey,1,1,1,1,,3,0,0,,0,0,10,False,"{""jit"": ""off"", ""max_parallel_workers_per_gather"": ""0""}"
1,Q04,json,warmup,1,0.018,56.961,,93,Seq Scan,Seq Scan on T,5000,5000,5000,5000,,1250,0,0,,0,0,8,False,"{""jit"": ""off"", ""max_parallel_workers_per_gather"": ""0""}"
1,Q04,jsonb,warmup,1,0.045,11.879,,93,Seq Scan,Seq Scan on T,5000,5000,5000,5000,,981,0,0,,0,0,8,False,"{""jit"": ""off"", ""max_parallel_workers_per_gather"": ""0""}"
1,Q04,json,warmup,2,0.029,60.312,,93,Seq Scan,Seq Scan on T,5000,5000,5000,5000,,1250,0,0,,0,0,8,False,"{""jit"": ""off"", ""max_parallel_workers_per_gather"": ""0""}"
1,Q04,jsonb,warmup,2,0.036,12.642,,93,Seq Scan,Seq Scan on T,5000,5000,5000,5000,,981,0,0,,0,0,8,False,"{""jit"": ""off"", ""max_parallel_workers_per_gather"": ""0""}"
1,Q04,json,warmup,3,0.027,57.359,,93,Seq Scan,Seq Scan on T,5000,5000,5000,5000,,1250,0,0,,0,0,8,False,"{""jit"": ""off"", ""max_parallel_workers_per_gather"": ""0""}"
1,Q04,jsonb,warmup,3,0.027,11.928,,93,Seq Scan,Seq Scan on T,5000,5000,5000,5000,,981,0,0,,0,0,8,False,"{""jit"": ""off"", ""max_parallel_workers_per_gather"": ""0""}"
1,Q04,json,measure,1,0.029,57.813,,93,Seq Scan,Seq Scan on T,5000,5000,5000,5000,,1250,0,0,,0,0,8,False,"{""jit"": ""off"", ""max_parallel_workers_per_gather"": ""0""}"
1,Q04,jsonb,measure,1,0.028,11.54,,93,Seq Scan,Seq Scan on T,5000,5000,5000,5000,,981,0,0,,0,0,8,False,"{""jit"": ""off"", ""max_parallel_workers_per_gather"": ""0""}"
1,Q04,jsonb,measure,2,0.021,10.984,,93,Seq Scan,Seq Scan on T,5000,5000,5000,5000,,981,0,0,,0,0,8,False,"{""jit"": ""off"", ""max_parallel_workers_per_gather"": ""0""}"
1,Q04,json,measure,2,0.025,56.075,,93,Seq Scan,Seq Scan on T,5000,5000,5000,5000,,1250,0,0,,0,0,8,False,"{""jit"": ""off"", ""max_parallel_workers_per_gather"": ""0""}"
1,Q04,json,measure,3,0.026,61.155,,93,Seq Scan,Seq Scan on T,5000,5000,5000,5000,,1250,0,0,,0,0,8,False,"{""jit"": ""off"", ""max_parallel_workers_per_gather"": ""0""}"
1,Q04,jsonb,measure,3,0.038,11.267,,93,Seq Scan,Seq Scan on T,5000,5000,5000,5000,,981,0,0,,0,0,8,False,"{""jit"": ""off"", ""max_parallel_workers_per_gather"": ""0""}"
1,Q04,jsonb,measure,4,0.022,11.527,,93,Seq Scan,Seq Scan on T,5000,5000,5000,5000,,981,0,0,,0,0,8,False,"{""jit"": ""off"", ""max_parallel_workers_per_gather"": ""0""}"
1,Q04,json,measure,4,0.026,61.524,,93,Seq Scan,Seq Scan on T,5000,5000,5000,5000,,1250,0,0,,0,0,8,False,"{""jit"": ""off"", ""max_parallel_workers_per_gather"": ""0""}"
1,Q04,json,measure,5,0.039,56.064,,93,Seq Scan,Seq Scan on T,5000,5000,5000,5000,,1250,0,0,,0,0,8,False,"{""jit"": ""off"", ""max_parallel_workers_per_gather"": ""0""}"
1,Q04,jsonb,measure,5,0.039,10.974,,93,Seq Scan,Seq Scan on T,5000,5000,5000,5000,,981,0,0,,0,0,8,False,"{""jit"": ""off"", ""max_parallel_workers_per_gather"": ""0""}"
1,Q04,jsonb,measure,6,0.022,11.068,,93,Seq Scan,Seq Scan on T,5000,5000,5000,5000,,981,0,0,,0,0,8,False,"{""jit"": ""off"", ""max_parallel_workers_per_gather"": ""0""}"
1,Q04,json,measure,6,0.025,61.814,,93,Seq Scan,Seq Scan on T,5000,5000,5000,5000,,1250,0,0,,0,0,8,False,"{""jit"": ""off"", ""max_parallel_workers_per_gather"": ""0""}"
1,Q04,json,measure,7,0.04,57.38,,93,Seq Scan,Seq Scan on T,5000,5000,5000,5000,,1250,0,0,,0,0,8,False,"{""jit"": ""off"", ""max_parallel_workers_per_gather"": ""0""}"
1,Q04,jsonb,measure,7,0.033,10.911,,93,Seq Scan,Seq Scan on T,5000,5000,5000,5000,,981,0,0,,0,0,8,False,"{""jit"": ""off"", ""max_parallel_workers_per_gather"": ""0""}"
1,Q04,jsonb,measure,8,0.021,11.593,,93,Seq Scan,Seq Scan on T,5000,5000,5000,5000,,981,0,0,,0,0,8,False,"{""jit"": ""off"", ""max_parallel_workers_per_gather"": ""0""}"
1,Q04,json,measure,8,0.029,61.233,,93,Seq Scan,Seq Scan on T,5000,5000,5000,5000,,1250,0,0,,0,0,8,False,"{""jit"": ""off"", ""max_parallel_workers_per_gather"": ""0""}"
1,Q04,json,measure,9,0.039,55.416,,93,Seq Scan,Seq Scan on T,5000,5000,5000,5000,,1250,0,0,,0,0,8,False,"{""jit"": ""off"", ""max_parallel_workers_per_gather"": ""0""}"
1,Q04,jsonb,measure,9,0.032,12.675,,93,Seq Scan,Seq Scan on T,5000,5000,5000,5000,,981,0,0,,0,0,8,False,"{""jit"": ""off"", ""max_parallel_workers_per_gather"": ""0""}"
1,Q04,jsonb,measure,10,0.031,12.803,,93,Seq Scan,Seq Scan on T,5000,5000,5000,5000,,981,0,0,,0,0,8,False,"{""jit"": ""off"", ""max_parallel_workers_per_gather"": ""0""}"
1,Q04,json,measure,10,0.027,58.017,,93,Seq Scan,Seq Scan on T,5000,5000,5000,5000,,1250,0,0,,0,0,8,False,"{""jit"": ""off"", ""max_parallel_workers_per_gather"": ""0""}"
1,Q04,json,measure,11,0.039,56.468,,93,Seq Scan,Seq Scan on T,5000,5000,5000,5000,,1250,0,0,,0,0,8,False,"{""jit"": ""off"", ""max_parallel_workers_per_gather"": ""0""}"
1,Q04,jsonb,measure,11,0.036,11.043,,93,Seq Scan,Seq Scan on T,5000,5000,5000,5000,,981,0,0,,0,0,8,False,"{""jit"": ""off"", ""max_parallel_workers_per_gather"": ""0""}"
1,Q04,jsonb,measure,12,0.022,10.516,,93,Seq Scan,Seq Scan on T,5000,5000,5000,5000,,981,0,0,,0,0,8,False,"{""jit"": ""off"", ""max_parallel_workers_per_gather"": ""0""}"
1,Q04,json,measure,12,0.023,60.263,,93,Seq Scan,Seq Scan on T,5000,5000,5000,5000,,1250,0,0,,0,0,8,False,"{""jit"": ""off"", ""max_parallel_workers_per_gather"": ""0""}"
1,Q04,json,measure,13,0.038,55.96,,93,Seq Scan,Seq Scan on T,5000,5000,5000,5000,,1250,0,0,,0,0,8,False,"{""jit"": ""off"", ""max_parallel_workers_per_gather"": ""0""}"
1,Q04,jsonb,measure,13,0.037,12.188,,93,Seq Scan,Seq Scan on T,5000,5000,5000,5000,,981,0,0,,0,0,8,False,"{""jit"": ""off"", ""max_parallel_workers_per_gather"": ""0""}"
1,Q04,jsonb,measure,14,0.026,10.887,,93,Seq Scan,Seq Scan on T,5000,5000,5000,5000,,981,0,0,,0,0,8,False,"{""jit"": ""off"", ""max_parallel_workers_per_gather"": ""0""}"
1,Q04,json,measure,14,0.023,59.944,,93,Seq Scan,Seq Scan on T,5000,5000,5000,5000,,1250,0,0,,0,0,8,False,"{""jit"": ""off"", ""max_parallel_workers_per_gather"": ""0""}"
1,Q04,json,measure,15,0.037,56.217,,93,Seq Scan,Seq Scan on T,5000,5000,5000,5000,,1250,0,0,,0,0,8,False,"{""jit"": ""off"", ""max_parallel_workers_per_gather"": ""0""}"
1,Q04,jsonb,measure,15,0.031,11.134,,93,Seq Scan,Seq Scan on T,5000,5000,5000,5000,,981,0,0,,0,0,8,False,"{""jit"": ""off"", ""max_parallel_workers_per_gather"": ""0""}"
1,Q04,json,detail,1,0.022,59.771,0.55,93,Seq Scan,Seq Scan on T,5000,5000,5000,5000,,1250,0,0,,0,0,8,False,"{""jit"": ""off"", ""max_parallel_workers_per_gather"": ""0""}"
1,Q04,jsonb,detail,1,0.053,11.645,0.474,93,Seq Scan,Seq Scan on T,5000,5000,5000,5000,,981,0,0,,0,0,8,False,"{""jit"": ""off"", ""max_parallel_workers_per_gather"": ""0""}"
1,Q05,json,warmup,1,0.041,1071.334,,1047,Seq Scan,Seq Scan on T,5000,5000,5000,5000,,1250,0,0,,0,0,16,False,"{""jit"": ""off"", ""max_parallel_workers_per_gather"": ""0""}"
1,Q05,jsonb,warmup,1,0.049,83.831,,1047,Seq Scan,Seq Scan on T,5000,5000,5000,5000,,981,0,0,,0,0,16,False,"{""jit"": ""off"", ""max_parallel_workers_per_gather"": ""0""}"
1,Q05,json,warmup,2,0.049,1070.302,,1047,Seq Scan,Seq Scan on T,5000,5000,5000,5000,,1250,0,0,,0,0,16,False,"{""jit"": ""off"", ""max_parallel_workers_per_gather"": ""0""}"
1,Q05,jsonb,warmup,2,0.053,75.32,,1047,Seq Scan,Seq Scan on T,5000,5000,5000,5000,,981,0,0,,0,0,16,False,"{""jit"": ""off"", ""max_parallel_workers_per_gather"": ""0""}"
1,Q05,json,warmup,3,0.035,1064.036,,1047,Seq Scan,Seq Scan on T,5000,5000,5000,5000,,1250,0,0,,0,0,16,False,"{""jit"": ""off"", ""max_parallel_workers_per_gather"": ""0""}"
1,Q05,jsonb,warmup,3,0.049,84.66,,1047,Seq Scan,Seq Scan on T,5000,5000,5000,5000,,981,0,0,,0,0,16,False,"{""jit"": ""off"", ""max_parallel_workers_per_gather"": ""0""}"
1,Q05,json,measure,1,0.051,1075.373,,1047,Seq Scan,Seq Scan on T,5000,5000,5000,5000,,1250,0,0,,0,0,16,False,"{""jit"": ""off"", ""max_parallel_workers_per_gather"": ""0""}"
1,Q05,jsonb,measure,1,0.051,79.633,,1047,Seq Scan,Seq Scan on T,5000,5000,5000,5000,,981,0,0,,0,0,16,False,"{""jit"": ""off"", ""max_parallel_workers_per_gather"": ""0""}"
1,Q05,jsonb,measure,2,0.049,84.335,,1047,Seq Scan,Seq Scan on T,5000,5000,5000,5000,,981,0,0,,0,0,16,False,"{""jit"": ""off"", ""max_parallel_workers_per_gather"": ""0""}"
1,Q05,json,measure,2,0.047,1074.703,,1047,Seq Scan,Seq Scan on T,5000,5000,5000,5000,,1250,0,0,,0,0,16,False,"{""jit"": ""off"", ""max_parallel_workers_per_gather"": ""0""}"
1,Q05,json,measure,3,0.044,1063.294,,1047,Seq Scan,Seq Scan on T,5000,5000,5000,5000,,1250,0,0,,0,0,16,False,"{""jit"": ""off"", ""max_parallel_workers_per_gather"": ""0""}"
1,Q05,jsonb,measure,3,0.054,81.888,,1047,Seq Scan,Seq Scan on T,5000,5000,5000,5000,,981,0,0,,0,0,16,False,"{""jit"": ""off"", ""max_parallel_workers_per_gather"": ""0""}"
1,Q05,jsonb,measure,4,0.041,80.833,,1047,Seq Scan,Seq Scan on T,5000,5000,5000,5000,,981,0,0,,0,0,16,False,"{""jit"": ""off"", ""max_parallel_workers_per_gather"": ""0""}"
1,Q05,json,measure,4,0.044,1086.055,,1047,Seq Scan,Seq Scan on T,5000,5000,5000,5000,,1250,0,0,,0,0,16,False,"{""jit"": ""off"", ""max_parallel_workers_per_gather"": ""0""}"
1,Q05,json,measure,5,0.058,1080.738,,1047,Seq Scan,Seq Scan on T,5000,5000,5000,5000,,1250,0,0,,0,0,16,False,"{""jit"": ""off"", ""max_parallel_workers_per_gather"": ""0""}"
1,Q05,jsonb,measure,5,0.049,92.206,,1047,Seq Scan,Seq Scan on T,5000,5000,5000,5000,,981,0,0,,0,0,16,False,"{""jit"": ""off"", ""max_parallel_workers_per_gather"": ""0""}"
1,Q05,jsonb,measure,6,0.047,86.898,,1047,Seq Scan,Seq Scan on T,5000,5000,5000,5000,,981,0,0,,0,0,16,False,"{""jit"": ""off"", ""max_parallel_workers_per_gather"": ""0""}"
1,Q05,json,measure,6,0.046,1069.889,,1047,Seq Scan,Seq Scan on T,5000,5000,5000,5000,,1250,0,0,,0,0,16,False,"{""jit"": ""off"", ""max_parallel_workers_per_gather"": ""0""}"
1,Q05,json,measure,7,0.05,1046.866,,1047,Seq Scan,Seq Scan on T,5000,5000,5000,5000,,1250,0,0,,0,0,16,False,"{""jit"": ""off"", ""max_parallel_workers_per_gather"": ""0""}"
1,Q05,jsonb,measure,7,0.051,80.127,,1047,Seq Scan,Seq Scan on T,5000,5000,5000,5000,,981,0,0,,0,0,16,False,"{""jit"": ""off"", ""max_parallel_workers_per_gather"": ""0""}"
1,Q05,jsonb,measure,8,0.042,83.323,,1047,Seq Scan,Seq Scan on T,5000,5000,5000,5000,,981,0,0,,0,0,16,False,"{""jit"": ""off"", ""max_parallel_workers_per_gather"": ""0""}"
1,Q05,json,measure,8,0.047,1023.805,,1047,Seq Scan,Seq Scan on T,5000,5000,5000,5000,,1250,0,0,,0,0,16,False,"{""jit"": ""off"", ""max_parallel_workers_per_gather"": ""0""}"
1,Q05,json,measure,9,0.05,1045.879,,1047,Seq Scan,Seq Scan on T,5000,5000,5000,5000,,1250,0,0,,0,0,16,False,"{""jit"": ""off"", ""max_parallel_workers_per_gather"": ""0""}"
1,Q05,jsonb,measure,9,0.046,80.651,,1047,Seq Scan,Seq Scan on T,5000,5000,5000,5000,,981,0,0,,0,0,16,False,"{""jit"": ""off"", ""max_parallel_workers_per_gather"": ""0""}"
1,Q05,jsonb,measure,10,0.043,81.671,,1047,Seq Scan,Seq Scan on T,5000,5000,5000,5000,,981,0,0,,0,0,16,False,"{""jit"": ""off"", ""max_parallel_workers_per_gather"": ""0""}"
1,Q05,json,measure,10,0.041,1090.975,,1047,Seq Scan,Seq Scan on T,5000,5000,5000,5000,,1250,0,0,,0,0,16,False,"{""jit"": ""off"", ""max_parallel_workers_per_gather"": ""0""}"
1,Q05,json,measure,11,0.052,1056.381,,1047,Seq Scan,Seq Scan on T,5000,5000,5000,5000,,1250,0,0,,0,0,16,False,"{""jit"": ""off"", ""max_parallel_workers_per_gather"": ""0""}"
1,Q05,jsonb,measure,11,0.044,78.781,,1047,Seq Scan,Seq Scan on T,5000,5000,5000,5000,,981,0,0,,0,0,16,False,"{""jit"": ""off"", ""max_parallel_workers_per_gather"": ""0""}"
1,Q05,jsonb,measure,12,0.048,85.767,,1047,Seq Scan,Seq Scan on T,5000,5000,5000,5000,,981,0,0,,0,0,16,False,"{""jit"": ""off"", ""max_parallel_workers_per_gather"": ""0""}"
1,Q05,json,measure,12,0.051,1070.15,,1047,Seq Scan,Seq Scan on T,5000,5000,5000,5000,,1250,0,0,,0,0,16,False,"{""jit"": ""off"", ""max_parallel_workers_per_gather"": ""0""}"
1,Q05,json,measure,13,0.054,1040.666,,1047,Seq Scan,Seq Scan on T,5000,5000,5000,5000,,1250,0,0,,0,0,16,False,"{""jit"": ""off"", ""max_parallel_workers_per_gather"": ""0""}"
1,Q05,jsonb,measure,13,0.05,85.197,,1047,Seq Scan,Seq Scan on T,5000,5000,5000,5000,,981,0,0,,0,0,16,False,"{""jit"": ""off"", ""max_parallel_workers_per_gather"": ""0""}"
1,Q05,jsonb,measure,14,0.048,82.16,,1047,Seq Scan,Seq Scan on T,5000,5000,5000,5000,,981,0,0,,0,0,16,False,"{""jit"": ""off"", ""max_parallel_workers_per_gather"": ""0""}"
1,Q05,json,measure,14,0.046,1077.83,,1047,Seq Scan,Seq Scan on T,5000,5000,5000,5000,,1250,0,0,,0,0,16,False,"{""jit"": ""off"", ""max_parallel_workers_per_gather"": ""0""}"
1,Q05,json,measure,15,0.052,1059.959,,1047,Seq Scan,Seq Scan on T,5000,5000,5000,5000,,1250,0,0,,0,0,16,False,"{""jit"": ""off"", ""max_parallel_workers_per_gather"": ""0""}"
1,Q05,jsonb,measure,15,0.049,79.894,,1047,Seq Scan,Seq Scan on T,5000,5000,5000,5000,,981,0,0,,0,0,16,False,"{""jit"": ""off"", ""max_parallel_workers_per_gather"": ""0""}"
1,Q05,json,detail,1,0.05,1043.515,3.72,1047,Seq Scan,Seq Scan on T,5000,5000,5000,5000,,1250,0,0,,0,0,16,False,"{""jit"": ""off"", ""max_parallel_workers_per_gather"": ""0""}"
1,Q05,jsonb,detail,1,0.053,78.354,2.987,1047,Seq Scan,Seq Scan on T,5000,5000,5000,5000,,981,0,0,,0,0,16,False,"{""jit"": ""off"", ""max_parallel_workers_per_gather"": ""0""}"
1,Q06,json,warmup,1,0.171,7134.268,,3796,Seq Scan,Seq Scan on T,5000,5000,5000,5000,,1250,0,0,,0,30,72,False,"{""jit"": ""off"", ""max_parallel_workers_per_gather"": ""0""}"
1,Q06,jsonb,warmup,1,0.147,608.191,,3796,Seq Scan,Seq Scan on T,5000,5000,5000,5000,,981,0,0,,0,0,72,False,"{""jit"": ""off"", ""max_parallel_workers_per_gather"": ""0""}"
1,Q06,json,warmup,2,0.142,7305.553,,3796,Seq Scan,Seq Scan on T,5000,5000,5000,5000,,1250,0,0,,0,0,72,False,"{""jit"": ""off"", ""max_parallel_workers_per_gather"": ""0""}"
1,Q06,jsonb,warmup,2,0.16,604.054,,3796,Seq Scan,Seq Scan on T,5000,5000,5000,5000,,981,0,0,,0,0,72,False,"{""jit"": ""off"", ""max_parallel_workers_per_gather"": ""0""}"
1,Q06,json,warmup,3,0.158,7217.468,,3796,Seq Scan,Seq Scan on T,5000,5000,5000,5000,,1250,0,0,,0,0,72,False,"{""jit"": ""off"", ""max_parallel_workers_per_gather"": ""0""}"
1,Q06,jsonb,warmup,3,0.126,554.001,,3796,Seq Scan,Seq Scan on T,5000,5000,5000,5000,,981,0,0,,0,0,72,False,"{""jit"": ""off"", ""max_parallel_workers_per_gather"": ""0""}"
1,Q06,json,measure,1,0.145,7322.847,,3796,Seq Scan,Seq Scan on T,5000,5000,5000,5000,,1250,0,0,,0,0,72,False,"{""jit"": ""off"", ""max_parallel_workers_per_gather"": ""0""}"
1,Q06,jsonb,measure,1,0.151,577.056,,3796,Seq Scan,Seq Scan on T,5000,5000,5000,5000,,981,0,0,,0,0,72,False,"{""jit"": ""off"", ""max_parallel_workers_per_gather"": ""0""}"
1,Q06,jsonb,measure,2,0.143,586.928,,3796,Seq Scan,Seq Scan on T,5000,5000,5000,5000,,981,0,0,,0,0,72,False,"{""jit"": ""off"", ""max_parallel_workers_per_gather"": ""0""}"
1,Q06,json,measure,2,0.146,7352.362,,3796,Seq Scan,Seq Scan on T,5000,5000,5000,5000,,1250,0,0,,0,0,72,False,"{""jit"": ""off"", ""max_parallel_workers_per_gather"": ""0""}"
1,Q06,json,measure,3,0.158,8287.979,,3796,Seq Scan,Seq Scan on T,5000,5000,5000,5000,,1250,0,0,,0,0,72,False,"{""jit"": ""off"", ""max_parallel_workers_per_gather"": ""0""}"
1,Q06,jsonb,measure,3,0.164,763.257,,3796,Seq Scan,Seq Scan on T,5000,5000,5000,5000,,981,0,0,,0,0,72,False,"{""jit"": ""off"", ""max_parallel_workers_per_gather"": ""0""}"
1,Q06,jsonb,measure,4,0.155,592.191,,3796,Seq Scan,Seq Scan on T,5000,5000,5000,5000,,981,0,0,,0,0,72,False,"{""jit"": ""off"", ""max_parallel_workers_per_gather"": ""0""}"
1,Q06,json,measure,4,0.145,7491.261,,3796,Seq Scan,Seq Scan on T,5000,5000,5000,5000,,1250,0,0,,0,0,72,False,"{""jit"": ""off"", ""max_parallel_workers_per_gather"": ""0""}"
1,Q06,json,measure,5,0.147,7088.63,,3796,Seq Scan,Seq Scan on T,5000,5000,5000,5000,,1250,0,0,,0,0,72,False,"{""jit"": ""off"", ""max_parallel_workers_per_gather"": ""0""}"
1,Q06,jsonb,measure,5,0.133,590.109,,3796,Seq Scan,Seq Scan on T,5000,5000,5000,5000,,981,0,0,,0,0,72,False,"{""jit"": ""off"", ""max_parallel_workers_per_gather"": ""0""}"
1,Q06,jsonb,measure,6,0.15,586.762,,3796,Seq Scan,Seq Scan on T,5000,5000,5000,5000,,981,0,0,,0,0,72,False,"{""jit"": ""off"", ""max_parallel_workers_per_gather"": ""0""}"
1,Q06,json,measure,6,0.154,9112.894,,3796,Seq Scan,Seq Scan on T,5000,5000,5000,5000,,1250,0,0,,0,0,72,False,"{""jit"": ""off"", ""max_parallel_workers_per_gather"": ""0""}"
1,Q06,json,measure,7,0.177,7906.262,,3796,Seq Scan,Seq Scan on T,5000,5000,5000,5000,,1250,0,0,,0,0,72,False,"{""jit"": ""off"", ""max_parallel_workers_per_gather"": ""0""}"
1,Q06,jsonb,measure,7,0.151,623.463,,3796,Seq Scan,Seq Scan on T,5000,5000,5000,5000,,981,0,0,,0,0,72,False,"{""jit"": ""off"", ""max_parallel_workers_per_gather"": ""0""}"
1,Q06,jsonb,measure,8,0.155,638.447,,3796,Seq Scan,Seq Scan on T,5000,5000,5000,5000,,981,0,0,,0,0,72,False,"{""jit"": ""off"", ""max_parallel_workers_per_gather"": ""0""}"
1,Q06,json,measure,8,0.184,7309.086,,3796,Seq Scan,Seq Scan on T,5000,5000,5000,5000,,1250,0,0,,0,0,72,False,"{""jit"": ""off"", ""max_parallel_workers_per_gather"": ""0""}"
1,Q06,json,measure,9,0.17,7693.221,,3796,Seq Scan,Seq Scan on T,5000,5000,5000,5000,,1250,0,0,,0,0,72,False,"{""jit"": ""off"", ""max_parallel_workers_per_gather"": ""0""}"
1,Q06,jsonb,measure,9,0.166,575.586,,3796,Seq Scan,Seq Scan on T,5000,5000,5000,5000,,981,0,0,,0,0,72,False,"{""jit"": ""off"", ""max_parallel_workers_per_gather"": ""0""}"
1,Q06,jsonb,measure,10,0.134,626.988,,3796,Seq Scan,Seq Scan on T,5000,5000,5000,5000,,981,0,0,,0,0,72,False,"{""jit"": ""off"", ""max_parallel_workers_per_gather"": ""0""}"
1,Q06,json,measure,10,0.153,7522.546,,3796,Seq Scan,Seq Scan on T,5000,5000,5000,5000,,1250,0,0,,0,0,72,False,"{""jit"": ""off"", ""max_parallel_workers_per_gather"": ""0""}"
1,Q06,json,measure,11,0.133,7413.235,,3796,Seq Scan,Seq Scan on T,5000,5000,5000,5000,,1250,0,0,,0,0,72,False,"{""jit"": ""off"", ""max_parallel_workers_per_gather"": ""0""}"
1,Q06,jsonb,measure,11,0.158,608.544,,3796,Seq Scan,Seq Scan on T,5000,5000,5000,5000,,981,0,0,,0,0,72,False,"{""jit"": ""off"", ""max_parallel_workers_per_gather"": ""0""}"
1,Q06,jsonb,measure,12,0.139,611.703,,3796,Seq Scan,Seq Scan on T,5000,5000,5000,5000,,981,0,0,,0,0,72,False,"{""jit"": ""off"", ""max_parallel_workers_per_gather"": ""0""}"
1,Q06,json,measure,12,0.149,7944.682,,3796,Seq Scan,Seq Scan on T,5000,5000,5000,5000,,1250,0,0,,0,0,72,False,"{""jit"": ""off"", ""max_parallel_workers_per_gather"": ""0""}"
1,Q06,json,measure,13,0.155,7272.008,,3796,Seq Scan,Seq Scan on T,5000,5000,5000,5000,,1250,0,0,,0,0,72,False,"{""jit"": ""off"", ""max_parallel_workers_per_gather"": ""0""}"
1,Q06,jsonb,measure,13,0.155,578.843,,3796,Seq Scan,Seq Scan on T,5000,5000,5000,5000,,981,0,0,,0,0,72,False,"{""jit"": ""off"", ""max_parallel_workers_per_gather"": ""0""}"
1,Q06,jsonb,measure,14,0.147,603.553,,3796,Seq Scan,Seq Scan on T,5000,5000,5000,5000,,981,0,0,,0,0,72,False,"{""jit"": ""off"", ""max_parallel_workers_per_gather"": ""0""}"
1,Q06,json,measure,14,0.152,7236.296,,3796,Seq Scan,Seq Scan on T,5000,5000,5000,5000,,1250,0,0,,0,0,72,False,"{""jit"": ""off"", ""max_parallel_workers_per_gather"": ""0""}"
1,Q06,json,measure,15,0.147,7280.983,,3796,Seq Scan,Seq Scan on T,5000,5000,5000,5000,,1250,0,0,,0,0,72,False,"{""jit"": ""off"", ""max_parallel_workers_per_gather"": ""0""}"
1,Q06,jsonb,measure,15,0.159,574.03,,3796,Seq Scan,Seq Scan on T,5000,5000,5000,5000,,981,0,0,,0,0,72,False,"{""jit"": ""off"", ""max_parallel_workers_per_gather"": ""0""}"
1,Q06,json,detail,1,0.153,7304.76,27.34,3796,Seq Scan,Seq Scan on T,5000,5000,5000,5000,,1250,0,0,,0,0,72,False,"{""jit"": ""off"", ""max_parallel_workers_per_gather"": ""0""}"
1,Q06,jsonb,detail,1,0.15,590.979,21.295,3796,Seq Scan,Seq Scan on T,5000,5000,5000,5000,,981,0,0,,0,0,72,False,"{""jit"": ""off"", ""max_parallel_workers_per_gather"": ""0""}"
1,Q07,json,warmup,1,0.048,52.358,,1,Seq Scan,Seq Scan on T,25,12,25,12,4988,1250,0,0,,0,0,9,False,"{""jit"": ""off"", ""max_parallel_workers_per_gather"": ""0""}"
1,Q07,jsonb,warmup,1,0.029,10.037,,1,Seq Scan,Seq Scan on T,25,12,25,12,4988,981,0,0,,0,0,9,False,"{""jit"": ""off"", ""max_parallel_workers_per_gather"": ""0""}"
1,Q07,json,warmup,2,0.024,56.119,,1,Seq Scan,Seq Scan on T,25,12,25,12,4988,1250,0,0,,0,0,9,False,"{""jit"": ""off"", ""max_parallel_workers_per_gather"": ""0""}"
1,Q07,jsonb,warmup,2,0.041,10.41,,1,Seq Scan,Seq Scan on T,25,12,25,12,4988,981,0,0,,0,0,9,False,"{""jit"": ""off"", ""max_parallel_workers_per_gather"": ""0""}"
1,Q07,json,warmup,3,0.026,59.885,,1,Seq Scan,Seq Scan on T,25,12,25,12,4988,1250,0,0,,0,0,9,False,"{""jit"": ""off"", ""max_parallel_workers_per_gather"": ""0""}"
1,Q07,jsonb,warmup,3,0.04,10.883,,1,Seq Scan,Seq Scan on T,25,12,25,12,4988,981,0,0,,0,0,9,False,"{""jit"": ""off"", ""max_parallel_workers_per_gather"": ""0""}"
1,Q07,json,measure,1,0.024,56.362,,1,Seq Scan,Seq Scan on T,25,12,25,12,4988,1250,0,0,,0,0,9,False,"{""jit"": ""off"", ""max_parallel_workers_per_gather"": ""0""}"
1,Q07,jsonb,measure,1,0.035,10.176,,1,Seq Scan,Seq Scan on T,25,12,25,12,4988,981,0,0,,0,0,9,False,"{""jit"": ""off"", ""max_parallel_workers_per_gather"": ""0""}"
1,Q07,jsonb,measure,2,0.023,10.207,,1,Seq Scan,Seq Scan on T,25,12,25,12,4988,981,0,0,,0,0,9,False,"{""jit"": ""off"", ""max_parallel_workers_per_gather"": ""0""}"
1,Q07,json,measure,2,0.028,56.379,,1,Seq Scan,Seq Scan on T,25,12,25,12,4988,1250,0,0,,0,0,9,False,"{""jit"": ""off"", ""max_parallel_workers_per_gather"": ""0""}"
1,Q07,json,measure,3,0.034,80.261,,1,Seq Scan,Seq Scan on T,25,12,25,12,4988,1250,0,0,,0,0,9,False,"{""jit"": ""off"", ""max_parallel_workers_per_gather"": ""0""}"
1,Q07,jsonb,measure,3,0.046,12.319,,1,Seq Scan,Seq Scan on T,25,12,25,12,4988,981,0,0,,0,0,9,False,"{""jit"": ""off"", ""max_parallel_workers_per_gather"": ""0""}"
1,Q07,jsonb,measure,4,0.029,10.326,,1,Seq Scan,Seq Scan on T,25,12,25,12,4988,981,0,0,,0,0,9,False,"{""jit"": ""off"", ""max_parallel_workers_per_gather"": ""0""}"
1,Q07,json,measure,4,0.026,61.848,,1,Seq Scan,Seq Scan on T,25,12,25,12,4988,1250,0,0,,0,0,9,False,"{""jit"": ""off"", ""max_parallel_workers_per_gather"": ""0""}"
1,Q07,json,measure,5,0.047,54.712,,1,Seq Scan,Seq Scan on T,25,12,25,12,4988,1250,0,0,,0,0,9,False,"{""jit"": ""off"", ""max_parallel_workers_per_gather"": ""0""}"
1,Q07,jsonb,measure,5,0.034,10.167,,1,Seq Scan,Seq Scan on T,25,12,25,12,4988,981,0,0,,0,0,9,False,"{""jit"": ""off"", ""max_parallel_workers_per_gather"": ""0""}"
1,Q07,jsonb,measure,6,0.024,10.139,,1,Seq Scan,Seq Scan on T,25,12,25,12,4988,981,0,0,,0,0,9,False,"{""jit"": ""off"", ""max_parallel_workers_per_gather"": ""0""}"
1,Q07,json,measure,6,0.027,74.91,,1,Seq Scan,Seq Scan on T,25,12,25,12,4988,1250,0,0,,0,0,9,False,"{""jit"": ""off"", ""max_parallel_workers_per_gather"": ""0""}"
1,Q07,json,measure,7,0.038,54.615,,1,Seq Scan,Seq Scan on T,25,12,25,12,4988,1250,0,0,,0,0,9,False,"{""jit"": ""off"", ""max_parallel_workers_per_gather"": ""0""}"
1,Q07,jsonb,measure,7,0.04,10.406,,1,Seq Scan,Seq Scan on T,25,12,25,12,4988,981,0,0,,0,0,9,False,"{""jit"": ""off"", ""max_parallel_workers_per_gather"": ""0""}"
1,Q07,jsonb,measure,8,0.026,10.04,,1,Seq Scan,Seq Scan on T,25,12,25,12,4988,981,0,0,,0,0,9,False,"{""jit"": ""off"", ""max_parallel_workers_per_gather"": ""0""}"
1,Q07,json,measure,8,0.026,57.12,,1,Seq Scan,Seq Scan on T,25,12,25,12,4988,1250,0,0,,0,0,9,False,"{""jit"": ""off"", ""max_parallel_workers_per_gather"": ""0""}"
1,Q07,json,measure,9,0.029,56.034,,1,Seq Scan,Seq Scan on T,25,12,25,12,4988,1250,0,0,,0,0,9,False,"{""jit"": ""off"", ""max_parallel_workers_per_gather"": ""0""}"
1,Q07,jsonb,measure,9,0.034,10.489,,1,Seq Scan,Seq Scan on T,25,12,25,12,4988,981,0,0,,0,0,9,False,"{""jit"": ""off"", ""max_parallel_workers_per_gather"": ""0""}"
1,Q07,jsonb,measure,10,0.024,10.253,,1,Seq Scan,Seq Scan on T,25,12,25,12,4988,981,0,0,,0,0,9,False,"{""jit"": ""off"", ""max_parallel_workers_per_gather"": ""0""}"
1,Q07,json,measure,10,0.028,56.837,,1,Seq Scan,Seq Scan on T,25,12,25,12,4988,1250,0,0,,0,0,9,False,"{""jit"": ""off"", ""max_parallel_workers_per_gather"": ""0""}"
1,Q07,json,measure,11,0.042,55.42,,1,Seq Scan,Seq Scan on T,25,12,25,12,4988,1250,0,0,,0,0,9,False,"{""jit"": ""off"", ""max_parallel_workers_per_gather"": ""0""}"
1,Q07,jsonb,measure,11,0.03,10.393,,1,Seq Scan,Seq Scan on T,25,12,25,12,4988,981,0,0,,0,0,9,False,"{""jit"": ""off"", ""max_parallel_workers_per_gather"": ""0""}"
1,Q07,jsonb,measure,12,0.025,10.136,,1,Seq Scan,Seq Scan on T,25,12,25,12,4988,981,0,0,,0,0,9,False,"{""jit"": ""off"", ""max_parallel_workers_per_gather"": ""0""}"
1,Q07,json,measure,12,0.026,60.478,,1,Seq Scan,Seq Scan on T,25,12,25,12,4988,1250,0,0,,0,0,9,False,"{""jit"": ""off"", ""max_parallel_workers_per_gather"": ""0""}"
1,Q07,json,measure,13,0.045,56.655,,1,Seq Scan,Seq Scan on T,25,12,25,12,4988,1250,0,0,,0,0,9,False,"{""jit"": ""off"", ""max_parallel_workers_per_gather"": ""0""}"
1,Q07,jsonb,measure,13,0.042,10.508,,1,Seq Scan,Seq Scan on T,25,12,25,12,4988,981,0,0,,0,0,9,False,"{""jit"": ""off"", ""max_parallel_workers_per_gather"": ""0""}"
1,Q07,jsonb,measure,14,0.024,10.199,,1,Seq Scan,Seq Scan on T,25,12,25,12,4988,981,0,0,,0,0,9,False,"{""jit"": ""off"", ""max_parallel_workers_per_gather"": ""0""}"
1,Q07,json,measure,14,0.027,60.711,,1,Seq Scan,Seq Scan on T,25,12,25,12,4988,1250,0,0,,0,0,9,False,"{""jit"": ""off"", ""max_parallel_workers_per_gather"": ""0""}"
1,Q07,json,measure,15,0.04,55.694,,1,Seq Scan,Seq Scan on T,25,12,25,12,4988,1250,0,0,,0,0,9,False,"{""jit"": ""off"", ""max_parallel_workers_per_gather"": ""0""}"
1,Q07,jsonb,measure,15,0.038,10.75,,1,Seq Scan,Seq Scan on T,25,12,25,12,4988,981,0,0,,0,0,9,False,"{""jit"": ""off"", ""max_parallel_workers_per_gather"": ""0""}"
1,Q07,json,detail,1,0.03,57.044,0.004,1,Seq Scan,Seq Scan on T,25,12,25,12,4988,1250,0,0,,0,0,9,False,"{""jit"": ""off"", ""max_parallel_workers_per_gather"": ""0""}"
1,Q07,jsonb,detail,1,0.033,11.746,0.002,1,Seq Scan,Seq Scan on T,25,12,25,12,4988,981,0,0,,0,0,9,False,"{""jit"": ""off"", ""max_parallel_workers_per_gather"": ""0""}"
1,Q08,json,warmup,1,0.03,107.375,,3,Seq Scan,Seq Scan on T,25,225,25,225,4775,1250,0,0,,0,0,9,False,"{""jit"": ""off"", ""max_parallel_workers_per_gather"": ""0""}"
1,Q08,jsonb,warmup,1,0.048,11.325,,3,Seq Scan,Seq Scan on T,25,225,25,225,4775,981,0,0,,0,0,9,False,"{""jit"": ""off"", ""max_parallel_workers_per_gather"": ""0""}"
1,Q08,json,warmup,2,0.026,102.302,,3,Seq Scan,Seq Scan on T,25,225,25,225,4775,1250,0,0,,0,0,9,False,"{""jit"": ""off"", ""max_parallel_workers_per_gather"": ""0""}"
1,Q08,jsonb,warmup,2,0.033,10.952,,3,Seq Scan,Seq Scan on T,25,225,25,225,4775,981,0,0,,0,0,9,False,"{""jit"": ""off"", ""max_parallel_workers_per_gather"": ""0""}"
1,Q08,json,warmup,3,0.026,105.814,,3,Seq Scan,Seq Scan on T,25,225,25,225,4775,1250,0,0,,0,0,9,False,"{""jit"": ""off"", ""max_parallel_workers_per_gather"": ""0""}"
1,Q08,jsonb,warmup,3,0.044,11.147,,3,Seq Scan,Seq Scan on T,25,225,25,225,4775,981,0,0,,0,0,9,False,"{""jit"": ""off"", ""max_parallel_workers_per_gather"": ""0""}"
1,Q08,json,measure,1,0.026,104.758,,3,Seq Scan,Seq Scan on T,25,225,25,225,4775,1250,0,0,,0,0,9,False,"{""jit"": ""off"", ""max_parallel_workers_per_gather"": ""0""}"
1,Q08,jsonb,measure,1,0.035,11.432,,3,Seq Scan,Seq Scan on T,25,225,25,225,4775,981,0,0,,0,0,9,False,"{""jit"": ""off"", ""max_parallel_workers_per_gather"": ""0""}"
1,Q08,jsonb,measure,2,0.028,10.391,,3,Seq Scan,Seq Scan on T,25,225,25,225,4775,981,0,0,,0,0,9,False,"{""jit"": ""off"", ""max_parallel_workers_per_gather"": ""0""}"
1,Q08,json,measure,2,0.027,101.383,,3,Seq Scan,Seq Scan on T,25,225,25,225,4775,1250,0,0,,0,0,9,False,"{""jit"": ""off"", ""max_parallel_workers_per_gather"": ""0""}"
1,Q08,json,measure,3,0.042,102.966,,3,Seq Scan,Seq Scan on T,25,225,25,225,4775,1250,0,0,,0,0,9,False,"{""jit"": ""off"", ""max_parallel_workers_per_gather"": ""0""}"
1,Q08,jsonb,measure,3,0.044,12.343,,3,Seq Scan,Seq Scan on T,25,225,25,225,4775,981,0,0,,0,0,9,False,"{""jit"": ""off"", ""max_parallel_workers_per_gather"": ""0""}"
1,Q08,jsonb,measure,4,0.045,11.003,,3,Seq Scan,Seq Scan on T,25,225,25,225,4775,981,0,0,,0,0,9,False,"{""jit"": ""off"", ""max_parallel_workers_per_gather"": ""0""}"
1,Q08,json,measure,4,0.031,102.54,,3,Seq Scan,Seq Scan on T,25,225,25,225,4775,1250,0,0,,0,0,9,False,"{""jit"": ""off"", ""max_parallel_workers_per_gather"": ""0""}"
1,Q08,json,measure,5,0.041,104.891,,3,Seq Scan,Seq Scan on T,25,225,25,225,4775,1250,0,0,,0,0,9,False,"{""jit"": ""off"", ""max_parallel_workers_per_gather"": ""0""}"
1,Q08,jsonb,measure,5,0.06,11.271,,3,Seq Scan,Seq Scan on T,25,225,25,225,4775,981,0,0,,0,0,9,False,"{""jit"": ""off"", ""max_parallel_workers_per_gather"": ""0""}"
1,Q08,jsonb,measure,6,0.023,10.672,,3,Seq Scan,Seq Scan on T,25,225,25,225,4775,981,0,0,,0,0,9,False,"{""jit"": ""off"", ""max_parallel_workers_per_gather"": ""0""}"
1,Q08,json,measure,6,0.028,103.434,,3,Seq Scan,Seq Scan on T,25,225,25,225,4775,1250,0,0,,0,0,9,False,"{""jit"": ""off"", ""max_parallel_workers_per_gather"": ""0""}"
1,Q08,json,measure,7,0.037,105.373,,3,Seq Scan,Seq Scan on T,25,225,25,225,4775,1250,0,0,,0,0,9,False,"{""jit"": ""off"", ""max_parallel_workers_per_gather"": ""0""}"
1,Q08,jsonb,measure,7,0.045,11.32,,3,Seq Scan,Seq Scan on T,25,225,25,225,4775,981,0,0,,0,0,9,False,"{""jit"": ""off"", ""max_parallel_workers_per_gather"": ""0""}"
1,Q08,jsonb,measure,8,0.025,10.352,,3,Seq Scan,Seq Scan on T,25,225,25,225,4775,981,0,0,,0,0,9,False,"{""jit"": ""off"", ""max_parallel_workers_per_gather"": ""0""}"
1,Q08,json,measure,8,0.025,106.343,,3,Seq Scan,Seq Scan on T,25,225,25,225,4775,1250,0,0,,0,0,9,False,"{""jit"": ""off"", ""max_parallel_workers_per_gather"": ""0""}"
1,Q08,json,measure,9,0.037,104.752,,3,Seq Scan,Seq Scan on T,25,225,25,225,4775,1250,0,0,,0,0,9,False,"{""jit"": ""off"", ""max_parallel_workers_per_gather"": ""0""}"
1,Q08,jsonb,measure,9,0.044,11.281,,3,Seq Scan,Seq Scan on T,25,225,25,225,4775,981,0,0,,0,0,9,False,"{""jit"": ""off"", ""max_parallel_workers_per_gather"": ""0""}"
1,Q08,jsonb,measure,10,0.022,10.251,,3,Seq Scan,Seq Scan on T,25,225,25,225,4775,981,0,0,,0,0,9,False,"{""jit"": ""off"", ""max_parallel_workers_per_gather"": ""0""}"
1,Q08,json,measure,10,0.027,108.604,,3,Seq Scan,Seq Scan on T,25,225,25,225,4775,1250,0,0,,0,0,9,False,"{""jit"": ""off"", ""max_parallel_workers_per_gather"": ""0""}"
1,Q08,json,measure,11,0.036,99.684,,3,Seq Scan,Seq Scan on T,25,225,25,225,4775,1250,0,0,,0,0,9,False,"{""jit"": ""off"", ""max_parallel_workers_per_gather"": ""0""}"
1,Q08,jsonb,measure,11,0.043,10.591,,3,Seq Scan,Seq Scan on T,25,225,25,225,4775,981,0,0,,0,0,9,False,"{""jit"": ""off"", ""max_parallel_workers_per_gather"": ""0""}"
1,Q08,jsonb,measure,12,0.023,10.568,,3,Seq Scan,Seq Scan on T,25,225,25,225,4775,981,0,0,,0,0,9,False,"{""jit"": ""off"", ""max_parallel_workers_per_gather"": ""0""}"
1,Q08,json,measure,12,0.028,116.486,,3,Seq Scan,Seq Scan on T,25,225,25,225,4775,1250,0,0,,0,0,9,False,"{""jit"": ""off"", ""max_parallel_workers_per_gather"": ""0""}"
1,Q08,json,measure,13,0.046,100.171,,3,Seq Scan,Seq Scan on T,25,225,25,225,4775,1250,0,0,,0,0,9,False,"{""jit"": ""off"", ""max_parallel_workers_per_gather"": ""0""}"
1,Q08,jsonb,measure,13,0.043,10.7,,3,Seq Scan,Seq Scan on T,25,225,25,225,4775,981,0,0,,0,0,9,False,"{""jit"": ""off"", ""max_parallel_workers_per_gather"": ""0""}"
1,Q08,jsonb,measure,14,0.023,10.672,,3,Seq Scan,Seq Scan on T,25,225,25,225,4775,981,0,0,,0,0,9,False,"{""jit"": ""off"", ""max_parallel_workers_per_gather"": ""0""}"
1,Q08,json,measure,14,0.029,115.345,,3,Seq Scan,Seq Scan on T,25,225,25,225,4775,1250,0,0,,0,0,9,False,"{""jit"": ""off"", ""max_parallel_workers_per_gather"": ""0""}"
1,Q08,json,measure,15,0.044,102.436,,3,Seq Scan,Seq Scan on T,25,225,25,225,4775,1250,0,0,,0,0,9,False,"{""jit"": ""off"", ""max_parallel_workers_per_gather"": ""0""}"
1,Q08,jsonb,measure,15,0.043,12.374,,3,Seq Scan,Seq Scan on T,25,225,25,225,4775,981,0,0,,0,0,9,False,"{""jit"": ""off"", ""max_parallel_workers_per_gather"": ""0""}"
1,Q08,json,detail,1,0.029,104.977,0.03,3,Seq Scan,Seq Scan on T,25,225,25,225,4775,1250,0,0,,0,0,9,False,"{""jit"": ""off"", ""max_parallel_workers_per_gather"": ""0""}"
1,Q08,jsonb,detail,1,0.056,10.684,0.017,3,Seq Scan,Seq Scan on T,25,225,25,225,4775,981,0,0,,0,0,9,False,"{""jit"": ""off"", ""max_parallel_workers_per_gather"": ""0""}"
1,Q09,json,warmup,1,0.025,58.301,,15,Seq Scan,Seq Scan on T,25,1528,25,1528,3472,1250,0,0,,0,0,9,False,"{""jit"": ""off"", ""max_parallel_workers_per_gather"": ""0""}"
1,Q09,jsonb,warmup,1,0.034,10.546,,15,Seq Scan,Seq Scan on T,25,1528,25,1528,3472,981,0,0,,0,0,9,False,"{""jit"": ""off"", ""max_parallel_workers_per_gather"": ""0""}"
1,Q09,json,warmup,2,0.025,58.064,,15,Seq Scan,Seq Scan on T,25,1528,25,1528,3472,1250,0,0,,0,0,9,False,"{""jit"": ""off"", ""max_parallel_workers_per_gather"": ""0""}"
1,Q09,jsonb,warmup,2,0.038,11.525,,15,Seq Scan,Seq Scan on T,25,1528,25,1528,3472,981,0,0,,0,0,9,False,"{""jit"": ""off"", ""max_parallel_workers_per_gather"": ""0""}"
1,Q09,json,warmup,3,0.028,57.779,,15,Seq Scan,Seq Scan on T,25,1528,25,1528,3472,1250,0,0,,0,0,9,False,"{""jit"": ""off"", ""max_parallel_workers_per_gather"": ""0""}"
1,Q09,jsonb,warmup,3,0.035,11.564,,15,Seq Scan,Seq Scan on T,25,1528,25,1528,3472,981,0,0,,0,0,9,False,"{""jit"": ""off"", ""max_parallel_workers_per_gather"": ""0""}"
1,Q09,json,measure,1,0.03,57.723,,15,Seq Scan,Seq Scan on T,25,1528,25,1528,3472,1250,0,0,,0,0,9,False,"{""jit"": ""off"", ""max_parallel_workers_per_gather"": ""0""}"
1,Q09,jsonb,measure,1,0.031,10.868,,15,Seq Scan,Seq Scan on T,25,1528,25,1528,3472,981,0,0,,0,0,9,False,"{""jit"": ""off"", ""max_parallel_workers_per_gather"": ""0""}"
1,Q09,jsonb,measure,2,0.022,10.353,,15,Seq Scan,Seq Scan on T,25,1528,25,1528,3472,981,0,0,,0,0,9,False,"{""jit"": ""off"", ""max_parallel_workers_per_gather"": ""0""}"
1,Q09,json,measure,2,0.029,56.618,,15,Seq Scan,Seq Scan on T,25,1528,25,1528,3472,1250,0,0,,0,0,9,False,"{""jit"": ""off"", ""max_parallel_workers_per_gather"": ""0""}"
1,Q09,json,measure,3,0.036,66.389,,15,Seq Scan,Seq Scan on T,25,1528,25,1528,3472,1250,0,0,,0,0,9,False,"{""jit"": ""off"", ""max_parallel_workers_per_gather"": ""0""}"
1,Q09,jsonb,measure,3,0.047,11.17,,15,Seq Scan,Seq Scan on T,25,1528,25,1528,3472,981,0,0,,0,0,9,False,"{""jit"": ""off"", ""max_parallel_workers_per_gather"": ""0""}"
1,Q09,jsonb,measure,4,0.024,9.991,,15,Seq Scan,Seq Scan on T,25,1528,25,1528,3472,981,0,0,,0,0,9,False,"{""jit"": ""off"", ""max_parallel_workers_per_gather"": ""0""}"
1,Q09,json,measure,4,0.025,57.038,,15,Seq Scan,Seq Scan on T,25,1528,25,1528,3472,1250,0,0,,0,0,9,False,"{""jit"": ""off"", ""max_parallel_workers_per_gather"": ""0""}"
1,Q09,json,measure,5,0.037,58.086,,15,Seq Scan,Seq Scan on T,25,1528,25,1528,3472,1250,0,0,,0,0,9,False,"{""jit"": ""off"", ""max_parallel_workers_per_gather"": ""0""}"
1,Q09,jsonb,measure,5,0.045,10.843,,15,Seq Scan,Seq Scan on T,25,1528,25,1528,3472,981,0,0,,0,0,9,False,"{""jit"": ""off"", ""max_parallel_workers_per_gather"": ""0""}"
1,Q09,jsonb,measure,6,0.023,10.434,,15,Seq Scan,Seq Scan on T,25,1528,25,1528,3472,981,0,0,,0,0,9,False,"{""jit"": ""off"", ""max_parallel_workers_per_gather"": ""0""}"
1,Q09,json,measure,6,0.028,57.307,,15,Seq Scan,Seq Scan on T,25,1528,25,1528,3472,1250,0,0,,0,0,9,False,"{""jit"": ""off"", ""max_parallel_workers_per_gather"": ""0""}"
1,Q09,json,measure,7,0.041,59.423,,15,Seq Scan,Seq Scan on T,25,1528,25,1528,3472,1250,0,0,,0,0,9,False,"{""jit"": ""off"", ""max_parallel_workers_per_gather"": ""0""}"
1,Q09,jsonb,measure,7,0.041,10.878,,15,Seq Scan,Seq Scan on T,25,1528,25,1528,3472,981,0,0,,0,0,9,False,"{""jit"": ""off"", ""max_parallel_workers_per_gather"": ""0""}"
1,Q09,jsonb,measure,8,0.023,10.552,,15,Seq Scan,Seq Scan on T,25,1528,25,1528,3472,981,0,0,,0,0,9,False,"{""jit"": ""off"", ""max_parallel_workers_per_gather"": ""0""}"
1,Q09,json,measure,8,0.03,57.049,,15,Seq Scan,Seq Scan on T,25,1528,25,1528,3472,1250,0,0,,0,0,9,False,"{""jit"": ""off"", ""max_parallel_workers_per_gather"": ""0""}"
1,Q09,json,measure,9,0.032,55.916,,15,Seq Scan,Seq Scan on T,25,1528,25,1528,3472,1250,0,0,,0,0,9,False,"{""jit"": ""off"", ""max_parallel_workers_per_gather"": ""0""}"
1,Q09,jsonb,measure,9,0.031,10.495,,15,Seq Scan,Seq Scan on T,25,1528,25,1528,3472,981,0,0,,0,0,9,False,"{""jit"": ""off"", ""max_parallel_workers_per_gather"": ""0""}"
1,Q09,jsonb,measure,10,0.023,10.177,,15,Seq Scan,Seq Scan on T,25,1528,25,1528,3472,981,0,0,,0,0,9,False,"{""jit"": ""off"", ""max_parallel_workers_per_gather"": ""0""}"
1,Q09,json,measure,10,0.027,75.647,,15,Seq Scan,Seq Scan on T,25,1528,25,1528,3472,1250,0,0,,0,0,9,False,"{""jit"": ""off"", ""max_parallel_workers_per_gather"": ""0""}"
1,Q09,json,measure,11,0.041,55.576,,15,Seq Scan,Seq Scan on T,25,1528,25,1528,3472,1250,0,0,,0,0,9,False,"{""jit"": ""off"", ""max_parallel_workers_per_gather"": ""0""}"
1,Q09,jsonb,measure,11,0.033,10.671,,15,Seq Scan,Seq Scan on T,25,1528,25,1528,3472,981,0,0,,0,0,9,False,"{""jit"": ""off"", ""max_parallel_workers_per_gather"": ""0""}"
1,Q09,jsonb,measure,12,0.022,10.559,,15,Seq Scan,Seq Scan on T,25,1528,25,1528,3472,981,0,0,,0,0,9,False,"{""jit"": ""off"", ""max_parallel_workers_per_gather"": ""0""}"
1,Q09,json,measure,12,0.027,57.653,,15,Seq Scan,Seq Scan on T,25,1528,25,1528,3472,1250,0,0,,0,0,9,False,"{""jit"": ""off"", ""max_parallel_workers_per_gather"": ""0""}"
1,Q09,json,measure,13,0.044,56.925,,15,Seq Scan,Seq Scan on T,25,1528,25,1528,3472,1250,0,0,,0,0,9,False,"{""jit"": ""off"", ""max_parallel_workers_per_gather"": ""0""}"
1,Q09,jsonb,measure,13,0.034,11.392,,15,Seq Scan,Seq Scan on T,25,1528,25,1528,3472,981,0,0,,0,0,9,False,"{""jit"": ""off"", ""max_parallel_workers_per_gather"": ""0""}"
1,Q09,jsonb,measure,14,0.025,11.148,,15,Seq Scan,Seq Scan on T,25,1528,25,1528,3472,981,0,0,,0,0,9,False,"{""jit"": ""off"", ""max_parallel_workers_per_gather"": ""0""}"
1,Q09,json,measure,14,0.026,59.753,,15,Seq Scan,Seq Scan on T,25,1528,25,1528,3472,1250,0,0,,0,0,9,False,"{""jit"": ""off"", ""max_parallel_workers_per_gather"": ""0""}"
1,Q09,json,measure,15,0.073,62.083,,15,Seq Scan,Seq Scan on T,25,1528,25,1528,3472,1250,0,0,,0,0,9,False,"{""jit"": ""off"", ""max_parallel_workers_per_gather"": ""0""}"
1,Q09,jsonb,measure,15,0.032,10.743,,15,Seq Scan,Seq Scan on T,25,1528,25,1528,3472,981,0,0,,0,0,9,False,"{""jit"": ""off"", ""max_parallel_workers_per_gather"": ""0""}"
1,Q09,json,detail,1,0.024,58.446,0.118,15,Seq Scan,Seq Scan on T,25,1528,25,1528,3472,1250,0,0,,0,0,9,False,"{""jit"": ""off"", ""max_parallel_workers_per_gather"": ""0""}"
1,Q09,jsonb,detail,1,0.037,12.771,0.115,15,Seq Scan,Seq Scan on T,25,1528,25,1528,3472,981,0,0,,0,0,9,False,"{""jit"": ""off"", ""max_parallel_workers_per_gather"": ""0""}"
1,Q10,json,warmup,1,0.042,104.498,,1,Seq Scan,Seq Scan on T,25,30,25,30,4970,1250,0,0,,0,0,9,False,"{""jit"": ""off"", ""max_parallel_workers_per_gather"": ""0""}"
1,Q10,jsonb,warmup,1,0.043,11.149,,1,Seq Scan,Seq Scan on T,25,30,25,30,4970,981,0,0,,0,0,9,False,"{""jit"": ""off"", ""max_parallel_workers_per_gather"": ""0""}"
1,Q10,json,warmup,2,0.04,103.148,,1,Seq Scan,Seq Scan on T,25,30,25,30,4970,1250,0,0,,0,0,9,False,"{""jit"": ""off"", ""max_parallel_workers_per_gather"": ""0""}"
1,Q10,jsonb,warmup,2,0.043,10.484,,1,Seq Scan,Seq Scan on T,25,30,25,30,4970,981,0,0,,0,0,9,False,"{""jit"": ""off"", ""max_parallel_workers_per_gather"": ""0""}"
1,Q10,json,warmup,3,0.025,110.639,,1,Seq Scan,Seq Scan on T,25,30,25,30,4970,1250,0,0,,0,0,9,False,"{""jit"": ""off"", ""max_parallel_workers_per_gather"": ""0""}"
1,Q10,jsonb,warmup,3,0.041,10.745,,1,Seq Scan,Seq Scan on T,25,30,25,30,4970,981,0,0,,0,0,9,False,"{""jit"": ""off"", ""max_parallel_workers_per_gather"": ""0""}"
1,Q10,json,measure,1,0.026,101.542,,1,Seq Scan,Seq Scan on T,25,30,25,30,4970,1250,0,0,,0,0,9,False,"{""jit"": ""off"", ""max_parallel_workers_per_gather"": ""0""}"
1,Q10,jsonb,measure,1,0.036,16.12,,1,Seq Scan,Seq Scan on T,25,30,25,30,4970,981,0,0,,0,0,9,False,"{""jit"": ""off"", ""max_parallel_workers_per_gather"": ""0""}"
1,Q10,jsonb,measure,2,0.031,16.822,,1,Seq Scan,Seq Scan on T,25,30,25,30,4970,981,0,0,,0,0,9,False,"{""jit"": ""off"", ""max_parallel_workers_per_gather"": ""0""}"
1,Q10,json,measure,2,0.034,106.106,,1,Seq Scan,Seq Scan on T,25,30,25,30,4970,1250,0,0,,0,0,9,False,"{""jit"": ""off"", ""max_parallel_workers_per_gather"": ""0""}"
1,Q10,json,measure,3,0.042,112.379,,1,Seq Scan,Seq Scan on T,25,30,25,30,4970,1250,0,0,,0,0,9,False,"{""jit"": ""off"", ""max_parallel_workers_per_gather"": ""0""}"
1,Q10,jsonb,measure,3,0.049,11.631,,1,Seq Scan,Seq Scan on T,25,30,25,30,4970,981,0,0,,0,0,9,False,"{""jit"": ""off"", ""max_parallel_workers_per_gather"": ""0""}"
1,Q10,jsonb,measure,4,0.028,11.341,,1,Seq Scan,Seq Scan on T,25,30,25,30,4970,981,0,0,,0,0,9,False,"{""jit"": ""off"", ""max_parallel_workers_per_gather"": ""0""}"
1,Q10,json,measure,4,0.04,105.504,,1,Seq Scan,Seq Scan on T,25,30,25,30,4970,1250,0,0,,0,0,9,False,"{""jit"": ""off"", ""max_parallel_workers_per_gather"": ""0""}"
1,Q10,json,measure,5,0.043,122.342,,1,Seq Scan,Seq Scan on T,25,30,25,30,4970,1250,0,0,,0,0,9,False,"{""jit"": ""off"", ""max_parallel_workers_per_gather"": ""0""}"
1,Q10,jsonb,measure,5,0.046,11.239,,1,Seq Scan,Seq Scan on T,25,30,25,30,4970,981,0,0,,0,0,9,False,"{""jit"": ""off"", ""max_parallel_workers_per_gather"": ""0""}"
1,Q10,jsonb,measure,6,0.024,10.963,,1,Seq Scan,Seq Scan on T,25,30,25,30,4970,981,0,0,,0,0,9,False,"{""jit"": ""off"", ""max_parallel_workers_per_gather"": ""0""}"
1,Q10,json,measure,6,0.047,99.167,,1,Seq Scan,Seq Scan on T,25,30,25,30,4970,1250,0,0,,0,0,9,False,"{""jit"": ""off"", ""max_parallel_workers_per_gather"": ""0""}"
1,Q10,json,measure,7,0.037,110.125,,1,Seq Scan,Seq Scan on T,25,30,25,30,4970,1250,0,0,,0,0,9,False,"{""jit"": ""off"", ""max_parallel_workers_per_gather"": ""0""}"
1,Q10,jsonb,measure,7,0.045,11.767,,1,Seq Scan,Seq Scan on T,25,30,25,30,4970,981,0,0,,0,0,9,False,"{""jit"": ""off"", ""max_parallel_workers_per_gather"": ""0""}"
1,Q10,jsonb,measure,8,0.036,10.609,,1,Seq Scan,Seq Scan on T,25,30,25,30,4970,981,0,0,,0,0,9,False,"{""jit"": ""off"", ""max_parallel_workers_per_gather"": ""0""}"
1,Q10,json,measure,8,0.031,104.023,,1,Seq Scan,Seq Scan on T,25,30,25,30,4970,1250,0,0,,0,0,9,False,"{""jit"": ""off"", ""max_parallel_workers_per_gather"": ""0""}"
1,Q10,json,measure,9,0.044,120.945,,1,Seq Scan,Seq Scan on T,25,30,25,30,4970,1250,0,0,,0,0,9,False,"{""jit"": ""off"", ""max_parallel_workers_per_gather"": ""0""}"
1,Q10,jsonb,measure,9,0.044,11.333,,1,Seq Scan,Seq Scan on T,25,30,25,30,4970,981,0,0,,0,0,9,False,"{""jit"": ""off"", ""max_parallel_workers_per_gather"": ""0""}"
1,Q10,jsonb,measure,10,0.025,10.563,,1,Seq Scan,Seq Scan on T,25,30,25,30,4970,981,0,0,,0,0,9,False,"{""jit"": ""off"", ""max_parallel_workers_per_gather"": ""0""}"
1,Q10,json,measure,10,0.03,110.982,,1,Seq Scan,Seq Scan on T,25,30,25,30,4970,1250,0,0,,0,0,9,False,"{""jit"": ""off"", ""max_parallel_workers_per_gather"": ""0""}"
1,Q10,json,measure,11,0.047,137.842,,1,Seq Scan,Seq Scan on T,25,30,25,30,4970,1250,0,0,,0,0,9,False,"{""jit"": ""off"", ""max_parallel_workers_per_gather"": ""0""}"
1,Q10,jsonb,measure,11,0.046,11.191,,1,Seq Scan,Seq Scan on T,25,30,25,30,4970,981,0,0,,0,0,9,False,"{""jit"": ""off"", ""max_parallel_workers_per_gather"": ""0""}"
1,Q10,jsonb,measure,12,0.027,10.808,,1,Seq Scan,Seq Scan on T,25,30,25,30,4970,981,0,0,,0,0,9,False,"{""jit"": ""off"", ""max_parallel_workers_per_gather"": ""0""}"
1,Q10,json,measure,12,0.031,107.8,,1,Seq Scan,Seq Scan on T,25,30,25,30,4970,1250,0,0,,0,0,9,False,"{""jit"": ""off"", ""max_parallel_workers_per_gather"": ""0""}"
1,Q10,json,measure,13,0.048,122.113,,1,Seq Scan,Seq Scan on T,25,30,25,30,4970,1250,0,0,,0,0,9,False,"{""jit"": ""off"", ""max_parallel_workers_per_gather"": ""0""}"
1,Q10,jsonb,measure,13,0.051,12.38,,1,Seq Scan,Seq Scan on T,25,30,25,30,4970,981,0,0,,0,0,9,False,"{""jit"": ""off"", ""max_parallel_workers_per_gather"": ""0""}"
1,Q10,jsonb,measure,14,0.047,12.475,,1,Seq Scan,Seq Scan on T,25,30,25,30,4970,981,0,0,,0,0,9,False,"{""jit"": ""off"", ""max_parallel_workers_per_gather"": ""0""}"
1,Q10,json,measure,14,0.045,205.049,,1,Seq Scan,Seq Scan on T,25,30,25,30,4970,1250,0,0,,0,0,9,False,"{""jit"": ""off"", ""max_parallel_workers_per_gather"": ""0""}"
1,Q10,json,measure,15,0.052,111.417,,1,Seq Scan,Seq Scan on T,25,30,25,30,4970,1250,0,0,,0,0,9,False,"{""jit"": ""off"", ""max_parallel_workers_per_gather"": ""0""}"
1,Q10,jsonb,measure,15,0.047,15.029,,1,Seq Scan,Seq Scan on T,25,30,25,30,4970,981,0,0,,0,0,9,False,"{""jit"": ""off"", ""max_parallel_workers_per_gather"": ""0""}"
1,Q10,json,detail,1,0.079,116.486,0.008,1,Seq Scan,Seq Scan on T,25,30,25,30,4970,1250,0,0,,0,0,9,False,"{""jit"": ""off"", ""max_parallel_workers_per_gather"": ""0""}"
1,Q10,jsonb,detail,1,0.066,10.987,0.003,1,Seq Scan,Seq Scan on T,25,30,25,30,4970,981,0,0,,0,0,9,False,"{""jit"": ""off"", ""max_parallel_workers_per_gather"": ""0""}"
1,Q11a,json,warmup,1,0.038,135.015,,5,Seq Scan,Seq Scan on T,25,422,25,422,4578,1250,0,0,,0,0,11,False,"{""jit"": ""off"", ""max_parallel_workers_per_gather"": ""0""}"
1,Q11a,jsonb,warmup,1,0.052,14.637,,5,Seq Scan,Seq Scan on T,25,422,25,422,4578,981,0,0,,0,0,11,False,"{""jit"": ""off"", ""max_parallel_workers_per_gather"": ""0""}"
1,Q11a,json,warmup,2,0.034,118.541,,5,Seq Scan,Seq Scan on T,25,422,25,422,4578,1250,0,0,,0,0,11,False,"{""jit"": ""off"", ""max_parallel_workers_per_gather"": ""0""}"
1,Q11a,jsonb,warmup,2,0.049,13.536,,5,Seq Scan,Seq Scan on T,25,422,25,422,4578,981,0,0,,0,0,11,False,"{""jit"": ""off"", ""max_parallel_workers_per_gather"": ""0""}"
1,Q11a,json,warmup,3,0.031,128.026,,5,Seq Scan,Seq Scan on T,25,422,25,422,4578,1250,0,0,,0,0,11,False,"{""jit"": ""off"", ""max_parallel_workers_per_gather"": ""0""}"
1,Q11a,jsonb,warmup,3,0.049,13.706,,5,Seq Scan,Seq Scan on T,25,422,25,422,4578,981,0,0,,0,0,11,False,"{""jit"": ""off"", ""max_parallel_workers_per_gather"": ""0""}"
1,Q11a,json,measure,1,0.032,122.742,,5,Seq Scan,Seq Scan on T,25,422,25,422,4578,1250,0,0,,0,0,11,False,"{""jit"": ""off"", ""max_parallel_workers_per_gather"": ""0""}"
1,Q11a,jsonb,measure,1,0.046,13.724,,5,Seq Scan,Seq Scan on T,25,422,25,422,4578,981,0,0,,0,0,11,False,"{""jit"": ""off"", ""max_parallel_workers_per_gather"": ""0""}"
1,Q11a,jsonb,measure,2,0.028,13.868,,5,Seq Scan,Seq Scan on T,25,422,25,422,4578,981,0,0,,0,0,11,False,"{""jit"": ""off"", ""max_parallel_workers_per_gather"": ""0""}"
1,Q11a,json,measure,2,0.037,133.485,,5,Seq Scan,Seq Scan on T,25,422,25,422,4578,1250,0,0,,0,0,11,False,"{""jit"": ""off"", ""max_parallel_workers_per_gather"": ""0""}"
1,Q11a,json,measure,3,0.047,119.987,,5,Seq Scan,Seq Scan on T,25,422,25,422,4578,1250,0,0,,0,0,11,False,"{""jit"": ""off"", ""max_parallel_workers_per_gather"": ""0""}"
1,Q11a,jsonb,measure,3,0.053,16.309,,5,Seq Scan,Seq Scan on T,25,422,25,422,4578,981,0,0,,0,0,11,False,"{""jit"": ""off"", ""max_parallel_workers_per_gather"": ""0""}"
1,Q11a,jsonb,measure,4,0.03,12.84,,5,Seq Scan,Seq Scan on T,25,422,25,422,4578,981,0,0,,0,0,11,False,"{""jit"": ""off"", ""max_parallel_workers_per_gather"": ""0""}"
1,Q11a,json,measure,4,0.047,114.509,,5,Seq Scan,Seq Scan on T,25,422,25,422,4578,1250,0,0,,0,0,11,False,"{""jit"": ""off"", ""max_parallel_workers_per_gather"": ""0""}"
1,Q11a,json,measure,5,0.063,135.203,,5,Seq Scan,Seq Scan on T,25,422,25,422,4578,1250,0,0,,0,0,11,False,"{""jit"": ""off"", ""max_parallel_workers_per_gather"": ""0""}"
1,Q11a,jsonb,measure,5,0.045,13.434,,5,Seq Scan,Seq Scan on T,25,422,25,422,4578,981,0,0,,0,0,11,False,"{""jit"": ""off"", ""max_parallel_workers_per_gather"": ""0""}"
1,Q11a,jsonb,measure,6,0.033,13.167,,5,Seq Scan,Seq Scan on T,25,422,25,422,4578,981,0,0,,0,0,11,False,"{""jit"": ""off"", ""max_parallel_workers_per_gather"": ""0""}"
1,Q11a,json,measure,6,0.032,118.748,,5,Seq Scan,Seq Scan on T,25,422,25,422,4578,1250,0,0,,0,0,11,False,"{""jit"": ""off"", ""max_parallel_workers_per_gather"": ""0""}"
1,Q11a,json,measure,7,0.044,132.124,,5,Seq Scan,Seq Scan on T,25,422,25,422,4578,1250,0,0,,0,0,11,False,"{""jit"": ""off"", ""max_parallel_workers_per_gather"": ""0""}"
1,Q11a,jsonb,measure,7,0.051,13.669,,5,Seq Scan,Seq Scan on T,25,422,25,422,4578,981,0,0,,0,0,11,False,"{""jit"": ""off"", ""max_parallel_workers_per_gather"": ""0""}"
1,Q11a,jsonb,measure,8,0.029,13.302,,5,Seq Scan,Seq Scan on T,25,422,25,422,4578,981,0,0,,0,0,11,False,"{""jit"": ""off"", ""max_parallel_workers_per_gather"": ""0""}"
1,Q11a,json,measure,8,0.036,117.18,,5,Seq Scan,Seq Scan on T,25,422,25,422,4578,1250,0,0,,0,0,11,False,"{""jit"": ""off"", ""max_parallel_workers_per_gather"": ""0""}"
1,Q11a,json,measure,9,0.053,122.499,,5,Seq Scan,Seq Scan on T,25,422,25,422,4578,1250,0,0,,0,0,11,False,"{""jit"": ""off"", ""max_parallel_workers_per_gather"": ""0""}"
1,Q11a,jsonb,measure,9,0.05,13.662,,5,Seq Scan,Seq Scan on T,25,422,25,422,4578,981,0,0,,0,0,11,False,"{""jit"": ""off"", ""max_parallel_workers_per_gather"": ""0""}"
1,Q11a,jsonb,measure,10,0.028,13.785,,5,Seq Scan,Seq Scan on T,25,422,25,422,4578,981,0,0,,0,0,11,False,"{""jit"": ""off"", ""max_parallel_workers_per_gather"": ""0""}"
1,Q11a,json,measure,10,0.037,133.875,,5,Seq Scan,Seq Scan on T,25,422,25,422,4578,1250,0,0,,0,0,11,False,"{""jit"": ""off"", ""max_parallel_workers_per_gather"": ""0""}"
1,Q11a,json,measure,11,0.05,119.876,,5,Seq Scan,Seq Scan on T,25,422,25,422,4578,1250,0,0,,0,0,11,False,"{""jit"": ""off"", ""max_parallel_workers_per_gather"": ""0""}"
1,Q11a,jsonb,measure,11,0.05,13.842,,5,Seq Scan,Seq Scan on T,25,422,25,422,4578,981,0,0,,0,0,11,False,"{""jit"": ""off"", ""max_parallel_workers_per_gather"": ""0""}"
1,Q11a,jsonb,measure,12,0.029,13.549,,5,Seq Scan,Seq Scan on T,25,422,25,422,4578,981,0,0,,0,0,11,False,"{""jit"": ""off"", ""max_parallel_workers_per_gather"": ""0""}"
1,Q11a,json,measure,12,0.051,119.0,,5,Seq Scan,Seq Scan on T,25,422,25,422,4578,1250,0,0,,0,0,11,False,"{""jit"": ""off"", ""max_parallel_workers_per_gather"": ""0""}"
1,Q11a,json,measure,13,0.053,120.232,,5,Seq Scan,Seq Scan on T,25,422,25,422,4578,1250,0,0,,0,0,11,False,"{""jit"": ""off"", ""max_parallel_workers_per_gather"": ""0""}"
1,Q11a,jsonb,measure,13,0.051,13.956,,5,Seq Scan,Seq Scan on T,25,422,25,422,4578,981,0,0,,0,0,11,False,"{""jit"": ""off"", ""max_parallel_workers_per_gather"": ""0""}"
1,Q11a,jsonb,measure,14,0.031,13.433,,5,Seq Scan,Seq Scan on T,25,422,25,422,4578,981,0,0,,0,0,11,False,"{""jit"": ""off"", ""max_parallel_workers_per_gather"": ""0""}"
1,Q11a,json,measure,14,0.036,117.569,,5,Seq Scan,Seq Scan on T,25,422,25,422,4578,1250,0,0,,0,0,11,False,"{""jit"": ""off"", ""max_parallel_workers_per_gather"": ""0""}"
1,Q11a,json,measure,15,0.046,110.664,,5,Seq Scan,Seq Scan on T,25,422,25,422,4578,1250,0,0,,0,0,11,False,"{""jit"": ""off"", ""max_parallel_workers_per_gather"": ""0""}"
1,Q11a,jsonb,measure,15,0.05,19.537,,5,Seq Scan,Seq Scan on T,25,422,25,422,4578,981,0,0,,0,0,11,False,"{""jit"": ""off"", ""max_parallel_workers_per_gather"": ""0""}"
1,Q11a,json,detail,1,0.038,119.515,0.068,5,Seq Scan,Seq Scan on T,25,422,25,422,4578,1250,0,0,,0,0,11,False,"{""jit"": ""off"", ""max_parallel_workers_per_gather"": ""0""}"
1,Q11a,jsonb,detail,1,0.045,13.213,0.028,5,Seq Scan,Seq Scan on T,25,422,25,422,4578,981,0,0,,0,0,11,False,"{""jit"": ""off"", ""max_parallel_workers_per_gather"": ""0""}"
1,Q11b,json,warmup,1,0.032,190.42,,30,Seq Scan,Seq Scan on T,25,3064,25,3064,1936,1250,0,0,,0,0,11,False,"{""jit"": ""off"", ""max_parallel_workers_per_gather"": ""0""}"
1,Q11b,jsonb,warmup,1,0.055,19.376,,30,Seq Scan,Seq Scan on T,25,3064,25,3064,1936,981,0,0,,0,0,11,False,"{""jit"": ""off"", ""max_parallel_workers_per_gather"": ""0""}"
1,Q11b,json,warmup,2,0.084,176.499,,30,Seq Scan,Seq Scan on T,25,3064,25,3064,1936,1250,0,0,,0,0,11,False,"{""jit"": ""off"", ""max_parallel_workers_per_gather"": ""0""}"
1,Q11b,jsonb,warmup,2,0.053,20.576,,30,Seq Scan,Seq Scan on T,25,3064,25,3064,1936,981,0,0,,0,0,11,False,"{""jit"": ""off"", ""max_parallel_workers_per_gather"": ""0""}"
1,Q11b,json,warmup,3,0.044,191.496,,30,Seq Scan,Seq Scan on T,25,3064,25,3064,1936,1250,0,0,,0,0,11,False,"{""jit"": ""off"", ""max_parallel_workers_per_gather"": ""0""}"
1,Q11b,jsonb,warmup,3,0.05,19.359,,30,Seq Scan,Seq Scan on T,25,3064,25,3064,1936,981,0,0,,0,0,11,False,"{""jit"": ""off"", ""max_parallel_workers_per_gather"": ""0""}"
1,Q11b,json,measure,1,0.035,189.278,,30,Seq Scan,Seq Scan on T,25,3064,25,3064,1936,1250,0,0,,0,0,11,False,"{""jit"": ""off"", ""max_parallel_workers_per_gather"": ""0""}"
1,Q11b,jsonb,measure,1,0.051,21.969,,30,Seq Scan,Seq Scan on T,25,3064,25,3064,1936,981,0,0,,0,0,11,False,"{""jit"": ""off"", ""max_parallel_workers_per_gather"": ""0""}"
1,Q11b,jsonb,measure,2,0.035,19.484,,30,Seq Scan,Seq Scan on T,25,3064,25,3064,1936,981,0,0,,0,0,11,False,"{""jit"": ""off"", ""max_parallel_workers_per_gather"": ""0""}"
1,Q11b,json,measure,2,0.035,177.743,,30,Seq Scan,Seq Scan on T,25,3064,25,3064,1936,1250,0,0,,0,0,11,False,"{""jit"": ""off"", ""max_parallel_workers_per_gather"": ""0""}"
1,Q11b,json,measure,3,0.055,170.83,,30,Seq Scan,Seq Scan on T,25,3064,25,3064,1936,1250,0,0,,0,0,11,False,"{""jit"": ""off"", ""max_parallel_workers_per_gather"": ""0""}"
1,Q11b,jsonb,measure,3,0.051,19.778,,30,Seq Scan,Seq Scan on T,25,3064,25,3064,1936,981,0,0,,0,0,11,False,"{""jit"": ""off"", ""max_parallel_workers_per_gather"": ""0""}"
1,Q11b,jsonb,measure,4,0.034,26.404,,30,Seq Scan,Seq Scan on T,25,3064,25,3064,1936,981,0,0,,0,0,11,False,"{""jit"": ""off"", ""max_parallel_workers_per_gather"": ""0""}"
1,Q11b,json,measure,4,0.047,184.372,,30,Seq Scan,Seq Scan on T,25,3064,25,3064,1936,1250,0,0,,0,0,11,False,"{""jit"": ""off"", ""max_parallel_workers_per_gather"": ""0""}"
1,Q11b,json,measure,5,0.054,174.64,,30,Seq Scan,Seq Scan on T,25,3064,25,3064,1936,1250,0,0,,0,0,11,False,"{""jit"": ""off"", ""max_parallel_workers_per_gather"": ""0""}"
1,Q11b,jsonb,measure,5,0.053,19.188,,30,Seq Scan,Seq Scan on T,25,3064,25,3064,1936,981,0,0,,0,0,11,False,"{""jit"": ""off"", ""max_parallel_workers_per_gather"": ""0""}"
1,Q11b,jsonb,measure,6,0.03,20.046,,30,Seq Scan,Seq Scan on T,25,3064,25,3064,1936,981,0,0,,0,0,11,False,"{""jit"": ""off"", ""max_parallel_workers_per_gather"": ""0""}"
1,Q11b,json,measure,6,0.036,187.566,,30,Seq Scan,Seq Scan on T,25,3064,25,3064,1936,1250,0,0,,0,0,11,False,"{""jit"": ""off"", ""max_parallel_workers_per_gather"": ""0""}"
1,Q11b,json,measure,7,0.051,194.824,,30,Seq Scan,Seq Scan on T,25,3064,25,3064,1936,1250,0,0,,0,0,11,False,"{""jit"": ""off"", ""max_parallel_workers_per_gather"": ""0""}"
1,Q11b,jsonb,measure,7,0.053,19.613,,30,Seq Scan,Seq Scan on T,25,3064,25,3064,1936,981,0,0,,0,0,11,False,"{""jit"": ""off"", ""max_parallel_workers_per_gather"": ""0""}"
1,Q11b,jsonb,measure,8,0.029,20.766,,30,Seq Scan,Seq Scan on T,25,3064,25,3064,1936,981,0,0,,0,0,11,False,"{""jit"": ""off"", ""max_parallel_workers_per_gather"": ""0""}"
1,Q11b,json,measure,8,0.039,174.735,,30,Seq Scan,Seq Scan on T,25,3064,25,3064,1936,1250,0,0,,0,0,11,False,"{""jit"": ""off"", ""max_parallel_workers_per_gather"": ""0""}"
1,Q11b,json,measure,9,0.049,184.469,,30,Seq Scan,Seq Scan on T,25,3064,25,3064,1936,1250,0,0,,0,0,11,False,"{""jit"": ""off"", ""max_parallel_workers_per_gather"": ""0""}"
1,Q11b,jsonb,measure,9,0.064,20.101,,30,Seq Scan,Seq Scan on T,25,3064,25,3064,1936,981,0,0,,0,0,11,False,"{""jit"": ""off"", ""max_parallel_workers_per_gather"": ""0""}"
1,Q11b,jsonb,measure,10,0.034,19.649,,30,Seq Scan,Seq Scan on T,25,3064,25,3064,1936,981,0,0,,0,0,11,False,"{""jit"": ""off"", ""max_parallel_workers_per_gather"": ""0""}"
1,Q11b,json,measure,10,0.037,173.446,,30,Seq Scan,Seq Scan on T,25,3064,25,3064,1936,1250,0,0,,0,0,11,False,"{""jit"": ""off"", ""max_parallel_workers_per_gather"": ""0""}"
1,Q11b,json,measure,11,0.053,183.763,,30,Seq Scan,Seq Scan on T,25,3064,25,3064,1936,1250,0,0,,0,0,11,False,"{""jit"": ""off"", ""max_parallel_workers_per_gather"": ""0""}"
1,Q11b,jsonb,measure,11,0.056,22.243,,30,Seq Scan,Seq Scan on T,25,3064,25,3064,1936,981,0,0,,0,0,11,False,"{""jit"": ""off"", ""max_parallel_workers_per_gather"": ""0""}"
1,Q11b,jsonb,measure,12,0.052,23.615,,30,Seq Scan,Seq Scan on T,25,3064,25,3064,1936,981,0,0,,0,0,11,False,"{""jit"": ""off"", ""max_parallel_workers_per_gather"": ""0""}"
1,Q11b,json,measure,12,0.055,199.833,,30,Seq Scan,Seq Scan on T,25,3064,25,3064,1936,1250,0,0,,0,0,11,False,"{""jit"": ""off"", ""max_parallel_workers_per_gather"": ""0""}"
1,Q11b,json,measure,13,0.053,185.433,,30,Seq Scan,Seq Scan on T,25,3064,25,3064,1936,1250,0,0,,0,0,11,False,"{""jit"": ""off"", ""max_parallel_workers_per_gather"": ""0""}"
1,Q11b,jsonb,measure,13,0.057,21.083,,30,Seq Scan,Seq Scan on T,25,3064,25,3064,1936,981,0,0,,0,0,11,False,"{""jit"": ""off"", ""max_parallel_workers_per_gather"": ""0""}"
1,Q11b,jsonb,measure,14,0.076,19.869,,30,Seq Scan,Seq Scan on T,25,3064,25,3064,1936,981,0,0,,0,0,11,False,"{""jit"": ""off"", ""max_parallel_workers_per_gather"": ""0""}"
1,Q11b,json,measure,14,0.044,180.01,,30,Seq Scan,Seq Scan on T,25,3064,25,3064,1936,1250,0,0,,0,0,11,False,"{""jit"": ""off"", ""max_parallel_workers_per_gather"": ""0""}"
1,Q11b,json,measure,15,0.055,186.998,,30,Seq Scan,Seq Scan on T,25,3064,25,3064,1936,1250,0,0,,0,0,11,False,"{""jit"": ""off"", ""max_parallel_workers_per_gather"": ""0""}"
1,Q11b,jsonb,measure,15,0.055,20.547,,30,Seq Scan,Seq Scan on T,25,3064,25,3064,1936,981,0,0,,0,0,11,False,"{""jit"": ""off"", ""max_parallel_workers_per_gather"": ""0""}"
1,Q11b,json,detail,1,0.049,199.698,0.531,30,Seq Scan,Seq Scan on T,25,3064,25,3064,1936,1250,0,0,,0,0,11,False,"{""jit"": ""off"", ""max_parallel_workers_per_gather"": ""0""}"
1,Q11b,jsonb,detail,1,0.053,24.627,0.271,30,Seq Scan,Seq Scan on T,25,3064,25,3064,1936,981,0,0,,0,0,11,False,"{""jit"": ""off"", ""max_parallel_workers_per_gather"": ""0""}"
1,Q12a,json,warmup,1,0.053,183.439,,1,Seq Scan,Seq Scan on T,25,13,25,13,4987,1250,0,0,,0,0,10,False,"{""jit"": ""off"", ""max_parallel_workers_per_gather"": ""0""}"
1,Q12a,jsonb,warmup,1,0.049,15.494,,1,Seq Scan,Seq Scan on T,25,13,25,13,4987,981,0,0,,0,0,10,False,"{""jit"": ""off"", ""max_parallel_workers_per_gather"": ""0""}"
1,Q12a,json,warmup,2,0.035,162.198,,1,Seq Scan,Seq Scan on T,25,13,25,13,4987,1250,0,0,,0,0,10,False,"{""jit"": ""off"", ""max_parallel_workers_per_gather"": ""0""}"
1,Q12a,jsonb,warmup,2,0.049,15.59,,1,Seq Scan,Seq Scan on T,25,13,25,13,4987,981,0,0,,0,0,10,False,"{""jit"": ""off"", ""max_parallel_workers_per_gather"": ""0""}"
1,Q12a,json,warmup,3,0.029,157.176,,1,Seq Scan,Seq Scan on T,25,13,25,13,4987,1250,0,0,,0,0,10,False,"{""jit"": ""off"", ""max_parallel_workers_per_gather"": ""0""}"
1,Q12a,jsonb,warmup,3,0.045,15.495,,1,Seq Scan,Seq Scan on T,25,13,25,13,4987,981,0,0,,0,0,10,False,"{""jit"": ""off"", ""max_parallel_workers_per_gather"": ""0""}"
1,Q12a,json,measure,1,0.038,171.785,,1,Seq Scan,Seq Scan on T,25,13,25,13,4987,1250,0,0,,0,0,10,False,"{""jit"": ""off"", ""max_parallel_workers_per_gather"": ""0""}"
1,Q12a,jsonb,measure,1,0.05,24.056,,1,Seq Scan,Seq Scan on T,25,13,25,13,4987,981,0,0,,0,0,10,False,"{""jit"": ""off"", ""max_parallel_workers_per_gather"": ""0""}"
1,Q12a,jsonb,measure,2,0.068,23.23,,1,Seq Scan,Seq Scan on T,25,13,25,13,4987,981,0,0,,0,0,10,False,"{""jit"": ""off"", ""max_parallel_workers_per_gather"": ""0""}"
1,Q12a,json,measure,2,0.085,187.639,,1,Seq Scan,Seq Scan on T,25,13,25,13,4987,1250,0,0,,0,0,10,False,"{""jit"": ""off"", ""max_parallel_workers_per_gather"": ""0""}"
1,Q12a,json,measure,3,0.051,175.807,,1,Seq Scan,Seq Scan on T,25,13,25,13,4987,1250,0,0,,0,0,10,False,"{""jit"": ""off"", ""max_parallel_workers_per_gather"": ""0""}"
1,Q12a,jsonb,measure,3,0.049,18.247,,1,Seq Scan,Seq Scan on T,25,13,25,13,4987,981,0,0,,0,0,10,False,"{""jit"": ""off"", ""max_parallel_workers_per_gather"": ""0""}"
1,Q12a,jsonb,measure,4,0.04,15.393,,1,Seq Scan,Seq Scan on T,25,13,25,13,4987,981,0,0,,0,0,10,False,"{""jit"": ""off"", ""max_parallel_workers_per_gather"": ""0""}"
1,Q12a,json,measure,4,0.055,148.238,,1,Seq Scan,Seq Scan on T,25,13,25,13,4987,1250,0,0,,0,0,10,False,"{""jit"": ""off"", ""max_parallel_workers_per_gather"": ""0""}"
1,Q12a,json,measure,5,0.048,153.546,,1,Seq Scan,Seq Scan on T,25,13,25,13,4987,1250,0,0,,0,0,10,False,"{""jit"": ""off"", ""max_parallel_workers_per_gather"": ""0""}"
1,Q12a,jsonb,measure,5,0.048,14.982,,1,Seq Scan,Seq Scan on T,25,13,25,13,4987,981,0,0,,0,0,10,False,"{""jit"": ""off"", ""max_parallel_workers_per_gather"": ""0""}"
1,Q12a,jsonb,measure,6,0.042,14.713,,1,Seq Scan,Seq Scan on T,25,13,25,13,4987,981,0,0,,0,0,10,False,"{""jit"": ""off"", ""max_parallel_workers_per_gather"": ""0""}"
1,Q12a,json,measure,6,0.035,155.2,,1,Seq Scan,Seq Scan on T,25,13,25,13,4987,1250,0,0,,0,0,10,False,"{""jit"": ""off"", ""max_parallel_workers_per_gather"": ""0""}"
1,Q12a,json,measure,7,0.046,150.885,,1,Seq Scan,Seq Scan on T,25,13,25,13,4987,1250,0,0,,0,0,10,False,"{""jit"": ""off"", ""max_parallel_workers_per_gather"": ""0""}"
1,Q12a,jsonb,measure,7,0.046,16.253,,1,Seq Scan,Seq Scan on T,25,13,25,13,4987,981,0,0,,0,0,10,False,"{""jit"": ""off"", ""max_parallel_workers_per_gather"": ""0""}"
1,Q12a,jsonb,measure,8,0.028,15.864,,1,Seq Scan,Seq Scan on T,25,13,25,13,4987,981,0,0,,0,0,10,False,"{""jit"": ""off"", ""max_parallel_workers_per_gather"": ""0""}"
1,Q12a,json,measure,8,0.042,155.207,,1,Seq Scan,Seq Scan on T,25,13,25,13,4987,1250,0,0,,0,0,10,False,"{""jit"": ""off"", ""max_parallel_workers_per_gather"": ""0""}"
1,Q12a,json,measure,9,0.046,159.728,,1,Seq Scan,Seq Scan on T,25,13,25,13,4987,1250,0,0,,0,0,10,False,"{""jit"": ""off"", ""max_parallel_workers_per_gather"": ""0""}"
1,Q12a,jsonb,measure,9,0.049,15.089,,1,Seq Scan,Seq Scan on T,25,13,25,13,4987,981,0,0,,0,0,10,False,"{""jit"": ""off"", ""max_parallel_workers_per_gather"": ""0""}"
1,Q12a,jsonb,measure,10,0.026,14.766,,1,Seq Scan,Seq Scan on T,25,13,25,13,4987,981,0,0,,0,0,10,False,"{""jit"": ""off"", ""max_parallel_workers_per_gather"": ""0""}"
1,Q12a,json,measure,10,0.034,159.541,,1,Seq Scan,Seq Scan on T,25,13,25,13,4987,1250,0,0,,0,0,10,False,"{""jit"": ""off"", ""max_parallel_workers_per_gather"": ""0""}"
1,Q12a,json,measure,11,0.044,147.723,,1,Seq Scan,Seq Scan on T,25,13,25,13,4987,1250,0,0,,0,0,10,False,"{""jit"": ""off"", ""max_parallel_workers_per_gather"": ""0""}"
1,Q12a,jsonb,measure,11,0.048,15.81,,1,Seq Scan,Seq Scan on T,25,13,25,13,4987,981,0,0,,0,0,10,False,"{""jit"": ""off"", ""max_parallel_workers_per_gather"": ""0""}"
1,Q12a,jsonb,measure,12,0.035,16.372,,1,Seq Scan,Seq Scan on T,25,13,25,13,4987,981,0,0,,0,0,10,False,"{""jit"": ""off"", ""max_parallel_workers_per_gather"": ""0""}"
1,Q12a,json,measure,12,0.036,154.151,,1,Seq Scan,Seq Scan on T,25,13,25,13,4987,1250,0,0,,0,0,10,False,"{""jit"": ""off"", ""max_parallel_workers_per_gather"": ""0""}"
1,Q12a,json,measure,13,0.048,155.802,,1,Seq Scan,Seq Scan on T,25,13,25,13,4987,1250,0,0,,0,0,10,False,"{""jit"": ""off"", ""max_parallel_workers_per_gather"": ""0""}"
1,Q12a,jsonb,measure,13,0.048,15.66,,1,Seq Scan,Seq Scan on T,25,13,25,13,4987,981,0,0,,0,0,10,False,"{""jit"": ""off"", ""max_parallel_workers_per_gather"": ""0""}"
1,Q12a,jsonb,measure,14,0.036,15.37,,1,Seq Scan,Seq Scan on T,25,13,25,13,4987,981,0,0,,0,0,10,False,"{""jit"": ""off"", ""max_parallel_workers_per_gather"": ""0""}"
1,Q12a,json,measure,14,0.032,157.079,,1,Seq Scan,Seq Scan on T,25,13,25,13,4987,1250,0,0,,0,0,10,False,"{""jit"": ""off"", ""max_parallel_workers_per_gather"": ""0""}"
1,Q12a,json,measure,15,0.048,146.987,,1,Seq Scan,Seq Scan on T,25,13,25,13,4987,1250,0,0,,0,0,10,False,"{""jit"": ""off"", ""max_parallel_workers_per_gather"": ""0""}"
1,Q12a,jsonb,measure,15,0.047,14.907,,1,Seq Scan,Seq Scan on T,25,13,25,13,4987,981,0,0,,0,0,10,False,"{""jit"": ""off"", ""max_parallel_workers_per_gather"": ""0""}"
1,Q12a,json,detail,1,0.028,163.037,0.01,1,Seq Scan,Seq Scan on T,25,13,25,13,4987,1250,0,0,,0,0,10,False,"{""jit"": ""off"", ""max_parallel_workers_per_gather"": ""0""}"
1,Q12a,jsonb,detail,1,0.042,14.453,0.002,1,Seq Scan,Seq Scan on T,25,13,25,13,4987,981,0,0,,0,0,10,False,"{""jit"": ""off"", ""max_parallel_workers_per_gather"": ""0""}"
1,Q12b,json,warmup,1,0.029,149.728,,2,Seq Scan,Seq Scan on T,25,108,25,108,4892,1250,0,0,,0,0,10,False,"{""jit"": ""off"", ""max_parallel_workers_per_gather"": ""0""}"
1,Q12b,jsonb,warmup,1,0.047,15.005,,2,Seq Scan,Seq Scan on T,25,108,25,108,4892,981,0,0,,0,0,10,False,"{""jit"": ""off"", ""max_parallel_workers_per_gather"": ""0""}"
1,Q12b,json,warmup,2,0.032,146.099,,2,Seq Scan,Seq Scan on T,25,108,25,108,4892,1250,0,0,,0,0,10,False,"{""jit"": ""off"", ""max_parallel_workers_per_gather"": ""0""}"
1,Q12b,jsonb,warmup,2,0.047,21.446,,2,Seq Scan,Seq Scan on T,25,108,25,108,4892,981,0,0,,0,0,10,False,"{""jit"": ""off"", ""max_parallel_workers_per_gather"": ""0""}"
1,Q12b,json,warmup,3,0.053,148.848,,2,Seq Scan,Seq Scan on T,25,108,25,108,4892,1250,0,0,,0,0,10,False,"{""jit"": ""off"", ""max_parallel_workers_per_gather"": ""0""}"
1,Q12b,jsonb,warmup,3,0.049,15.0,,2,Seq Scan,Seq Scan on T,25,108,25,108,4892,981,0,0,,0,0,10,False,"{""jit"": ""off"", ""max_parallel_workers_per_gather"": ""0""}"
1,Q12b,json,measure,1,0.028,158.381,,2,Seq Scan,Seq Scan on T,25,108,25,108,4892,1250,0,0,,0,0,10,False,"{""jit"": ""off"", ""max_parallel_workers_per_gather"": ""0""}"
1,Q12b,jsonb,measure,1,0.047,15.846,,2,Seq Scan,Seq Scan on T,25,108,25,108,4892,981,0,0,,0,0,10,False,"{""jit"": ""off"", ""max_parallel_workers_per_gather"": ""0""}"
1,Q12b,jsonb,measure,2,0.039,14.326,,2,Seq Scan,Seq Scan on T,25,108,25,108,4892,981,0,0,,0,0,10,False,"{""jit"": ""off"", ""max_parallel_workers_per_gather"": ""0""}"
1,Q12b,json,measure,2,0.028,162.869,,2,Seq Scan,Seq Scan on T,25,108,25,108,4892,1250,0,0,,0,0,10,False,"{""jit"": ""off"", ""max_parallel_workers_per_gather"": ""0""}"
1,Q12b,json,measure,3,0.05,146.382,,2,Seq Scan,Seq Scan on T,25,108,25,108,4892,1250,0,0,,0,0,10,False,"{""jit"": ""off"", ""max_parallel_workers_per_gather"": ""0""}"
1,Q12b,jsonb,measure,3,0.045,18.591,,2,Seq Scan,Seq Scan on T,25,108,25,108,4892,981,0,0,,0,0,10,False,"{""jit"": ""off"", ""max_parallel_workers_per_gather"": ""0""}"
1,Q12b,jsonb,measure,4,0.037,16.731,,2,Seq Scan,Seq Scan on T,25,108,25,108,4892,981,0,0,,0,0,10,False,"{""jit"": ""off"", ""max_parallel_workers_per_gather"": ""0""}"
1,Q12b,json,measure,4,0.037,152.946,,2,Seq Scan,Seq Scan on T,25,108,25,108,4892,1250,0,0,,0,0,10,False,"{""jit"": ""off"", ""max_parallel_workers_per_gather"": ""0""}"
1,Q12b,json,measure,5,0.041,157.185,,2,Seq Scan,Seq Scan on T,25,108,25,108,4892,1250,0,0,,0,0,10,False,"{""jit"": ""off"", ""max_parallel_workers_per_gather"": ""0""}"
1,Q12b,jsonb,measure,5,0.049,15.413,,2,Seq Scan,Seq Scan on T,25,108,25,108,4892,981,0,0,,0,0,10,False,"{""jit"": ""off"", ""max_parallel_workers_per_gather"": ""0""}"
1,Q12b,jsonb,measure,6,0.027,14.912,,2,Seq Scan,Seq Scan on T,25,108,25,108,4892,981,0,0,,0,0,10,False,"{""jit"": ""off"", ""max_parallel_workers_per_gather"": ""0""}"
1,Q12b,json,measure,6,0.033,176.599,,2,Seq Scan,Seq Scan on T,25,108,25,108,4892,1250,0,0,,0,0,10,False,"{""jit"": ""off"", ""max_parallel_workers_per_gather"": ""0""}"
1,Q12b,json,measure,7,0.049,146.497,,2,Seq Scan,Seq Scan on T,25,108,25,108,4892,1250,0,0,,0,0,10,False,"{""jit"": ""off"", ""max_parallel_workers_per_gather"": ""0""}"
1,Q12b,jsonb,measure,7,0.046,18.462,,2,Seq Scan,Seq Scan on T,25,108,25,108,4892,981,0,0,,0,0,10,False,"{""jit"": ""off"", ""max_parallel_workers_per_gather"": ""0""}"
1,Q12b,jsonb,measure,8,0.035,18.011,,2,Seq Scan,Seq Scan on T,25,108,25,108,4892,981,0,0,,0,0,10,False,"{""jit"": ""off"", ""max_parallel_workers_per_gather"": ""0""}"
1,Q12b,json,measure,8,0.036,145.475,,2,Seq Scan,Seq Scan on T,25,108,25,108,4892,1250,0,0,,0,0,10,False,"{""jit"": ""off"", ""max_parallel_workers_per_gather"": ""0""}"
1,Q12b,json,measure,9,0.045,157.772,,2,Seq Scan,Seq Scan on T,25,108,25,108,4892,1250,0,0,,0,0,10,False,"{""jit"": ""off"", ""max_parallel_workers_per_gather"": ""0""}"
1,Q12b,jsonb,measure,9,0.049,15.004,,2,Seq Scan,Seq Scan on T,25,108,25,108,4892,981,0,0,,0,0,10,False,"{""jit"": ""off"", ""max_parallel_workers_per_gather"": ""0""}"
1,Q12b,jsonb,measure,10,0.029,14.99,,2,Seq Scan,Seq Scan on T,25,108,25,108,4892,981,0,0,,0,0,10,False,"{""jit"": ""off"", ""max_parallel_workers_per_gather"": ""0""}"
1,Q12b,json,measure,10,0.037,152.05,,2,Seq Scan,Seq Scan on T,25,108,25,108,4892,1250,0,0,,0,0,10,False,"{""jit"": ""off"", ""max_parallel_workers_per_gather"": ""0""}"
1,Q12b,json,measure,11,0.048,149.785,,2,Seq Scan,Seq Scan on T,25,108,25,108,4892,1250,0,0,,0,0,10,False,"{""jit"": ""off"", ""max_parallel_workers_per_gather"": ""0""}"
1,Q12b,jsonb,measure,11,0.05,15.793,,2,Seq Scan,Seq Scan on T,25,108,25,108,4892,981,0,0,,0,0,10,False,"{""jit"": ""off"", ""max_parallel_workers_per_gather"": ""0""}"
1,Q12b,jsonb,measure,12,0.041,15.135,,2,Seq Scan,Seq Scan on T,25,108,25,108,4892,981,0,0,,0,0,10,False,"{""jit"": ""off"", ""max_parallel_workers_per_gather"": ""0""}"
1,Q12b,json,measure,12,0.031,154.69,,2,Seq Scan,Seq Scan on T,25,108,25,108,4892,1250,0,0,,0,0,10,False,"{""jit"": ""off"", ""max_parallel_workers_per_gather"": ""0""}"
1,Q12b,json,measure,13,0.047,156.784,,2,Seq Scan,Seq Scan on T,25,108,25,108,4892,1250,0,0,,0,0,10,False,"{""jit"": ""off"", ""max_parallel_workers_per_gather"": ""0""}"
1,Q12b,jsonb,measure,13,0.058,14.984,,2,Seq Scan,Seq Scan on T,25,108,25,108,4892,981,0,0,,0,0,10,False,"{""jit"": ""off"", ""max_parallel_workers_per_gather"": ""0""}"
1,Q12b,jsonb,measure,14,0.032,14.62,,2,Seq Scan,Seq Scan on T,25,108,25,108,4892,981,0,0,,0,0,10,False,"{""jit"": ""off"", ""max_parallel_workers_per_gather"": ""0""}"
1,Q12b,json,measure,14,0.036,157.523,,2,Seq Scan,Seq Scan on T,25,108,25,108,4892,1250,0,0,,0,0,10,False,"{""jit"": ""off"", ""max_parallel_workers_per_gather"": ""0""}"
1,Q12b,json,measure,15,0.052,149.117,,2,Seq Scan,Seq Scan on T,25,108,25,108,4892,1250,0,0,,0,0,10,False,"{""jit"": ""off"", ""max_parallel_workers_per_gather"": ""0""}"
1,Q12b,jsonb,measure,15,0.046,15.28,,2,Seq Scan,Seq Scan on T,25,108,25,108,4892,981,0,0,,0,0,10,False,"{""jit"": ""off"", ""max_parallel_workers_per_gather"": ""0""}"
1,Q12b,json,detail,1,0.032,150.019,0.024,2,Seq Scan,Seq Scan on T,25,108,25,108,4892,1250,0,0,,0,0,10,False,"{""jit"": ""off"", ""max_parallel_workers_per_gather"": ""0""}"
1,Q12b,jsonb,detail,1,0.049,15.577,0.01,2,Seq Scan,Seq Scan on T,25,108,25,108,4892,981,0,0,,0,0,10,False,"{""jit"": ""off"", ""max_parallel_workers_per_gather"": ""0""}"
1,Q12c,json,warmup,1,0.03,141.995,,5,Seq Scan,Seq Scan on T,25,498,25,498,4502,1250,0,0,,0,0,10,False,"{""jit"": ""off"", ""max_parallel_workers_per_gather"": ""0""}"
1,Q12c,jsonb,warmup,1,0.046,17.418,,5,Seq Scan,Seq Scan on T,25,498,25,498,4502,981,0,0,,0,0,10,False,"{""jit"": ""off"", ""max_parallel_workers_per_gather"": ""0""}"
1,Q12c,json,warmup,2,0.034,142.156,,5,Seq Scan,Seq Scan on T,25,498,25,498,4502,1250,0,0,,0,0,10,False,"{""jit"": ""off"", ""max_parallel_workers_per_gather"": ""0""}"
1,Q12c,jsonb,warmup,2,0.048,14.888,,5,Seq Scan,Seq Scan on T,25,498,25,498,4502,981,0,0,,0,0,10,False,"{""jit"": ""off"", ""max_parallel_workers_per_gather"": ""0""}"
1,Q12c,json,warmup,3,0.028,152.571,,5,Seq Scan,Seq Scan on T,25,498,25,498,4502,1250,0,0,,0,0,10,False,"{""jit"": ""off"", ""max_parallel_workers_per_gather"": ""0""}"
1,Q12c,jsonb,warmup,3,0.046,15.366,,5,Seq Scan,Seq Scan on T,25,498,25,498,4502,981,0,0,,0,0,10,False,"{""jit"": ""off"", ""max_parallel_workers_per_gather"": ""0""}"
1,Q12c,json,measure,1,0.027,148.446,,5,Seq Scan,Seq Scan on T,25,498,25,498,4502,1250,0,0,,0,0,10,False,"{""jit"": ""off"", ""max_parallel_workers_per_gather"": ""0""}"
1,Q12c,jsonb,measure,1,0.048,15.166,,5,Seq Scan,Seq Scan on T,25,498,25,498,4502,981,0,0,,0,0,10,False,"{""jit"": ""off"", ""max_parallel_workers_per_gather"": ""0""}"
1,Q12c,jsonb,measure,2,0.027,15.053,,5,Seq Scan,Seq Scan on T,25,498,25,498,4502,981,0,0,,0,0,10,False,"{""jit"": ""off"", ""max_parallel_workers_per_gather"": ""0""}"
1,Q12c,json,measure,2,0.032,153.606,,5,Seq Scan,Seq Scan on T,25,498,25,498,4502,1250,0,0,,0,0,10,False,"{""jit"": ""off"", ""max_parallel_workers_per_gather"": ""0""}"
1,Q12c,json,measure,3,0.045,172.053,,5,Seq Scan,Seq Scan on T,25,498,25,498,4502,1250,0,0,,0,0,10,False,"{""jit"": ""off"", ""max_parallel_workers_per_gather"": ""0""}"
1,Q12c,jsonb,measure,3,0.04,14.905,,5,Seq Scan,Seq Scan on T,25,498,25,498,4502,981,0,0,,0,0,10,False,"{""jit"": ""off"", ""max_parallel_workers_per_gather"": ""0""}"
1,Q12c,jsonb,measure,4,0.03,14.595,,5,Seq Scan,Seq Scan on T,25,498,25,498,4502,981,0,0,,0,0,10,False,"{""jit"": ""off"", ""max_parallel_workers_per_gather"": ""0""}"
1,Q12c,json,measure,4,0.099,169.714,,5,Seq Scan,Seq Scan on T,25,498,25,498,4502,1250,0,0,,0,0,10,False,"{""jit"": ""off"", ""max_parallel_workers_per_gather"": ""0""}"
1,Q12c,json,measure,5,0.044,150.643,,5,Seq Scan,Seq Scan on T,25,498,25,498,4502,1250,0,0,,0,0,10,False,"{""jit"": ""off"", ""max_parallel_workers_per_gather"": ""0""}"
1,Q12c,jsonb,measure,5,0.049,15.34,,5,Seq Scan,Seq Scan on T,25,498,25,498,4502,981,0,0,,0,0,10,False,"{""jit"": ""off"", ""max_parallel_workers_per_gather"": ""0""}"
1,Q12c,jsonb,measure,6,0.028,14.73,,5,Seq Scan,Seq Scan on T,25,498,25,498,4502,981,0,0,,0,0,10,False,"{""jit"": ""off"", ""max_parallel_workers_per_gather"": ""0""}"
1,Q12c,json,measure,6,0.029,153.434,,5,Seq Scan,Seq Scan on T,25,498,25,498,4502,1250,0,0,,0,0,10,False,"{""jit"": ""off"", ""max_parallel_workers_per_gather"": ""0""}"
1,Q12c,json,measure,7,0.047,162.175,,5,Seq Scan,Seq Scan on T,25,498,25,498,4502,1250,0,0,,0,0,10,False,"{""jit"": ""off"", ""max_parallel_workers_per_gather"": ""0""}"
1,Q12c,jsonb,measure,7,0.047,17.186,,5,Seq Scan,Seq Scan on T,25,498,25,498,4502,981,0,0,,0,0,10,False,"{""jit"": ""off"", ""max_parallel_workers_per_gather"": ""0""}"
1,Q12c,jsonb,measure,8,0.031,14.496,,5,Seq Scan,Seq Scan on T,25,498,25,498,4502,981,0,0,,0,0,10,False,"{""jit"": ""off"", ""max_parallel_workers_per_gather"": ""0""}"
1,Q12c,json,measure,8,0.028,148.874,,5,Seq Scan,Seq Scan on T,25,498,25,498,4502,1250,0,0,,0,0,10,False,"{""jit"": ""off"", ""max_parallel_workers_per_gather"": ""0""}"
1,Q12c,json,measure,9,0.045,158.28,,5,Seq Scan,Seq Scan on T,25,498,25,498,4502,1250,0,0,,0,0,10,False,"{""jit"": ""off"", ""max_parallel_workers_per_gather"": ""0""}"
1,Q12c,jsonb,measure,9,0.04,14.777,,5,Seq Scan,Seq Scan on T,25,498,25,498,4502,981,0,0,,0,0,10,False,"{""jit"": ""off"", ""max_parallel_workers_per_gather"": ""0""}"
1,Q12c,jsonb,measure,10,0.03,16.774,,5,Seq Scan,Seq Scan on T,25,498,25,498,4502,981,0,0,,0,0,10,False,"{""jit"": ""off"", ""max_parallel_workers_per_gather"": ""0""}"
1,Q12c,json,measure,10,0.043,148.725,,5,Seq Scan,Seq Scan on T,25,498,25,498,4502,1250,0,0,,0,0,10,False,"{""jit"": ""off"", ""max_parallel_workers_per_gather"": ""0""}"
1,Q12c,json,measure,11,0.043,166.1,,5,Seq Scan,Seq Scan on T,25,498,25,498,4502,1250,0,0,,0,0,10,False,"{""jit"": ""off"", ""max_parallel_workers_per_gather"": ""0""}"
1,Q12c,jsonb,measure,11,0.053,17.415,,5,Seq Scan,Seq Scan on T,25,498,25,498,4502,981,0,0,,0,0,10,False,"{""jit"": ""off"", ""max_parallel_workers_per_gather"": ""0""}"
1,Q12c,jsonb,measure,12,0.034,15.008,,5,Seq Scan,Seq Scan on T,25,498,25,498,4502,981,0,0,,0,0,10,False,"{""jit"": ""off"", ""max_parallel_workers_per_gather"": ""0""}"
1,Q12c,json,measure,12,0.03,156.313,,5,Seq Scan,Seq Scan on T,25,498,25,498,4502,1250,0,0,,0,0,10,False,"{""jit"": ""off"", ""max_parallel_workers_per_gather"": ""0""}"
1,Q12c,json,measure,13,0.047,173.351,,5,Seq Scan,Seq Scan on T,25,498,25,498,4502,1250,0,0,,0,0,10,False,"{""jit"": ""off"", ""max_parallel_workers_per_gather"": ""0""}"
1,Q12c,jsonb,measure,13,0.044,14.975,,5,Seq Scan,Seq Scan on T,25,498,25,498,4502,981,0,0,,0,0,10,False,"{""jit"": ""off"", ""max_parallel_workers_per_gather"": ""0""}"
1,Q12c,jsonb,measure,14,0.028,14.632,,5,Seq Scan,Seq Scan on T,25,498,25,498,4502,981,0,0,,0,0,10,False,"{""jit"": ""off"", ""max_parallel_workers_per_gather"": ""0""}"
1,Q12c,json,measure,14,0.03,144.925,,5,Seq Scan,Seq Scan on T,25,498,25,498,4502,1250,0,0,,0,0,10,False,"{""jit"": ""off"", ""max_parallel_workers_per_gather"": ""0""}"
1,Q12c,json,measure,15,0.044,156.042,,5,Seq Scan,Seq Scan on T,25,498,25,498,4502,1250,0,0,,0,0,10,False,"{""jit"": ""off"", ""max_parallel_workers_per_gather"": ""0""}"
1,Q12c,jsonb,measure,15,0.05,14.954,,5,Seq Scan,Seq Scan on T,25,498,25,498,4502,981,0,0,,0,0,10,False,"{""jit"": ""off"", ""max_parallel_workers_per_gather"": ""0""}"
1,Q12c,json,detail,1,0.062,150.251,0.077,5,Seq Scan,Seq Scan on T,25,498,25,498,4502,1250,0,0,,0,0,10,False,"{""jit"": ""off"", ""max_parallel_workers_per_gather"": ""0""}"
1,Q12c,jsonb,detail,1,0.046,15.493,0.038,5,Seq Scan,Seq Scan on T,25,498,25,498,4502,981,0,0,,0,0,10,False,"{""jit"": ""off"", ""max_parallel_workers_per_gather"": ""0""}"
1,Q13a,json,warmup,1,0.037,108.482,,6,Seq Scan,Seq Scan on T,8,545,8,545,4455,1250,0,0,,0,0,8,False,"{""jit"": ""off"", ""max_parallel_workers_per_gather"": ""0""}"
1,Q13a,jsonb,warmup,1,0.057,11.595,,6,Seq Scan,Seq Scan on T,8,545,8,545,4455,981,0,0,,0,0,8,False,"{""jit"": ""off"", ""max_parallel_workers_per_gather"": ""0""}"
1,Q13a,json,warmup,2,0.026,111.19,,6,Seq Scan,Seq Scan on T,8,545,8,545,4455,1250,0,0,,0,0,8,False,"{""jit"": ""off"", ""max_parallel_workers_per_gather"": ""0""}"
1,Q13a,jsonb,warmup,2,0.049,11.512,,6,Seq Scan,Seq Scan on T,8,545,8,545,4455,981,0,0,,0,0,8,False,"{""jit"": ""off"", ""max_parallel_workers_per_gather"": ""0""}"
1,Q13a,json,warmup,3,0.026,112.943,,6,Seq Scan,Seq Scan on T,8,545,8,545,4455,1250,0,0,,0,0,8,False,"{""jit"": ""off"", ""max_parallel_workers_per_gather"": ""0""}"
1,Q13a,jsonb,warmup,3,0.046,11.677,,6,Seq Scan,Seq Scan on T,8,545,8,545,4455,981,0,0,,0,0,8,False,"{""jit"": ""off"", ""max_parallel_workers_per_gather"": ""0""}"
1,Q13a,json,measure,1,0.026,99.989,,6,Seq Scan,Seq Scan on T,8,545,8,545,4455,1250,0,0,,0,0,8,False,"{""jit"": ""off"", ""max_parallel_workers_per_gather"": ""0""}"
1,Q13a,jsonb,measure,1,0.039,12.397,,6,Seq Scan,Seq Scan on T,8,545,8,545,4455,981,0,0,,0,0,8,False,"{""jit"": ""off"", ""max_parallel_workers_per_gather"": ""0""}"
1,Q13a,jsonb,measure,2,0.03,11.341,,6,Seq Scan,Seq Scan on T,8,545,8,545,4455,981,0,0,,0,0,8,False,"{""jit"": ""off"", ""max_parallel_workers_per_gather"": ""0""}"
1,Q13a,json,measure,2,0.028,109.243,,6,Seq Scan,Seq Scan on T,8,545,8,545,4455,1250,0,0,,0,0,8,False,"{""jit"": ""off"", ""max_parallel_workers_per_gather"": ""0""}"
1,Q13a,json,measure,3,0.042,108.609,,6,Seq Scan,Seq Scan on T,8,545,8,545,4455,1250,0,0,,0,0,8,False,"{""jit"": ""off"", ""max_parallel_workers_per_gather"": ""0""}"
1,Q13a,jsonb,measure,3,0.047,12.336,,6,Seq Scan,Seq Scan on T,8,545,8,545,4455,981,0,0,,0,0,8,False,"{""jit"": ""off"", ""max_parallel_workers_per_gather"": ""0""}"
1,Q13a,jsonb,measure,4,0.029,11.47,,6,Seq Scan,Seq Scan on T,8,545,8,545,4455,981,0,0,,0,0,8,False,"{""jit"": ""off"", ""max_parallel_workers_per_gather"": ""0""}"
1,Q13a,json,measure,4,0.027,103.193,,6,Seq Scan,Seq Scan on T,8,545,8,545,4455,1250,0,0,,0,0,8,False,"{""jit"": ""off"", ""max_parallel_workers_per_gather"": ""0""}"
1,Q13a,json,measure,5,0.043,110.317,,6,Seq Scan,Seq Scan on T,8,545,8,545,4455,1250,0,0,,0,0,8,False,"{""jit"": ""off"", ""max_parallel_workers_per_gather"": ""0""}"
1,Q13a,jsonb,measure,5,0.045,11.548,,6,Seq Scan,Seq Scan on T,8,545,8,545,4455,981,0,0,,0,0,8,False,"{""jit"": ""off"", ""max_parallel_workers_per_gather"": ""0""}"
1,Q13a,jsonb,measure,6,0.025,11.213,,6,Seq Scan,Seq Scan on T,8,545,8,545,4455,981,0,0,,0,0,8,False,"{""jit"": ""off"", ""max_parallel_workers_per_gather"": ""0""}"
1,Q13a,json,measure,6,0.052,107.294,,6,Seq Scan,Seq Scan on T,8,545,8,545,4455,1250,0,0,,0,0,8,False,"{""jit"": ""off"", ""max_parallel_workers_per_gather"": ""0""}"
1,Q13a,json,measure,7,0.045,102.172,,6,Seq Scan,Seq Scan on T,8,545,8,545,4455,1250,0,0,,0,0,8,False,"{""jit"": ""off"", ""max_parallel_workers_per_gather"": ""0""}"
1,Q13a,jsonb,measure,7,0.103,11.5,,6,Seq Scan,Seq Scan on T,8,545,8,545,4455,981,0,0,,0,0,8,False,"{""jit"": ""off"", ""max_parallel_workers_per_gather"": ""0""}"
1,Q13a,jsonb,measure,8,0.037,12.983,,6,Seq Scan,Seq Scan on T,8,545,8,545,4455,981,0,0,,0,0,8,False,"{""jit"": ""off"", ""max_parallel_workers_per_gather"": ""0""}"
1,Q13a,json,measure,8,0.031,99.169,,6,Seq Scan,Seq Scan on T,8,545,8,545,4455,1250,0,0,,0,0,8,False,"{""jit"": ""off"", ""max_parallel_workers_per_gather"": ""0""}"
1,Q13a,json,measure,9,0.04,106.807,,6,Seq Scan,Seq Scan on T,8,545,8,545,4455,1250,0,0,,0,0,8,False,"{""jit"": ""off"", ""max_parallel_workers_per_gather"": ""0""}"
1,Q13a,jsonb,measure,9,0.051,11.698,,6,Seq Scan,Seq Scan on T,8,545,8,545,4455,981,0,0,,0,0,8,False,"{""jit"": ""off"", ""max_parallel_workers_per_gather"": ""0""}"
1,Q13a,jsonb,measure,10,0.033,11.305,,6,Seq Scan,Seq Scan on T,8,545,8,545,4455,981,0,0,,0,0,8,False,"{""jit"": ""off"", ""max_parallel_workers_per_gather"": ""0""}"
1,Q13a,json,measure,10,0.032,101.007,,6,Seq Scan,Seq Scan on T,8,545,8,545,4455,1250,0,0,,0,0,8,False,"{""jit"": ""off"", ""max_parallel_workers_per_gather"": ""0""}"
1,Q13a,json,measure,11,0.043,105.813,,6,Seq Scan,Seq Scan on T,8,545,8,545,4455,1250,0,0,,0,0,8,False,"{""jit"": ""off"", ""max_parallel_workers_per_gather"": ""0""}"
1,Q13a,jsonb,measure,11,0.044,11.562,,6,Seq Scan,Seq Scan on T,8,545,8,545,4455,981,0,0,,0,0,8,False,"{""jit"": ""off"", ""max_parallel_workers_per_gather"": ""0""}"
1,Q13a,jsonb,measure,12,0.024,10.993,,6,Seq Scan,Seq Scan on T,8,545,8,545,4455,981,0,0,,0,0,8,False,"{""jit"": ""off"", ""max_parallel_workers_per_gather"": ""0""}"
1,Q13a,json,measure,12,0.029,98.939,,6,Seq Scan,Seq Scan on T,8,545,8,545,4455,1250,0,0,,0,0,8,False,"{""jit"": ""off"", ""max_parallel_workers_per_gather"": ""0""}"
1,Q13a,json,measure,13,0.039,121.175,,6,Seq Scan,Seq Scan on T,8,545,8,545,4455,1250,0,0,,0,0,8,False,"{""jit"": ""off"", ""max_parallel_workers_per_gather"": ""0""}"
1,Q13a,jsonb,measure,13,0.048,11.998,,6,Seq Scan,Seq Scan on T,8,545,8,545,4455,981,0,0,,0,0,8,False,"{""jit"": ""off"", ""max_parallel_workers_per_gather"": ""0""}"
1,Q13a,jsonb,measure,14,0.027,11.062,,6,Seq Scan,Seq Scan on T,8,545,8,545,4455,981,0,0,,0,0,8,False,"{""jit"": ""off"", ""max_parallel_workers_per_gather"": ""0""}"
1,Q13a,json,measure,14,0.031,106.855,,6,Seq Scan,Seq Scan on T,8,545,8,545,4455,1250,0,0,,0,0,8,False,"{""jit"": ""off"", ""max_parallel_workers_per_gather"": ""0""}"
1,Q13a,json,measure,15,0.044,121.594,,6,Seq Scan,Seq Scan on T,8,545,8,545,4455,1250,0,0,,0,0,8,False,"{""jit"": ""off"", ""max_parallel_workers_per_gather"": ""0""}"
1,Q13a,jsonb,measure,15,0.044,12.388,,6,Seq Scan,Seq Scan on T,8,545,8,545,4455,981,0,0,,0,0,8,False,"{""jit"": ""off"", ""max_parallel_workers_per_gather"": ""0""}"
1,Q13a,json,detail,1,0.027,107.658,0.055,6,Seq Scan,Seq Scan on T,8,545,8,545,4455,1250,0,0,,0,0,8,False,"{""jit"": ""off"", ""max_parallel_workers_per_gather"": ""0""}"
1,Q13a,jsonb,detail,1,0.039,11.438,0.037,6,Seq Scan,Seq Scan on T,8,545,8,545,4455,981,0,0,,0,0,8,False,"{""jit"": ""off"", ""max_parallel_workers_per_gather"": ""0""}"
1,Q13b,json,warmup,1,0.03,100.672,,2,Seq Scan,Seq Scan on T,25,173,25,173,4827,1250,0,0,,0,0,8,False,"{""jit"": ""off"", ""max_parallel_workers_per_gather"": ""0""}"
1,Q13b,jsonb,warmup,1,0.044,10.885,,2,Seq Scan,Seq Scan on T,25,173,25,173,4827,981,0,0,,0,0,8,False,"{""jit"": ""off"", ""max_parallel_workers_per_gather"": ""0""}"
1,Q13b,json,warmup,2,0.026,106.124,,2,Seq Scan,Seq Scan on T,25,173,25,173,4827,1250,0,0,,0,0,8,False,"{""jit"": ""off"", ""max_parallel_workers_per_gather"": ""0""}"
1,Q13b,jsonb,warmup,2,0.046,11.043,,2,Seq Scan,Seq Scan on T,25,173,25,173,4827,981,0,0,,0,0,8,False,"{""jit"": ""off"", ""max_parallel_workers_per_gather"": ""0""}"
1,Q13b,json,warmup,3,0.025,119.288,,2,Seq Scan,Seq Scan on T,25,173,25,173,4827,1250,0,0,,0,0,8,False,"{""jit"": ""off"", ""max_parallel_workers_per_gather"": ""0""}"
1,Q13b,jsonb,warmup,3,0.046,11.311,,2,Seq Scan,Seq Scan on T,25,173,25,173,4827,981,0,0,,0,0,8,False,"{""jit"": ""off"", ""max_parallel_workers_per_gather"": ""0""}"
1,Q13b,json,measure,1,0.027,107.302,,2,Seq Scan,Seq Scan on T,25,173,25,173,4827,1250,0,0,,0,0,8,False,"{""jit"": ""off"", ""max_parallel_workers_per_gather"": ""0""}"
1,Q13b,jsonb,measure,1,0.046,13.366,,2,Seq Scan,Seq Scan on T,25,173,25,173,4827,981,0,0,,0,0,8,False,"{""jit"": ""off"", ""max_parallel_workers_per_gather"": ""0""}"
1,Q13b,jsonb,measure,2,0.031,13.333,,2,Seq Scan,Seq Scan on T,25,173,25,173,4827,981,0,0,,0,0,8,False,"{""jit"": ""off"", ""max_parallel_workers_per_gather"": ""0""}"
1,Q13b,json,measure,2,0.039,103.554,,2,Seq Scan,Seq Scan on T,25,173,25,173,4827,1250,0,0,,0,0,8,False,"{""jit"": ""off"", ""max_parallel_workers_per_gather"": ""0""}"
1,Q13b,json,measure,3,0.044,108.527,,2,Seq Scan,Seq Scan on T,25,173,25,173,4827,1250,0,0,,0,0,8,False,"{""jit"": ""off"", ""max_parallel_workers_per_gather"": ""0""}"
1,Q13b,jsonb,measure,3,0.043,11.415,,2,Seq Scan,Seq Scan on T,25,173,25,173,4827,981,0,0,,0,0,8,False,"{""jit"": ""off"", ""max_parallel_workers_per_gather"": ""0""}"
1,Q13b,jsonb,measure,4,0.025,10.962,,2,Seq Scan,Seq Scan on T,25,173,25,173,4827,981,0,0,,0,0,8,False,"{""jit"": ""off"", ""max_parallel_workers_per_gather"": ""0""}"
1,Q13b,json,measure,4,0.031,103.949,,2,Seq Scan,Seq Scan on T,25,173,25,173,4827,1250,0,0,,0,0,8,False,"{""jit"": ""off"", ""max_parallel_workers_per_gather"": ""0""}"
1,Q13b,json,measure,5,0.046,105.656,,2,Seq Scan,Seq Scan on T,25,173,25,173,4827,1250,0,0,,0,0,8,False,"{""jit"": ""off"", ""max_parallel_workers_per_gather"": ""0""}"
1,Q13b,jsonb,measure,5,0.044,11.347,,2,Seq Scan,Seq Scan on T,25,173,25,173,4827,981,0,0,,0,0,8,False,"{""jit"": ""off"", ""max_parallel_workers_per_gather"": ""0""}"
1,Q13b,jsonb,measure,6,0.022,10.914,,2,Seq Scan,Seq Scan on T,25,173,25,173,4827,981,0,0,,0,0,8,False,"{""jit"": ""off"", ""max_parallel_workers_per_gather"": ""0""}"
1,Q13b,json,measure,6,0.034,103.986,,2,Seq Scan,Seq Scan on T,25,173,25,173,4827,1250,0,0,,0,0,8,False,"{""jit"": ""off"", ""max_parallel_workers_per_gather"": ""0""}"
1,Q13b,json,measure,7,0.042,104.491,,2,Seq Scan,Seq Scan on T,25,173,25,173,4827,1250,0,0,,0,0,8,False,"{""jit"": ""off"", ""max_parallel_workers_per_gather"": ""0""}"
1,Q13b,jsonb,measure,7,0.045,11.402,,2,Seq Scan,Seq Scan on T,25,173,25,173,4827,981,0,0,,0,0,8,False,"{""jit"": ""off"", ""max_parallel_workers_per_gather"": ""0""}"
1,Q13b,jsonb,measure,8,0.026,10.718,,2,Seq Scan,Seq Scan on T,25,173,25,173,4827,981,0,0,,0,0,8,False,"{""jit"": ""off"", ""max_parallel_workers_per_gather"": ""0""}"
1,Q13b,json,measure,8,0.033,107.177,,2,Seq Scan,Seq Scan on T,25,173,25,173,4827,1250,0,0,,0,0,8,False,"{""jit"": ""off"", ""max_parallel_workers_per_gather"": ""0""}"
1,Q13b,json,measure,9,0.047,104.854,,2,Seq Scan,Seq Scan on T,25,173,25,173,4827,1250,0,0,,0,0,8,False,"{""jit"": ""off"", ""max_parallel_workers_per_gather"": ""0""}"
1,Q13b,jsonb,measure,9,0.042,11.89,,2,Seq Scan,Seq Scan on T,25,173,25,173,4827,981,0,0,,0,0,8,False,"{""jit"": ""off"", ""max_parallel_workers_per_gather"": ""0""}"
1,Q13b,jsonb,measure,10,0.034,12.585,,2,Seq Scan,Seq Scan on T,25,173,25,173,4827,981,0,0,,0,0,8,False,"{""jit"": ""off"", ""max_parallel_workers_per_gather"": ""0""}"
1,Q13b,json,measure,10,0.065,103.866,,2,Seq Scan,Seq Scan on T,25,173,25,173,4827,1250,0,0,,0,0,8,False,"{""jit"": ""off"", ""max_parallel_workers_per_gather"": ""0""}"
1,Q13b,json,measure,11,0.044,106.273,,2,Seq Scan,Seq Scan on T,25,173,25,173,4827,1250,0,0,,0,0,8,False,"{""jit"": ""off"", ""max_parallel_workers_per_gather"": ""0""}"
1,Q13b,jsonb,measure,11,0.047,11.434,,2,Seq Scan,Seq Scan on T,25,173,25,173,4827,981,0,0,,0,0,8,False,"{""jit"": ""off"", ""max_parallel_workers_per_gather"": ""0""}"
1,Q13b,jsonb,measure,12,0.025,10.864,,2,Seq Scan,Seq Scan on T,25,173,25,173,4827,981,0,0,,0,0,8,False,"{""jit"": ""off"", ""max_parallel_workers_per_gather"": ""0""}"
1,Q13b,json,measure,12,0.033,101.274,,2,Seq Scan,Seq Scan on T,25,173,25,173,4827,1250,0,0,,0,0,8,False,"{""jit"": ""off"", ""max_parallel_workers_per_gather"": ""0""}"
1,Q13b,json,measure,13,0.044,109.059,,2,Seq Scan,Seq Scan on T,25,173,25,173,4827,1250,0,0,,0,0,8,False,"{""jit"": ""off"", ""max_parallel_workers_per_gather"": ""0""}"
1,Q13b,jsonb,measure,13,0.037,15.33,,2,Seq Scan,Seq Scan on T,25,173,25,173,4827,981,0,0,,0,0,8,False,"{""jit"": ""off"", ""max_parallel_workers_per_gather"": ""0""}"
1,Q13b,jsonb,measure,14,0.034,13.261,,2,Seq Scan,Seq Scan on T,25,173,25,173,4827,981,0,0,,0,0,8,False,"{""jit"": ""off"", ""max_parallel_workers_per_gather"": ""0""}"
1,Q13b,json,measure,14,0.033,104.231,,2,Seq Scan,Seq Scan on T,25,173,25,173,4827,1250,0,0,,0,0,8,False,"{""jit"": ""off"", ""max_parallel_workers_per_gather"": ""0""}"
1,Q13b,json,measure,15,0.051,106.937,,2,Seq Scan,Seq Scan on T,25,173,25,173,4827,1250,0,0,,0,0,8,False,"{""jit"": ""off"", ""max_parallel_workers_per_gather"": ""0""}"
1,Q13b,jsonb,measure,15,0.041,10.832,,2,Seq Scan,Seq Scan on T,25,173,25,173,4827,981,0,0,,0,0,8,False,"{""jit"": ""off"", ""max_parallel_workers_per_gather"": ""0""}"
1,Q13b,json,detail,1,0.028,102.706,0.023,2,Seq Scan,Seq Scan on T,25,173,25,173,4827,1250,0,0,,0,0,8,False,"{""jit"": ""off"", ""max_parallel_workers_per_gather"": ""0""}"
1,Q13b,jsonb,detail,1,0.044,11.409,0.015,2,Seq Scan,Seq Scan on T,25,173,25,173,4827,981,0,0,,0,0,8,False,"{""jit"": ""off"", ""max_parallel_workers_per_gather"": ""0""}"
1,Q14,json,warmup,1,0.045,59.878,,1,Seq Scan,Seq Scan on T [Function Scan <type>_array_elements_text],2500,3,2500,3,4997,1250,0,0,,0,0,25,False,"{""jit"": ""off"", ""max_parallel_workers_per_gather"": ""0""}"
1,Q14,jsonb,warmup,1,0.049,12.883,,1,Seq Scan,Seq Scan on T [Function Scan <type>_array_elements_text],2500,3,2500,3,4997,981,0,0,,0,0,25,False,"{""jit"": ""off"", ""max_parallel_workers_per_gather"": ""0""}"
1,Q14,json,warmup,2,0.037,71.405,,1,Seq Scan,Seq Scan on T [Function Scan <type>_array_elements_text],2500,3,2500,3,4997,1250,0,0,,0,0,25,False,"{""jit"": ""off"", ""max_parallel_workers_per_gather"": ""0""}"
1,Q14,jsonb,warmup,2,0.056,13.468,,1,Seq Scan,Seq Scan on T [Function Scan <type>_array_elements_text],2500,3,2500,3,4997,981,0,0,,0,0,25,False,"{""jit"": ""off"", ""max_parallel_workers_per_gather"": ""0""}"
1,Q14,json,warmup,3,0.037,59.097,,1,Seq Scan,Seq Scan on T [Function Scan <type>_array_elements_text],2500,3,2500,3,4997,1250,0,0,,0,0,25,False,"{""jit"": ""off"", ""max_parallel_workers_per_gather"": ""0""}"
1,Q14,jsonb,warmup,3,0.057,12.887,,1,Seq Scan,Seq Scan on T [Function Scan <type>_array_elements_text],2500,3,2500,3,4997,981,0,0,,0,0,25,False,"{""jit"": ""off"", ""max_parallel_workers_per_gather"": ""0""}"
1,Q14,json,measure,1,0.038,63.902,,1,Seq Scan,Seq Scan on T [Function Scan <type>_array_elements_text],2500,3,2500,3,4997,1250,0,0,,0,0,25,False,"{""jit"": ""off"", ""max_parallel_workers_per_gather"": ""0""}"
1,Q14,jsonb,measure,1,0.06,13.243,,1,Seq Scan,Seq Scan on T [Function Scan <type>_array_elements_text],2500,3,2500,3,4997,981,0,0,,0,0,25,False,"{""jit"": ""off"", ""max_parallel_workers_per_gather"": ""0""}"
1,Q14,jsonb,measure,2,0.032,12.962,,1,Seq Scan,Seq Scan on T [Function Scan <type>_array_elements_text],2500,3,2500,3,4997,981,0,0,,0,0,25,False,"{""jit"": ""off"", ""max_parallel_workers_per_gather"": ""0""}"
1,Q14,json,measure,2,0.04,64.085,,1,Seq Scan,Seq Scan on T [Function Scan <type>_array_elements_text],2500,3,2500,3,4997,1250,0,0,,0,0,25,False,"{""jit"": ""off"", ""max_parallel_workers_per_gather"": ""0""}"
1,Q14,json,measure,3,0.061,62.11,,1,Seq Scan,Seq Scan on T [Function Scan <type>_array_elements_text],2500,3,2500,3,4997,1250,0,0,,0,0,25,False,"{""jit"": ""off"", ""max_parallel_workers_per_gather"": ""0""}"
1,Q14,jsonb,measure,3,0.055,13.519,,1,Seq Scan,Seq Scan on T [Function Scan <type>_array_elements_text],2500,3,2500,3,4997,981,0,0,,0,0,25,False,"{""jit"": ""off"", ""max_parallel_workers_per_gather"": ""0""}"
1,Q14,jsonb,measure,4,0.037,13.21,,1,Seq Scan,Seq Scan on T [Function Scan <type>_array_elements_text],2500,3,2500,3,4997,981,0,0,,0,0,25,False,"{""jit"": ""off"", ""max_parallel_workers_per_gather"": ""0""}"
1,Q14,json,measure,4,0.044,64.069,,1,Seq Scan,Seq Scan on T [Function Scan <type>_array_elements_text],2500,3,2500,3,4997,1250,0,0,,0,0,25,False,"{""jit"": ""off"", ""max_parallel_workers_per_gather"": ""0""}"
1,Q14,json,measure,5,0.061,62.585,,1,Seq Scan,Seq Scan on T [Function Scan <type>_array_elements_text],2500,3,2500,3,4997,1250,0,0,,0,0,25,False,"{""jit"": ""off"", ""max_parallel_workers_per_gather"": ""0""}"
1,Q14,jsonb,measure,5,0.052,15.141,,1,Seq Scan,Seq Scan on T [Function Scan <type>_array_elements_text],2500,3,2500,3,4997,981,0,0,,0,0,25,False,"{""jit"": ""off"", ""max_parallel_workers_per_gather"": ""0""}"
1,Q14,jsonb,measure,6,0.045,13.242,,1,Seq Scan,Seq Scan on T [Function Scan <type>_array_elements_text],2500,3,2500,3,4997,981,0,0,,0,0,25,False,"{""jit"": ""off"", ""max_parallel_workers_per_gather"": ""0""}"
1,Q14,json,measure,6,0.039,66.728,,1,Seq Scan,Seq Scan on T [Function Scan <type>_array_elements_text],2500,3,2500,3,4997,1250,0,0,,0,0,25,False,"{""jit"": ""off"", ""max_parallel_workers_per_gather"": ""0""}"
1,Q14,json,measure,7,0.061,61.364,,1,Seq Scan,Seq Scan on T [Function Scan <type>_array_elements_text],2500,3,2500,3,4997,1250,0,0,,0,0,25,False,"{""jit"": ""off"", ""max_parallel_workers_per_gather"": ""0""}"
1,Q14,jsonb,measure,7,0.046,14.365,,1,Seq Scan,Seq Scan on T [Function Scan <type>_array_elements_text],2500,3,2500,3,4997,981,0,0,,0,0,25,False,"{""jit"": ""off"", ""max_parallel_workers_per_gather"": ""0""}"
1,Q14,jsonb,measure,8,0.04,12.812,,1,Seq Scan,Seq Scan on T [Function Scan <type>_array_elements_text],2500,3,2500,3,4997,981,0,0,,0,0,25,False,"{""jit"": ""off"", ""max_parallel_workers_per_gather"": ""0""}"
1,Q14,json,measure,8,0.039,64.336,,1,Seq Scan,Seq Scan on T [Function Scan <type>_array_elements_text],2500,3,2500,3,4997,1250,0,0,,0,0,25,False,"{""jit"": ""off"", ""max_parallel_workers_per_gather"": ""0""}"
1,Q14,json,measure,9,0.058,63.26,,1,Seq Scan,Seq Scan on T [Function Scan <type>_array_elements_text],2500,3,2500,3,4997,1250,0,0,,0,0,25,False,"{""jit"": ""off"", ""max_parallel_workers_per_gather"": ""0""}"
1,Q14,jsonb,measure,9,0.064,13.315,,1,Seq Scan,Seq Scan on T [Function Scan <type>_array_elements_text],2500,3,2500,3,4997,981,0,0,,0,0,25,False,"{""jit"": ""off"", ""max_parallel_workers_per_gather"": ""0""}"
1,Q14,jsonb,measure,10,0.032,13.194,,1,Seq Scan,Seq Scan on T [Function Scan <type>_array_elements_text],2500,3,2500,3,4997,981,0,0,,0,0,25,False,"{""jit"": ""off"", ""max_parallel_workers_per_gather"": ""0""}"
1,Q14,json,measure,10,0.043,64.057,,1,Seq Scan,Seq Scan on T [Function Scan <type>_array_elements_text],2500,3,2500,3,4997,1250,0,0,,0,0,25,False,"{""jit"": ""off"", ""max_parallel_workers_per_gather"": ""0""}"
1,Q14,json,measure,11,0.056,72.308,,1,Seq Scan,Seq Scan on T [Function Scan <type>_array_elements_text],2500,3,2500,3,4997,1250,0,0,,0,0,25,False,"{""jit"": ""off"", ""max_parallel_workers_per_gather"": ""0""}"
1,Q14,jsonb,measure,11,0.061,13.728,,1,Seq Scan,Seq Scan on T [Function Scan <type>_array_elements_text],2500,3,2500,3,4997,981,0,0,,0,0,25,False,"{""jit"": ""off"", ""max_parallel_workers_per_gather"": ""0""}"
1,Q14,jsonb,measure,12,0.036,12.472,,1,Seq Scan,Seq Scan on T [Function Scan <type>_array_elements_text],2500,3,2500,3,4997,981,0,0,,0,0,25,False,"{""jit"": ""off"", ""max_parallel_workers_per_gather"": ""0""}"
1,Q14,json,measure,12,0.039,66.275,,1,Seq Scan,Seq Scan on T [Function Scan <type>_array_elements_text],2500,3,2500,3,4997,1250,0,0,,0,0,25,False,"{""jit"": ""off"", ""max_parallel_workers_per_gather"": ""0""}"
1,Q14,json,measure,13,0.061,64.295,,1,Seq Scan,Seq Scan on T [Function Scan <type>_array_elements_text],2500,3,2500,3,4997,1250,0,0,,0,0,25,False,"{""jit"": ""off"", ""max_parallel_workers_per_gather"": ""0""}"
1,Q14,jsonb,measure,13,0.06,13.327,,1,Seq Scan,Seq Scan on T [Function Scan <type>_array_elements_text],2500,3,2500,3,4997,981,0,0,,0,0,25,False,"{""jit"": ""off"", ""max_parallel_workers_per_gather"": ""0""}"
1,Q14,jsonb,measure,14,0.036,12.49,,1,Seq Scan,Seq Scan on T [Function Scan <type>_array_elements_text],2500,3,2500,3,4997,981,0,0,,0,0,25,False,"{""jit"": ""off"", ""max_parallel_workers_per_gather"": ""0""}"
1,Q14,json,measure,14,0.038,75.758,,1,Seq Scan,Seq Scan on T [Function Scan <type>_array_elements_text],2500,3,2500,3,4997,1250,0,0,,0,0,25,False,"{""jit"": ""off"", ""max_parallel_workers_per_gather"": ""0""}"
1,Q14,json,measure,15,0.052,64.052,,1,Seq Scan,Seq Scan on T [Function Scan <type>_array_elements_text],2500,3,2500,3,4997,1250,0,0,,0,0,25,False,"{""jit"": ""off"", ""max_parallel_workers_per_gather"": ""0""}"
1,Q14,jsonb,measure,15,0.048,13.172,,1,Seq Scan,Seq Scan on T [Function Scan <type>_array_elements_text],2500,3,2500,3,4997,981,0,0,,0,0,25,False,"{""jit"": ""off"", ""max_parallel_workers_per_gather"": ""0""}"
1,Q14,json,detail,1,0.036,64.457,0.002,1,Seq Scan,Seq Scan on T [Function Scan <type>_array_elements_text],2500,3,2500,3,4997,1250,0,0,,0,0,25,False,"{""jit"": ""off"", ""max_parallel_workers_per_gather"": ""0""}"
1,Q14,jsonb,detail,1,0.063,13.684,0.001,1,Seq Scan,Seq Scan on T [Function Scan <type>_array_elements_text],2500,3,2500,3,4997,981,0,0,,0,0,25,False,"{""jit"": ""off"", ""max_parallel_workers_per_gather"": ""0""}"
1,Q15,json,warmup,1,0.026,130.721,,29,Seq Scan,Seq Scan on T,4975,2941,4975,2941,2059,1250,0,0,,0,0,8,False,"{""jit"": ""off"", ""max_parallel_workers_per_gather"": ""0""}"
1,Q15,jsonb,warmup,1,0.042,11.542,,29,Seq Scan,Seq Scan on T,4975,2941,4975,2941,2059,981,0,0,,0,0,8,False,"{""jit"": ""off"", ""max_parallel_workers_per_gather"": ""0""}"
1,Q15,json,warmup,2,0.026,111.247,,29,Seq Scan,Seq Scan on T,4975,2941,4975,2941,2059,1250,0,0,,0,0,8,False,"{""jit"": ""off"", ""max_parallel_workers_per_gather"": ""0""}"
1,Q15,jsonb,warmup,2,0.042,11.414,,29,Seq Scan,Seq Scan on T,4975,2941,4975,2941,2059,981,0,0,,0,0,8,False,"{""jit"": ""off"", ""max_parallel_workers_per_gather"": ""0""}"
1,Q15,json,warmup,3,0.022,112.373,,29,Seq Scan,Seq Scan on T,4975,2941,4975,2941,2059,1250,0,0,,0,0,8,False,"{""jit"": ""off"", ""max_parallel_workers_per_gather"": ""0""}"
1,Q15,jsonb,warmup,3,0.043,11.325,,29,Seq Scan,Seq Scan on T,4975,2941,4975,2941,2059,981,0,0,,0,0,8,False,"{""jit"": ""off"", ""max_parallel_workers_per_gather"": ""0""}"
1,Q15,json,measure,1,0.023,112.407,,29,Seq Scan,Seq Scan on T,4975,2941,4975,2941,2059,1250,0,0,,0,0,8,False,"{""jit"": ""off"", ""max_parallel_workers_per_gather"": ""0""}"
1,Q15,jsonb,measure,1,0.043,11.388,,29,Seq Scan,Seq Scan on T,4975,2941,4975,2941,2059,981,0,0,,0,0,8,False,"{""jit"": ""off"", ""max_parallel_workers_per_gather"": ""0""}"
1,Q15,jsonb,measure,2,0.021,11.131,,29,Seq Scan,Seq Scan on T,4975,2941,4975,2941,2059,981,0,0,,0,0,8,False,"{""jit"": ""off"", ""max_parallel_workers_per_gather"": ""0""}"
1,Q15,json,measure,2,0.029,106.274,,29,Seq Scan,Seq Scan on T,4975,2941,4975,2941,2059,1250,0,0,,0,0,8,False,"{""jit"": ""off"", ""max_parallel_workers_per_gather"": ""0""}"
1,Q15,json,measure,3,0.035,107.417,,29,Seq Scan,Seq Scan on T,4975,2941,4975,2941,2059,1250,0,0,,0,0,8,False,"{""jit"": ""off"", ""max_parallel_workers_per_gather"": ""0""}"
1,Q15,jsonb,measure,3,0.04,13.762,,29,Seq Scan,Seq Scan on T,4975,2941,4975,2941,2059,981,0,0,,0,0,8,False,"{""jit"": ""off"", ""max_parallel_workers_per_gather"": ""0""}"
1,Q15,jsonb,measure,4,0.036,12.755,,29,Seq Scan,Seq Scan on T,4975,2941,4975,2941,2059,981,0,0,,0,0,8,False,"{""jit"": ""off"", ""max_parallel_workers_per_gather"": ""0""}"
1,Q15,json,measure,4,0.034,105.68,,29,Seq Scan,Seq Scan on T,4975,2941,4975,2941,2059,1250,0,0,,0,0,8,False,"{""jit"": ""off"", ""max_parallel_workers_per_gather"": ""0""}"
1,Q15,json,measure,5,0.04,105.788,,29,Seq Scan,Seq Scan on T,4975,2941,4975,2941,2059,1250,0,0,,0,0,8,False,"{""jit"": ""off"", ""max_parallel_workers_per_gather"": ""0""}"
1,Q15,jsonb,measure,5,0.039,11.501,,29,Seq Scan,Seq Scan on T,4975,2941,4975,2941,2059,981,0,0,,0,0,8,False,"{""jit"": ""off"", ""max_parallel_workers_per_gather"": ""0""}"
1,Q15,jsonb,measure,6,0.023,13.139,,29,Seq Scan,Seq Scan on T,4975,2941,4975,2941,2059,981,0,0,,0,0,8,False,"{""jit"": ""off"", ""max_parallel_workers_per_gather"": ""0""}"
1,Q15,json,measure,6,0.036,106.011,,29,Seq Scan,Seq Scan on T,4975,2941,4975,2941,2059,1250,0,0,,0,0,8,False,"{""jit"": ""off"", ""max_parallel_workers_per_gather"": ""0""}"
1,Q15,json,measure,7,0.04,108.189,,29,Seq Scan,Seq Scan on T,4975,2941,4975,2941,2059,1250,0,0,,0,0,8,False,"{""jit"": ""off"", ""max_parallel_workers_per_gather"": ""0""}"
1,Q15,jsonb,measure,7,0.039,20.255,,29,Seq Scan,Seq Scan on T,4975,2941,4975,2941,2059,981,0,0,,0,0,8,False,"{""jit"": ""off"", ""max_parallel_workers_per_gather"": ""0""}"
1,Q15,jsonb,measure,8,0.032,12.002,,29,Seq Scan,Seq Scan on T,4975,2941,4975,2941,2059,981,0,0,,0,0,8,False,"{""jit"": ""off"", ""max_parallel_workers_per_gather"": ""0""}"
1,Q15,json,measure,8,0.026,105.584,,29,Seq Scan,Seq Scan on T,4975,2941,4975,2941,2059,1250,0,0,,0,0,8,False,"{""jit"": ""off"", ""max_parallel_workers_per_gather"": ""0""}"
1,Q15,json,measure,9,0.037,119.294,,29,Seq Scan,Seq Scan on T,4975,2941,4975,2941,2059,1250,0,0,,0,0,8,False,"{""jit"": ""off"", ""max_parallel_workers_per_gather"": ""0""}"
1,Q15,jsonb,measure,9,0.045,11.709,,29,Seq Scan,Seq Scan on T,4975,2941,4975,2941,2059,981,0,0,,0,0,8,False,"{""jit"": ""off"", ""max_parallel_workers_per_gather"": ""0""}"
1,Q15,jsonb,measure,10,0.021,11.55,,29,Seq Scan,Seq Scan on T,4975,2941,4975,2941,2059,981,0,0,,0,0,8,False,"{""jit"": ""off"", ""max_parallel_workers_per_gather"": ""0""}"
1,Q15,json,measure,10,0.032,103.693,,29,Seq Scan,Seq Scan on T,4975,2941,4975,2941,2059,1250,0,0,,0,0,8,False,"{""jit"": ""off"", ""max_parallel_workers_per_gather"": ""0""}"
1,Q15,json,measure,11,0.04,112.348,,29,Seq Scan,Seq Scan on T,4975,2941,4975,2941,2059,1250,0,0,,0,0,8,False,"{""jit"": ""off"", ""max_parallel_workers_per_gather"": ""0""}"
1,Q15,jsonb,measure,11,0.044,13.291,,29,Seq Scan,Seq Scan on T,4975,2941,4975,2941,2059,981,0,0,,0,0,8,False,"{""jit"": ""off"", ""max_parallel_workers_per_gather"": ""0""}"
1,Q15,jsonb,measure,12,0.041,10.516,,29,Seq Scan,Seq Scan on T,4975,2941,4975,2941,2059,981,0,0,,0,0,8,False,"{""jit"": ""off"", ""max_parallel_workers_per_gather"": ""0""}"
1,Q15,json,measure,12,0.023,106.269,,29,Seq Scan,Seq Scan on T,4975,2941,4975,2941,2059,1250,0,0,,0,0,8,False,"{""jit"": ""off"", ""max_parallel_workers_per_gather"": ""0""}"
1,Q15,json,measure,13,0.036,114.487,,29,Seq Scan,Seq Scan on T,4975,2941,4975,2941,2059,1250,0,0,,0,0,8,False,"{""jit"": ""off"", ""max_parallel_workers_per_gather"": ""0""}"
1,Q15,jsonb,measure,13,0.04,11.869,,29,Seq Scan,Seq Scan on T,4975,2941,4975,2941,2059,981,0,0,,0,0,8,False,"{""jit"": ""off"", ""max_parallel_workers_per_gather"": ""0""}"
1,Q15,jsonb,measure,14,0.022,10.624,,29,Seq Scan,Seq Scan on T,4975,2941,4975,2941,2059,981,0,0,,0,0,8,False,"{""jit"": ""off"", ""max_parallel_workers_per_gather"": ""0""}"
1,Q15,json,measure,14,0.041,98.726,,29,Seq Scan,Seq Scan on T,4975,2941,4975,2941,2059,1250,0,0,,0,0,8,False,"{""jit"": ""off"", ""max_parallel_workers_per_gather"": ""0""}"
1,Q15,json,measure,15,0.049,101.82,,29,Seq Scan,Seq Scan on T,4975,2941,4975,2941,2059,1250,0,0,,0,0,8,False,"{""jit"": ""off"", ""max_parallel_workers_per_gather"": ""0""}"
1,Q15,jsonb,measure,15,0.038,16.165,,29,Seq Scan,Seq Scan on T,4975,2941,4975,2941,2059,981,0,0,,0,0,8,False,"{""jit"": ""off"", ""max_parallel_workers_per_gather"": ""0""}"
1,Q15,json,detail,1,0.032,105.717,0.37,29,Seq Scan,Seq Scan on T,4975,2941,4975,2941,2059,1250,0,0,,0,0,8,False,"{""jit"": ""off"", ""max_parallel_workers_per_gather"": ""0""}"
1,Q15,jsonb,detail,1,0.038,11.665,0.244,29,Seq Scan,Seq Scan on T,4975,2941,4975,2941,2059,981,0,0,,0,0,8,False,"{""jit"": ""off"", ""max_parallel_workers_per_gather"": ""0""}"
1,Q16,json,warmup,1,0.034,85.939,,1,Seq Scan,Seq Scan on T,1,78,1,78,4922,1250,0,0,,0,0,11,False,"{""jit"": ""off"", ""max_parallel_workers_per_gather"": ""0""}"
1,Q16,jsonb,warmup,1,0.051,13.623,,1,Seq Scan,Seq Scan on T,1,78,1,78,4922,981,0,0,,0,0,11,False,"{""jit"": ""off"", ""max_parallel_workers_per_gather"": ""0""}"
1,Q16,json,warmup,2,0.035,72.506,,1,Seq Scan,Seq Scan on T,1,78,1,78,4922,1250,0,0,,0,0,11,False,"{""jit"": ""off"", ""max_parallel_workers_per_gather"": ""0""}"
1,Q16,jsonb,warmup,2,0.048,12.09,,1,Seq Scan,Seq Scan on T,1,78,1,78,4922,981,0,0,,0,0,11,False,"{""jit"": ""off"", ""max_parallel_workers_per_gather"": ""0""}"
1,Q16,json,warmup,3,0.032,79.962,,1,Seq Scan,Seq Scan on T,1,78,1,78,4922,1250,0,0,,0,0,11,False,"{""jit"": ""off"", ""max_parallel_workers_per_gather"": ""0""}"
1,Q16,jsonb,warmup,3,0.051,12.345,,1,Seq Scan,Seq Scan on T,1,78,1,78,4922,981,0,0,,0,0,11,False,"{""jit"": ""off"", ""max_parallel_workers_per_gather"": ""0""}"
1,Q16,json,measure,1,0.03,76.844,,1,Seq Scan,Seq Scan on T,1,78,1,78,4922,1250,0,0,,0,0,11,False,"{""jit"": ""off"", ""max_parallel_workers_per_gather"": ""0""}"
1,Q16,jsonb,measure,1,0.046,12.261,,1,Seq Scan,Seq Scan on T,1,78,1,78,4922,981,0,0,,0,0,11,False,"{""jit"": ""off"", ""max_parallel_workers_per_gather"": ""0""}"
1,Q16,jsonb,measure,2,0.038,12.016,,1,Seq Scan,Seq Scan on T,1,78,1,78,4922,981,0,0,,0,0,11,False,"{""jit"": ""off"", ""max_parallel_workers_per_gather"": ""0""}"
1,Q16,json,measure,2,0.034,71.752,,1,Seq Scan,Seq Scan on T,1,78,1,78,4922,1250,0,0,,0,0,11,False,"{""jit"": ""off"", ""max_parallel_workers_per_gather"": ""0""}"
1,Q16,json,measure,3,0.045,76.634,,1,Seq Scan,Seq Scan on T,1,78,1,78,4922,1250,0,0,,0,0,11,False,"{""jit"": ""off"", ""max_parallel_workers_per_gather"": ""0""}"
1,Q16,jsonb,measure,3,0.043,12.551,,1,Seq Scan,Seq Scan on T,1,78,1,78,4922,981,0,0,,0,0,11,False,"{""jit"": ""off"", ""max_parallel_workers_per_gather"": ""0""}"
1,Q16,jsonb,measure,4,0.032,11.716,,1,Seq Scan,Seq Scan on T,1,78,1,78,4922,981,0,0,,0,0,11,False,"{""jit"": ""off"", ""max_parallel_workers_per_gather"": ""0""}"
1,Q16,json,measure,4,0.031,82.114,,1,Seq Scan,Seq Scan on T,1,78,1,78,4922,1250,0,0,,0,0,11,False,"{""jit"": ""off"", ""max_parallel_workers_per_gather"": ""0""}"
1,Q16,json,measure,5,0.051,79.072,,1,Seq Scan,Seq Scan on T,1,78,1,78,4922,1250,0,0,,0,0,11,False,"{""jit"": ""off"", ""max_parallel_workers_per_gather"": ""0""}"
1,Q16,jsonb,measure,5,0.049,12.278,,1,Seq Scan,Seq Scan on T,1,78,1,78,4922,981,0,0,,0,0,11,False,"{""jit"": ""off"", ""max_parallel_workers_per_gather"": ""0""}"
1,Q16,jsonb,measure,6,0.031,11.885,,1,Seq Scan,Seq Scan on T,1,78,1,78,4922,981,0,0,,0,0,11,False,"{""jit"": ""off"", ""max_parallel_workers_per_gather"": ""0""}"
1,Q16,json,measure,6,0.029,91.748,,1,Seq Scan,Seq Scan on T,1,78,1,78,4922,1250,0,0,,0,0,11,False,"{""jit"": ""off"", ""max_parallel_workers_per_gather"": ""0""}"
1,Q16,json,measure,7,0.052,75.399,,1,Seq Scan,Seq Scan on T,1,78,1,78,4922,1250,0,0,,0,0,11,False,"{""jit"": ""off"", ""max_parallel_workers_per_gather"": ""0""}"
1,Q16,jsonb,measure,7,0.044,11.9,,1,Seq Scan,Seq Scan on T,1,78,1,78,4922,981,0,0,,0,0,11,False,"{""jit"": ""off"", ""max_parallel_workers_per_gather"": ""0""}"
1,Q16,jsonb,measure,8,0.028,11.29,,1,Seq Scan,Seq Scan on T,1,78,1,78,4922,981,0,0,,0,0,11,False,"{""jit"": ""off"", ""max_parallel_workers_per_gather"": ""0""}"
1,Q16,json,measure,8,0.029,79.086,,1,Seq Scan,Seq Scan on T,1,78,1,78,4922,1250,0,0,,0,0,11,False,"{""jit"": ""off"", ""max_parallel_workers_per_gather"": ""0""}"
1,Q16,json,measure,9,0.046,95.562,,1,Seq Scan,Seq Scan on T,1,78,1,78,4922,1250,0,0,,0,0,11,False,"{""jit"": ""off"", ""max_parallel_workers_per_gather"": ""0""}"
1,Q16,jsonb,measure,9,0.054,12.145,,1,Seq Scan,Seq Scan on T,1,78,1,78,4922,981,0,0,,0,0,11,False,"{""jit"": ""off"", ""max_parallel_workers_per_gather"": ""0""}"
1,Q16,jsonb,measure,10,0.03,12.963,,1,Seq Scan,Seq Scan on T,1,78,1,78,4922,981,0,0,,0,0,11,False,"{""jit"": ""off"", ""max_parallel_workers_per_gather"": ""0""}"
1,Q16,json,measure,10,0.036,76.968,,1,Seq Scan,Seq Scan on T,1,78,1,78,4922,1250,0,0,,0,0,11,False,"{""jit"": ""off"", ""max_parallel_workers_per_gather"": ""0""}"
1,Q16,json,measure,11,0.045,95.196,,1,Seq Scan,Seq Scan on T,1,78,1,78,4922,1250,0,0,,0,0,11,False,"{""jit"": ""off"", ""max_parallel_workers_per_gather"": ""0""}"
1,Q16,jsonb,measure,11,0.054,12.186,,1,Seq Scan,Seq Scan on T,1,78,1,78,4922,981,0,0,,0,0,11,False,"{""jit"": ""off"", ""max_parallel_workers_per_gather"": ""0""}"
1,Q16,jsonb,measure,12,0.029,11.827,,1,Seq Scan,Seq Scan on T,1,78,1,78,4922,981,0,0,,0,0,11,False,"{""jit"": ""off"", ""max_parallel_workers_per_gather"": ""0""}"
1,Q16,json,measure,12,0.037,75.502,,1,Seq Scan,Seq Scan on T,1,78,1,78,4922,1250,0,0,,0,0,11,False,"{""jit"": ""off"", ""max_parallel_workers_per_gather"": ""0""}"
1,Q16,json,measure,13,0.041,75.6,,1,Seq Scan,Seq Scan on T,1,78,1,78,4922,1250,0,0,,0,0,11,False,"{""jit"": ""off"", ""max_parallel_workers_per_gather"": ""0""}"
1,Q16,jsonb,measure,13,0.047,17.65,,1,Seq Scan,Seq Scan on T,1,78,1,78,4922,981,0,0,,0,0,11,False,"{""jit"": ""off"", ""max_parallel_workers_per_gather"": ""0""}"
1,Q16,jsonb,measure,14,0.036,13.562,,1,Seq Scan,Seq Scan on T,1,78,1,78,4922,981,0,0,,0,0,11,False,"{""jit"": ""off"", ""max_parallel_workers_per_gather"": ""0""}"
1,Q16,json,measure,14,0.037,79.826,,1,Seq Scan,Seq Scan on T,1,78,1,78,4922,1250,0,0,,0,0,11,False,"{""jit"": ""off"", ""max_parallel_workers_per_gather"": ""0""}"
1,Q16,json,measure,15,0.044,73.483,,1,Seq Scan,Seq Scan on T,1,78,1,78,4922,1250,0,0,,0,0,11,False,"{""jit"": ""off"", ""max_parallel_workers_per_gather"": ""0""}"
1,Q16,jsonb,measure,15,0.044,11.845,,1,Seq Scan,Seq Scan on T,1,78,1,78,4922,981,0,0,,0,0,11,False,"{""jit"": ""off"", ""max_parallel_workers_per_gather"": ""0""}"
1,Q16,json,detail,1,0.029,87.777,0.016,1,Seq Scan,Seq Scan on T,1,78,1,78,4922,1250,0,0,,0,0,11,False,"{""jit"": ""off"", ""max_parallel_workers_per_gather"": ""0""}"
1,Q16,jsonb,detail,1,0.048,11.847,0.008,1,Seq Scan,Seq Scan on T,1,78,1,78,4922,981,0,0,,0,0,11,False,"{""jit"": ""off"", ""max_parallel_workers_per_gather"": ""0""}"
1,Q17,json,warmup,1,0.06,109.609,,1,Aggregate,Aggregate [Seq Scan on T],200,8,5000,5000,,1250,0,0,,0,3,13,False,"{""jit"": ""off"", ""max_parallel_workers_per_gather"": ""0""}"
1,Q17,jsonb,warmup,1,0.054,11.114,,1,Aggregate,Aggregate [Seq Scan on T],5000,8,5000,5000,,981,0,0,,0,0,13,False,"{""jit"": ""off"", ""max_parallel_workers_per_gather"": ""0""}"
1,Q17,json,warmup,2,0.038,109.063,,1,Aggregate,Aggregate [Seq Scan on T],200,8,5000,5000,,1250,0,0,,0,0,13,False,"{""jit"": ""off"", ""max_parallel_workers_per_gather"": ""0""}"
1,Q17,jsonb,warmup,2,0.057,11.668,,1,Aggregate,Aggregate [Seq Scan on T],5000,8,5000,5000,,981,0,0,,0,0,13,False,"{""jit"": ""off"", ""max_parallel_workers_per_gather"": ""0""}"
1,Q17,json,warmup,3,0.032,110.338,,1,Aggregate,Aggregate [Seq Scan on T],200,8,5000,5000,,1250,0,0,,0,0,13,False,"{""jit"": ""off"", ""max_parallel_workers_per_gather"": ""0""}"
1,Q17,jsonb,warmup,3,0.055,12.052,,1,Aggregate,Aggregate [Seq Scan on T],5000,8,5000,5000,,981,0,0,,0,0,13,False,"{""jit"": ""off"", ""max_parallel_workers_per_gather"": ""0""}"
1,Q17,json,measure,1,0.032,104.13,,1,Aggregate,Aggregate [Seq Scan on T],200,8,5000,5000,,1250,0,0,,0,0,13,False,"{""jit"": ""off"", ""max_parallel_workers_per_gather"": ""0""}"
1,Q17,jsonb,measure,1,0.052,11.596,,1,Aggregate,Aggregate [Seq Scan on T],5000,8,5000,5000,,981,0,0,,0,0,13,False,"{""jit"": ""off"", ""max_parallel_workers_per_gather"": ""0""}"
1,Q17,jsonb,measure,2,0.028,11.88,,1,Aggregate,Aggregate [Seq Scan on T],5000,8,5000,5000,,981,0,0,,0,0,13,False,"{""jit"": ""off"", ""max_parallel_workers_per_gather"": ""0""}"
1,Q17,json,measure,2,0.038,100.551,,1,Aggregate,Aggregate [Seq Scan on T],200,8,5000,5000,,1250,0,0,,0,0,13,False,"{""jit"": ""off"", ""max_parallel_workers_per_gather"": ""0""}"
1,Q17,json,measure,3,0.053,122.983,,1,Aggregate,Aggregate [Seq Scan on T],200,8,5000,5000,,1250,0,0,,0,0,13,False,"{""jit"": ""off"", ""max_parallel_workers_per_gather"": ""0""}"
1,Q17,jsonb,measure,3,0.057,12.421,,1,Aggregate,Aggregate [Seq Scan on T],5000,8,5000,5000,,981,0,0,,0,0,13,False,"{""jit"": ""off"", ""max_parallel_workers_per_gather"": ""0""}"
1,Q17,jsonb,measure,4,0.038,11.201,,1,Aggregate,Aggregate [Seq Scan on T],5000,8,5000,5000,,981,0,0,,0,0,13,False,"{""jit"": ""off"", ""max_parallel_workers_per_gather"": ""0""}"
1,Q17,json,measure,4,0.034,100.015,,1,Aggregate,Aggregate [Seq Scan on T],200,8,5000,5000,,1250,0,0,,0,0,13,False,"{""jit"": ""off"", ""max_parallel_workers_per_gather"": ""0""}"
1,Q17,json,measure,5,0.044,117.41,,1,Aggregate,Aggregate [Seq Scan on T],200,8,5000,5000,,1250,0,0,,0,0,13,False,"{""jit"": ""off"", ""max_parallel_workers_per_gather"": ""0""}"
1,Q17,jsonb,measure,5,0.069,11.494,,1,Aggregate,Aggregate [Seq Scan on T],5000,8,5000,5000,,981,0,0,,0,0,13,False,"{""jit"": ""off"", ""max_parallel_workers_per_gather"": ""0""}"
1,Q17,jsonb,measure,6,0.029,11.407,,1,Aggregate,Aggregate [Seq Scan on T],5000,8,5000,5000,,981,0,0,,0,0,13,False,"{""jit"": ""off"", ""max_parallel_workers_per_gather"": ""0""}"
1,Q17,json,measure,6,0.034,98.034,,1,Aggregate,Aggregate [Seq Scan on T],200,8,5000,5000,,1250,0,0,,0,0,13,False,"{""jit"": ""off"", ""max_parallel_workers_per_gather"": ""0""}"
1,Q17,json,measure,7,0.052,105.008,,1,Aggregate,Aggregate [Seq Scan on T],200,8,5000,5000,,1250,0,0,,0,0,13,False,"{""jit"": ""off"", ""max_parallel_workers_per_gather"": ""0""}"
1,Q17,jsonb,measure,7,0.058,12.07,,1,Aggregate,Aggregate [Seq Scan on T],5000,8,5000,5000,,981,0,0,,0,0,13,False,"{""jit"": ""off"", ""max_parallel_workers_per_gather"": ""0""}"
1,Q17,jsonb,measure,8,0.033,11.385,,1,Aggregate,Aggregate [Seq Scan on T],5000,8,5000,5000,,981,0,0,,0,0,13,False,"{""jit"": ""off"", ""max_parallel_workers_per_gather"": ""0""}"
1,Q17,json,measure,8,0.038,105.029,,1,Aggregate,Aggregate [Seq Scan on T],200,8,5000,5000,,1250,0,0,,0,0,13,False,"{""jit"": ""off"", ""max_parallel_workers_per_gather"": ""0""}"
1,Q17,json,measure,9,0.052,112.359,,1,Aggregate,Aggregate [Seq Scan on T],200,8,5000,5000,,1250,0,0,,0,0,13,False,"{""jit"": ""off"", ""max_parallel_workers_per_gather"": ""0""}"
1,Q17,jsonb,measure,9,0.051,12.499,,1,Aggregate,Aggregate [Seq Scan on T],5000,8,5000,5000,,981,0,0,,0,0,13,False,"{""jit"": ""off"", ""max_parallel_workers_per_gather"": ""0""}"
1,Q17,jsonb,measure,10,0.037,11.407,,1,Aggregate,Aggregate [Seq Scan on T],5000,8,5000,5000,,981,0,0,,0,0,13,False,"{""jit"": ""off"", ""max_parallel_workers_per_gather"": ""0""}"
1,Q17,json,measure,10,0.03,102.136,,1,Aggregate,Aggregate [Seq Scan on T],200,8,5000,5000,,1250,0,0,,0,0,13,False,"{""jit"": ""off"", ""max_parallel_workers_per_gather"": ""0""}"
1,Q17,json,measure,11,0.051,118.404,,1,Aggregate,Aggregate [Seq Scan on T],200,8,5000,5000,,1250,0,0,,0,0,13,False,"{""jit"": ""off"", ""max_parallel_workers_per_gather"": ""0""}"
1,Q17,jsonb,measure,11,0.053,11.213,,1,Aggregate,Aggregate [Seq Scan on T],5000,8,5000,5000,,981,0,0,,0,0,13,False,"{""jit"": ""off"", ""max_parallel_workers_per_gather"": ""0""}"
1,Q17,jsonb,measure,12,0.03,11.336,,1,Aggregate,Aggregate [Seq Scan on T],5000,8,5000,5000,,981,0,0,,0,0,13,False,"{""jit"": ""off"", ""max_parallel_workers_per_gather"": ""0""}"
1,Q17,json,measure,12,0.036,111.134,,1,Aggregate,Aggregate [Seq Scan on T],200,8,5000,5000,,1250,0,0,,0,0,13,False,"{""jit"": ""off"", ""max_parallel_workers_per_gather"": ""0""}"
1,Q17,json,measure,13,0.059,103.598,,1,Aggregate,Aggregate [Seq Scan on T],200,8,5000,5000,,1250,0,0,,0,0,13,False,"{""jit"": ""off"", ""max_parallel_workers_per_gather"": ""0""}"
1,Q17,jsonb,measure,13,0.054,13.109,,1,Aggregate,Aggregate [Seq Scan on T],5000,8,5000,5000,,981,0,0,,0,0,13,False,"{""jit"": ""off"", ""max_parallel_workers_per_gather"": ""0""}"
1,Q17,jsonb,measure,14,0.034,12.973,,1,Aggregate,Aggregate [Seq Scan on T],5000,8,5000,5000,,981,0,0,,0,0,13,False,"{""jit"": ""off"", ""max_parallel_workers_per_gather"": ""0""}"
1,Q17,json,measure,14,0.036,105.463,,1,Aggregate,Aggregate [Seq Scan on T],200,8,5000,5000,,1250,0,0,,0,0,13,False,"{""jit"": ""off"", ""max_parallel_workers_per_gather"": ""0""}"
1,Q17,json,measure,15,0.042,118.862,,1,Aggregate,Aggregate [Seq Scan on T],200,8,5000,5000,,1250,0,0,,0,0,13,False,"{""jit"": ""off"", ""max_parallel_workers_per_gather"": ""0""}"
1,Q17,jsonb,measure,15,0.058,13.001,,1,Aggregate,Aggregate [Seq Scan on T],5000,8,5000,5000,,981,0,0,,0,0,13,False,"{""jit"": ""off"", ""max_parallel_workers_per_gather"": ""0""}"
1,Q17,json,detail,1,0.048,109.916,0.004,1,Aggregate,Aggregate [Seq Scan on T],200,8,5000,5000,,1250,0,0,,0,0,13,False,"{""jit"": ""off"", ""max_parallel_workers_per_gather"": ""0""}"
1,Q17,jsonb,detail,1,0.057,12.951,0.004,1,Aggregate,Aggregate [Seq Scan on T],5000,8,5000,5000,,981,0,0,,0,0,13,False,"{""jit"": ""off"", ""max_parallel_workers_per_gather"": ""0""}"
1,Q18,json,warmup,1,0.052,238.725,,1,Aggregate,Aggregate [Seq Scan on T],200,32,5000,5000,,1250,0,0,,0,0,15,False,"{""jit"": ""off"", ""max_parallel_workers_per_gather"": ""0""}"
1,Q18,jsonb,warmup,1,0.067,20.109,,1,Aggregate,Aggregate [Seq Scan on T],5000,32,5000,5000,,981,0,0,,0,0,15,False,"{""jit"": ""off"", ""max_parallel_workers_per_gather"": ""0""}"
1,Q18,json,warmup,2,0.04,226.487,,1,Aggregate,Aggregate [Seq Scan on T],200,32,5000,5000,,1250,0,0,,0,0,15,False,"{""jit"": ""off"", ""max_parallel_workers_per_gather"": ""0""}"
1,Q18,jsonb,warmup,2,0.065,30.579,,1,Aggregate,Aggregate [Seq Scan on T],5000,32,5000,5000,,981,0,0,,0,0,15,False,"{""jit"": ""off"", ""max_parallel_workers_per_gather"": ""0""}"
1,Q18,json,warmup,3,0.067,274.628,,1,Aggregate,Aggregate [Seq Scan on T],200,32,5000,5000,,1250,0,0,,0,0,15,False,"{""jit"": ""off"", ""max_parallel_workers_per_gather"": ""0""}"
1,Q18,jsonb,warmup,3,0.058,19.668,,1,Aggregate,Aggregate [Seq Scan on T],5000,32,5000,5000,,981,0,0,,0,0,15,False,"{""jit"": ""off"", ""max_parallel_workers_per_gather"": ""0""}"
1,Q18,json,measure,1,0.036,220.375,,1,Aggregate,Aggregate [Seq Scan on T],200,32,5000,5000,,1250,0,0,,0,0,15,False,"{""jit"": ""off"", ""max_parallel_workers_per_gather"": ""0""}"
1,Q18,jsonb,measure,1,0.061,23.466,,1,Aggregate,Aggregate [Seq Scan on T],5000,32,5000,5000,,981,0,0,,0,0,15,False,"{""jit"": ""off"", ""max_parallel_workers_per_gather"": ""0""}"
1,Q18,jsonb,measure,2,0.044,19.882,,1,Aggregate,Aggregate [Seq Scan on T],5000,32,5000,5000,,981,0,0,,0,0,15,False,"{""jit"": ""off"", ""max_parallel_workers_per_gather"": ""0""}"
1,Q18,json,measure,2,0.038,213.23,,1,Aggregate,Aggregate [Seq Scan on T],200,32,5000,5000,,1250,0,0,,0,0,15,False,"{""jit"": ""off"", ""max_parallel_workers_per_gather"": ""0""}"
1,Q18,json,measure,3,0.057,219.543,,1,Aggregate,Aggregate [Seq Scan on T],200,32,5000,5000,,1250,0,0,,0,0,15,False,"{""jit"": ""off"", ""max_parallel_workers_per_gather"": ""0""}"
1,Q18,jsonb,measure,3,0.062,19.975,,1,Aggregate,Aggregate [Seq Scan on T],5000,32,5000,5000,,981,0,0,,0,0,15,False,"{""jit"": ""off"", ""max_parallel_workers_per_gather"": ""0""}"
1,Q18,jsonb,measure,4,0.038,20.256,,1,Aggregate,Aggregate [Seq Scan on T],5000,32,5000,5000,,981,0,0,,0,0,15,False,"{""jit"": ""off"", ""max_parallel_workers_per_gather"": ""0""}"
1,Q18,json,measure,4,0.044,241.008,,1,Aggregate,Aggregate [Seq Scan on T],200,32,5000,5000,,1250,0,0,,0,0,15,False,"{""jit"": ""off"", ""max_parallel_workers_per_gather"": ""0""}"
1,Q18,json,measure,5,0.06,203.814,,1,Aggregate,Aggregate [Seq Scan on T],200,32,5000,5000,,1250,0,0,,0,0,15,False,"{""jit"": ""off"", ""max_parallel_workers_per_gather"": ""0""}"
1,Q18,jsonb,measure,5,0.058,19.463,,1,Aggregate,Aggregate [Seq Scan on T],5000,32,5000,5000,,981,0,0,,0,0,15,False,"{""jit"": ""off"", ""max_parallel_workers_per_gather"": ""0""}"
1,Q18,jsonb,measure,6,0.034,20.409,,1,Aggregate,Aggregate [Seq Scan on T],5000,32,5000,5000,,981,0,0,,0,0,15,False,"{""jit"": ""off"", ""max_parallel_workers_per_gather"": ""0""}"
1,Q18,json,measure,6,0.05,224.952,,1,Aggregate,Aggregate [Seq Scan on T],200,32,5000,5000,,1250,0,0,,0,0,15,False,"{""jit"": ""off"", ""max_parallel_workers_per_gather"": ""0""}"
1,Q18,json,measure,7,0.06,223.528,,1,Aggregate,Aggregate [Seq Scan on T],200,32,5000,5000,,1250,0,0,,0,0,15,False,"{""jit"": ""off"", ""max_parallel_workers_per_gather"": ""0""}"
1,Q18,jsonb,measure,7,0.061,19.733,,1,Aggregate,Aggregate [Seq Scan on T],5000,32,5000,5000,,981,0,0,,0,0,15,False,"{""jit"": ""off"", ""max_parallel_workers_per_gather"": ""0""}"
1,Q18,jsonb,measure,8,0.035,19.826,,1,Aggregate,Aggregate [Seq Scan on T],5000,32,5000,5000,,981,0,0,,0,0,15,False,"{""jit"": ""off"", ""max_parallel_workers_per_gather"": ""0""}"
1,Q18,json,measure,8,0.051,218.307,,1,Aggregate,Aggregate [Seq Scan on T],200,32,5000,5000,,1250,0,0,,0,0,15,False,"{""jit"": ""off"", ""max_parallel_workers_per_gather"": ""0""}"
1,Q18,json,measure,9,0.061,220.851,,1,Aggregate,Aggregate [Seq Scan on T],200,32,5000,5000,,1250,0,0,,0,0,15,False,"{""jit"": ""off"", ""max_parallel_workers_per_gather"": ""0""}"
1,Q18,jsonb,measure,9,0.06,19.938,,1,Aggregate,Aggregate [Seq Scan on T],5000,32,5000,5000,,981,0,0,,0,0,15,False,"{""jit"": ""off"", ""max_parallel_workers_per_gather"": ""0""}"
1,Q18,jsonb,measure,10,0.034,20.325,,1,Aggregate,Aggregate [Seq Scan on T],5000,32,5000,5000,,981,0,0,,0,0,15,False,"{""jit"": ""off"", ""max_parallel_workers_per_gather"": ""0""}"
1,Q18,json,measure,10,0.042,223.039,,1,Aggregate,Aggregate [Seq Scan on T],200,32,5000,5000,,1250,0,0,,0,0,15,False,"{""jit"": ""off"", ""max_parallel_workers_per_gather"": ""0""}"
1,Q18,json,measure,11,0.06,226.591,,1,Aggregate,Aggregate [Seq Scan on T],200,32,5000,5000,,1250,0,0,,0,0,15,False,"{""jit"": ""off"", ""max_parallel_workers_per_gather"": ""0""}"
1,Q18,jsonb,measure,11,0.055,20.015,,1,Aggregate,Aggregate [Seq Scan on T],5000,32,5000,5000,,981,0,0,,0,0,15,False,"{""jit"": ""off"", ""max_parallel_workers_per_gather"": ""0""}"
1,Q18,jsonb,measure,12,0.039,21.548,,1,Aggregate,Aggregate [Seq Scan on T],5000,32,5000,5000,,981,0,0,,0,0,15,False,"{""jit"": ""off"", ""max_parallel_workers_per_gather"": ""0""}"
1,Q18,json,measure,12,0.047,226.248,,1,Aggregate,Aggregate [Seq Scan on T],200,32,5000,5000,,1250,0,0,,0,0,15,False,"{""jit"": ""off"", ""max_parallel_workers_per_gather"": ""0""}"
1,Q18,json,measure,13,0.077,210.42,,1,Aggregate,Aggregate [Seq Scan on T],200,32,5000,5000,,1250,0,0,,0,0,15,False,"{""jit"": ""off"", ""max_parallel_workers_per_gather"": ""0""}"
1,Q18,jsonb,measure,13,0.06,21.081,,1,Aggregate,Aggregate [Seq Scan on T],5000,32,5000,5000,,981,0,0,,0,0,15,False,"{""jit"": ""off"", ""max_parallel_workers_per_gather"": ""0""}"
1,Q18,jsonb,measure,14,0.049,23.234,,1,Aggregate,Aggregate [Seq Scan on T],5000,32,5000,5000,,981,0,0,,0,0,15,False,"{""jit"": ""off"", ""max_parallel_workers_per_gather"": ""0""}"
1,Q18,json,measure,14,0.052,212.145,,1,Aggregate,Aggregate [Seq Scan on T],200,32,5000,5000,,1250,0,0,,0,0,15,False,"{""jit"": ""off"", ""max_parallel_workers_per_gather"": ""0""}"
1,Q18,json,measure,15,0.051,232.33,,1,Aggregate,Aggregate [Seq Scan on T],200,32,5000,5000,,1250,0,0,,0,0,15,False,"{""jit"": ""off"", ""max_parallel_workers_per_gather"": ""0""}"
1,Q18,jsonb,measure,15,0.062,21.589,,1,Aggregate,Aggregate [Seq Scan on T],5000,32,5000,5000,,981,0,0,,0,0,15,False,"{""jit"": ""off"", ""max_parallel_workers_per_gather"": ""0""}"
1,Q18,json,detail,1,0.054,206.584,0.008,1,Aggregate,Aggregate [Seq Scan on T],200,32,5000,5000,,1250,0,0,,0,0,15,False,"{""jit"": ""off"", ""max_parallel_workers_per_gather"": ""0""}"
1,Q18,jsonb,detail,1,0.058,22.107,0.007,1,Aggregate,Aggregate [Seq Scan on T],5000,32,5000,5000,,981,0,0,,0,0,15,False,"{""jit"": ""off"", ""max_parallel_workers_per_gather"": ""0""}"
1,Q19,json,warmup,1,0.135,379.867,,1,Aggregate,Aggregate [Seq Scan on T],1,1,25,4249,751,1250,0,0,,0,12,20,False,"{""jit"": ""off"", ""max_parallel_workers_per_gather"": ""0""}"
1,Q19,jsonb,warmup,1,0.062,36.516,,1,Aggregate,Aggregate [Seq Scan on T],1,1,25,4249,751,981,0,0,,0,0,20,False,"{""jit"": ""off"", ""max_parallel_workers_per_gather"": ""0""}"
1,Q19,json,warmup,2,0.06,392.707,,1,Aggregate,Aggregate [Seq Scan on T],1,1,25,4249,751,1250,0,0,,0,0,20,False,"{""jit"": ""off"", ""max_parallel_workers_per_gather"": ""0""}"
1,Q19,jsonb,warmup,2,0.077,36.618,,1,Aggregate,Aggregate [Seq Scan on T],1,1,25,4249,751,981,0,0,,0,0,20,False,"{""jit"": ""off"", ""max_parallel_workers_per_gather"": ""0""}"
1,Q19,json,warmup,3,0.047,383.507,,1,Aggregate,Aggregate [Seq Scan on T],1,1,25,4249,751,1250,0,0,,0,0,20,False,"{""jit"": ""off"", ""max_parallel_workers_per_gather"": ""0""}"
1,Q19,jsonb,warmup,3,0.055,35.937,,1,Aggregate,Aggregate [Seq Scan on T],1,1,25,4249,751,981,0,0,,0,0,20,False,"{""jit"": ""off"", ""max_parallel_workers_per_gather"": ""0""}"
1,Q19,json,measure,1,0.047,389.287,,1,Aggregate,Aggregate [Seq Scan on T],1,1,25,4249,751,1250,0,0,,0,0,20,False,"{""jit"": ""off"", ""max_parallel_workers_per_gather"": ""0""}"
1,Q19,jsonb,measure,1,0.068,39.501,,1,Aggregate,Aggregate [Seq Scan on T],1,1,25,4249,751,981,0,0,,0,0,20,False,"{""jit"": ""off"", ""max_parallel_workers_per_gather"": ""0""}"
1,Q19,jsonb,measure,2,0.048,35.665,,1,Aggregate,Aggregate [Seq Scan on T],1,1,25,4249,751,981,0,0,,0,0,20,False,"{""jit"": ""off"", ""max_parallel_workers_per_gather"": ""0""}"
1,Q19,json,measure,2,0.044,402.834,,1,Aggregate,Aggregate [Seq Scan on T],1,1,25,4249,751,1250,0,0,,0,0,20,False,"{""jit"": ""off"", ""max_parallel_workers_per_gather"": ""0""}"
1,Q19,json,measure,3,0.066,368.947,,1,Aggregate,Aggregate [Seq Scan on T],1,1,25,4249,751,1250,0,0,,0,0,20,False,"{""jit"": ""off"", ""max_parallel_workers_per_gather"": ""0""}"
1,Q19,jsonb,measure,3,0.064,41.497,,1,Aggregate,Aggregate [Seq Scan on T],1,1,25,4249,751,981,0,0,,0,0,20,False,"{""jit"": ""off"", ""max_parallel_workers_per_gather"": ""0""}"
1,Q19,jsonb,measure,4,0.062,36.341,,1,Aggregate,Aggregate [Seq Scan on T],1,1,25,4249,751,981,0,0,,0,0,20,False,"{""jit"": ""off"", ""max_parallel_workers_per_gather"": ""0""}"
1,Q19,json,measure,4,0.06,395.489,,1,Aggregate,Aggregate [Seq Scan on T],1,1,25,4249,751,1250,0,0,,0,0,20,False,"{""jit"": ""off"", ""max_parallel_workers_per_gather"": ""0""}"
1,Q19,json,measure,5,0.065,386.704,,1,Aggregate,Aggregate [Seq Scan on T],1,1,25,4249,751,1250,0,0,,0,0,20,False,"{""jit"": ""off"", ""max_parallel_workers_per_gather"": ""0""}"
1,Q19,jsonb,measure,5,0.064,42.049,,1,Aggregate,Aggregate [Seq Scan on T],1,1,25,4249,751,981,0,0,,0,0,20,False,"{""jit"": ""off"", ""max_parallel_workers_per_gather"": ""0""}"
1,Q19,jsonb,measure,6,0.05,37.973,,1,Aggregate,Aggregate [Seq Scan on T],1,1,25,4249,751,981,0,0,,0,0,20,False,"{""jit"": ""off"", ""max_parallel_workers_per_gather"": ""0""}"
1,Q19,json,measure,6,0.054,384.896,,1,Aggregate,Aggregate [Seq Scan on T],1,1,25,4249,751,1250,0,0,,0,0,20,False,"{""jit"": ""off"", ""max_parallel_workers_per_gather"": ""0""}"
1,Q19,json,measure,7,0.062,362.21,,1,Aggregate,Aggregate [Seq Scan on T],1,1,25,4249,751,1250,0,0,,0,0,20,False,"{""jit"": ""off"", ""max_parallel_workers_per_gather"": ""0""}"
1,Q19,jsonb,measure,7,0.064,43.317,,1,Aggregate,Aggregate [Seq Scan on T],1,1,25,4249,751,981,0,0,,0,0,20,False,"{""jit"": ""off"", ""max_parallel_workers_per_gather"": ""0""}"
1,Q19,jsonb,measure,8,0.057,39.925,,1,Aggregate,Aggregate [Seq Scan on T],1,1,25,4249,751,981,0,0,,0,0,20,False,"{""jit"": ""off"", ""max_parallel_workers_per_gather"": ""0""}"
1,Q19,json,measure,8,0.051,381.609,,1,Aggregate,Aggregate [Seq Scan on T],1,1,25,4249,751,1250,0,0,,0,0,20,False,"{""jit"": ""off"", ""max_parallel_workers_per_gather"": ""0""}"
1,Q19,json,measure,9,0.066,378.195,,1,Aggregate,Aggregate [Seq Scan on T],1,1,25,4249,751,1250,0,0,,0,0,20,False,"{""jit"": ""off"", ""max_parallel_workers_per_gather"": ""0""}"
1,Q19,jsonb,measure,9,0.081,37.031,,1,Aggregate,Aggregate [Seq Scan on T],1,1,25,4249,751,981,0,0,,0,0,20,False,"{""jit"": ""off"", ""max_parallel_workers_per_gather"": ""0""}"
1,Q19,jsonb,measure,10,0.053,38.817,,1,Aggregate,Aggregate [Seq Scan on T],1,1,25,4249,751,981,0,0,,0,0,20,False,"{""jit"": ""off"", ""max_parallel_workers_per_gather"": ""0""}"
1,Q19,json,measure,10,0.049,400.682,,1,Aggregate,Aggregate [Seq Scan on T],1,1,25,4249,751,1250,0,0,,0,0,20,False,"{""jit"": ""off"", ""max_parallel_workers_per_gather"": ""0""}"
1,Q19,json,measure,11,0.057,404.404,,1,Aggregate,Aggregate [Seq Scan on T],1,1,25,4249,751,1250,0,0,,0,0,20,False,"{""jit"": ""off"", ""max_parallel_workers_per_gather"": ""0""}"
1,Q19,jsonb,measure,11,0.066,42.624,,1,Aggregate,Aggregate [Seq Scan on T],1,1,25,4249,751,981,0,0,,0,0,20,False,"{""jit"": ""off"", ""max_parallel_workers_per_gather"": ""0""}"
1,Q19,jsonb,measure,12,0.065,37.615,,1,Aggregate,Aggregate [Seq Scan on T],1,1,25,4249,751,981,0,0,,0,0,20,False,"{""jit"": ""off"", ""max_parallel_workers_per_gather"": ""0""}"
1,Q19,json,measure,12,0.053,412.794,,1,Aggregate,Aggregate [Seq Scan on T],1,1,25,4249,751,1250,0,0,,0,0,20,False,"{""jit"": ""off"", ""max_parallel_workers_per_gather"": ""0""}"
1,Q19,json,measure,13,0.067,394.916,,1,Aggregate,Aggregate [Seq Scan on T],1,1,25,4249,751,1250,0,0,,0,0,20,False,"{""jit"": ""off"", ""max_parallel_workers_per_gather"": ""0""}"
1,Q19,jsonb,measure,13,0.07,37.487,,1,Aggregate,Aggregate [Seq Scan on T],1,1,25,4249,751,981,0,0,,0,0,20,False,"{""jit"": ""off"", ""max_parallel_workers_per_gather"": ""0""}"
1,Q19,jsonb,measure,14,0.078,55.218,,1,Aggregate,Aggregate [Seq Scan on T],1,1,25,4249,751,981,0,0,,0,0,20,False,"{""jit"": ""off"", ""max_parallel_workers_per_gather"": ""0""}"
1,Q19,json,measure,14,0.053,393.824,,1,Aggregate,Aggregate [Seq Scan on T],1,1,25,4249,751,1250,0,0,,0,0,20,False,"{""jit"": ""off"", ""max_parallel_workers_per_gather"": ""0""}"
1,Q19,json,measure,15,0.072,393.95,,1,Aggregate,Aggregate [Seq Scan on T],1,1,25,4249,751,1250,0,0,,0,0,20,False,"{""jit"": ""off"", ""max_parallel_workers_per_gather"": ""0""}"
1,Q19,jsonb,measure,15,0.067,41.343,,1,Aggregate,Aggregate [Seq Scan on T],1,1,25,4249,751,981,0,0,,0,0,20,False,"{""jit"": ""off"", ""max_parallel_workers_per_gather"": ""0""}"
1,Q19,json,detail,1,0.145,494.739,0.005,1,Aggregate,Aggregate [Seq Scan on T],1,1,25,4249,751,1250,0,0,,0,0,20,False,"{""jit"": ""off"", ""max_parallel_workers_per_gather"": ""0""}"
1,Q19,jsonb,detail,1,0.101,66.0,0.004,1,Aggregate,Aggregate [Seq Scan on T],1,1,25,4249,751,981,0,0,,0,0,20,False,"{""jit"": ""off"", ""max_parallel_workers_per_gather"": ""0""}"
1,Q20,json,warmup,1,0.044,215.586,,93,Seq Scan,Seq Scan on T,5000,5000,5000,5000,,1250,0,0,,0,0,8,False,"{""jit"": ""off"", ""max_parallel_workers_per_gather"": ""0""}"
1,Q20,jsonb,warmup,1,0.041,13.044,,93,Seq Scan,Seq Scan on T,5000,5000,5000,5000,,981,0,0,,0,0,8,False,"{""jit"": ""off"", ""max_parallel_workers_per_gather"": ""0""}"
1,Q20,json,warmup,2,0.029,149.916,,93,Seq Scan,Seq Scan on T,5000,5000,5000,5000,,1250,0,0,,0,0,8,False,"{""jit"": ""off"", ""max_parallel_workers_per_gather"": ""0""}"
1,Q20,jsonb,warmup,2,0.042,13.248,,93,Seq Scan,Seq Scan on T,5000,5000,5000,5000,,981,0,0,,0,0,8,False,"{""jit"": ""off"", ""max_parallel_workers_per_gather"": ""0""}"
1,Q20,json,warmup,3,0.041,135.701,,93,Seq Scan,Seq Scan on T,5000,5000,5000,5000,,1250,0,0,,0,0,8,False,"{""jit"": ""off"", ""max_parallel_workers_per_gather"": ""0""}"
1,Q20,jsonb,warmup,3,0.044,13.456,,93,Seq Scan,Seq Scan on T,5000,5000,5000,5000,,981,0,0,,0,0,8,False,"{""jit"": ""off"", ""max_parallel_workers_per_gather"": ""0""}"
1,Q20,json,measure,1,0.053,137.051,,93,Seq Scan,Seq Scan on T,5000,5000,5000,5000,,1250,0,0,,0,0,8,False,"{""jit"": ""off"", ""max_parallel_workers_per_gather"": ""0""}"
1,Q20,jsonb,measure,1,0.041,13.863,,93,Seq Scan,Seq Scan on T,5000,5000,5000,5000,,981,0,0,,0,0,8,False,"{""jit"": ""off"", ""max_parallel_workers_per_gather"": ""0""}"
1,Q20,jsonb,measure,2,0.036,12.639,,93,Seq Scan,Seq Scan on T,5000,5000,5000,5000,,981,0,0,,0,0,8,False,"{""jit"": ""off"", ""max_parallel_workers_per_gather"": ""0""}"
1,Q20,json,measure,2,0.034,126.457,,93,Seq Scan,Seq Scan on T,5000,5000,5000,5000,,1250,0,0,,0,0,8,False,"{""jit"": ""off"", ""max_parallel_workers_per_gather"": ""0""}"
1,Q20,json,measure,3,0.04,134.195,,93,Seq Scan,Seq Scan on T,5000,5000,5000,5000,,1250,0,0,,0,0,8,False,"{""jit"": ""off"", ""max_parallel_workers_per_gather"": ""0""}"
1,Q20,jsonb,measure,3,0.04,13.481,,93,Seq Scan,Seq Scan on T,5000,5000,5000,5000,,981,0,0,,0,0,8,False,"{""jit"": ""off"", ""max_parallel_workers_per_gather"": ""0""}"
1,Q20,jsonb,measure,4,0.023,13.211,,93,Seq Scan,Seq Scan on T,5000,5000,5000,5000,,981,0,0,,0,0,8,False,"{""jit"": ""off"", ""max_parallel_workers_per_gather"": ""0""}"
1,Q20,json,measure,4,0.031,128.276,,93,Seq Scan,Seq Scan on T,5000,5000,5000,5000,,1250,0,0,,0,0,8,False,"{""jit"": ""off"", ""max_parallel_workers_per_gather"": ""0""}"
1,Q20,json,measure,5,0.042,120.748,,93,Seq Scan,Seq Scan on T,5000,5000,5000,5000,,1250,0,0,,0,0,8,False,"{""jit"": ""off"", ""max_parallel_workers_per_gather"": ""0""}"
1,Q20,jsonb,measure,5,0.045,11.949,,93,Seq Scan,Seq Scan on T,5000,5000,5000,5000,,981,0,0,,0,0,8,False,"{""jit"": ""off"", ""max_parallel_workers_per_gather"": ""0""}"
1,Q20,jsonb,measure,6,0.03,11.495,,93,Seq Scan,Seq Scan on T,5000,5000,5000,5000,,981,0,0,,0,0,8,False,"{""jit"": ""off"", ""max_parallel_workers_per_gather"": ""0""}"
1,Q20,json,measure,6,0.026,123.517,,93,Seq Scan,Seq Scan on T,5000,5000,5000,5000,,1250,0,0,,0,0,8,False,"{""jit"": ""off"", ""max_parallel_workers_per_gather"": ""0""}"
1,Q20,json,measure,7,0.04,141.359,,93,Seq Scan,Seq Scan on T,5000,5000,5000,5000,,1250,0,0,,0,0,8,False,"{""jit"": ""off"", ""max_parallel_workers_per_gather"": ""0""}"
1,Q20,jsonb,measure,7,0.042,11.973,,93,Seq Scan,Seq Scan on T,5000,5000,5000,5000,,981,0,0,,0,0,8,False,"{""jit"": ""off"", ""max_parallel_workers_per_gather"": ""0""}"
1,Q20,jsonb,measure,8,0.037,12.837,,93,Seq Scan,Seq Scan on T,5000,5000,5000,5000,,981,0,0,,0,0,8,False,"{""jit"": ""off"", ""max_parallel_workers_per_gather"": ""0""}"
1,Q20,json,measure,8,0.045,126.0,,93,Seq Scan,Seq Scan on T,5000,5000,5000,5000,,1250,0,0,,0,0,8,False,"{""jit"": ""off"", ""max_parallel_workers_per_gather"": ""0""}"
1,Q20,json,measure,9,0.043,133.573,,93,Seq Scan,Seq Scan on T,5000,5000,5000,5000,,1250,0,0,,0,0,8,False,"{""jit"": ""off"", ""max_parallel_workers_per_gather"": ""0""}"
1,Q20,jsonb,measure,9,0.04,13.446,,93,Seq Scan,Seq Scan on T,5000,5000,5000,5000,,981,0,0,,0,0,8,False,"{""jit"": ""off"", ""max_parallel_workers_per_gather"": ""0""}"
1,Q20,jsonb,measure,10,0.025,13.302,,93,Seq Scan,Seq Scan on T,5000,5000,5000,5000,,981,0,0,,0,0,8,False,"{""jit"": ""off"", ""max_parallel_workers_per_gather"": ""0""}"
1,Q20,json,measure,10,0.03,117.392,,93,Seq Scan,Seq Scan on T,5000,5000,5000,5000,,1250,0,0,,0,0,8,False,"{""jit"": ""off"", ""max_parallel_workers_per_gather"": ""0""}"
1,Q20,json,measure,11,0.087,123.956,,93,Seq Scan,Seq Scan on T,5000,5000,5000,5000,,1250,0,0,,0,0,8,False,"{""jit"": ""off"", ""max_parallel_workers_per_gather"": ""0""}"
1,Q20,jsonb,measure,11,0.038,11.751,,93,Seq Scan,Seq Scan on T,5000,5000,5000,5000,,981,0,0,,0,0,8,False,"{""jit"": ""off"", ""max_parallel_workers_per_gather"": ""0""}"
1,Q20,jsonb,measure,12,0.02,11.659,,93,Seq Scan,Seq Scan on T,5000,5000,5000,5000,,981,0,0,,0,0,8,False,"{""jit"": ""off"", ""max_parallel_workers_per_gather"": ""0""}"
1,Q20,json,measure,12,0.03,125.093,,93,Seq Scan,Seq Scan on T,5000,5000,5000,5000,,1250,0,0,,0,0,8,False,"{""jit"": ""off"", ""max_parallel_workers_per_gather"": ""0""}"
1,Q20,json,measure,13,0.042,147.379,,93,Seq Scan,Seq Scan on T,5000,5000,5000,5000,,1250,0,0,,0,0,8,False,"{""jit"": ""off"", ""max_parallel_workers_per_gather"": ""0""}"
1,Q20,jsonb,measure,13,0.045,15.44,,93,Seq Scan,Seq Scan on T,5000,5000,5000,5000,,981,0,0,,0,0,8,False,"{""jit"": ""off"", ""max_parallel_workers_per_gather"": ""0""}"
1,Q20,jsonb,measure,14,0.029,12.732,,93,Seq Scan,Seq Scan on T,5000,5000,5000,5000,,981,0,0,,0,0,8,False,"{""jit"": ""off"", ""max_parallel_workers_per_gather"": ""0""}"
1,Q20,json,measure,14,0.027,125.465,,93,Seq Scan,Seq Scan on T,5000,5000,5000,5000,,1250,0,0,,0,0,8,False,"{""jit"": ""off"", ""max_parallel_workers_per_gather"": ""0""}"
1,Q20,json,measure,15,0.062,146.077,,93,Seq Scan,Seq Scan on T,5000,5000,5000,5000,,1250,0,0,,0,0,8,False,"{""jit"": ""off"", ""max_parallel_workers_per_gather"": ""0""}"
1,Q20,jsonb,measure,15,0.114,16.242,,93,Seq Scan,Seq Scan on T,5000,5000,5000,5000,,981,0,0,,0,0,8,False,"{""jit"": ""off"", ""max_parallel_workers_per_gather"": ""0""}"
1,Q20,json,detail,1,0.06,145.74,0.981,93,Seq Scan,Seq Scan on T,5000,5000,5000,5000,,1250,0,0,,0,0,8,False,"{""jit"": ""off"", ""max_parallel_workers_per_gather"": ""0""}"
1,Q20,jsonb,detail,1,0.048,16.614,0.715,93,Seq Scan,Seq Scan on T,5000,5000,5000,5000,,981,0,0,,0,0,8,False,"{""jit"": ""off"", ""max_parallel_workers_per_gather"": ""0""}"
1,Q21,json,warmup,1,0.042,143.638,,1,Seq Scan,Seq Scan on T,2500,30,2500,30,4970,1250,0,0,,0,0,8,False,"{""jit"": ""off"", ""max_parallel_workers_per_gather"": ""0""}"
1,Q21,jsonb,warmup,1,0.044,14.295,,1,Seq Scan,Seq Scan on T,2500,30,2500,30,4970,981,0,0,,0,0,8,False,"{""jit"": ""off"", ""max_parallel_workers_per_gather"": ""0""}"
1,Q21,json,warmup,2,0.041,145.367,,1,Seq Scan,Seq Scan on T,2500,30,2500,30,4970,1250,0,0,,0,0,8,False,"{""jit"": ""off"", ""max_parallel_workers_per_gather"": ""0""}"
1,Q21,jsonb,warmup,2,0.038,11.713,,1,Seq Scan,Seq Scan on T,2500,30,2500,30,4970,981,0,0,,0,0,8,False,"{""jit"": ""off"", ""max_parallel_workers_per_gather"": ""0""}"
1,Q21,json,warmup,3,0.034,149.628,,1,Seq Scan,Seq Scan on T,2500,30,2500,30,4970,1250,0,0,,0,0,8,False,"{""jit"": ""off"", ""max_parallel_workers_per_gather"": ""0""}"
1,Q21,jsonb,warmup,3,0.045,14.556,,1,Seq Scan,Seq Scan on T,2500,30,2500,30,4970,981,0,0,,0,0,8,False,"{""jit"": ""off"", ""max_parallel_workers_per_gather"": ""0""}"
1,Q21,json,measure,1,0.044,212.006,,1,Seq Scan,Seq Scan on T,2500,30,2500,30,4970,1250,0,0,,0,0,8,False,"{""jit"": ""off"", ""max_parallel_workers_per_gather"": ""0""}"
1,Q21,jsonb,measure,1,0.044,12.512,,1,Seq Scan,Seq Scan on T,2500,30,2500,30,4970,981,0,0,,0,0,8,False,"{""jit"": ""off"", ""max_parallel_workers_per_gather"": ""0""}"
1,Q21,jsonb,measure,2,0.035,11.895,,1,Seq Scan,Seq Scan on T,2500,30,2500,30,4970,981,0,0,,0,0,8,False,"{""jit"": ""off"", ""max_parallel_workers_per_gather"": ""0""}"
1,Q21,json,measure,2,0.03,139.679,,1,Seq Scan,Seq Scan on T,2500,30,2500,30,4970,1250,0,0,,0,0,8,False,"{""jit"": ""off"", ""max_parallel_workers_per_gather"": ""0""}"
1,Q21,json,measure,3,0.045,121.819,,1,Seq Scan,Seq Scan on T,2500,30,2500,30,4970,1250,0,0,,0,0,8,False,"{""jit"": ""off"", ""max_parallel_workers_per_gather"": ""0""}"
1,Q21,jsonb,measure,3,0.04,11.809,,1,Seq Scan,Seq Scan on T,2500,30,2500,30,4970,981,0,0,,0,0,8,False,"{""jit"": ""off"", ""max_parallel_workers_per_gather"": ""0""}"
1,Q21,jsonb,measure,4,0.03,11.952,,1,Seq Scan,Seq Scan on T,2500,30,2500,30,4970,981,0,0,,0,0,8,False,"{""jit"": ""off"", ""max_parallel_workers_per_gather"": ""0""}"
1,Q21,json,measure,4,0.032,142.093,,1,Seq Scan,Seq Scan on T,2500,30,2500,30,4970,1250,0,0,,0,0,8,False,"{""jit"": ""off"", ""max_parallel_workers_per_gather"": ""0""}"
1,Q21,json,measure,5,0.048,175.472,,1,Seq Scan,Seq Scan on T,2500,30,2500,30,4970,1250,0,0,,0,0,8,False,"{""jit"": ""off"", ""max_parallel_workers_per_gather"": ""0""}"
1,Q21,jsonb,measure,5,0.187,16.779,,1,Seq Scan,Seq Scan on T,2500,30,2500,30,4970,981,0,0,,0,0,8,False,"{""jit"": ""off"", ""max_parallel_workers_per_gather"": ""0""}"
1,Q21,jsonb,measure,6,0.051,14.897,,1,Seq Scan,Seq Scan on T,2500,30,2500,30,4970,981,0,0,,0,0,8,False,"{""jit"": ""off"", ""max_parallel_workers_per_gather"": ""0""}"
1,Q21,json,measure,6,0.049,155.877,,1,Seq Scan,Seq Scan on T,2500,30,2500,30,4970,1250,0,0,,0,0,8,False,"{""jit"": ""off"", ""max_parallel_workers_per_gather"": ""0""}"
1,Q21,json,measure,7,0.045,166.319,,1,Seq Scan,Seq Scan on T,2500,30,2500,30,4970,1250,0,0,,0,0,8,False,"{""jit"": ""off"", ""max_parallel_workers_per_gather"": ""0""}"
1,Q21,jsonb,measure,7,0.08,17.856,,1,Seq Scan,Seq Scan on T,2500,30,2500,30,4970,981,0,0,,0,0,8,False,"{""jit"": ""off"", ""max_parallel_workers_per_gather"": ""0""}"
1,Q21,jsonb,measure,8,0.114,16.192,,1,Seq Scan,Seq Scan on T,2500,30,2500,30,4970,981,0,0,,0,0,8,False,"{""jit"": ""off"", ""max_parallel_workers_per_gather"": ""0""}"
1,Q21,json,measure,8,0.065,139.736,,1,Seq Scan,Seq Scan on T,2500,30,2500,30,4970,1250,0,0,,0,0,8,False,"{""jit"": ""off"", ""max_parallel_workers_per_gather"": ""0""}"
1,Q21,json,measure,9,0.045,153.732,,1,Seq Scan,Seq Scan on T,2500,30,2500,30,4970,1250,0,0,,0,0,8,False,"{""jit"": ""off"", ""max_parallel_workers_per_gather"": ""0""}"
1,Q21,jsonb,measure,9,0.04,13.618,,1,Seq Scan,Seq Scan on T,2500,30,2500,30,4970,981,0,0,,0,0,8,False,"{""jit"": ""off"", ""max_parallel_workers_per_gather"": ""0""}"
1,Q21,jsonb,measure,10,0.039,14.312,,1,Seq Scan,Seq Scan on T,2500,30,2500,30,4970,981,0,0,,0,0,8,False,"{""jit"": ""off"", ""max_parallel_workers_per_gather"": ""0""}"
1,Q21,json,measure,10,0.045,179.381,,1,Seq Scan,Seq Scan on T,2500,30,2500,30,4970,1250,0,0,,0,0,8,False,"{""jit"": ""off"", ""max_parallel_workers_per_gather"": ""0""}"
1,Q21,json,measure,11,0.178,168.206,,1,Seq Scan,Seq Scan on T,2500,30,2500,30,4970,1250,0,0,,0,0,8,False,"{""jit"": ""off"", ""max_parallel_workers_per_gather"": ""0""}"
1,Q21,jsonb,measure,11,0.051,17.994,,1,Seq Scan,Seq Scan on T,2500,30,2500,30,4970,981,0,0,,0,0,8,False,"{""jit"": ""off"", ""max_parallel_workers_per_gather"": ""0""}"
1,Q21,jsonb,measure,12,0.051,18.21,,1,Seq Scan,Seq Scan on T,2500,30,2500,30,4970,981,0,0,,0,0,8,False,"{""jit"": ""off"", ""max_parallel_workers_per_gather"": ""0""}"
1,Q21,json,measure,12,0.067,206.875,,1,Seq Scan,Seq Scan on T,2500,30,2500,30,4970,1250,0,0,,0,0,8,False,"{""jit"": ""off"", ""max_parallel_workers_per_gather"": ""0""}"
1,Q21,json,measure,13,0.053,160.325,,1,Seq Scan,Seq Scan on T,2500,30,2500,30,4970,1250,0,0,,0,0,8,False,"{""jit"": ""off"", ""max_parallel_workers_per_gather"": ""0""}"
1,Q21,jsonb,measure,13,0.054,21.367,,1,Seq Scan,Seq Scan on T,2500,30,2500,30,4970,981,0,0,,0,0,8,False,"{""jit"": ""off"", ""max_parallel_workers_per_gather"": ""0""}"
1,Q21,jsonb,measure,14,0.052,16.682,,1,Seq Scan,Seq Scan on T,2500,30,2500,30,4970,981,0,0,,0,0,8,False,"{""jit"": ""off"", ""max_parallel_workers_per_gather"": ""0""}"
1,Q21,json,measure,14,0.051,169.076,,1,Seq Scan,Seq Scan on T,2500,30,2500,30,4970,1250,0,0,,0,0,8,False,"{""jit"": ""off"", ""max_parallel_workers_per_gather"": ""0""}"
1,Q21,json,measure,15,0.047,141.116,,1,Seq Scan,Seq Scan on T,2500,30,2500,30,4970,1250,0,0,,0,0,8,False,"{""jit"": ""off"", ""max_parallel_workers_per_gather"": ""0""}"
1,Q21,jsonb,measure,15,0.067,13.029,,1,Seq Scan,Seq Scan on T,2500,30,2500,30,4970,981,0,0,,0,0,8,False,"{""jit"": ""off"", ""max_parallel_workers_per_gather"": ""0""}"
1,Q21,json,detail,1,0.029,122.462,0.013,1,Seq Scan,Seq Scan on T,2500,30,2500,30,4970,1250,0,0,,0,0,8,False,"{""jit"": ""off"", ""max_parallel_workers_per_gather"": ""0""}"
1,Q21,jsonb,detail,1,0.043,13.914,0.005,1,Seq Scan,Seq Scan on T,2500,30,2500,30,4970,981,0,0,,0,0,8,False,"{""jit"": ""off"", ""max_parallel_workers_per_gather"": ""0""}"
2,Q01,json,warmup,1,1.532,0.042,,2,Index Scan,Index Scan using T_pkey,1,1,1,1,,3,0,0,,0,34,10,False,"{""jit"": ""off"", ""max_parallel_workers_per_gather"": ""0""}"
2,Q01,jsonb,warmup,1,0.893,0.08,,2,Index Scan,Index Scan using T_pkey,1,1,1,1,,3,0,0,,0,22,10,False,"{""jit"": ""off"", ""max_parallel_workers_per_gather"": ""0""}"
2,Q01,json,warmup,2,0.026,0.012,,2,Index Scan,Index Scan using T_pkey,1,1,1,1,,3,0,0,,0,0,10,False,"{""jit"": ""off"", ""max_parallel_workers_per_gather"": ""0""}"
2,Q01,jsonb,warmup,2,0.024,0.029,,2,Index Scan,Index Scan using T_pkey,1,1,1,1,,3,0,0,,0,0,10,False,"{""jit"": ""off"", ""max_parallel_workers_per_gather"": ""0""}"
2,Q01,json,warmup,3,0.024,0.011,,2,Index Scan,Index Scan using T_pkey,1,1,1,1,,3,0,0,,0,0,10,False,"{""jit"": ""off"", ""max_parallel_workers_per_gather"": ""0""}"
2,Q01,jsonb,warmup,3,0.023,0.031,,2,Index Scan,Index Scan using T_pkey,1,1,1,1,,3,0,0,,0,0,10,False,"{""jit"": ""off"", ""max_parallel_workers_per_gather"": ""0""}"
2,Q01,json,measure,1,0.023,0.011,,2,Index Scan,Index Scan using T_pkey,1,1,1,1,,3,0,0,,0,0,10,False,"{""jit"": ""off"", ""max_parallel_workers_per_gather"": ""0""}"
2,Q01,jsonb,measure,1,0.024,0.031,,2,Index Scan,Index Scan using T_pkey,1,1,1,1,,3,0,0,,0,0,10,False,"{""jit"": ""off"", ""max_parallel_workers_per_gather"": ""0""}"
2,Q01,jsonb,measure,2,0.024,0.028,,2,Index Scan,Index Scan using T_pkey,1,1,1,1,,3,0,0,,0,0,10,False,"{""jit"": ""off"", ""max_parallel_workers_per_gather"": ""0""}"
2,Q01,json,measure,2,0.023,0.011,,2,Index Scan,Index Scan using T_pkey,1,1,1,1,,3,0,0,,0,0,10,False,"{""jit"": ""off"", ""max_parallel_workers_per_gather"": ""0""}"
2,Q01,json,measure,3,0.023,0.011,,2,Index Scan,Index Scan using T_pkey,1,1,1,1,,3,0,0,,0,0,10,False,"{""jit"": ""off"", ""max_parallel_workers_per_gather"": ""0""}"
2,Q01,jsonb,measure,3,0.023,0.028,,2,Index Scan,Index Scan using T_pkey,1,1,1,1,,3,0,0,,0,0,10,False,"{""jit"": ""off"", ""max_parallel_workers_per_gather"": ""0""}"
2,Q01,jsonb,measure,4,0.023,0.027,,2,Index Scan,Index Scan using T_pkey,1,1,1,1,,3,0,0,,0,0,10,False,"{""jit"": ""off"", ""max_parallel_workers_per_gather"": ""0""}"
2,Q01,json,measure,4,0.023,0.011,,2,Index Scan,Index Scan using T_pkey,1,1,1,1,,3,0,0,,0,0,10,False,"{""jit"": ""off"", ""max_parallel_workers_per_gather"": ""0""}"
2,Q01,json,measure,5,0.023,0.011,,2,Index Scan,Index Scan using T_pkey,1,1,1,1,,3,0,0,,0,0,10,False,"{""jit"": ""off"", ""max_parallel_workers_per_gather"": ""0""}"
2,Q01,jsonb,measure,5,0.022,0.028,,2,Index Scan,Index Scan using T_pkey,1,1,1,1,,3,0,0,,0,0,10,False,"{""jit"": ""off"", ""max_parallel_workers_per_gather"": ""0""}"
2,Q01,jsonb,measure,6,0.022,0.026,,2,Index Scan,Index Scan using T_pkey,1,1,1,1,,3,0,0,,0,0,10,False,"{""jit"": ""off"", ""max_parallel_workers_per_gather"": ""0""}"
2,Q01,json,measure,6,0.022,0.011,,2,Index Scan,Index Scan using T_pkey,1,1,1,1,,3,0,0,,0,0,10,False,"{""jit"": ""off"", ""max_parallel_workers_per_gather"": ""0""}"
2,Q01,json,measure,7,0.028,0.014,,2,Index Scan,Index Scan using T_pkey,1,1,1,1,,3,0,0,,0,0,10,False,"{""jit"": ""off"", ""max_parallel_workers_per_gather"": ""0""}"
2,Q01,jsonb,measure,7,0.024,0.029,,2,Index Scan,Index Scan using T_pkey,1,1,1,1,,3,0,0,,0,0,10,False,"{""jit"": ""off"", ""max_parallel_workers_per_gather"": ""0""}"
2,Q01,jsonb,measure,8,0.023,0.027,,2,Index Scan,Index Scan using T_pkey,1,1,1,1,,3,0,0,,0,0,10,False,"{""jit"": ""off"", ""max_parallel_workers_per_gather"": ""0""}"
2,Q01,json,measure,8,0.025,0.012,,2,Index Scan,Index Scan using T_pkey,1,1,1,1,,3,0,0,,0,0,10,False,"{""jit"": ""off"", ""max_parallel_workers_per_gather"": ""0""}"
2,Q01,json,measure,9,0.024,0.012,,2,Index Scan,Index Scan using T_pkey,1,1,1,1,,3,0,0,,0,0,10,False,"{""jit"": ""off"", ""max_parallel_workers_per_gather"": ""0""}"
2,Q01,jsonb,measure,9,0.024,0.031,,2,Index Scan,Index Scan using T_pkey,1,1,1,1,,3,0,0,,0,0,10,False,"{""jit"": ""off"", ""max_parallel_workers_per_gather"": ""0""}"
2,Q01,jsonb,measure,10,0.023,0.028,,2,Index Scan,Index Scan using T_pkey,1,1,1,1,,3,0,0,,0,0,10,False,"{""jit"": ""off"", ""max_parallel_workers_per_gather"": ""0""}"
2,Q01,json,measure,10,0.023,0.011,,2,Index Scan,Index Scan using T_pkey,1,1,1,1,,3,0,0,,0,0,10,False,"{""jit"": ""off"", ""max_parallel_workers_per_gather"": ""0""}"
2,Q01,json,measure,11,0.023,0.011,,2,Index Scan,Index Scan using T_pkey,1,1,1,1,,3,0,0,,0,0,10,False,"{""jit"": ""off"", ""max_parallel_workers_per_gather"": ""0""}"
2,Q01,jsonb,measure,11,0.027,0.032,,2,Index Scan,Index Scan using T_pkey,1,1,1,1,,3,0,0,,0,0,10,False,"{""jit"": ""off"", ""max_parallel_workers_per_gather"": ""0""}"
2,Q01,jsonb,measure,12,0.025,0.03,,2,Index Scan,Index Scan using T_pkey,1,1,1,1,,3,0,0,,0,0,10,False,"{""jit"": ""off"", ""max_parallel_workers_per_gather"": ""0""}"
2,Q01,json,measure,12,0.024,0.011,,2,Index Scan,Index Scan using T_pkey,1,1,1,1,,3,0,0,,0,0,10,False,"{""jit"": ""off"", ""max_parallel_workers_per_gather"": ""0""}"
2,Q01,json,measure,13,0.023,0.011,,2,Index Scan,Index Scan using T_pkey,1,1,1,1,,3,0,0,,0,0,10,False,"{""jit"": ""off"", ""max_parallel_workers_per_gather"": ""0""}"
2,Q01,jsonb,measure,13,0.022,0.029,,2,Index Scan,Index Scan using T_pkey,1,1,1,1,,3,0,0,,0,0,10,False,"{""jit"": ""off"", ""max_parallel_workers_per_gather"": ""0""}"
2,Q01,jsonb,measure,14,0.023,0.027,,2,Index Scan,Index Scan using T_pkey,1,1,1,1,,3,0,0,,0,0,10,False,"{""jit"": ""off"", ""max_parallel_workers_per_gather"": ""0""}"
2,Q01,json,measure,14,0.023,0.011,,2,Index Scan,Index Scan using T_pkey,1,1,1,1,,3,0,0,,0,0,10,False,"{""jit"": ""off"", ""max_parallel_workers_per_gather"": ""0""}"
2,Q01,json,measure,15,0.022,0.011,,2,Index Scan,Index Scan using T_pkey,1,1,1,1,,3,0,0,,0,0,10,False,"{""jit"": ""off"", ""max_parallel_workers_per_gather"": ""0""}"
2,Q01,jsonb,measure,15,0.023,0.028,,2,Index Scan,Index Scan using T_pkey,1,1,1,1,,3,0,0,,0,0,10,False,"{""jit"": ""off"", ""max_parallel_workers_per_gather"": ""0""}"
2,Q01,json,detail,1,0.023,0.011,0.001,2,Index Scan,Index Scan using T_pkey,1,1,1,1,,3,0,0,,0,0,10,False,"{""jit"": ""off"", ""max_parallel_workers_per_gather"": ""0""}"
2,Q01,jsonb,detail,1,0.023,0.028,0.018,2,Index Scan,Index Scan using T_pkey,1,1,1,1,,3,0,0,,0,0,10,False,"{""jit"": ""off"", ""max_parallel_workers_per_gather"": ""0""}"
2,Q02,json,warmup,1,0.017,6.632,,8249,Seq Scan,Seq Scan on T,5000,5000,5000,5000,,1250,0,0,,0,0,7,False,"{""jit"": ""off"", ""max_parallel_workers_per_gather"": ""0""}"
2,Q02,jsonb,warmup,1,0.022,81.777,,8986,Seq Scan,Seq Scan on T,5000,5000,5000,5000,,981,0,0,,0,0,7,False,"{""jit"": ""off"", ""max_parallel_workers_per_gather"": ""0""}"
2,Q02,json,warmup,2,0.043,3.525,,8249,Seq Scan,Seq Scan on T,5000,5000,5000,5000,,1250,0,0,,0,0,7,False,"{""jit"": ""off"", ""max_parallel_workers_per_gather"": ""0""}"
2,Q02,jsonb,warmup,2,0.027,68.591,,8986,Seq Scan,Seq Scan on T,5000,5000,5000,5000,,981,0,0,,0,0,7,False,"{""jit"": ""off"", ""max_parallel_workers_per_gather"": ""0""}"
2,Q02,json,warmup,3,0.036,2.967,,8249,Seq Scan,Seq Scan on T,5000,5000,5000,5000,,1250,0,0,,0,0,7,False,"{""jit"": ""off"", ""max_parallel_workers_per_gather"": ""0""}"
2,Q02,jsonb,warmup,3,0.021,72.279,,8986,Seq Scan,Seq Scan on T,5000,5000,5000,5000,,981,0,0,,0,0,7,False,"{""jit"": ""off"", ""max_parallel_workers_per_gather"": ""0""}"
2,Q02,json,measure,1,0.039,3.34,,8249,Seq Scan,Seq Scan on T,5000,5000,5000,5000,,1250,0,0,,0,0,7,False,"{""jit"": ""off"", ""max_parallel_workers_per_gather"": ""0""}"
2,Q02,jsonb,measure,1,0.036,73.555,,8986,Seq Scan,Seq Scan on T,5000,5000,5000,5000,,981,0,0,,0,0,7,False,"{""jit"": ""off"", ""max_parallel_workers_per_gather"": ""0""}"
2,Q02,jsonb,measure,2,0.039,70.406,,8986,Seq Scan,Seq Scan on T,5000,5000,5000,5000,,981,0,0,,0,0,7,False,"{""jit"": ""off"", ""max_parallel_workers_per_gather"": ""0""}"
2,Q02,json,measure,2,0.038,3.358,,8249,Seq Scan,Seq Scan on T,5000,5000,5000,5000,,1250,0,0,,0,0,7,False,"{""jit"": ""off"", ""max_parallel_workers_per_gather"": ""0""}"
2,Q02,json,measure,3,0.032,2.908,,8249,Seq Scan,Seq Scan on T,5000,5000,5000,5000,,1250,0,0,,0,0,7,False,"{""jit"": ""off"", ""max_parallel_workers_per_gather"": ""0""}"
2,Q02,jsonb,measure,3,0.021,70.22,,8986,Seq Scan,Seq Scan on T,5000,5000,5000,5000,,981,0,0,,0,0,7,False,"{""jit"": ""off"", ""max_parallel_workers_per_gather"": ""0""}"
2,Q02,jsonb,measure,4,0.038,68.825,,8986,Seq Scan,Seq Scan on T,5000,5000,5000,5000,,981,0,0,,0,0,7,False,"{""jit"": ""off"", ""max_parallel_workers_per_gather"": ""0""}"
2,Q02,json,measure,4,0.035,2.922,,8249,Seq Scan,Seq Scan on T,5000,5000,5000,5000,,1250,0,0,,0,0,7,False,"{""jit"": ""off"", ""max_parallel_workers_per_gather"": ""0""}"
2,Q02,json,measure,5,0.021,3.034,,8249,Seq Scan,Seq Scan on T,5000,5000,5000,5000,,1250,0,0,,0,0,7,False,"{""jit"": ""off"", ""max_parallel_workers_per_gather"": ""0""}"
2,Q02,jsonb,measure,5,0.033,72.588,,8986,Seq Scan,Seq Scan on T,5000,5000,5000,5000,,981,0,0,,0,0,7,False,"{""jit"": ""off"", ""max_parallel_workers_per_gather"": ""0""}"
2,Q02,jsonb,measure,6,0.038,71.79,,8986,Seq Scan,Seq Scan on T,5000,5000,5000,5000,,981,0,0,,0,0,7,False,"{""jit"": ""off"", ""max_parallel_workers_per_gather"": ""0""}"
2,Q02,json,measure,6,0.039,3.281,,8249,Seq Scan,Seq Scan on T,5000,5000,5000,5000,,1250,0,0,,0,0,7,False,"{""jit"": ""off"", ""max_parallel_workers_per_gather"": ""0""}"
2,Q02,json,measure,7,0.026,3.041,,8249,Seq Scan,Seq Scan on T,5000,5000,5000,5000,,1250,0,0,,0,0,7,False,"{""jit"": ""off"", ""max_parallel_workers_per_gather"": ""0""}"
2,Q02,jsonb,measure,7,0.024,74.857,,8986,Seq Scan,Seq Scan on T,5000,5000,5000,5000,,981,0,0,,0,0,7,False,"{""jit"": ""off"", ""max_parallel_workers_per_gather"": ""0""}"
2,Q02,jsonb,measure,8,0.07,69.007,,8986,Seq Scan,Seq Scan on T,5000,5000,5000,5000,,981,0,0,,0,0,7,False,"{""jit"": ""off"", ""max_parallel_workers_per_gather"": ""0""}"
2,Q02,json,measure,8,0.04,5.11,,8249,Seq Scan,Seq Scan on T,5000,5000,5000,5000,,1250,0,0,,0,0,7,False,"{""jit"": ""off"", ""max_parallel_workers_per_gather"": ""0""}"
2,Q02,json,measure,9,0.095,3.397,,8249,Seq Scan,Seq Scan on T,5000,5000,5000,5000,,1250,0,0,,0,0,7,False,"{""jit"": ""off"", ""max_parallel_workers_per_gather"": ""0""}"
2,Q02,jsonb,measure,9,0.037,75.723,,8986,Seq Scan,Seq Scan on T,5000,5000,5000,5000,,981,0,0,,0,0,7,False,"{""jit"": ""off"", ""max_parallel_workers_per_gather"": ""0""}"
2,Q02,jsonb,measure,10,0.074,69.965,,8986,Seq Scan,Seq Scan on T,5000,5000,5000,5000,,981,0,0,,0,0,7,False,"{""jit"": ""off"", ""max_parallel_workers_per_gather"": ""0""}"
2,Q02,json,measure,10,0.042,3.18,,8249,Seq Scan,Seq Scan on T,5000,5000,5000,5000,,1250,0,0,,0,0,7,False,"{""jit"": ""off"", ""max_parallel_workers_per_gather"": ""0""}"
2,Q02,json,measure,11,0.029,2.815,,8249,Seq Scan,Seq Scan on T,5000,5000,5000,5000,,1250,0,0,,0,0,7,False,"{""jit"": ""off"", ""max_parallel_workers_per_gather"": ""0""}"
2,Q02,jsonb,measure,11,0.024,67.502,,8986,Seq Scan,Seq Scan on T,5000,5000,5000,5000,,981,0,0,,0,0,7,False,"{""jit"": ""off"", ""max_parallel_workers_per_gather"": ""0""}"
2,Q02,jsonb,measure,12,0.062,72.309,,8986,Seq Scan,Seq Scan on T,5000,5000,5000,5000,,981,0,0,,0,0,7,False,"{""jit"": ""off"", ""max_parallel_workers_per_gather"": ""0""}"
2,Q02,json,measure,12,0.123,3.316,,8249,Seq Scan,Seq Scan on T,5000,5000,5000,5000,,1250,0,0,,0,0,7,False,"{""jit"": ""off"", ""max_parallel_workers_per_gather"": ""0""}"
2,Q02,json,measure,13,0.025,3.119,,8249,Seq Scan,Seq Scan on T,5000,5000,5000,5000,,1250,0,0,,0,0,7,False,"{""jit"": ""off"", ""max_parallel_workers_per_gather"": ""0""}"
2,Q02,jsonb,measure,13,0.028,71.867,,8986,Seq Scan,Seq Scan on T,5000,5000,5000,5000,,981,0,0,,0,0,7,False,"{""jit"": ""off"", ""max_parallel_workers_per_gather"": ""0""}"
2,Q02,jsonb,measure,14,0.039,70.234,,8986,Seq Scan,Seq Scan on T,5000,5000,5000,5000,,981,0,0,,0,0,7,False,"{""jit"": ""off"", ""max_parallel_workers_per_gather"": ""0""}"
2,Q02,json,measure,14,0.04,3.223,,8249,Seq Scan,Seq Scan on T,5000,5000,5000,5000,,1250,0,0,,0,0,7,False,"{""jit"": ""off"", ""max_parallel_workers_per_gather"": ""0""}"
2,Q02,json,measure,15,0.025,2.825,,8249,Seq Scan,Seq Scan on T,5000,5000,5000,5000,,1250,0,0,,0,0,7,False,"{""jit"": ""off"", ""max_parallel_workers_per_gather"": ""0""}"
2,Q02,jsonb,measure,15,0.023,72.168,,8986,Seq Scan,Seq Scan on T,5000,5000,5000,5000,,981,0,0,,0,0,7,False,"{""jit"": ""off"", ""max_parallel_workers_per_gather"": ""0""}"
2,Q02,json,detail,1,0.04,3.535,1.969,8249,Seq Scan,Seq Scan on T,5000,5000,5000,5000,,1250,0,0,,0,0,7,False,"{""jit"": ""off"", ""max_parallel_workers_per_gather"": ""0""}"
2,Q02,jsonb,detail,1,0.028,78.121,76.375,8986,Seq Scan,Seq Scan on T,5000,5000,5000,5000,,981,0,0,,0,0,7,False,"{""jit"": ""off"", ""max_parallel_workers_per_gather"": ""0""}"
2,Q03,json,warmup,1,0.065,0.073,,1,Index Scan,Index Scan using T_pkey,1,1,1,1,,3,0,0,,0,0,10,False,"{""jit"": ""off"", ""max_parallel_workers_per_gather"": ""0""}"
2,Q03,jsonb,warmup,1,0.041,0.034,,1,Index Scan,Index Scan using T_pkey,1,1,1,1,,3,0,0,,0,0,10,False,"{""jit"": ""off"", ""max_parallel_workers_per_gather"": ""0""}"
2,Q03,json,warmup,2,0.036,0.047,,1,Index Scan,Index Scan using T_pkey,1,1,1,1,,3,0,0,,0,0,10,False,"{""jit"": ""off"", ""max_parallel_workers_per_gather"": ""0""}"
2,Q03,jsonb,warmup,2,0.044,0.032,,1,Index Scan,Index Scan using T_pkey,1,1,1,1,,3,0,0,,0,0,10,False,"{""jit"": ""off"", ""max_parallel_workers_per_gather"": ""0""}"
2,Q03,json,warmup,3,0.054,0.08,,1,Index Scan,Index Scan using T_pkey,1,1,1,1,,3,0,0,,0,0,10,False,"{""jit"": ""off"", ""max_parallel_workers_per_gather"": ""0""}"
2,Q03,jsonb,warmup,3,0.035,0.024,,1,Index Scan,Index Scan using T_pkey,1,1,1,1,,3,0,0,,0,0,10,False,"{""jit"": ""off"", ""max_parallel_workers_per_gather"": ""0""}"
2,Q03,json,measure,1,0.05,0.062,,1,Index Scan,Index Scan using T_pkey,1,1,1,1,,3,0,0,,0,0,10,False,"{""jit"": ""off"", ""max_parallel_workers_per_gather"": ""0""}"
2,Q03,jsonb,measure,1,0.038,0.025,,1,Index Scan,Index Scan using T_pkey,1,1,1,1,,3,0,0,,0,0,10,False,"{""jit"": ""off"", ""max_parallel_workers_per_gather"": ""0""}"
2,Q03,jsonb,measure,2,0.033,0.021,,1,Index Scan,Index Scan using T_pkey,1,1,1,1,,3,0,0,,0,0,10,False,"{""jit"": ""off"", ""max_parallel_workers_per_gather"": ""0""}"
2,Q03,json,measure,2,0.032,0.043,,1,Index Scan,Index Scan using T_pkey,1,1,1,1,,3,0,0,,0,0,10,False,"{""jit"": ""off"", ""max_parallel_workers_per_gather"": ""0""}"
2,Q03,json,measure,3,0.031,0.042,,1,Index Scan,Index Scan using T_pkey,1,1,1,1,,3,0,0,,0,0,10,False,"{""jit"": ""off"", ""max_parallel_workers_per_gather"": ""0""}"
2,Q03,jsonb,measure,3,0.03,0.02,,1,Index Scan,Index Scan using T_pkey,1,1,1,1,,3,0,0,,0,0,10,False,"{""jit"": ""off"", ""max_parallel_workers_per_gather"": ""0""}"
2,Q03,jsonb,measure,4,0.03,0.02,,1,Index Scan,Index Scan using T_pkey,1,1,1,1,,3,0,0,,0,0,10,False,"{""jit"": ""off"", ""max_parallel_workers_per_gather"": ""0""}"
2,Q03,json,measure,4,0.029,0.07,,1,Index Scan,Index Scan using T_pkey,1,1,1,1,,3,0,0,,0,0,10,False,"{""jit"": ""off"", ""max_parallel_workers_per_gather"": ""0""}"
2,Q03,json,measure,5,0.034,0.045,,1,Index Scan,Index Scan using T_pkey,1,1,1,1,,3,0,0,,0,0,10,False,"{""jit"": ""off"", ""max_parallel_workers_per_gather"": ""0""}"
2,Q03,jsonb,measure,5,0.029,0.019,,1,Index Scan,Index Scan using T_pkey,1,1,1,1,,3,0,0,,0,0,10,False,"{""jit"": ""off"", ""max_parallel_workers_per_gather"": ""0""}"
2,Q03,jsonb,measure,6,0.029,0.019,,1,Index Scan,Index Scan using T_pkey,1,1,1,1,,3,0,0,,0,0,10,False,"{""jit"": ""off"", ""max_parallel_workers_per_gather"": ""0""}"
2,Q03,json,measure,6,0.028,0.04,,1,Index Scan,Index Scan using T_pkey,1,1,1,1,,3,0,0,,0,0,10,False,"{""jit"": ""off"", ""max_parallel_workers_per_gather"": ""0""}"
2,Q03,json,measure,7,0.028,0.039,,1,Index Scan,Index Scan using T_pkey,1,1,1,1,,3,0,0,,0,0,10,False,"{""jit"": ""off"", ""max_parallel_workers_per_gather"": ""0""}"
2,Q03,jsonb,measure,7,0.028,0.019,,1,Index Scan,Index Scan using T_pkey,1,1,1,1,,3,0,0,,0,0,10,False,"{""jit"": ""off"", ""max_parallel_workers_per_gather"": ""0""}"
2,Q03,jsonb,measure,8,0.033,0.022,,1,Index Scan,Index Scan using T_pkey,1,1,1,1,,3,0,0,,0,0,10,False,"{""jit"": ""off"", ""max_parallel_workers_per_gather"": ""0""}"
2,Q03,json,measure,8,0.03,0.042,,1,Index Scan,Index Scan using T_pkey,1,1,1,1,,3,0,0,,0,0,10,False,"{""jit"": ""off"", ""max_parallel_workers_per_gather"": ""0""}"
2,Q03,json,measure,9,0.029,0.039,,1,Index Scan,Index Scan using T_pkey,1,1,1,1,,3,0,0,,0,0,10,False,"{""jit"": ""off"", ""max_parallel_workers_per_gather"": ""0""}"
2,Q03,jsonb,measure,9,0.028,0.02,,1,Index Scan,Index Scan using T_pkey,1,1,1,1,,3,0,0,,0,0,10,False,"{""jit"": ""off"", ""max_parallel_workers_per_gather"": ""0""}"
2,Q03,jsonb,measure,10,0.027,0.018,,1,Index Scan,Index Scan using T_pkey,1,1,1,1,,3,0,0,,0,0,10,False,"{""jit"": ""off"", ""max_parallel_workers_per_gather"": ""0""}"
2,Q03,json,measure,10,0.027,0.039,,1,Index Scan,Index Scan using T_pkey,1,1,1,1,,3,0,0,,0,0,10,False,"{""jit"": ""off"", ""max_parallel_workers_per_gather"": ""0""}"
2,Q03,json,measure,11,0.027,0.037,,1,Index Scan,Index Scan using T_pkey,1,1,1,1,,3,0,0,,0,0,10,False,"{""jit"": ""off"", ""max_parallel_workers_per_gather"": ""0""}"
2,Q03,jsonb,measure,11,0.027,0.019,,1,Index Scan,Index Scan using T_pkey,1,1,1,1,,3,0,0,,0,0,10,False,"{""jit"": ""off"", ""max_parallel_workers_per_gather"": ""0""}"
2,Q03,jsonb,measure,12,0.04,0.017,,1,Index Scan,Index Scan using T_pkey,1,1,1,1,,3,0,0,,0,0,10,False,"{""jit"": ""off"", ""max_parallel_workers_per_gather"": ""0""}"
2,Q03,json,measure,12,0.044,0.049,,1,Index Scan,Index Scan using T_pkey,1,1,1,1,,3,0,0,,0,0,10,False,"{""jit"": ""off"", ""max_parallel_workers_per_gather"": ""0""}"
2,Q03,json,measure,13,0.028,0.038,,1,Index Scan,Index Scan using T_pkey,1,1,1,1,,3,0,0,,0,0,10,False,"{""jit"": ""off"", ""max_parallel_workers_per_gather"": ""0""}"
2,Q03,jsonb,measure,13,0.028,0.019,,1,Index Scan,Index Scan using T_pkey,1,1,1,1,,3,0,0,,0,0,10,False,"{""jit"": ""off"", ""max_parallel_workers_per_gather"": ""0""}"
2,Q03,jsonb,measure,14,0.027,0.018,,1,Index Scan,Index Scan using T_pkey,1,1,1,1,,3,0,0,,0,0,10,False,"{""jit"": ""off"", ""max_parallel_workers_per_gather"": ""0""}"
2,Q03,json,measure,14,0.027,0.038,,1,Index Scan,Index Scan using T_pkey,1,1,1,1,,3,0,0,,0,0,10,False,"{""jit"": ""off"", ""max_parallel_workers_per_gather"": ""0""}"
2,Q03,json,measure,15,0.026,0.037,,1,Index Scan,Index Scan using T_pkey,1,1,1,1,,3,0,0,,0,0,10,False,"{""jit"": ""off"", ""max_parallel_workers_per_gather"": ""0""}"
2,Q03,jsonb,measure,15,0.026,0.018,,1,Index Scan,Index Scan using T_pkey,1,1,1,1,,3,0,0,,0,0,10,False,"{""jit"": ""off"", ""max_parallel_workers_per_gather"": ""0""}"
2,Q03,json,detail,1,0.027,0.037,0.001,1,Index Scan,Index Scan using T_pkey,1,1,1,1,,3,0,0,,0,0,10,False,"{""jit"": ""off"", ""max_parallel_workers_per_gather"": ""0""}"
2,Q03,jsonb,detail,1,0.026,0.018,0.001,1,Index Scan,Index Scan using T_pkey,1,1,1,1,,3,0,0,,0,0,10,False,"{""jit"": ""off"", ""max_parallel_workers_per_gather"": ""0""}"
2,Q04,json,warmup,1,0.02,69.758,,93,Seq Scan,Seq Scan on T,5000,5000,5000,5000,,1250,0,0,,0,0,8,False,"{""jit"": ""off"", ""max_parallel_workers_per_gather"": ""0""}"
2,Q04,jsonb,warmup,1,0.045,13.199,,93,Seq Scan,Seq Scan on T,5000,5000,5000,5000,,981,0,0,,0,0,8,False,"{""jit"": ""off"", ""max_parallel_workers_per_gather"": ""0""}"
2,Q04,json,warmup,2,0.038,93.849,,93,Seq Scan,Seq Scan on T,5000,5000,5000,5000,,1250,0,0,,0,0,8,False,"{""jit"": ""off"", ""max_parallel_workers_per_gather"": ""0""}"
2,Q04,jsonb,warmup,2,0.102,20.237,,93,Seq Scan,Seq Scan on T,5000,5000,5000,5000,,981,0,0,,0,0,8,False,"{""jit"": ""off"", ""max_parallel_workers_per_gather"": ""0""}"
2,Q04,json,warmup,3,0.052,96.93,,93,Seq Scan,Seq Scan on T,5000,5000,5000,5000,,1250,0,0,,0,0,8,False,"{""jit"": ""off"", ""max_parallel_workers_per_gather"": ""0""}"
2,Q04,jsonb,warmup,3,0.048,14.599,,93,Seq Scan,Seq Scan on T,5000,5000,5000,5000,,981,0,0,,0,0,8,False,"{""jit"": ""off"", ""max_parallel_workers_per_gather"": ""0""}"
2,Q04,json,measure,1,0.043,73.232,,93,Seq Scan,Seq Scan on T,5000,5000,5000,5000,,1250,0,0,,0,0,8,False,"{""jit"": ""off"", ""max_parallel_workers_per_gather"": ""0""}"
2,Q04,jsonb,measure,1,0.047,13.137,,93,Seq Scan,Seq Scan on T,5000,5000,5000,5000,,981,0,0,,0,0,8,False,"{""jit"": ""off"", ""max_parallel_workers_per_gather"": ""0""}"
2,Q04,jsonb,measure,2,0.074,11.552,,93,Seq Scan,Seq Scan on T,5000,5000,5000,5000,,981,0,0,,0,0,8,False,"{""jit"": ""off"", ""max_parallel_workers_per_gather"": ""0""}"
2,Q04,json,measure,2,0.038,62.74,,93,Seq Scan,Seq Scan on T,5000,5000,5000,5000,,1250,0,0,,0,0,8,False,"{""jit"": ""off"", ""max_parallel_workers_per_gather"": ""0""}"
2,Q04,json,measure,3,0.041,77.705,,93,Seq Scan,Seq Scan on T,5000,5000,5000,5000,,1250,0,0,,0,0,8,False,"{""jit"": ""off"", ""max_parallel_workers_per_gather"": ""0""}"
2,Q04,jsonb,measure,3,0.045,14.14,,93,Seq Scan,Seq Scan on T,5000,5000,5000,5000,,981,0,0,,0,0,8,False,"{""jit"": ""off"", ""max_parallel_workers_per_gather"": ""0""}"
2,Q04,jsonb,measure,4,0.033,12.865,,93,Seq Scan,Seq Scan on T,5000,5000,5000,5000,,981,0,0,,0,0,8,False,"{""jit"": ""off"", ""max_parallel_workers_per_gather"": ""0""}"
2,Q04,json,measure,4,0.046,64.142,,93,Seq Scan,Seq Scan on T,5000,5000,5000,5000,,1250,0,0,,0,0,8,False,"{""jit"": ""off"", ""max_parallel_workers_per_gather"": ""0""}"
2,Q04,json,measure,5,0.038,62.49,,93,Seq Scan,Seq Scan on T,5000,5000,5000,5000,,1250,0,0,,0,0,8,False,"{""jit"": ""off"", ""max_parallel_workers_per_gather"": ""0""}"
2,Q04,jsonb,measure,5,0.045,12.739,,93,Seq Scan,Seq Scan on T,5000,5000,5000,5000,,981,0,0,,0,0,8,False,"{""jit"": ""off"", ""max_parallel_workers_per_gather"": ""0""}"
2,Q04,jsonb,measure,6,0.034,11.762,,93,Seq Scan,Seq Scan on T,5000,5000,5000,5000,,981,0,0,,0,0,8,False,"{""jit"": ""off"", ""max_parallel_workers_per_gather"": ""0""}"
2,Q04,json,measure,6,0.032,64.162,,93,Seq Scan,Seq Scan on T,5000,5000,5000,5000,,1250,0,0,,0,0,8,False,"{""jit"": ""off"", ""max_parallel_workers_per_gather"": ""0""}"
2,Q04,json,measure,7,0.043,63.471,,93,Seq Scan,Seq Scan on T,5000,5000,5000,5000,,1250,0,0,,0,0,8,False,"{""jit"": ""off"", ""max_parallel_workers_per_gather"": ""0""}"
2,Q04,jsonb,measure,7,0.043,12.738,,93,Seq Scan,Seq Scan on T,5000,5000,5000,5000,,981,0,0,,0,0,8,False,"{""jit"": ""off"", ""max_parallel_workers_per_gather"": ""0""}"
2,Q04,jsonb,measure,8,0.035,11.585,,93,Seq Scan,Seq Scan on T,5000,5000,5000,5000,,981,0,0,,0,0,8,False,"{""jit"": ""off"", ""max_parallel_workers_per_gather"": ""0""}"
2,Q04,json,measure,8,0.027,63.515,,93,Seq Scan,Seq Scan on T,5000,5000,5000,5000,,1250,0,0,,0,0,8,False,"{""jit"": ""off"", ""max_parallel_workers_per_gather"": ""0""}"
2,Q04,json,measure,9,0.048,65.615,,93,Seq Scan,Seq Scan on T,5000,5000,5000,5000,,1250,0,0,,0,0,8,False,"{""jit"": ""off"", ""max_parallel_workers_per_gather"": ""0""}"
2,Q04,jsonb,measure,9,0.04,13.195,,93,Seq Scan,Seq Scan on T,5000,5000,5000,5000,,981,0,0,,0,0,8,False,"{""jit"": ""off"", ""max_parallel_workers_per_gather"": ""0""}"
2,Q04,jsonb,measure,10,0.037,11.498,,93,Seq Scan,Seq Scan on T,5000,5000,5000,5000,,981,0,0,,0,0,8,False,"{""jit"": ""off"", ""max_parallel_workers_per_gather"": ""0""}"
2,Q04,json,measure,10,0.026,61.096,,93,Seq Scan,Seq Scan on T,5000,5000,5000,5000,,1250,0,0,,0,0,8,False,"{""jit"": ""off"", ""max_parallel_workers_per_gather"": ""0""}"
2,Q04,json,measure,11,0.049,63.666,,93,Seq Scan,Seq Scan on T,5000,5000,5000,5000,,1250,0,0,,0,0,8,False,"{""jit"": ""off"", ""max_parallel_workers_per_gather"": ""0""}"
2,Q04,jsonb,measure,11,0.043,12.072,,93,Seq Scan,Seq Scan on T,5000,5000,5000,5000,,981,0,0,,0,0,8,False,"{""jit"": ""off"", ""max_parallel_workers_per_gather"": ""0""}"
2,Q04,jsonb,measure,12,0.037,11.571,,93,Seq Scan,Seq Scan on T,5000,5000,5000,5000,,981,0,0,,0,0,8,False,"{""jit"": ""off"", ""max_parallel_workers_per_gather"": ""0""}"
2,Q04,json,measure,12,0.031,58.215,,93,Seq Scan,Seq Scan on T,5000,5000,5000,5000,,1250,0,0,,0,0,8,False,"{""jit"": ""off"", ""max_parallel_workers_per_gather"": ""0""}"
2,Q04,json,measure,13,0.042,63.732,,93,Seq Scan,Seq Scan on T,5000,5000,5000,5000,,1250,0,0,,0,0,8,False,"{""jit"": ""off"", ""max_parallel_workers_per_gather"": ""0""}"
2,Q04,jsonb,measure,13,0.042,12.017,,93,Seq Scan,Seq Scan on T,5000,5000,5000,5000,,981,0,0,,0,0,8,False,"{""jit"": ""off"", ""max_parallel_workers_per_gather"": ""0""}"
2,Q04,jsonb,measure,14,0.033,11.175,,93,Seq Scan,Seq Scan on T,5000,5000,5000,5000,,981,0,0,,0,0,8,False,"{""jit"": ""off"", ""max_parallel_workers_per_gather"": ""0""}"
2,Q04,json,measure,14,0.049,54.885,,93,Seq Scan,Seq Scan on T,5000,5000,5000,5000,,1250,0,0,,0,0,8,False,"{""jit"": ""off"", ""max_parallel_workers_per_gather"": ""0""}"
2,Q04,json,measure,15,0.04,59.388,,93,Seq Scan,Seq Scan on T,5000,5000,5000,5000,,1250,0,0,,0,0,8,False,"{""jit"": ""off"", ""max_parallel_workers_per_gather"": ""0""}"
2,Q04,jsonb,measure,15,0.043,12.662,,93,Seq Scan,Seq Scan on T,5000,5000,5000,5000,,981,0,0,,0,0,8,False,"{""jit"": ""off"", ""max_parallel_workers_per_gather"": ""0""}"
2,Q04,json,detail,1,0.031,60.185,0.573,93,Seq Scan,Seq Scan on T,5000,5000,5000,5000,,1250,0,0,,0,0,8,False,"{""jit"": ""off"", ""max_parallel_workers_per_gather"": ""0""}"
2,Q04,jsonb,detail,1,0.041,11.94,0.495,93,Seq Scan,Seq Scan on T,5000,5000,5000,5000,,981,0,0,,0,0,8,False,"{""jit"": ""off"", ""max_parallel_workers_per_gather"": ""0""}"
2,Q05,json,warmup,1,0.039,1109.521,,1047,Seq Scan,Seq Scan on T,5000,5000,5000,5000,,1250,0,0,,0,0,16,False,"{""jit"": ""off"", ""max_parallel_workers_per_gather"": ""0""}"
2,Q05,jsonb,warmup,1,0.052,91.321,,1047,Seq Scan,Seq Scan on T,5000,5000,5000,5000,,981,0,0,,0,0,16,False,"{""jit"": ""off"", ""max_parallel_workers_per_gather"": ""0""}"
2,Q05,json,warmup,2,0.056,1109.376,,1047,Seq Scan,Seq Scan on T,5000,5000,5000,5000,,1250,0,0,,0,0,16,False,"{""jit"": ""off"", ""max_parallel_workers_per_gather"": ""0""}"
2,Q05,jsonb,warmup,2,0.052,83.437,,1047,Seq Scan,Seq Scan on T,5000,5000,5000,5000,,981,0,0,,0,0,16,False,"{""jit"": ""off"", ""max_parallel_workers_per_gather"": ""0""}"
2,Q05,json,warmup,3,0.051,1129.555,,1047,Seq Scan,Seq Scan on T,5000,5000,5000,5000,,1250,0,0,,0,0,16,False,"{""jit"": ""off"", ""max_parallel_workers_per_gather"": ""0""}"
2,Q05,jsonb,warmup,3,0.044,87.204,,1047,Seq Scan,Seq Scan on T,5000,5000,5000,5000,,981,0,0,,0,0,16,False,"{""jit"": ""off"", ""max_parallel_workers_per_gather"": ""0""}"
2,Q05,json,measure,1,0.054,1070.225,,1047,Seq Scan,Seq Scan on T,5000,5000,5000,5000,,1250,0,0,,0,0,16,False,"{""jit"": ""off"", ""max_parallel_workers_per_gather"": ""0""}"
2,Q05,jsonb,measure,1,0.046,84.213,,1047,Seq Scan,Seq Scan on T,5000,5000,5000,5000,,981,0,0,,0,0,16,False,"{""jit"": ""off"", ""max_parallel_workers_per_gather"": ""0""}"
2,Q05,jsonb,measure,2,0.052,87.506,,1047,Seq Scan,Seq Scan on T,5000,5000,5000,5000,,981,0,0,,0,0,16,False,"{""jit"": ""off"", ""max_parallel_workers_per_gather"": ""0""}"
2,Q05,json,measure,2,0.063,1041.54,,1047,Seq Scan,Seq Scan on T,5000,5000,5000,5000,,1250,0,0,,0,0,16,False,"{""jit"": ""off"", ""max_parallel_workers_per_gather"": ""0""}"
2,Q05,json,measure,3,0.053,1107.222,,1047,Seq Scan,Seq Scan on T,5000,5000,5000,5000,,1250,0,0,,0,0,16,False,"{""jit"": ""off"", ""max_parallel_workers_per_gather"": ""0""}"
2,Q05,jsonb,measure,3,0.05,100.408,,1047,Seq Scan,Seq Scan on T,5000,5000,5000,5000,,981,0,0,,0,0,16,False,"{""jit"": ""off"", ""max_parallel_workers_per_gather"": ""0""}"
2,Q05,jsonb,measure,4,0.051,86.733,,1047,Seq Scan,Seq Scan on T,5000,5000,5000,5000,,981,0,0,,0,0,16,False,"{""jit"": ""off"", ""max_parallel_workers_per_gather"": ""0""}"
2,Q05,json,measure,4,0.052,1063.859,,1047,Seq Scan,Seq Scan on T,5000,5000,5000,5000,,1250,0,0,,0,0,16,False,"{""jit"": ""off"", ""max_parallel_workers_per_gather"": ""0""}"
2,Q05,json,measure,5,0.055,1064.543,,1047,Seq Scan,Seq Scan on T,5000,5000,5000,5000,,1250,0,0,,0,0,16,False,"{""jit"": ""off"", ""max_parallel_workers_per_gather"": ""0""}"
2,Q05,jsonb,measure,5,0.049,84.479,,1047,Seq Scan,Seq Scan on T,5000,5000,5000,5000,,981,0,0,,0,0,16,False,"{""jit"": ""off"", ""max_parallel_workers_per_gather"": ""0""}"
2,Q05,jsonb,measure,6,0.049,82.664,,1047,Seq Scan,Seq Scan on T,5000,5000,5000,5000,,981,0,0,,0,0,16,False,"{""jit"": ""off"", ""max_parallel_workers_per_gather"": ""0""}"
2,Q05,json,measure,6,0.052,1098.321,,1047,Seq Scan,Seq Scan on T,5000,5000,5000,5000,,1250,0,0,,0,0,16,False,"{""jit"": ""off"", ""max_parallel_workers_per_gather"": ""0""}"
2,Q05,json,measure,7,0.057,1097.041,,1047,Seq Scan,Seq Scan on T,5000,5000,5000,5000,,1250,0,0,,0,0,16,False,"{""jit"": ""off"", ""max_parallel_workers_per_gather"": ""0""}"
2,Q05,jsonb,measure,7,0.053,94.473,,1047,Seq Scan,Seq Scan on T,5000,5000,5000,5000,,981,0,0,,0,0,16,False,"{""jit"": ""off"", ""max_parallel_workers_per_gather"": ""0""}"
2,Q05,jsonb,measure,8,0.053,102.938,,1047,Seq Scan,Seq Scan on T,5000,5000,5000,5000,,981,0,0,,0,0,16,False,"{""jit"": ""off"", ""max_parallel_workers_per_gather"": ""0""}"
2,Q05,json,measure,8,0.053,1107.349,,1047,Seq Scan,Seq Scan on T,5000,5000,5000,5000,,1250,0,0,,0,0,16,False,"{""jit"": ""off"", ""max_parallel_workers_per_gather"": ""0""}"
2,Q05,json,measure,9,0.053,1129.932,,1047,Seq Scan,Seq Scan on T,5000,5000,5000,5000,,1250,0,0,,0,0,16,False,"{""jit"": ""off"", ""max_parallel_workers_per_gather"": ""0""}"
2,Q05,jsonb,measure,9,0.049,91.185,,1047,Seq Scan,Seq Scan on T,5000,5000,5000,5000,,981,0,0,,0,0,16,False,"{""jit"": ""off"", ""max_parallel_workers_per_gather"": ""0""}"
2,Q05,jsonb,measure,10,0.055,94.791,,1047,Seq Scan,Seq Scan on T,5000,5000,5000,5000,,981,0,0,,0,0,16,False,"{""jit"": ""off"", ""max_parallel_workers_per_gather"": ""0""}"
2,Q05,json,measure,10,0.06,1140.904,,1047,Seq Scan,Seq Scan on T,5000,5000,5000,5000,,1250,0,0,,0,0,16,False,"{""jit"": ""off"", ""max_parallel_workers_per_gather"": ""0""}"
2,Q05,json,measure,11,0.049,1143.781,,1047,Seq Scan,Seq Scan on T,5000,5000,5000,5000,,1250,0,0,,0,0,16,False,"{""jit"": ""off"", ""max_parallel_workers_per_gather"": ""0""}"
2,Q05,jsonb,measure,11,0.059,94.644,,1047,Seq Scan,Seq Scan on T,5000,5000,5000,5000,,981,0,0,,0,0,16,False,"{""jit"": ""off"", ""max_parallel_workers_per_gather"": ""0""}"
2,Q05,jsonb,measure,12,0.055,94.699,,1047,Seq Scan,Seq Scan on T,5000,5000,5000,5000,,981,0,0,,0,0,16,False,"{""jit"": ""off"", ""max_parallel_workers_per_gather"": ""0""}"
2,Q05,json,measure,12,0.057,1112.007,,1047,Seq Scan,Seq Scan on T,5000,5000,5000,5000,,1250,0,0,,0,0,16,False,"{""jit"": ""off"", ""max_parallel_workers_per_gather"": ""0""}"
2,Q05,json,measure,13,0.056,1124.923,,1047,Seq Scan,Seq Scan on T,5000,5000,5000,5000,,1250,0,0,,0,0,16,False,"{""jit"": ""off"", ""max_parallel_workers_per_gather"": ""0""}"
2,Q05,jsonb,measure,13,0.045,84.242,,1047,Seq Scan,Seq Scan on T,5000,5000,5000,5000,,981,0,0,,0,0,16,False,"{""jit"": ""off"", ""max_parallel_workers_per_gather"": ""0""}"
2,Q05,jsonb,measure,14,0.052,97.718,,1047,Seq Scan,Seq Scan on T,5000,5000,5000,5000,,981,0,0,,0,0,16,False,"{""jit"": ""off"", ""max_parallel_workers_per_gather"": ""0""}"
2,Q05,json,measure,14,0.078,1152.065,,1047,Seq Scan,Seq Scan on T,5000,5000,5000,5000,,1250,0,0,,0,0,16,False,"{""jit"": ""off"", ""max_parallel_workers_per_gather"": ""0""}"
2,Q05,json,measure,15,0.055,1115.987,,1047,Seq Scan,Seq Scan on T,5000,5000,5000,5000,,1250,0,0,,0,0,16,False,"{""jit"": ""off"", ""max_parallel_workers_per_gather"": ""0""}"
2,Q05,jsonb,measure,15,0.055,94.748,,1047,Seq Scan,Seq Scan on T,5000,5000,5000,5000,,981,0,0,,0,0,16,False,"{""jit"": ""off"", ""max_parallel_workers_per_gather"": ""0""}"
2,Q05,json,detail,1,0.053,1138.548,4.425,1047,Seq Scan,Seq Scan on T,5000,5000,5000,5000,,1250,0,0,,0,0,16,False,"{""jit"": ""off"", ""max_parallel_workers_per_gather"": ""0""}"
2,Q05,jsonb,detail,1,0.055,89.131,3.413,1047,Seq Scan,Seq Scan on T,5000,5000,5000,5000,,981,0,0,,0,0,16,False,"{""jit"": ""off"", ""max_parallel_workers_per_gather"": ""0""}"
2,Q06,json,warmup,1,0.193,7683.558,,3796,Seq Scan,Seq Scan on T,5000,5000,5000,5000,,1250,0,0,,0,30,72,False,"{""jit"": ""off"", ""max_parallel_workers_per_gather"": ""0""}"
2,Q06,jsonb,warmup,1,0.158,597.063,,3796,Seq Scan,Seq Scan on T,5000,5000,5000,5000,,981,0,0,,0,0,72,False,"{""jit"": ""off"", ""max_parallel_workers_per_gather"": ""0""}"
2,Q06,json,warmup,2,0.125,7354.485,,3796,Seq Scan,Seq Scan on T,5000,5000,5000,5000,,1250,0,0,,0,0,72,False,"{""jit"": ""off"", ""max_parallel_workers_per_gather"": ""0""}"
2,Q06,jsonb,warmup,2,0.131,679.701,,3796,Seq Scan,Seq Scan on T,5000,5000,5000,5000,,981,0,0,,0,0,72,False,"{""jit"": ""off"", ""max_parallel_workers_per_gather"": ""0""}"
2,Q06,json,warmup,3,0.138,7749.317,,3796,Seq Scan,Seq Scan on T,5000,5000,5000,5000,,1250,0,0,,0,0,72,False,"{""jit"": ""off"", ""max_parallel_workers_per_gather"": ""0""}"
2,Q06,jsonb,warmup,3,0.146,620.797,,3796,Seq Scan,Seq Scan on T,5000,5000,5000,5000,,981,0,0,,0,0,72,False,"{""jit"": ""off"", ""max_parallel_workers_per_gather"": ""0""}"
2,Q06,json,measure,1,0.155,7494.955,,3796,Seq Scan,Seq Scan on T,5000,5000,5000,5000,,1250,0,0,,0,0,72,False,"{""jit"": ""off"", ""max_parallel_workers_per_gather"": ""0""}"
2,Q06,jsonb,measure,1,0.146,634.269,,3796,Seq Scan,Seq Scan on T,5000,5000,5000,5000,,981,0,0,,0,0,72,False,"{""jit"": ""off"", ""max_parallel_workers_per_gather"": ""0""}"
2,Q06,jsonb,measure,2,0.133,635.707,,3796,Seq Scan,Seq Scan on T,5000,5000,5000,5000,,981,0,0,,0,0,72,False,"{""jit"": ""off"", ""max_parallel_workers_per_gather"": ""0""}"
2,Q06,json,measure,2,0.161,7789.263,,3796,Seq Scan,Seq Scan on T,5000,5000,5000,5000,,1250,0,0,,0,0,72,False,"{""jit"": ""off"", ""max_parallel_workers_per_gather"": ""0""}"
2,Q06,json,measure,3,0.125,7420.575,,3796,Seq Scan,Seq Scan on T,5000,5000,5000,5000,,1250,0,0,,0,0,72,False,"{""jit"": ""off"", ""max_parallel_workers_per_gather"": ""0""}"
2,Q06,jsonb,measure,3,0.128,609.474,,3796,Seq Scan,Seq Scan on T,5000,5000,5000,5000,,981,0,0,,0,0,72,False,"{""jit"": ""off"", ""max_parallel_workers_per_gather"": ""0""}"
2,Q06,jsonb,measure,4,0.16,609.716,,3796,Seq Scan,Seq Scan on T,5000,5000,5000,5000,,981,0,0,,0,0,72,False,"{""jit"": ""off"", ""max_parallel_workers_per_gather"": ""0""}"
2,Q06,json,measure,4,0.147,7480.428,,3796,Seq Scan,Seq Scan on T,5000,5000,5000,5000,,1250,0,0,,0,0,72,False,"{""jit"": ""off"", ""max_parallel_workers_per_gather"": ""0""}"
2,Q06,json,measure,5,0.146,7174.93,,3796,Seq Scan,Seq Scan on T,5000,5000,5000,5000,,1250,0,0,,0,0,72,False,"{""jit"": ""off"", ""max_parallel_workers_per_gather"": ""0""}"
2,Q06,jsonb,measure,5,0.148,578.167,,3796,Seq Scan,Seq Scan on T,5000,5000,5000,5000,,981,0,0,,0,0,72,False,"{""jit"": ""off"", ""max_parallel_workers_per_gather"": ""0""}"
2,Q06,jsonb,measure,6,0.161,581.702,,3796,Seq Scan,Seq Scan on T,5000,5000,5000,5000,,981,0,0,,0,0,72,False,"{""jit"": ""off"", ""max_parallel_workers_per_gather"": ""0""}"
2,Q06,json,measure,6,0.153,7238.021,,3796,Seq Scan,Seq Scan on T,5000,5000,5000,5000,,1250,0,0,,0,0,72,False,"{""jit"": ""off"", ""max_parallel_workers_per_gather"": ""0""}"
2,Q06,json,measure,7,0.151,7784.472,,3796,Seq Scan,Seq Scan on T,5000,5000,5000,5000,,1250,0,0,,0,0,72,False,"{""jit"": ""off"", ""max_parallel_workers_per_gather"": ""0""}"
2,Q06,jsonb,measure,7,0.15,613.074,,3796,Seq Scan,Seq Scan on T,5000,5000,5000,5000,,981,0,0,,0,0,72,False,"{""jit"": ""off"", ""max_parallel_workers_per_gather"": ""0""}"
2,Q06,jsonb,measure,8,0.162,613.513,,3796,Seq Scan,Seq Scan on T,5000,5000,5000,5000,,981,0,0,,0,0,72,False,"{""jit"": ""off"", ""max_parallel_workers_per_gather"": ""0""}"
2,Q06,json,measure,8,0.166,7343.561,,3796,Seq Scan,Seq Scan on T,5000,5000,5000,5000,,1250,0,0,,0,0,72,False,"{""jit"": ""off"", ""max_parallel_workers_per_gather"": ""0""}"
2,Q06,json,measure,9,0.165,7468.237,,3796,Seq Scan,Seq Scan on T,5000,5000,5000,5000,,1250,0,0,,0,0,72,False,"{""jit"": ""off"", ""max_parallel_workers_per_gather"": ""0""}"
2,Q06,jsonb,measure,9,0.161,578.607,,3796,Seq Scan,Seq Scan on T,5000,5000,5000,5000,,981,0,0,,0,0,72,False,"{""jit"": ""off"", ""max_parallel_workers_per_gather"": ""0""}"
2,Q06,jsonb,measure,10,0.14,587.382,,3796,Seq Scan,Seq Scan on T,5000,5000,5000,5000,,981,0,0,,0,0,72,False,"{""jit"": ""off"", ""max_parallel_workers_per_gather"": ""0""}"
2,Q06,json,measure,10,0.151,7515.633,,3796,Seq Scan,Seq Scan on T,5000,5000,5000,5000,,1250,0,0,,0,0,72,False,"{""jit"": ""off"", ""max_parallel_workers_per_gather"": ""0""}"
2,Q06,json,measure,11,0.13,7512.406,,3796,Seq Scan,Seq Scan on T,5000,5000,5000,5000,,1250,0,0,,0,0,72,False,"{""jit"": ""off"", ""max_parallel_workers_per_gather"": ""0""}"
2,Q06,jsonb,measure,11,0.163,610.871,,3796,Seq Scan,Seq Scan on T,5000,5000,5000,5000,,981,0,0,,0,0,72,False,"{""jit"": ""off"", ""max_parallel_workers_per_gather"": ""0""}"
2,Q06,jsonb,measure,12,0.154,646.632,,3796,Seq Scan,Seq Scan on T,5000,5000,5000,5000,,981,0,0,,0,0,72,False,"{""jit"": ""off"", ""max_parallel_workers_per_gather"": ""0""}"
2,Q06,json,measure,12,0.173,8965.398,,3796,Seq Scan,Seq Scan on T,5000,5000,5000,5000,,1250,0,0,,0,0,72,False,"{""jit"": ""off"", ""max_parallel_workers_per_gather"": ""0""}"
2,Q06,json,measure,13,0.188,7675.167,,3796,Seq Scan,Seq Scan on T,5000,5000,5000,5000,,1250,0,0,,0,0,72,False,"{""jit"": ""off"", ""max_parallel_workers_per_gather"": ""0""}"
2,Q06,jsonb,measure,13,0.157,634.6,,3796,Seq Scan,Seq Scan on T,5000,5000,5000,5000,,981,0,0,,0,0,72,False,"{""jit"": ""off"", ""max_parallel_workers_per_gather"": ""0""}"
2,Q06,jsonb,measure,14,0.153,632.096,,3796,Seq Scan,Seq Scan on T,5000,5000,5000,5000,,981,0,0,,0,0,72,False,"{""jit"": ""off"", ""max_parallel_workers_per_gather"": ""0""}"
2,Q06,json,measure,14,0.153,7416.901,,3796,Seq Scan,Seq Scan on T,5000,5000,5000,5000,,1250,0,0,,0,0,72,False,"{""jit"": ""off"", ""max_parallel_workers_per_gather"": ""0""}"
2,Q06,json,measure,15,0.15,7537.543,,3796,Seq Scan,Seq Scan on T,5000,5000,5000,5000,,1250,0,0,,0,0,72,False,"{""jit"": ""off"", ""max_parallel_workers_per_gather"": ""0""}"
2,Q06,jsonb,measure,15,0.129,1005.144,,3796,Seq Scan,Seq Scan on T,5000,5000,5000,5000,,981,0,0,,0,0,72,False,"{""jit"": ""off"", ""max_parallel_workers_per_gather"": ""0""}"
2,Q06,json,detail,1,0.193,21737.18,115.111,3796,Seq Scan,Seq Scan on T,5000,5000,5000,5000,,1250,0,0,,0,0,72,False,"{""jit"": ""off"", ""max_parallel_workers_per_gather"": ""0""}"
2,Q06,jsonb,detail,1,0.22,933.983,38.297,3796,Seq Scan,Seq Scan on T,5000,5000,5000,5000,,981,0,0,,0,0,72,False,"{""jit"": ""off"", ""max_parallel_workers_per_gather"": ""0""}"
2,Q07,json,warmup,1,0.069,96.003,,1,Seq Scan,Seq Scan on T,25,12,25,12,4988,1250,0,0,,0,0,9,False,"{""jit"": ""off"", ""max_parallel_workers_per_gather"": ""0""}"
2,Q07,jsonb,warmup,1,0.044,17.145,,1,Seq Scan,Seq Scan on T,25,12,25,12,4988,981,0,0,,0,0,9,False,"{""jit"": ""off"", ""max_parallel_workers_per_gather"": ""0""}"
2,Q07,json,warmup,2,0.076,88.811,,1,Seq Scan,Seq Scan on T,25,12,25,12,4988,1250,0,0,,0,0,9,False,"{""jit"": ""off"", ""max_parallel_workers_per_gather"": ""0""}"
2,Q07,jsonb,warmup,2,0.051,16.645,,1,Seq Scan,Seq Scan on T,25,12,25,12,4988,981,0,0,,0,0,9,False,"{""jit"": ""off"", ""max_parallel_workers_per_gather"": ""0""}"
2,Q07,json,warmup,3,0.062,99.915,,1,Seq Scan,Seq Scan on T,25,12,25,12,4988,1250,0,0,,0,0,9,False,"{""jit"": ""off"", ""max_parallel_workers_per_gather"": ""0""}"
2,Q07,jsonb,warmup,3,0.061,16.426,,1,Seq Scan,Seq Scan on T,25,12,25,12,4988,981,0,0,,0,0,9,False,"{""jit"": ""off"", ""max_parallel_workers_per_gather"": ""0""}"
2,Q07,json,measure,1,0.056,96.961,,1,Seq Scan,Seq Scan on T,25,12,25,12,4988,1250,0,0,,0,0,9,False,"{""jit"": ""off"", ""max_parallel_workers_per_gather"": ""0""}"
2,Q07,jsonb,measure,1,0.046,14.267,,1,Seq Scan,Seq Scan on T,25,12,25,12,4988,981,0,0,,0,0,9,False,"{""jit"": ""off"", ""max_parallel_workers_per_gather"": ""0""}"
2,Q07,jsonb,measure,2,0.051,17.097,,1,Seq Scan,Seq Scan on T,25,12,25,12,4988,981,0,0,,0,0,9,False,"{""jit"": ""off"", ""max_parallel_workers_per_gather"": ""0""}"
2,Q07,json,measure,2,0.056,96.658,,1,Seq Scan,Seq Scan on T,25,12,25,12,4988,1250,0,0,,0,0,9,False,"{""jit"": ""off"", ""max_parallel_workers_per_gather"": ""0""}"
2,Q07,json,measure,3,0.109,85.802,,1,Seq Scan,Seq Scan on T,25,12,25,12,4988,1250,0,0,,0,0,9,False,"{""jit"": ""off"", ""max_parallel_workers_per_gather"": ""0""}"
2,Q07,jsonb,measure,3,0.08,14.712,,1,Seq Scan,Seq Scan on T,25,12,25,12,4988,981,0,0,,0,0,9,False,"{""jit"": ""off"", ""max_parallel_workers_per_gather"": ""0""}"
2,Q07,jsonb,measure,4,0.046,15.207,,1,Seq Scan,Seq Scan on T,25,12,25,12,4988,981,0,0,,0,0,9,False,"{""jit"": ""off"", ""max_parallel_workers_per_gather"": ""0""}"
2,Q07,json,measure,4,0.062,80.738,,1,Seq Scan,Seq Scan on T,25,12,25,12,4988,1250,0,0,,0,0,9,False,"{""jit"": ""off"", ""max_parallel_workers_per_gather"": ""0""}"
2,Q07,json,measure,5,0.051,82.541,,1,Seq Scan,Seq Scan on T,25,12,25,12,4988,1250,0,0,,0,0,9,False,"{""jit"": ""off"", ""max_parallel_workers_per_gather"": ""0""}"
2,Q07,jsonb,measure,5,0.051,19.082,,1,Seq Scan,Seq Scan on T,25,12,25,12,4988,981,0,0,,0,0,9,False,"{""jit"": ""off"", ""max_parallel_workers_per_gather"": ""0""}"
2,Q07,jsonb,measure,6,0.053,17.583,,1,Seq Scan,Seq Scan on T,25,12,25,12,4988,981,0,0,,0,0,9,False,"{""jit"": ""off"", ""max_parallel_workers_per_gather"": ""0""}"
2,Q07,json,measure,6,0.054,86.352,,1,Seq Scan,Seq Scan on T,25,12,25,12,4988,1250,0,0,,0,0,9,False,"{""jit"": ""off"", ""max_parallel_workers_per_gather"": ""0""}"
2,Q07,json,measure,7,0.058,100.335,,1,Seq Scan,Seq Scan on T,25,12,25,12,4988,1250,0,0,,0,0,9,False,"{""jit"": ""off"", ""max_parallel_workers_per_gather"": ""0""}"
2,Q07,jsonb,measure,7,0.074,20.784,,1,Seq Scan,Seq Scan on T,25,12,25,12,4988,981,0,0,,0,0,9,False,"{""jit"": ""off"", ""max_parallel_workers_per_gather"": ""0""}"
2,Q07,jsonb,measure,8,0.059,16.85,,1,Seq Scan,Seq Scan on T,25,12,25,12,4988,981,0,0,,0,0,9,False,"{""jit"": ""off"", ""max_parallel_workers_per_gather"": ""0""}"
2,Q07,json,measure,8,0.297,84.043,,1,Seq Scan,Seq Scan on T,25,12,25,12,4988,1250,0,0,,0,0,9,False,"{""jit"": ""off"", ""max_parallel_workers_per_gather"": ""0""}"
2,Q07,json,measure,9,0.054,90.861,,1,Seq Scan,Seq Scan on T,25,12,25,12,4988,1250,0,0,,0,0,9,False,"{""jit"": ""off"", ""max_parallel_workers_per_gather"": ""0""}"
2,Q07,jsonb,measure,9,0.086,18.492,,1,Seq Scan,Seq Scan on T,25,12,25,12,4988,981,0,0,,0,0,9,False,"{""jit"": ""off"", ""max_parallel_workers_per_gather"": ""0""}"
2,Q07,jsonb,measure,10,0.156,23.482,,1,Seq Scan,Seq Scan on T,25,12,25,12,4988,981,0,0,,0,0,9,False,"{""jit"": ""off"", ""max_parallel_workers_per_gather"": ""0""}"
2,Q07,json,measure,10,0.051,75.663,,1,Seq Scan,Seq Scan on T,25,12,25,12,4988,1250,0,0,,0,0,9,False,"{""jit"": ""off"", ""max_parallel_workers_per_gather"": ""0""}"
2,Q07,json,measure,11,0.237,73.503,,1,Seq Scan,Seq Scan on T,25,12,25,12,4988,1250,0,0,,0,0,9,False,"{""jit"": ""off"", ""max_parallel_workers_per_gather"": ""0""}"
2,Q07,jsonb,measure,11,0.05,14.484,,1,Seq Scan,Seq Scan on T,25,12,25,12,4988,981,0,0,,0,0,9,False,"{""jit"": ""off"", ""max_parallel_workers_per_gather"": ""0""}"
2,Q07,jsonb,measure,12,0.048,15.767,,1,Seq Scan,Seq Scan on T,25,12,25,12,4988,981,0,0,,0,0,9,False,"{""jit"": ""off"", ""max_parallel_workers_per_gather"": ""0""}"
2,Q07,json,measure,12,0.05,71.579,,1,Seq Scan,Seq Scan on T,25,12,25,12,4988,1250,0,0,,0,0,9,False,"{""jit"": ""off"", ""max_parallel_workers_per_gather"": ""0""}"
2,Q07,json,measure,13,0.044,82.048,,1,Seq Scan,Seq Scan on T,25,12,25,12,4988,1250,0,0,,0,0,9,False,"{""jit"": ""off"", ""max_parallel_workers_per_gather"": ""0""}"
2,Q07,jsonb,measure,13,0.069,20.957,,1,Seq Scan,Seq Scan on T,25,12,25,12,4988,981,0,0,,0,0,9,False,"{""jit"": ""off"", ""max_parallel_workers_per_gather"": ""0""}"
2,Q07,jsonb,measure,14,0.087,19.245,,1,Seq Scan,Seq Scan on T,25,12,25,12,4988,981,0,0,,0,0,9,False,"{""jit"": ""off"", ""max_parallel_workers_per_gather"": ""0""}"
2,Q07,json,measure,14,0.082,94.673,,1,Seq Scan,Seq Scan on T,25,12,25,12,4988,1250,0,0,,0,0,9,False,"{""jit"": ""off"", ""max_parallel_workers_per_gather"": ""0""}"
2,Q07,json,measure,15,0.043,85.785,,1,Seq Scan,Seq Scan on T,25,12,25,12,4988,1250,0,0,,0,0,9,False,"{""jit"": ""off"", ""max_parallel_workers_per_gather"": ""0""}"
2,Q07,jsonb,measure,15,0.477,19.209,,1,Seq Scan,Seq Scan on T,25,12,25,12,4988,981,0,0,,0,0,9,False,"{""jit"": ""off"", ""max_parallel_workers_per_gather"": ""0""}"
2,Q07,json,detail,1,0.082,110.383,0.02,1,Seq Scan,Seq Scan on T,25,12,25,12,4988,1250,0,0,,0,0,9,False,"{""jit"": ""off"", ""max_parallel_workers_per_gather"": ""0""}"
2,Q07,jsonb,detail,1,0.074,19.253,0.029,1,Seq Scan,Seq Scan on T,25,12,25,12,4988,981,0,0,,0,0,9,False,"{""jit"": ""off"", ""max_parallel_workers_per_gather"": ""0""}"
2,Q08,json,warmup,1,0.08,152.009,,3,Seq Scan,Seq Scan on T,25,225,25,225,4775,1250,0,0,,0,0,9,False,"{""jit"": ""off"", ""max_parallel_workers_per_gather"": ""0""}"
2,Q08,jsonb,warmup,1,0.075,20.562,,3,Seq Scan,Seq Scan on T,25,225,25,225,4775,981,0,0,,0,0,9,False,"{""jit"": ""off"", ""max_parallel_workers_per_gather"": ""0""}"
2,Q08,json,warmup,2,0.048,146.278,,3,Seq Scan,Seq Scan on T,25,225,25,225,4775,1250,0,0,,0,0,9,False,"{""jit"": ""off"", ""max_parallel_workers_per_gather"": ""0""}"
2,Q08,jsonb,warmup,2,0.06,14.343,,3,Seq Scan,Seq Scan on T,25,225,25,225,4775,981,0,0,,0,0,9,False,"{""jit"": ""off"", ""max_parallel_workers_per_gather"": ""0""}"
2,Q08,json,warmup,3,0.045,183.33,,3,Seq Scan,Seq Scan on T,25,225,25,225,4775,1250,0,0,,0,0,9,False,"{""jit"": ""off"", ""max_parallel_workers_per_gather"": ""0""}"
2,Q08,jsonb,warmup,3,0.053,19.136,,3,Seq Scan,Seq Scan on T,25,225,25,225,4775,981,0,0,,0,0,9,False,"{""jit"": ""off"", ""max_parallel_workers_per_gather"": ""0""}"
2,Q08,json,measure,1,0.053,144.373,,3,Seq Scan,Seq Scan on T,25,225,25,225,4775,1250,0,0,,0,0,9,False,"{""jit"": ""off"", ""max_parallel_workers_per_gather"": ""0""}"
2,Q08,jsonb,measure,1,0.057,16.226,,3,Seq Scan,Seq Scan on T,25,225,25,225,4775,981,0,0,,0,0,9,False,"{""jit"": ""off"", ""max_parallel_workers_per_gather"": ""0""}"
2,Q08,jsonb,measure,2,0.045,13.241,,3,Seq Scan,Seq Scan on T,25,225,25,225,4775,981,0,0,,0,0,9,False,"{""jit"": ""off"", ""max_parallel_workers_per_gather"": ""0""}"
2,Q08,json,measure,2,0.152,120.486,,3,Seq Scan,Seq Scan on T,25,225,25,225,4775,1250,0,0,,0,0,9,False,"{""jit"": ""off"", ""max_parallel_workers_per_gather"": ""0""}"
2,Q08,json,measure,3,0.048,149.348,,3,Seq Scan,Seq Scan on T,25,225,25,225,4775,1250,0,0,,0,0,9,False,"{""jit"": ""off"", ""max_parallel_workers_per_gather"": ""0""}"
2,Q08,jsonb,measure,3,0.052,15.048,,3,Seq Scan,Seq Scan on T,25,225,25,225,4775,981,0,0,,0,0,9,False,"{""jit"": ""off"", ""max_parallel_workers_per_gather"": ""0""}"
2,Q08,jsonb,measure,4,0.043,13.653,,3,Seq Scan,Seq Scan on T,25,225,25,225,4775,981,0,0,,0,0,9,False,"{""jit"": ""off"", ""max_parallel_workers_per_gather"": ""0""}"
2,Q08,json,measure,4,0.049,126.629,,3,Seq Scan,Seq Scan on T,25,225,25,225,4775,1250,0,0,,0,0,9,False,"{""jit"": ""off"", ""max_parallel_workers_per_gather"": ""0""}"
2,Q08,json,measure,5,0.052,143.283,,3,Seq Scan,Seq Scan on T,25,225,25,225,4775,1250,0,0,,0,0,9,False,"{""jit"": ""off"", ""max_parallel_workers_per_gather"": ""0""}"
2,Q08,jsonb,measure,5,0.059,18.168,,3,Seq Scan,Seq Scan on T,25,225,25,225,4775,981,0,0,,0,0,9,False,"{""jit"": ""off"", ""max_parallel_workers_per_gather"": ""0""}"
2,Q08,jsonb,measure,6,0.058,16.644,,3,Seq Scan,Seq Scan on T,25,225,25,225,4775,981,0,0,,0,0,9,False,"{""jit"": ""off"", ""max_parallel_workers_per_gather"": ""0""}"
2,Q08,json,measure,6,0.059,142.434,,3,Seq Scan,Seq Scan on T,25,225,25,225,4775,1250,0,0,,0,0,9,False,"{""jit"": ""off"", ""max_parallel_workers_per_gather"": ""0""}"
2,Q08,json,measure,7,0.051,173.458,,3,Seq Scan,Seq Scan on T,25,225,25,225,4775,1250,0,0,,0,0,9,False,"{""jit"": ""off"", ""max_parallel_workers_per_gather"": ""0""}"
2,Q08,jsonb,measure,7,0.082,23.677,,3,Seq Scan,Seq Scan on T,25,225,25,225,4775,981,0,0,,0,0,9,False,"{""jit"": ""off"", ""max_parallel_workers_per_gather"": ""0""}"
2,Q08,jsonb,measure,8,0.17,19.225,,3,Seq Scan,Seq Scan on T,25,225,25,225,4775,981,0,0,,0,0,9,False,"{""jit"": ""off"", ""max_parallel_workers_per_gather"": ""0""}"
2,Q08,json,measure,8,0.048,135.856,,3,Seq Scan,Seq Scan on T,25,225,25,225,4775,1250,0,0,,0,0,9,False,"{""jit"": ""off"", ""max_parallel_workers_per_gather"": ""0""}"
2,Q08,json,measure,9,0.05,151.504,,3,Seq Scan,Seq Scan on T,25,225,25,225,4775,1250,0,0,,0,0,9,False,"{""jit"": ""off"", ""max_parallel_workers_per_gather"": ""0""}"
2,Q08,jsonb,measure,9,0.053,19.099,,3,Seq Scan,Seq Scan on T,25,225,25,225,4775,981,0,0,,0,0,9,False,"{""jit"": ""off"", ""max_parallel_workers_per_gather"": ""0""}"
2,Q08,jsonb,measure,10,0.059,21.505,,3,Seq Scan,Seq Scan on T,25,225,25,225,4775,981,0,0,,0,0,9,False,"{""jit"": ""off"", ""max_parallel_workers_per_gather"": ""0""}"
2,Q08,json,measure,10,0.057,157.171,,3,Seq Scan,Seq Scan on T,25,225,25,225,4775,1250,0,0,,0,0,9,False,"{""jit"": ""off"", ""max_parallel_workers_per_gather"": ""0""}"
2,Q08,json,measure,11,0.055,170.075,,3,Seq Scan,Seq Scan on T,25,225,25,225,4775,1250,0,0,,0,0,9,False,"{""jit"": ""off"", ""max_parallel_workers_per_gather"": ""0""}"
2,Q08,jsonb,measure,11,0.053,15.525,,3,Seq Scan,Seq Scan on T,25,225,25,225,4775,981,0,0,,0,0,9,False,"{""jit"": ""off"", ""max_parallel_workers_per_gather"": ""0""}"
2,Q08,jsonb,measure,12,0.057,14.655,,3,Seq Scan,Seq Scan on T,25,225,25,225,4775,981,0,0,,0,0,9,False,"{""jit"": ""off"", ""max_parallel_workers_per_gather"": ""0""}"
2,Q08,json,measure,12,0.082,146.27,,3,Seq Scan,Seq Scan on T,25,225,25,225,4775,1250,0,0,,0,0,9,False,"{""jit"": ""off"", ""max_parallel_workers_per_gather"": ""0""}"
2,Q08,json,measure,13,0.07,128.435,,3,Seq Scan,Seq Scan on T,25,225,25,225,4775,1250,0,0,,0,0,9,False,"{""jit"": ""off"", ""max_parallel_workers_per_gather"": ""0""}"
2,Q08,jsonb,measure,13,0.048,14.322,,3,Seq Scan,Seq Scan on T,25,225,25,225,4775,981,0,0,,0,0,9,False,"{""jit"": ""off"", ""max_parallel_workers_per_gather"": ""0""}"
2,Q08,jsonb,measure,14,0.048,14.793,,3,Seq Scan,Seq Scan on T,25,225,25,225,4775,981,0,0,,0,0,9,False,"{""jit"": ""off"", ""max_parallel_workers_per_gather"": ""0""}"
2,Q08,json,measure,14,0.048,126.836,,3,Seq Scan,Seq Scan on T,25,225,25,225,4775,1250,0,0,,0,0,9,False,"{""jit"": ""off"", ""max_parallel_workers_per_gather"": ""0""}"
2,Q08,json,measure,15,0.047,144.683,,3,Seq Scan,Seq Scan on T,25,225,25,225,4775,1250,0,0,,0,0,9,False,"{""jit"": ""off"", ""max_parallel_workers_per_gather"": ""0""}"
2,Q08,jsonb,measure,15,0.057,18.509,,3,Seq Scan,Seq Scan on T,25,225,25,225,4775,981,0,0,,0,0,9,False,"{""jit"": ""off"", ""max_parallel_workers_per_gather"": ""0""}"
2,Q08,json,detail,1,0.054,141.867,0.087,3,Seq Scan,Seq Scan on T,25,225,25,225,4775,1250,0,0,,0,0,9,False,"{""jit"": ""off"", ""max_parallel_workers_per_gather"": ""0""}"
2,Q08,jsonb,detail,1,0.048,14.313,0.027,3,Seq Scan,Seq Scan on T,25,225,25,225,4775,981,0,0,,0,0,9,False,"{""jit"": ""off"", ""max_parallel_workers_per_gather"": ""0""}"
2,Q09,json,warmup,1,0.185,73.014,,15,Seq Scan,Seq Scan on T,25,1528,25,1528,3472,1250,0,0,,0,0,9,False,"{""jit"": ""off"", ""max_parallel_workers_per_gather"": ""0""}"
2,Q09,jsonb,warmup,1,0.122,18.343,,15,Seq Scan,Seq Scan on T,25,1528,25,1528,3472,981,0,0,,0,0,9,False,"{""jit"": ""off"", ""max_parallel_workers_per_gather"": ""0""}"
2,Q09,json,warmup,2,0.067,83.619,,15,Seq Scan,Seq Scan on T,25,1528,25,1528,3472,1250,0,0,,0,0,9,False,"{""jit"": ""off"", ""max_parallel_workers_per_gather"": ""0""}"
2,Q09,jsonb,warmup,2,0.062,14.257,,15,Seq Scan,Seq Scan on T,25,1528,25,1528,3472,981,0,0,,0,0,9,False,"{""jit"": ""off"", ""max_parallel_workers_per_gather"": ""0""}"
2,Q09,json,warmup,3,0.043,68.394,,15,Seq Scan,Seq Scan on T,25,1528,25,1528,3472,1250,0,0,,0,0,9,False,"{""jit"": ""off"", ""max_parallel_workers_per_gather"": ""0""}"
2,Q09,jsonb,warmup,3,0.066,14.032,,15,Seq Scan,Seq Scan on T,25,1528,25,1528,3472,981,0,0,,0,0,9,False,"{""jit"": ""off"", ""max_parallel_workers_per_gather"": ""0""}"
2,Q09,json,measure,1,0.045,85.871,,15,Seq Scan,Seq Scan on T,25,1528,25,1528,3472,1250,0,0,,0,0,9,False,"{""jit"": ""off"", ""max_parallel_workers_per_gather"": ""0""}"
2,Q09,jsonb,measure,1,0.062,20.639,,15,Seq Scan,Seq Scan on T,25,1528,25,1528,3472,981,0,0,,0,0,9,False,"{""jit"": ""off"", ""max_parallel_workers_per_gather"": ""0""}"
2,Q09,jsonb,measure,2,0.048,13.691,,15,Seq Scan,Seq Scan on T,25,1528,25,1528,3472,981,0,0,,0,0,9,False,"{""jit"": ""off"", ""max_parallel_workers_per_gather"": ""0""}"
2,Q09,json,measure,2,0.065,75.367,,15,Seq Scan,Seq Scan on T,25,1528,25,1528,3472,1250,0,0,,0,0,9,False,"{""jit"": ""off"", ""max_parallel_workers_per_gather"": ""0""}"
2,Q09,json,measure,3,0.052,76.496,,15,Seq Scan,Seq Scan on T,25,1528,25,1528,3472,1250,0,0,,0,0,9,False,"{""jit"": ""off"", ""max_parallel_workers_per_gather"": ""0""}"
2,Q09,jsonb,measure,3,0.072,14.068,,15,Seq Scan,Seq Scan on T,25,1528,25,1528,3472,981,0,0,,0,0,9,False,"{""jit"": ""off"", ""max_parallel_workers_per_gather"": ""0""}"
2,Q09,jsonb,measure,4,0.046,14.881,,15,Seq Scan,Seq Scan on T,25,1528,25,1528,3472,981,0,0,,0,0,9,False,"{""jit"": ""off"", ""max_parallel_workers_per_gather"": ""0""}"
2,Q09,json,measure,4,0.051,72.752,,15,Seq Scan,Seq Scan on T,25,1528,25,1528,3472,1250,0,0,,0,0,9,False,"{""jit"": ""off"", ""max_parallel_workers_per_gather"": ""0""}"
2,Q09,json,measure,5,0.043,92.928,,15,Seq Scan,Seq Scan on T,25,1528,25,1528,3472,1250,0,0,,0,0,9,False,"{""jit"": ""off"", ""max_parallel_workers_per_gather"": ""0""}"
2,Q09,jsonb,measure,5,0.06,14.123,,15,Seq Scan,Seq Scan on T,25,1528,25,1528,3472,981,0,0,,0,0,9,False,"{""jit"": ""off"", ""max_parallel_workers_per_gather"": ""0""}"
2,Q09,jsonb,measure,6,0.064,14.639,,15,Seq Scan,Seq Scan on T,25,1528,25,1528,3472,981,0,0,,0,0,9,False,"{""jit"": ""off"", ""max_parallel_workers_per_gather"": ""0""}"
2,Q09,json,measure,6,0.063,101.139,,15,Seq Scan,Seq Scan on T,25,1528,25,1528,3472,1250,0,0,,0,0,9,False,"{""jit"": ""off"", ""max_parallel_workers_per_gather"": ""0""}"
2,Q09,json,measure,7,0.236,63.51,,15,Seq Scan,Seq Scan on T,25,1528,25,1528,3472,1250,0,0,,0,0,9,False,"{""jit"": ""off"", ""max_parallel_workers_per_gather"": ""0""}"
2,Q09,jsonb,measure,7,0.052,12.76,,15,Seq Scan,Seq Scan on T,25,1528,25,1528,3472,981,0,0,,0,0,9,False,"{""jit"": ""off"", ""max_parallel_workers_per_gather"": ""0""}"
2,Q09,jsonb,measure,8,0.035,11.973,,15,Seq Scan,Seq Scan on T,25,1528,25,1528,3472,981,0,0,,0,0,9,False,"{""jit"": ""off"", ""max_parallel_workers_per_gather"": ""0""}"
2,Q09,json,measure,8,0.045,78.51,,15,Seq Scan,Seq Scan on T,25,1528,25,1528,3472,1250,0,0,,0,0,9,False,"{""jit"": ""off"", ""max_parallel_workers_per_gather"": ""0""}"
2,Q09,json,measure,9,0.054,89.342,,15,Seq Scan,Seq Scan on T,25,1528,25,1528,3472,1250,0,0,,0,0,9,False,"{""jit"": ""off"", ""max_parallel_workers_per_gather"": ""0""}"
2,Q09,jsonb,measure,9,0.05,13.917,,15,Seq Scan,Seq Scan on T,25,1528,25,1528,3472,981,0,0,,0,0,9,False,"{""jit"": ""off"", ""max_parallel_workers_per_gather"": ""0""}"
2,Q09,jsonb,measure,10,0.041,12.721,,15,Seq Scan,Seq Scan on T,25,1528,25,1528,3472,981,0,0,,0,0,9,False,"{""jit"": ""off"", ""max_parallel_workers_per_gather"": ""0""}"
2,Q09,json,measure,10,0.054,79.732,,15,Seq Scan,Seq Scan on T,25,1528,25,1528,3472,1250,0,0,,0,0,9,False,"{""jit"": ""off"", ""max_parallel_workers_per_gather"": ""0""}"
2,Q09,json,measure,11,0.057,61.294,,15,Seq Scan,Seq Scan on T,25,1528,25,1528,3472,1250,0,0,,0,0,9,False,"{""jit"": ""off"", ""max_parallel_workers_per_gather"": ""0""}"
2,Q09,jsonb,measure,11,0.124,13.032,,15,Seq Scan,Seq Scan on T,25,1528,25,1528,3472,981,0,0,,0,0,9,False,"{""jit"": ""off"", ""max_parallel_workers_per_gather"": ""0""}"
2,Q09,jsonb,measure,12,0.04,11.634,,15,Seq Scan,Seq Scan on T,25,1528,25,1528,3472,981,0,0,,0,0,9,False,"{""jit"": ""off"", ""max_parallel_workers_per_gather"": ""0""}"
2,Q09,json,measure,12,0.042,59.047,,15,Seq Scan,Seq Scan on T,25,1528,25,1528,3472,1250,0,0,,0,0,9,False,"{""jit"": ""off"", ""max_parallel_workers_per_gather"": ""0""}"
2,Q09,json,measure,13,0.045,63.249,,15,Seq Scan,Seq Scan on T,25,1528,25,1528,3472,1250,0,0,,0,0,9,False,"{""jit"": ""off"", ""max_parallel_workers_per_gather"": ""0""}"
2,Q09,jsonb,measure,13,0.048,14.629,,15,Seq Scan,Seq Scan on T,25,1528,25,1528,3472,981,0,0,,0,0,9,False,"{""jit"": ""off"", ""max_parallel_workers_per_gather"": ""0""}"
2,Q09,jsonb,measure,14,0.048,11.968,,15,Seq Scan,Seq Scan on T,25,1528,25,1528,3472,981,0,0,,0,0,9,False,"{""jit"": ""off"", ""max_parallel_workers_per_gather"": ""0""}"
2,Q09,json,measure,14,0.04,75.506,,15,Seq Scan,Seq Scan on T,25,1528,25,1528,3472,1250,0,0,,0,0,9,False,"{""jit"": ""off"", ""max_parallel_workers_per_gather"": ""0""}"
2,Q09,json,measure,15,0.045,62.065,,15,Seq Scan,Seq Scan on T,25,1528,25,1528,3472,1250,0,0,,0,0,9,False,"{""jit"": ""off"", ""max_parallel_workers_per_gather"": ""0""}"
2,Q09,jsonb,measure,15,0.058,15.366,,15,Seq Scan,Seq Scan on T,25,1528,25,1528,3472,981,0,0,,0,0,9,False,"{""jit"": ""off"", ""max_parallel_workers_per_gather"": ""0""}"
2,Q09,json,detail,1,0.04,64.338,0.176,15,Seq Scan,Seq Scan on T,25,1528,25,1528,3472,1250,0,0,,0,0,9,False,"{""jit"": ""off"", ""max_parallel_workers_per_gather"": ""0""}"
2,Q09,jsonb,detail,1,0.048,13.334,0.124,15,Seq Scan,Seq Scan on T,25,1528,25,1528,3472,981,0,0,,0,0,9,False,"{""jit"": ""off"", ""max_parallel_workers_per_gather"": ""0""}"
2,Q10,json,warmup,1,0.046,126.186,,1,Seq Scan,Seq Scan on T,25,30,25,30,4970,1250,0,0,,0,0,9,False,"{""jit"": ""off"", ""max_parallel_workers_per_gather"": ""0""}"
2,Q10,jsonb,warmup,1,0.131,11.6,,1,Seq Scan,Seq Scan on T,25,30,25,30,4970,981,0,0,,0,0,9,False,"{""jit"": ""off"", ""max_parallel_workers_per_gather"": ""0""}"
2,Q10,json,warmup,2,0.03,106.14,,1,Seq Scan,Seq Scan on T,25,30,25,30,4970,1250,0,0,,0,0,9,False,"{""jit"": ""off"", ""max_parallel_workers_per_gather"": ""0""}"
2,Q10,jsonb,warmup,2,0.143,13.077,,1,Seq Scan,Seq Scan on T,25,30,25,30,4970,981,0,0,,0,0,9,False,"{""jit"": ""off"", ""max_parallel_workers_per_gather"": ""0""}"
2,Q10,json,warmup,3,0.202,111.132,,1,Seq Scan,Seq Scan on T,25,30,25,30,4970,1250,0,0,,0,0,9,False,"{""jit"": ""off"", ""max_parallel_workers_per_gather"": ""0""}"
2,Q10,jsonb,warmup,3,0.048,12.797,,1,Seq Scan,Seq Scan on T,25,30,25,30,4970,981,0,0,,0,0,9,False,"{""jit"": ""off"", ""max_parallel_workers_per_gather"": ""0""}"
2,Q10,json,measure,1,0.043,126.21,,1,Seq Scan,Seq Scan on T,25,30,25,30,4970,1250,0,0,,0,0,9,False,"{""jit"": ""off"", ""max_parallel_workers_per_gather"": ""0""}"
2,Q10,jsonb,measure,1,0.048,11.115,,1,Seq Scan,Seq Scan on T,25,30,25,30,4970,981,0,0,,0,0,9,False,"{""jit"": ""off"", ""max_parallel_workers_per_gather"": ""0""}"
2,Q10,jsonb,measure,2,0.043,11.916,,1,Seq Scan,Seq Scan on T,25,30,25,30,4970,981,0,0,,0,0,9,False,"{""jit"": ""off"", ""max_parallel_workers_per_gather"": ""0""}"
2,Q10,json,measure,2,0.042,114.242,,1,Seq Scan,Seq Scan on T,25,30,25,30,4970,1250,0,0,,0,0,9,False,"{""jit"": ""off"", ""max_parallel_workers_per_gather"": ""0""}"
2,Q10,json,measure,3,0.048,129.769,,1,Seq Scan,Seq Scan on T,25,30,25,30,4970,1250,0,0,,0,0,9,False,"{""jit"": ""off"", ""max_parallel_workers_per_gather"": ""0""}"
2,Q10,jsonb,measure,3,0.064,13.373,,1,Seq Scan,Seq Scan on T,25,30,25,30,4970,981,0,0,,0,0,9,False,"{""jit"": ""off"", ""max_parallel_workers_per_gather"": ""0""}"
2,Q10,jsonb,measure,4,0.043,11.76,,1,Seq Scan,Seq Scan on T,25,30,25,30,4970,981,0,0,,0,0,9,False,"{""jit"": ""off"", ""max_parallel_workers_per_gather"": ""0""}"
2,Q10,json,measure,4,0.033,103.859,,1,Seq Scan,Seq Scan on T,25,30,25,30,4970,1250,0,0,,0,0,9,False,"{""jit"": ""off"", ""max_parallel_workers_per_gather"": ""0""}"
2,Q10,json,measure,5,0.05,113.56,,1,Seq Scan,Seq Scan on T,25,30,25,30,4970,1250,0,0,,0,0,9,False,"{""jit"": ""off"", ""max_parallel_workers_per_gather"": ""0""}"
2,Q10,jsonb,measure,5,0.052,12.353,,1,Seq Scan,Seq Scan on T,25,30,25,30,4970,981,0,0,,0,0,9,False,"{""jit"": ""off"", ""max_parallel_workers_per_gather"": ""0""}"
2,Q10,jsonb,measure,6,0.03,12.193,,1,Seq Scan,Seq Scan on T,25,30,25,30,4970,981,0,0,,0,0,9,False,"{""jit"": ""off"", ""max_parallel_workers_per_gather"": ""0""}"
2,Q10,json,measure,6,0.043,108.744,,1,Seq Scan,Seq Scan on T,25,30,25,30,4970,1250,0,0,,0,0,9,False,"{""jit"": ""off"", ""max_parallel_workers_per_gather"": ""0""}"
2,Q10,json,measure,7,0.044,120.308,,1,Seq Scan,Seq Scan on T,25,30,25,30,4970,1250,0,0,,0,0,9,False,"{""jit"": ""off"", ""max_parallel_workers_per_gather"": ""0""}"
2,Q10,jsonb,measure,7,0.079,14.316,,1,Seq Scan,Seq Scan on T,25,30,25,30,4970,981,0,0,,0,0,9,False,"{""jit"": ""off"", ""max_parallel_workers_per_gather"": ""0""}"
2,Q10,jsonb,measure,8,0.049,12.018,,1,Seq Scan,Seq Scan on T,25,30,25,30,4970,981,0,0,,0,0,9,False,"{""jit"": ""off"", ""max_parallel_workers_per_gather"": ""0""}"
2,Q10,json,measure,8,0.038,113.301,,1,Seq Scan,Seq Scan on T,25,30,25,30,4970,1250,0,0,,0,0,9,False,"{""jit"": ""off"", ""max_parallel_workers_per_gather"": ""0""}"
2,Q10,json,measure,9,0.048,118.12,,1,Seq Scan,Seq Scan on T,25,30,25,30,4970,1250,0,0,,0,0,9,False,"{""jit"": ""off"", ""max_parallel_workers_per_gather"": ""0""}"
2,Q10,jsonb,measure,9,0.048,11.708,,1,Seq Scan,Seq Scan on T,25,30,25,30,4970,981,0,0,,0,0,9,False,"{""jit"": ""off"", ""max_parallel_workers_per_gather"": ""0""}"
2,Q10,jsonb,measure,10,0.026,11.308,,1,Seq Scan,Seq Scan on T,25,30,25,30,4970,981,0,0,,0,0,9,False,"{""jit"": ""off"", ""max_parallel_workers_per_gather"": ""0""}"
2,Q10,json,measure,10,0.033,127.961,,1,Seq Scan,Seq Scan on T,25,30,25,30,4970,1250,0,0,,0,0,9,False,"{""jit"": ""off"", ""max_parallel_workers_per_gather"": ""0""}"
2,Q10,json,measure,11,0.049,106.287,,1,Seq Scan,Seq Scan on T,25,30,25,30,4970,1250,0,0,,0,0,9,False,"{""jit"": ""off"", ""max_parallel_workers_per_gather"": ""0""}"
2,Q10,jsonb,measure,11,0.045,12.327,,1,Seq Scan,Seq Scan on T,25,30,25,30,4970,981,0,0,,0,0,9,False,"{""jit"": ""off"", ""max_parallel_workers_per_gather"": ""0""}"
2,Q10,jsonb,measure,12,0.043,11.203,,1,Seq Scan,Seq Scan on T,25,30,25,30,4970,981,0,0,,0,0,9,False,"{""jit"": ""off"", ""max_parallel_workers_per_gather"": ""0""}"
2,Q10,json,measure,12,0.126,130.513,,1,Seq Scan,Seq Scan on T,25,30,25,30,4970,1250,0,0,,0,0,9,False,"{""jit"": ""off"", ""max_parallel_workers_per_gather"": ""0""}"
2,Q10,json,measure,13,0.046,110.814,,1,Seq Scan,Seq Scan on T,25,30,25,30,4970,1250,0,0,,0,0,9,False,"{""jit"": ""off"", ""max_parallel_workers_per_gather"": ""0""}"
2,Q10,jsonb,measure,13,0.047,12.884,,1,Seq Scan,Seq Scan on T,25,30,25,30,4970,981,0,0,,0,0,9,False,"{""jit"": ""off"", ""max_parallel_workers_per_gather"": ""0""}"
2,Q10,jsonb,measure,14,0.043,12.713,,1,Seq Scan,Seq Scan on T,25,30,25,30,4970,981,0,0,,0,0,9,False,"{""jit"": ""off"", ""max_parallel_workers_per_gather"": ""0""}"
2,Q10,json,measure,14,0.043,125.456,,1,Seq Scan,Seq Scan on T,25,30,25,30,4970,1250,0,0,,0,0,9,False,"{""jit"": ""off"", ""max_parallel_workers_per_gather"": ""0""}"
2,Q10,json,measure,15,0.054,134.255,,1,Seq Scan,Seq Scan on T,25,30,25,30,4970,1250,0,0,,0,0,9,False,"{""jit"": ""off"", ""max_parallel_workers_per_gather"": ""0""}"
2,Q10,jsonb,measure,15,0.107,15.729,,1,Seq Scan,Seq Scan on T,25,30,25,30,4970,981,0,0,,0,0,9,False,"{""jit"": ""off"", ""max_parallel_workers_per_gather"": ""0""}"
2,Q10,json,detail,1,0.049,125.01,0.03,1,Seq Scan,Seq Scan on T,25,30,25,30,4970,1250,0,0,,0,0,9,False,"{""jit"": ""off"", ""max_parallel_workers_per_gather"": ""0""}"
2,Q10,jsonb,detail,1,0.044,13.952,0.007,1,Seq Scan,Seq Scan on T,25,30,25,30,4970,981,0,0,,0,0,9,False,"{""jit"": ""off"", ""max_parallel_workers_per_gather"": ""0""}"
2,Q11a,json,warmup,1,0.06,139.505,,5,Seq Scan,Seq Scan on T,25,422,25,422,4578,1250,0,0,,0,0,11,False,"{""jit"": ""off"", ""max_parallel_workers_per_gather"": ""0""}"
2,Q11a,jsonb,warmup,1,0.051,15.516,,5,Seq Scan,Seq Scan on T,25,422,25,422,4578,981,0,0,,0,0,11,False,"{""jit"": ""off"", ""max_parallel_workers_per_gather"": ""0""}"
2,Q11a,json,warmup,2,0.049,129.696,,5,Seq Scan,Seq Scan on T,25,422,25,422,4578,1250,0,0,,0,0,11,False,"{""jit"": ""off"", ""max_parallel_workers_per_gather"": ""0""}"
2,Q11a,jsonb,warmup,2,0.057,15.277,,5,Seq Scan,Seq Scan on T,25,422,25,422,4578,981,0,0,,0,0,11,False,"{""jit"": ""off"", ""max_parallel_workers_per_gather"": ""0""}"
2,Q11a,json,warmup,3,0.048,128.045,,5,Seq Scan,Seq Scan on T,25,422,25,422,4578,1250,0,0,,0,0,11,False,"{""jit"": ""off"", ""max_parallel_workers_per_gather"": ""0""}"
2,Q11a,jsonb,warmup,3,0.209,15.529,,5,Seq Scan,Seq Scan on T,25,422,25,422,4578,981,0,0,,0,0,11,False,"{""jit"": ""off"", ""max_parallel_workers_per_gather"": ""0""}"
2,Q11a,json,measure,1,0.054,151.205,,5,Seq Scan,Seq Scan on T,25,422,25,422,4578,1250,0,0,,0,0,11,False,"{""jit"": ""off"", ""max_parallel_workers_per_gather"": ""0""}"
2,Q11a,jsonb,measure,1,0.056,17.423,,5,Seq Scan,Seq Scan on T,25,422,25,422,4578,981,0,0,,0,0,11,False,"{""jit"": ""off"", ""max_parallel_workers_per_gather"": ""0""}"
2,Q11a,jsonb,measure,2,0.053,16.579,,5,Seq Scan,Seq Scan on T,25,422,25,422,4578,981,0,0,,0,0,11,False,"{""jit"": ""off"", ""max_parallel_workers_per_gather"": ""0""}"
2,Q11a,json,measure,2,0.05,116.534,,5,Seq Scan,Seq Scan on T,25,422,25,422,4578,1250,0,0,,0,0,11,False,"{""jit"": ""off"", ""max_parallel_workers_per_gather"": ""0""}"
2,Q11a,json,measure,3,0.052,139.297,,5,Seq Scan,Seq Scan on T,25,422,25,422,4578,1250,0,0,,0,0,11,False,"{""jit"": ""off"", ""max_parallel_workers_per_gather"": ""0""}"
2,Q11a,jsonb,measure,3,0.055,16.82,,5,Seq Scan,Seq Scan on T,25,422,25,422,4578,981,0,0,,0,0,11,False,"{""jit"": ""off"", ""max_parallel_workers_per_gather"": ""0""}"
2,Q11a,jsonb,measure,4,0.125,23.05,,5,Seq Scan,Seq Scan on T,25,422,25,422,4578,981,0,0,,0,0,11,False,"{""jit"": ""off"", ""max_parallel_workers_per_gather"": ""0""}"
2,Q11a,json,measure,4,0.069,201.752,,5,Seq Scan,Seq Scan on T,25,422,25,422,4578,1250,0,0,,0,0,11,False,"{""jit"": ""off"", ""max_parallel_workers_per_gather"": ""0""}"
2,Q11a,json,measure,5,0.098,215.26,,5,Seq Scan,Seq Scan on T,25,422,25,422,4578,1250,0,0,,0,0,11,False,"{""jit"": ""off"", ""max_parallel_workers_per_gather"": ""0""}"
2,Q11a,jsonb,measure,5,0.062,26.16,,5,Seq Scan,Seq Scan on T,25,422,25,422,4578,981,0,0,,0,0,11,False,"{""jit"": ""off"", ""max_parallel_workers_per_gather"": ""0""}"
2,Q11a,jsonb,measure,6,0.061,27.09,,5,Seq Scan,Seq Scan on T,25,422,25,422,4578,981,0,0,,0,0,11,False,"{""jit"": ""off"", ""max_parallel_workers_per_gather"": ""0""}"
2,Q11a,json,measure,6,0.061,213.245,,5,Seq Scan,Seq Scan on T,25,422,25,422,4578,1250,0,0,,0,0,11,False,"{""jit"": ""off"", ""max_parallel_workers_per_gather"": ""0""}"
2,Q11a,json,measure,7,0.061,220.86,,5,Seq Scan,Seq Scan on T,25,422,25,422,4578,1250,0,0,,0,0,11,False,"{""jit"": ""off"", ""max_parallel_workers_per_gather"": ""0""}"
2,Q11a,jsonb,measure,7,0.06,24.119,,5,Seq Scan,Seq Scan on T,25,422,25,422,4578,981,0,0,,0,0,11,False,"{""jit"": ""off"", ""max_parallel_workers_per_gather"": ""0""}"
2,Q11a,jsonb,measure,8,0.077,23.347,,5,Seq Scan,Seq Scan on T,25,422,25,422,4578,981,0,0,,0,0,11,False,"{""jit"": ""off"", ""max_parallel_workers_per_gather"": ""0""}"
2,Q11a,json,measure,8,0.058,202.875,,5,Seq Scan,Seq Scan on T,25,422,25,422,4578,1250,0,0,,0,0,11,False,"{""jit"": ""off"", ""max_parallel_workers_per_gather"": ""0""}"
2,Q11a,json,measure,9,0.083,200.666,,5,Seq Scan,Seq Scan on T,25,422,25,422,4578,1250,0,0,,0,0,11,False,"{""jit"": ""off"", ""max_parallel_workers_per_gather"": ""0""}"
2,Q11a,jsonb,measure,9,0.123,20.899,,5,Seq Scan,Seq Scan on T,25,422,25,422,4578,981,0,0,,0,0,11,False,"{""jit"": ""off"", ""max_parallel_workers_per_gather"": ""0""}"
2,Q11a,jsonb,measure,10,0.058,26.672,,5,Seq Scan,Seq Scan on T,25,422,25,422,4578,981,0,0,,0,0,11,False,"{""jit"": ""off"", ""max_parallel_workers_per_gather"": ""0""}"
2,Q11a,json,measure,10,0.069,212.176,,5,Seq Scan,Seq Scan on T,25,422,25,422,4578,1250,0,0,,0,0,11,False,"{""jit"": ""off"", ""max_parallel_workers_per_gather"": ""0""}"
2,Q11a,json,measure,11,0.071,176.349,,5,Seq Scan,Seq Scan on T,25,422,25,422,4578,1250,0,0,,0,0,11,False,"{""jit"": ""off"", ""max_parallel_workers_per_gather"": ""0""}"
2,Q11a,jsonb,measure,11,0.055,18.128,,5,Seq Scan,Seq Scan on T,25,422,25,422,4578,981,0,0,,0,0,11,False,"{""jit"": ""off"", ""max_parallel_workers_per_gather"": ""0""}"
2,Q11a,jsonb,measure,12,0.054,19.054,,5,Seq Scan,Seq Scan on T,25,422,25,422,4578,981,0,0,,0,0,11,False,"{""jit"": ""off"", ""max_parallel_workers_per_gather"": ""0""}"
2,Q11a,json,measure,12,0.085,168.418,,5,Seq Scan,Seq Scan on T,25,422,25,422,4578,1250,0,0,,0,0,11,False,"{""jit"": ""off"", ""max_parallel_workers_per_gather"": ""0""}"
2,Q11a,json,measure,13,0.059,165.349,,5,Seq Scan,Seq Scan on T,25,422,25,422,4578,1250,0,0,,0,0,11,False,"{""jit"": ""off"", ""max_parallel_workers_per_gather"": ""0""}"
2,Q11a,jsonb,measure,13,0.05,17.006,,5,Seq Scan,Seq Scan on T,25,422,25,422,4578,981,0,0,,0,0,11,False,"{""jit"": ""off"", ""max_parallel_workers_per_gather"": ""0""}"
2,Q11a,jsonb,measure,14,0.055,23.523,,5,Seq Scan,Seq Scan on T,25,422,25,422,4578,981,0,0,,0,0,11,False,"{""jit"": ""off"", ""max_parallel_workers_per_gather"": ""0""}"
2,Q11a,json,measure,14,0.069,131.515,,5,Seq Scan,Seq Scan on T,25,422,25,422,4578,1250,0,0,,0,0,11,False,"{""jit"": ""off"", ""max_parallel_workers_per_gather"": ""0""}"
2,Q11a,json,measure,15,0.048,127.745,,5,Seq Scan,Seq Scan on T,25,422,25,422,4578,1250,0,0,,0,0,11,False,"{""jit"": ""off"", ""max_parallel_workers_per_gather"": ""0""}"
2,Q11a,jsonb,measure,15,0.057,14.052,,5,Seq Scan,Seq Scan on T,25,422,25,422,4578,981,0,0,,0,0,11,False,"{""jit"": ""off"", ""max_parallel_workers_per_gather"": ""0""}"
2,Q11a,json,detail,1,0.033,128.255,0.078,5,Seq Scan,Seq Scan on T,25,422,25,422,4578,1250,0,0,,0,0,11,False,"{""jit"": ""off"", ""max_parallel_workers_per_gather"": ""0""}"
2,Q11a,jsonb,detail,1,0.055,14.32,0.03,5,Seq Scan,Seq Scan on T,25,422,25,422,4578,981,0,0,,0,0,11,False,"{""jit"": ""off"", ""max_parallel_workers_per_gather"": ""0""}"
2,Q11b,json,warmup,1,0.033,196.538,,30,Seq Scan,Seq Scan on T,25,3064,25,3064,1936,1250,0,0,,0,0,11,False,"{""jit"": ""off"", ""max_parallel_workers_per_gather"": ""0""}"
2,Q11b,jsonb,warmup,1,0.054,23.143,,30,Seq Scan,Seq Scan on T,25,3064,25,3064,1936,981,0,0,,0,0,11,False,"{""jit"": ""off"", ""max_parallel_workers_per_gather"": ""0""}"
2,Q11b,json,warmup,2,0.05,191.087,,30,Seq Scan,Seq Scan on T,25,3064,25,3064,1936,1250,0,0,,0,0,11,False,"{""jit"": ""off"", ""max_parallel_workers_per_gather"": ""0""}"
2,Q11b,jsonb,warmup,2,0.057,24.583,,30,Seq Scan,Seq Scan on T,25,3064,25,3064,1936,981,0,0,,0,0,11,False,"{""jit"": ""off"", ""max_parallel_workers_per_gather"": ""0""}"
2,Q11b,json,warmup,3,0.058,194.32,,30,Seq Scan,Seq Scan on T,25,3064,25,3064,1936,1250,0,0,,0,0,11,False,"{""jit"": ""off"", ""max_parallel_workers_per_gather"": ""0""}"
2,Q11b,jsonb,warmup,3,0.052,20.229,,30,Seq Scan,Seq Scan on T,25,3064,25,3064,1936,981,0,0,,0,0,11,False,"{""jit"": ""off"", ""max_parallel_workers_per_gather"": ""0""}"
2,Q11b,json,measure,1,0.048,198.441,,30,Seq Scan,Seq Scan on T,25,3064,25,3064,1936,1250,0,0,,0,0,11,False,"{""jit"": ""off"", ""max_parallel_workers_per_gather"": ""0""}"
2,Q11b,jsonb,measure,1,0.057,20.978,,30,Seq Scan,Seq Scan on T,25,3064,25,3064,1936,981,0,0,,0,0,11,False,"{""jit"": ""off"", ""max_parallel_workers_per_gather"": ""0""}"
2,Q11b,jsonb,measure,2,0.049,22.196,,30,Seq Scan,Seq Scan on T,25,3064,25,3064,1936,981,0,0,,0,0,11,False,"{""jit"": ""off"", ""max_parallel_workers_per_gather"": ""0""}"
2,Q11b,json,measure,2,0.047,206.221,,30,Seq Scan,Seq Scan on T,25,3064,25,3064,1936,1250,0,0,,0,0,11,False,"{""jit"": ""off"", ""max_parallel_workers_per_gather"": ""0""}"
2,Q11b,json,measure,3,0.055,187.349,,30,Seq Scan,Seq Scan on T,25,3064,25,3064,1936,1250,0,0,,0,0,11,False,"{""jit"": ""off"", ""max_parallel_workers_per_gather"": ""0""}"
2,Q11b,jsonb,measure,3,0.052,24.177,,30,Seq Scan,Seq Scan on T,25,3064,25,3064,1936,981,0,0,,0,0,11,False,"{""jit"": ""off"", ""max_parallel_workers_per_gather"": ""0""}"
2,Q11b,jsonb,measure,4,0.062,21.523,,30,Seq Scan,Seq Scan on T,25,3064,25,3064,1936,981,0,0,,0,0,11,False,"{""jit"": ""off"", ""max_parallel_workers_per_gather"": ""0""}"
2,Q11b,json,measure,4,0.079,193.654,,30,Seq Scan,Seq Scan on T,25,3064,25,3064,1936,1250,0,0,,0,0,11,False,"{""jit"": ""off"", ""max_parallel_workers_per_gather"": ""0""}"
2,Q11b,json,measure,5,0.049,205.474,,30,Seq Scan,Seq Scan on T,25,3064,25,3064,1936,1250,0,0,,0,0,11,False,"{""jit"": ""off"", ""max_parallel_workers_per_gather"": ""0""}"
2,Q11b,jsonb,measure,5,0.056,20.979,,30,Seq Scan,Seq Scan on T,25,3064,25,3064,1936,981,0,0,,0,0,11,False,"{""jit"": ""off"", ""max_parallel_workers_per_gather"": ""0""}"
2,Q11b,jsonb,measure,6,0.045,21.446,,30,Seq Scan,Seq Scan on T,25,3064,25,3064,1936,981,0,0,,0,0,11,False,"{""jit"": ""off"", ""max_parallel_workers_per_gather"": ""0""}"
2,Q11b,json,measure,6,0.055,187.761,,30,Seq Scan,Seq Scan on T,25,3064,25,3064,1936,1250,0,0,,0,0,11,False,"{""jit"": ""off"", ""max_parallel_workers_per_gather"": ""0""}"
2,Q11b,json,measure,7,0.058,172.243,,30,Seq Scan,Seq Scan on T,25,3064,25,3064,1936,1250,0,0,,0,0,11,False,"{""jit"": ""off"", ""max_parallel_workers_per_gather"": ""0""}"
2,Q11b,jsonb,measure,7,0.052,21.293,,30,Seq Scan,Seq Scan on T,25,3064,25,3064,1936,981,0,0,,0,0,11,False,"{""jit"": ""off"", ""max_parallel_workers_per_gather"": ""0""}"
2,Q11b,jsonb,measure,8,0.051,23.639,,30,Seq Scan,Seq Scan on T,25,3064,25,3064,1936,981,0,0,,0,0,11,False,"{""jit"": ""off"", ""max_parallel_workers_per_gather"": ""0""}"
2,Q11b,json,measure,8,0.053,195.531,,30,Seq Scan,Seq Scan on T,25,3064,25,3064,1936,1250,0,0,,0,0,11,False,"{""jit"": ""off"", ""max_parallel_workers_per_gather"": ""0""}"
2,Q11b,json,measure,9,0.055,194.979,,30,Seq Scan,Seq Scan on T,25,3064,25,3064,1936,1250,0,0,,0,0,11,False,"{""jit"": ""off"", ""max_parallel_workers_per_gather"": ""0""}"
2,Q11b,jsonb,measure,9,0.118,20.511,,30,Seq Scan,Seq Scan on T,25,3064,25,3064,1936,981,0,0,,0,0,11,False,"{""jit"": ""off"", ""max_parallel_workers_per_gather"": ""0""}"
2,Q11b,jsonb,measure,10,0.046,21.659,,30,Seq Scan,Seq Scan on T,25,3064,25,3064,1936,981,0,0,,0,0,11,False,"{""jit"": ""off"", ""max_parallel_workers_per_gather"": ""0""}"
2,Q11b,json,measure,10,0.049,218.023,,30,Seq Scan,Seq Scan on T,25,3064,25,3064,1936,1250,0,0,,0,0,11,False,"{""jit"": ""off"", ""max_parallel_workers_per_gather"": ""0""}"
2,Q11b,json,measure,11,0.109,200.129,,30,Seq Scan,Seq Scan on T,25,3064,25,3064,1936,1250,0,0,,0,0,11,False,"{""jit"": ""off"", ""max_parallel_workers_per_gather"": ""0""}"
2,Q11b,jsonb,measure,11,0.056,21.331,,30,Seq Scan,Seq Scan on T,25,3064,25,3064,1936,981,0,0,,0,0,11,False,"{""jit"": ""off"", ""max_parallel_workers_per_gather"": ""0""}"
2,Q11b,jsonb,measure,12,0.048,21.088,,30,Seq Scan,Seq Scan on T,25,3064,25,3064,1936,981,0,0,,0,0,11,False,"{""jit"": ""off"", ""max_parallel_workers_per_gather"": ""0""}"
2,Q11b,json,measure,12,0.062,189.986,,30,Seq Scan,Seq Scan on T,25,3064,25,3064,1936,1250,0,0,,0,0,11,False,"{""jit"": ""off"", ""max_parallel_workers_per_gather"": ""0""}"
2,Q11b,json,measure,13,0.06,199.046,,30,Seq Scan,Seq Scan on T,25,3064,25,3064,1936,1250,0,0,,0,0,11,False,"{""jit"": ""off"", ""max_parallel_workers_per_gather"": ""0""}"
2,Q11b,jsonb,measure,13,0.077,26.753,,30,Seq Scan,Seq Scan on T,25,3064,25,3064,1936,981,0,0,,0,0,11,False,"{""jit"": ""off"", ""max_parallel_workers_per_gather"": ""0""}"
2,Q11b,jsonb,measure,14,0.08,27.157,,30,Seq Scan,Seq Scan on T,25,3064,25,3064,1936,981,0,0,,0,0,11,False,"{""jit"": ""off"", ""max_parallel_workers_per_gather"": ""0""}"
2,Q11b,json,measure,14,0.048,199.111,,30,Seq Scan,Seq Scan on T,25,3064,25,3064,1936,1250,0,0,,0,0,11,False,"{""jit"": ""off"", ""max_parallel_workers_per_gather"": ""0""}"
2,Q11b,json,measure,15,0.058,194.476,,30,Seq Scan,Seq Scan on T,25,3064,25,3064,1936,1250,0,0,,0,0,11,False,"{""jit"": ""off"", ""max_parallel_workers_per_gather"": ""0""}"
2,Q11b,jsonb,measure,15,0.055,21.072,,30,Seq Scan,Seq Scan on T,25,3064,25,3064,1936,981,0,0,,0,0,11,False,"{""jit"": ""off"", ""max_parallel_workers_per_gather"": ""0""}"
2,Q11b,json,detail,1,0.047,196.514,0.455,30,Seq Scan,Seq Scan on T,25,3064,25,3064,1936,1250,0,0,,0,0,11,False,"{""jit"": ""off"", ""max_parallel_workers_per_gather"": ""0""}"
2,Q11b,jsonb,detail,1,0.055,19.936,0.199,30,Seq Scan,Seq Scan on T,25,3064,25,3064,1936,981,0,0,,0,0,11,False,"{""jit"": ""off"", ""max_parallel_workers_per_gather"": ""0""}"
2,Q12a,json,warmup,1,0.031,163.752,,1,Seq Scan,Seq Scan on T,25,13,25,13,4987,1250,0,0,,0,0,10,False,"{""jit"": ""off"", ""max_parallel_workers_per_gather"": ""0""}"
2,Q12a,jsonb,warmup,1,0.045,16.494,,1,Seq Scan,Seq Scan on T,25,13,25,13,4987,981,0,0,,0,0,10,False,"{""jit"": ""off"", ""max_parallel_workers_per_gather"": ""0""}"
2,Q12a,json,warmup,2,0.071,148.939,,1,Seq Scan,Seq Scan on T,25,13,25,13,4987,1250,0,0,,0,0,10,False,"{""jit"": ""off"", ""max_parallel_workers_per_gather"": ""0""}"
2,Q12a,jsonb,warmup,2,0.048,16.282,,1,Seq Scan,Seq Scan on T,25,13,25,13,4987,981,0,0,,0,0,10,False,"{""jit"": ""off"", ""max_parallel_workers_per_gather"": ""0""}"
2,Q12a,json,warmup,3,0.049,159.57,,1,Seq Scan,Seq Scan on T,25,13,25,13,4987,1250,0,0,,0,0,10,False,"{""jit"": ""off"", ""max_parallel_workers_per_gather"": ""0""}"
2,Q12a,jsonb,warmup,3,0.051,17.332,,1,Seq Scan,Seq Scan on T,25,13,25,13,4987,981,0,0,,0,0,10,False,"{""jit"": ""off"", ""max_parallel_workers_per_gather"": ""0""}"
2,Q12a,json,measure,1,0.048,158.205,,1,Seq Scan,Seq Scan on T,25,13,25,13,4987,1250,0,0,,0,0,10,False,"{""jit"": ""off"", ""max_parallel_workers_per_gather"": ""0""}"
2,Q12a,jsonb,measure,1,0.051,15.872,,1,Seq Scan,Seq Scan on T,25,13,25,13,4987,981,0,0,,0,0,10,False,"{""jit"": ""off"", ""max_parallel_workers_per_gather"": ""0""}"
2,Q12a,jsonb,measure,2,0.04,16.153,,1,Seq Scan,Seq Scan on T,25,13,25,13,4987,981,0,0,,0,0,10,False,"{""jit"": ""off"", ""max_parallel_workers_per_gather"": ""0""}"
2,Q12a,json,measure,2,0.047,169.785,,1,Seq Scan,Seq Scan on T,25,13,25,13,4987,1250,0,0,,0,0,10,False,"{""jit"": ""off"", ""max_parallel_workers_per_gather"": ""0""}"
2,Q12a,json,measure,3,0.048,168.183,,1,Seq Scan,Seq Scan on T,25,13,25,13,4987,1250,0,0,,0,0,10,False,"{""jit"": ""off"", ""max_parallel_workers_per_gather"": ""0""}"
2,Q12a,jsonb,measure,3,0.051,16.235,,1,Seq Scan,Seq Scan on T,25,13,25,13,4987,981,0,0,,0,0,10,False,"{""jit"": ""off"", ""max_parallel_workers_per_gather"": ""0""}"
2,Q12a,jsonb,measure,4,0.081,18.252,,1,Seq Scan,Seq Scan on T,25,13,25,13,4987,981,0,0,,0,0,10,False,"{""jit"": ""off"", ""max_parallel_workers_per_gather"": ""0""}"
2,Q12a,json,measure,4,0.053,161.154,,1,Seq Scan,Seq Scan on T,25,13,25,13,4987,1250,0,0,,0,0,10,False,"{""jit"": ""off"", ""max_parallel_workers_per_gather"": ""0""}"
2,Q12a,json,measure,5,0.063,166.124,,1,Seq Scan,Seq Scan on T,25,13,25,13,4987,1250,0,0,,0,0,10,False,"{""jit"": ""off"", ""max_parallel_workers_per_gather"": ""0""}"
2,Q12a,jsonb,measure,5,0.048,16.25,,1,Seq Scan,Seq Scan on T,25,13,25,13,4987,981,0,0,,0,0,10,False,"{""jit"": ""off"", ""max_parallel_workers_per_gather"": ""0""}"
2,Q12a,jsonb,measure,6,0.043,16.592,,1,Seq Scan,Seq Scan on T,25,13,25,13,4987,981,0,0,,0,0,10,False,"{""jit"": ""off"", ""max_parallel_workers_per_gather"": ""0""}"
2,Q12a,json,measure,6,0.046,171.587,,1,Seq Scan,Seq Scan on T,25,13,25,13,4987,1250,0,0,,0,0,10,False,"{""jit"": ""off"", ""max_parallel_workers_per_gather"": ""0""}"
2,Q12a,json,measure,7,0.05,174.906,,1,Seq Scan,Seq Scan on T,25,13,25,13,4987,1250,0,0,,0,0,10,False,"{""jit"": ""off"", ""max_parallel_workers_per_gather"": ""0""}"
2,Q12a,jsonb,measure,7,0.049,18.643,,1,Seq Scan,Seq Scan on T,25,13,25,13,4987,981,0,0,,0,0,10,False,"{""jit"": ""off"", ""max_parallel_workers_per_gather"": ""0""}"
2,Q12a,jsonb,measure,8,0.049,16.938,,1,Seq Scan,Seq Scan on T,25,13,25,13,4987,981,0,0,,0,0,10,False,"{""jit"": ""off"", ""max_parallel_workers_per_gather"": ""0""}"
2,Q12a,json,measure,8,0.041,161.201,,1,Seq Scan,Seq Scan on T,25,13,25,13,4987,1250,0,0,,0,0,10,False,"{""jit"": ""off"", ""max_parallel_workers_per_gather"": ""0""}"
2,Q12a,json,measure,9,0.043,162.454,,1,Seq Scan,Seq Scan on T,25,13,25,13,4987,1250,0,0,,0,0,10,False,"{""jit"": ""off"", ""max_parallel_workers_per_gather"": ""0""}"
2,Q12a,jsonb,measure,9,0.05,17.351,,1,Seq Scan,Seq Scan on T,25,13,25,13,4987,981,0,0,,0,0,10,False,"{""jit"": ""off"", ""max_parallel_workers_per_gather"": ""0""}"
2,Q12a,jsonb,measure,10,0.047,16.992,,1,Seq Scan,Seq Scan on T,25,13,25,13,4987,981,0,0,,0,0,10,False,"{""jit"": ""off"", ""max_parallel_workers_per_gather"": ""0""}"
2,Q12a,json,measure,10,0.042,150.59,,1,Seq Scan,Seq Scan on T,25,13,25,13,4987,1250,0,0,,0,0,10,False,"{""jit"": ""off"", ""max_parallel_workers_per_gather"": ""0""}"
2,Q12a,json,measure,11,0.043,154.244,,1,Seq Scan,Seq Scan on T,25,13,25,13,4987,1250,0,0,,0,0,10,False,"{""jit"": ""off"", ""max_parallel_workers_per_gather"": ""0""}"
2,Q12a,jsonb,measure,11,0.051,16.529,,1,Seq Scan,Seq Scan on T,25,13,25,13,4987,981,0,0,,0,0,10,False,"{""jit"": ""off"", ""max_parallel_workers_per_gather"": ""0""}"
2,Q12a,jsonb,measure,12,0.081,15.727,,1,Seq Scan,Seq Scan on T,25,13,25,13,4987,981,0,0,,0,0,10,False,"{""jit"": ""off"", ""max_parallel_workers_per_gather"": ""0""}"
2,Q12a,json,measure,12,0.042,161.336,,1,Seq Scan,Seq Scan on T,25,13,25,13,4987,1250,0,0,,0,0,10,False,"{""jit"": ""off"", ""max_parallel_workers_per_gather"": ""0""}"
2,Q12a,json,measure,13,0.05,154.76,,1,Seq Scan,Seq Scan on T,25,13,25,13,4987,1250,0,0,,0,0,10,False,"{""jit"": ""off"", ""max_parallel_workers_per_gather"": ""0""}"
2,Q12a,jsonb,measure,13,0.081,18.133,,1,Seq Scan,Seq Scan on T,25,13,25,13,4987,981,0,0,,0,0,10,False,"{""jit"": ""off"", ""max_parallel_workers_per_gather"": ""0""}"
2,Q12a,jsonb,measure,14,0.077,18.438,,1,Seq Scan,Seq Scan on T,25,13,25,13,4987,981,0,0,,0,0,10,False,"{""jit"": ""off"", ""max_parallel_workers_per_gather"": ""0""}"
2,Q12a,json,measure,14,0.047,152.843,,1,Seq Scan,Seq Scan on T,25,13,25,13,4987,1250,0,0,,0,0,10,False,"{""jit"": ""off"", ""max_parallel_workers_per_gather"": ""0""}"
2,Q12a,json,measure,15,0.051,155.805,,1,Seq Scan,Seq Scan on T,25,13,25,13,4987,1250,0,0,,0,0,10,False,"{""jit"": ""off"", ""max_parallel_workers_per_gather"": ""0""}"
2,Q12a,jsonb,measure,15,0.047,16.427,,1,Seq Scan,Seq Scan on T,25,13,25,13,4987,981,0,0,,0,0,10,False,"{""jit"": ""off"", ""max_parallel_workers_per_gather"": ""0""}"
2,Q12a,json,detail,1,0.045,164.524,0.021,1,Seq Scan,Seq Scan on T,25,13,25,13,4987,1250,0,0,,0,0,10,False,"{""jit"": ""off"", ""max_parallel_workers_per_gather"": ""0""}"
2,Q12a,jsonb,detail,1,0.05,16.382,0.004,1,Seq Scan,Seq Scan on T,25,13,25,13,4987,981,0,0,,0,0,10,False,"{""jit"": ""off"", ""max_parallel_workers_per_gather"": ""0""}"
2,Q12b,json,warmup,1,0.041,178.912,,2,Seq Scan,Seq Scan on T,25,108,25,108,4892,1250,0,0,,0,0,10,False,"{""jit"": ""off"", ""max_parallel_workers_per_gather"": ""0""}"
2,Q12b,jsonb,warmup,1,0.051,17.275,,2,Seq Scan,Seq Scan on T,25,108,25,108,4892,981,0,0,,0,0,10,False,"{""jit"": ""off"", ""max_parallel_workers_per_gather"": ""0""}"
2,Q12b,json,warmup,2,0.073,176.681,,2,Seq Scan,Seq Scan on T,25,108,25,108,4892,1250,0,0,,0,0,10,False,"{""jit"": ""off"", ""max_parallel_workers_per_gather"": ""0""}"
2,Q12b,jsonb,warmup,2,0.052,16.651,,2,Seq Scan,Seq Scan on T,25,108,25,108,4892,981,0,0,,0,0,10,False,"{""jit"": ""off"", ""max_parallel_workers_per_gather"": ""0""}"
2,Q12b,json,warmup,3,0.042,169.42,,2,Seq Scan,Seq Scan on T,25,108,25,108,4892,1250,0,0,,0,0,10,False,"{""jit"": ""off"", ""max_parallel_workers_per_gather"": ""0""}"
2,Q12b,jsonb,warmup,3,0.045,17.459,,2,Seq Scan,Seq Scan on T,25,108,25,108,4892,981,0,0,,0,0,10,False,"{""jit"": ""off"", ""max_parallel_workers_per_gather"": ""0""}"
2,Q12b,json,measure,1,0.045,155.708,,2,Seq Scan,Seq Scan on T,25,108,25,108,4892,1250,0,0,,0,0,10,False,"{""jit"": ""off"", ""max_parallel_workers_per_gather"": ""0""}"
2,Q12b,jsonb,measure,1,0.049,15.937,,2,Seq Scan,Seq Scan on T,25,108,25,108,4892,981,0,0,,0,0,10,False,"{""jit"": ""off"", ""max_parallel_workers_per_gather"": ""0""}"
2,Q12b,jsonb,measure,2,0.03,18.825,,2,Seq Scan,Seq Scan on T,25,108,25,108,4892,981,0,0,,0,0,10,False,"{""jit"": ""off"", ""max_parallel_workers_per_gather"": ""0""}"
2,Q12b,json,measure,2,0.038,169.732,,2,Seq Scan,Seq Scan on T,25,108,25,108,4892,1250,0,0,,0,0,10,False,"{""jit"": ""off"", ""max_parallel_workers_per_gather"": ""0""}"
2,Q12b,json,measure,3,0.051,167.936,,2,Seq Scan,Seq Scan on T,25,108,25,108,4892,1250,0,0,,0,0,10,False,"{""jit"": ""off"", ""max_parallel_workers_per_gather"": ""0""}"
2,Q12b,jsonb,measure,3,0.05,16.192,,2,Seq Scan,Seq Scan on T,25,108,25,108,4892,981,0,0,,0,0,10,False,"{""jit"": ""off"", ""max_parallel_workers_per_gather"": ""0""}"
2,Q12b,jsonb,measure,4,0.041,16.991,,2,Seq Scan,Seq Scan on T,25,108,25,108,4892,981,0,0,,0,0,10,False,"{""jit"": ""off"", ""max_parallel_workers_per_gather"": ""0""}"
2,Q12b,json,measure,4,0.046,182.205,,2,Seq Scan,Seq Scan on T,25,108,25,108,4892,1250,0,0,,0,0,10,False,"{""jit"": ""off"", ""max_parallel_workers_per_gather"": ""0""}"
2,Q12b,json,measure,5,0.08,174.506,,2,Seq Scan,Seq Scan on T,25,108,25,108,4892,1250,0,0,,0,0,10,False,"{""jit"": ""off"", ""max_parallel_workers_per_gather"": ""0""}"
2,Q12b,jsonb,measure,5,0.053,16.434,,2,Seq Scan,Seq Scan on T,25,108,25,108,4892,981,0,0,,0,0,10,False,"{""jit"": ""off"", ""max_parallel_workers_per_gather"": ""0""}"
2,Q12b,jsonb,measure,6,0.046,16.298,,2,Seq Scan,Seq Scan on T,25,108,25,108,4892,981,0,0,,0,0,10,False,"{""jit"": ""off"", ""max_parallel_workers_per_gather"": ""0""}"
2,Q12b,json,measure,6,0.049,147.287,,2,Seq Scan,Seq Scan on T,25,108,25,108,4892,1250,0,0,,0,0,10,False,"{""jit"": ""off"", ""max_parallel_workers_per_gather"": ""0""}"
2,Q12b,json,measure,7,0.049,152.49,,2,Seq Scan,Seq Scan on T,25,108,25,108,4892,1250,0,0,,0,0,10,False,"{""jit"": ""off"", ""max_parallel_workers_per_gather"": ""0""}"
2,Q12b,jsonb,measure,7,0.05,16.454,,2,Seq Scan,Seq Scan on T,25,108,25,108,4892,981,0,0,,0,0,10,False,"{""jit"": ""off"", ""max_parallel_workers_per_gather"": ""0""}"
2,Q12b,jsonb,measure,8,0.125,16.245,,2,Seq Scan,Seq Scan on T,25,108,25,108,4892,981,0,0,,0,0,10,False,"{""jit"": ""off"", ""max_parallel_workers_per_gather"": ""0""}"
2,Q12b,json,measure,8,0.045,171.678,,2,Seq Scan,Seq Scan on T,25,108,25,108,4892,1250,0,0,,0,0,10,False,"{""jit"": ""off"", ""max_parallel_workers_per_gather"": ""0""}"
2,Q12b,json,measure,9,0.068,178.138,,2,Seq Scan,Seq Scan on T,25,108,25,108,4892,1250,0,0,,0,0,10,False,"{""jit"": ""off"", ""max_parallel_workers_per_gather"": ""0""}"
2,Q12b,jsonb,measure,9,0.049,15.995,,2,Seq Scan,Seq Scan on T,25,108,25,108,4892,981,0,0,,0,0,10,False,"{""jit"": ""off"", ""max_parallel_workers_per_gather"": ""0""}"
2,Q12b,jsonb,measure,10,0.043,15.877,,2,Seq Scan,Seq Scan on T,25,108,25,108,4892,981,0,0,,0,0,10,False,"{""jit"": ""off"", ""max_parallel_workers_per_gather"": ""0""}"
2,Q12b,json,measure,10,0.05,163.746,,2,Seq Scan,Seq Scan on T,25,108,25,108,4892,1250,0,0,,0,0,10,False,"{""jit"": ""off"", ""max_parallel_workers_per_gather"": ""0""}"
2,Q12b,json,measure,11,0.054,145.918,,2,Seq Scan,Seq Scan on T,25,108,25,108,4892,1250,0,0,,0,0,10,False,"{""jit"": ""off"", ""max_parallel_workers_per_gather"": ""0""}"
2,Q12b,jsonb,measure,11,0.045,16.371,,2,Seq Scan,Seq Scan on T,25,108,25,108,4892,981,0,0,,0,0,10,False,"{""jit"": ""off"", ""max_parallel_workers_per_gather"": ""0""}"
2,Q12b,jsonb,measure,12,0.045,17.259,,2,Seq Scan,Seq Scan on T,25,108,25,108,4892,981,0,0,,0,0,10,False,"{""jit"": ""off"", ""max_parallel_workers_per_gather"": ""0""}"
2,Q12b,json,measure,12,0.043,162.899,,2,Seq Scan,Seq Scan on T,25,108,25,108,4892,1250,0,0,,0,0,10,False,"{""jit"": ""off"", ""max_parallel_workers_per_gather"": ""0""}"
2,Q12b,json,measure,13,0.042,173.619,,2,Seq Scan,Seq Scan on T,25,108,25,108,4892,1250,0,0,,0,0,10,False,"{""jit"": ""off"", ""max_parallel_workers_per_gather"": ""0""}"
2,Q12b,jsonb,measure,13,0.051,20.681,,2,Seq Scan,Seq Scan on T,25,108,25,108,4892,981,0,0,,0,0,10,False,"{""jit"": ""off"", ""max_parallel_workers_per_gather"": ""0""}"
2,Q12b,jsonb,measure,14,0.077,16.055,,2,Seq Scan,Seq Scan on T,25,108,25,108,4892,981,0,0,,0,0,10,False,"{""jit"": ""off"", ""max_parallel_workers_per_gather"": ""0""}"
2,Q12b,json,measure,14,0.045,157.187,,2,Seq Scan,Seq Scan on T,25,108,25,108,4892,1250,0,0,,0,0,10,False,"{""jit"": ""off"", ""max_parallel_workers_per_gather"": ""0""}"
2,Q12b,json,measure,15,0.051,160.886,,2,Seq Scan,Seq Scan on T,25,108,25,108,4892,1250,0,0,,0,0,10,False,"{""jit"": ""off"", ""max_parallel_workers_per_gather"": ""0""}"
2,Q12b,jsonb,measure,15,0.068,19.751,,2,Seq Scan,Seq Scan on T,25,108,25,108,4892,981,0,0,,0,0,10,False,"{""jit"": ""off"", ""max_parallel_workers_per_gather"": ""0""}"
2,Q12b,json,detail,1,0.051,168.605,0.048,2,Seq Scan,Seq Scan on T,25,108,25,108,4892,1250,0,0,,0,0,10,False,"{""jit"": ""off"", ""max_parallel_workers_per_gather"": ""0""}"
2,Q12b,jsonb,detail,1,0.054,19.66,0.019,2,Seq Scan,Seq Scan on T,25,108,25,108,4892,981,0,0,,0,0,10,False,"{""jit"": ""off"", ""max_parallel_workers_per_gather"": ""0""}"
2,Q12c,json,warmup,1,0.088,171.356,,5,Seq Scan,Seq Scan on T,25,498,25,498,4502,1250,0,0,,0,0,10,False,"{""jit"": ""off"", ""max_parallel_workers_per_gather"": ""0""}"
2,Q12c,jsonb,warmup,1,0.052,16.792,,5,Seq Scan,Seq Scan on T,25,498,25,498,4502,981,0,0,,0,0,10,False,"{""jit"": ""off"", ""max_parallel_workers_per_gather"": ""0""}"
2,Q12c,json,warmup,2,0.042,170.757,,5,Seq Scan,Seq Scan on T,25,498,25,498,4502,1250,0,0,,0,0,10,False,"{""jit"": ""off"", ""max_parallel_workers_per_gather"": ""0""}"
2,Q12c,jsonb,warmup,2,0.051,16.935,,5,Seq Scan,Seq Scan on T,25,498,25,498,4502,981,0,0,,0,0,10,False,"{""jit"": ""off"", ""max_parallel_workers_per_gather"": ""0""}"
2,Q12c,json,warmup,3,0.042,172.323,,5,Seq Scan,Seq Scan on T,25,498,25,498,4502,1250,0,0,,0,0,10,False,"{""jit"": ""off"", ""max_parallel_workers_per_gather"": ""0""}"
2,Q12c,jsonb,warmup,3,0.047,15.582,,5,Seq Scan,Seq Scan on T,25,498,25,498,4502,981,0,0,,0,0,10,False,"{""jit"": ""off"", ""max_parallel_workers_per_gather"": ""0""}"
2,Q12c,json,measure,1,0.044,160.65,,5,Seq Scan,Seq Scan on T,25,498,25,498,4502,1250,0,0,,0,0,10,False,"{""jit"": ""off"", ""max_parallel_workers_per_gather"": ""0""}"
2,Q12c,jsonb,measure,1,0.044,17.865,,5,Seq Scan,Seq Scan on T,25,498,25,498,4502,981,0,0,,0,0,10,False,"{""jit"": ""off"", ""max_parallel_workers_per_gather"": ""0""}"
2,Q12c,jsonb,measure,2,0.051,16.644,,5,Seq Scan,Seq Scan on T,25,498,25,498,4502,981,0,0,,0,0,10,False,"{""jit"": ""off"", ""max_parallel_workers_per_gather"": ""0""}"
2,Q12c,json,measure,2,0.044,165.495,,5,Seq Scan,Seq Scan on T,25,498,25,498,4502,1250,0,0,,0,0,10,False,"{""jit"": ""off"", ""max_parallel_workers_per_gather"": ""0""}"
2,Q12c,json,measure,3,0.049,159.129,,5,Seq Scan,Seq Scan on T,25,498,25,498,4502,1250,0,0,,0,0,10,False,"{""jit"": ""off"", ""max_parallel_workers_per_gather"": ""0""}"
2,Q12c,jsonb,measure,3,0.05,15.804,,5,Seq Scan,Seq Scan on T,25,498,25,498,4502,981,0,0,,0,0,10,False,"{""jit"": ""off"", ""max_parallel_workers_per_gather"": ""0""}"
2,Q12c,jsonb,measure,4,0.041,16.674,,5,Seq Scan,Seq Scan on T,25,498,25,498,4502,981,0,0,,0,0,10,False,"{""jit"": ""off"", ""max_parallel_workers_per_gather"": ""0""}"
2,Q12c,json,measure,4,0.045,179.458,,5,Seq Scan,Seq Scan on T,25,498,25,498,4502,1250,0,0,,0,0,10,False,"{""jit"": ""off"", ""max_parallel_workers_per_gather"": ""0""}"
2,Q12c,json,measure,5,0.06,166.643,,5,Seq Scan,Seq Scan on T,25,498,25,498,4502,1250,0,0,,0,0,10,False,"{""jit"": ""off"", ""max_parallel_workers_per_gather"": ""0""}"
2,Q12c,jsonb,measure,5,0.049,16.1,,5,Seq Scan,Seq Scan on T,25,498,25,498,4502,981,0,0,,0,0,10,False,"{""jit"": ""off"", ""max_parallel_workers_per_gather"": ""0""}"
2,Q12c,jsonb,measure,6,0.032,15.755,,5,Seq Scan,Seq Scan on T,25,498,25,498,4502,981,0,0,,0,0,10,False,"{""jit"": ""off"", ""max_parallel_workers_per_gather"": ""0""}"
2,Q12c,json,measure,6,0.035,150.905,,5,Seq Scan,Seq Scan on T,25,498,25,498,4502,1250,0,0,,0,0,10,False,"{""jit"": ""off"", ""max_parallel_workers_per_gather"": ""0""}"
2,Q12c,json,measure,7,0.046,169.957,,5,Seq Scan,Seq Scan on T,25,498,25,498,4502,1250,0,0,,0,0,10,False,"{""jit"": ""off"", ""max_parallel_workers_per_gather"": ""0""}"
2,Q12c,jsonb,measure,7,0.048,17.712,,5,Seq Scan,Seq Scan on T,25,498,25,498,4502,981,0,0,,0,0,10,False,"{""jit"": ""off"", ""max_parallel_workers_per_gather"": ""0""}"
2,Q12c,jsonb,measure,8,0.036,14.771,,5,Seq Scan,Seq Scan on T,25,498,25,498,4502,981,0,0,,0,0,10,False,"{""jit"": ""off"", ""max_parallel_workers_per_gather"": ""0""}"
2,Q12c,json,measure,8,0.03,161.267,,5,Seq Scan,Seq Scan on T,25,498,25,498,4502,1250,0,0,,0,0,10,False,"{""jit"": ""off"", ""max_parallel_workers_per_gather"": ""0""}"
2,Q12c,json,measure,9,0.053,160.168,,5,Seq Scan,Seq Scan on T,25,498,25,498,4502,1250,0,0,,0,0,10,False,"{""jit"": ""off"", ""max_parallel_workers_per_gather"": ""0""}"
2,Q12c,jsonb,measure,9,0.051,16.588,,5,Seq Scan,Seq Scan on T,25,498,25,498,4502,981,0,0,,0,0,10,False,"{""jit"": ""off"", ""max_parallel_workers_per_gather"": ""0""}"
2,Q12c,jsonb,measure,10,0.043,16.318,,5,Seq Scan,Seq Scan on T,25,498,25,498,4502,981,0,0,,0,0,10,False,"{""jit"": ""off"", ""max_parallel_workers_per_gather"": ""0""}"
2,Q12c,json,measure,10,0.099,150.097,,5,Seq Scan,Seq Scan on T,25,498,25,498,4502,1250,0,0,,0,0,10,False,"{""jit"": ""off"", ""max_parallel_workers_per_gather"": ""0""}"
2,Q12c,json,measure,11,0.134,185.037,,5,Seq Scan,Seq Scan on T,25,498,25,498,4502,1250,0,0,,0,0,10,False,"{""jit"": ""off"", ""max_parallel_workers_per_gather"": ""0""}"
2,Q12c,jsonb,measure,11,0.171,16.769,,5,Seq Scan,Seq Scan on T,25,498,25,498,4502,981,0,0,,0,0,10,False,"{""jit"": ""off"", ""max_parallel_workers_per_gather"": ""0""}"
2,Q12c,jsonb,measure,12,0.042,16.176,,5,Seq Scan,Seq Scan on T,25,498,25,498,4502,981,0,0,,0,0,10,False,"{""jit"": ""off"", ""max_parallel_workers_per_gather"": ""0""}"
2,Q12c,json,measure,12,0.089,170.283,,5,Seq Scan,Seq Scan on T,25,498,25,498,4502,1250,0,0,,0,0,10,False,"{""jit"": ""off"", ""max_parallel_workers_per_gather"": ""0""}"
2,Q12c,json,measure,13,0.05,173.205,,5,Seq Scan,Seq Scan on T,25,498,25,498,4502,1250,0,0,,0,0,10,False,"{""jit"": ""off"", ""max_parallel_workers_per_gather"": ""0""}"
2,Q12c,jsonb,measure,13,0.053,16.544,,5,Seq Scan,Seq Scan on T,25,498,25,498,4502,981,0,0,,0,0,10,False,"{""jit"": ""off"", ""max_parallel_workers_per_gather"": ""0""}"
2,Q12c,jsonb,measure,14,0.043,16.201,,5,Seq Scan,Seq Scan on T,25,498,25,498,4502,981,0,0,,0,0,10,False,"{""jit"": ""off"", ""max_parallel_workers_per_gather"": ""0""}"
2,Q12c,json,measure,14,0.045,151.241,,5,Seq Scan,Seq Scan on T,25,498,25,498,4502,1250,0,0,,0,0,10,False,"{""jit"": ""off"", ""max_parallel_workers_per_gather"": ""0""}"
2,Q12c,json,measure,15,0.093,159.835,,5,Seq Scan,Seq Scan on T,25,498,25,498,4502,1250,0,0,,0,0,10,False,"{""jit"": ""off"", ""max_parallel_workers_per_gather"": ""0""}"
2,Q12c,jsonb,measure,15,0.046,17.437,,5,Seq Scan,Seq Scan on T,25,498,25,498,4502,981,0,0,,0,0,10,False,"{""jit"": ""off"", ""max_parallel_workers_per_gather"": ""0""}"
2,Q12c,json,detail,1,0.048,157.67,0.104,5,Seq Scan,Seq Scan on T,25,498,25,498,4502,1250,0,0,,0,0,10,False,"{""jit"": ""off"", ""max_parallel_workers_per_gather"": ""0""}"
2,Q12c,jsonb,detail,1,0.068,18.468,0.046,5,Seq Scan,Seq Scan on T,25,498,25,498,4502,981,0,0,,0,0,10,False,"{""jit"": ""off"", ""max_parallel_workers_per_gather"": ""0""}"
2,Q13a,json,warmup,1,0.05,118.495,,6,Seq Scan,Seq Scan on T,8,545,8,545,4455,1250,0,0,,0,0,8,False,"{""jit"": ""off"", ""max_parallel_workers_per_gather"": ""0""}"
2,Q13a,jsonb,warmup,1,0.05,13.17,,6,Seq Scan,Seq Scan on T,8,545,8,545,4455,981,0,0,,0,0,8,False,"{""jit"": ""off"", ""max_parallel_workers_per_gather"": ""0""}"
2,Q13a,json,warmup,2,0.037,116.407,,6,Seq Scan,Seq Scan on T,8,545,8,545,4455,1250,0,0,,0,0,8,False,"{""jit"": ""off"", ""max_parallel_workers_per_gather"": ""0""}"
2,Q13a,jsonb,warmup,2,0.047,14.596,,6,Seq Scan,Seq Scan on T,8,545,8,545,4455,981,0,0,,0,0,8,False,"{""jit"": ""off"", ""max_parallel_workers_per_gather"": ""0""}"
2,Q13a,json,warmup,3,0.044,118.955,,6,Seq Scan,Seq Scan on T,8,545,8,545,4455,1250,0,0,,0,0,8,False,"{""jit"": ""off"", ""max_parallel_workers_per_gather"": ""0""}"
2,Q13a,jsonb,warmup,3,0.047,12.353,,6,Seq Scan,Seq Scan on T,8,545,8,545,4455,981,0,0,,0,0,8,False,"{""jit"": ""off"", ""max_parallel_workers_per_gather"": ""0""}"
2,Q13a,json,measure,1,0.04,110.158,,6,Seq Scan,Seq Scan on T,8,545,8,545,4455,1250,0,0,,0,0,8,False,"{""jit"": ""off"", ""max_parallel_workers_per_gather"": ""0""}"
2,Q13a,jsonb,measure,1,0.049,12.879,,6,Seq Scan,Seq Scan on T,8,545,8,545,4455,981,0,0,,0,0,8,False,"{""jit"": ""off"", ""max_parallel_workers_per_gather"": ""0""}"
2,Q13a,jsonb,measure,2,0.039,12.284,,6,Seq Scan,Seq Scan on T,8,545,8,545,4455,981,0,0,,0,0,8,False,"{""jit"": ""off"", ""max_parallel_workers_per_gather"": ""0""}"
2,Q13a,json,measure,2,0.039,118.778,,6,Seq Scan,Seq Scan on T,8,545,8,545,4455,1250,0,0,,0,0,8,False,"{""jit"": ""off"", ""max_parallel_workers_per_gather"": ""0""}"
2,Q13a,json,measure,3,0.047,109.578,,6,Seq Scan,Seq Scan on T,8,545,8,545,4455,1250,0,0,,0,0,8,False,"{""jit"": ""off"", ""max_parallel_workers_per_gather"": ""0""}"
2,Q13a,jsonb,measure,3,0.047,12.731,,6,Seq Scan,Seq Scan on T,8,545,8,545,4455,981,0,0,,0,0,8,False,"{""jit"": ""off"", ""max_parallel_workers_per_gather"": ""0""}"
2,Q13a,jsonb,measure,4,0.041,15.992,,6,Seq Scan,Seq Scan on T,8,545,8,545,4455,981,0,0,,0,0,8,False,"{""jit"": ""off"", ""max_parallel_workers_per_gather"": ""0""}"
2,Q13a,json,measure,4,0.054,204.338,,6,Seq Scan,Seq Scan on T,8,545,8,545,4455,1250,0,0,,0,0,8,False,"{""jit"": ""off"", ""max_parallel_workers_per_gather"": ""0""}"
2,Q13a,json,measure,5,0.051,174.023,,6,Seq Scan,Seq Scan on T,8,545,8,545,4455,1250,0,0,,0,0,8,False,"{""jit"": ""off"", ""max_parallel_workers_per_gather"": ""0""}"
2,Q13a,jsonb,measure,5,0.049,18.748,,6,Seq Scan,Seq Scan on T,8,545,8,545,4455,981,0,0,,0,0,8,False,"{""jit"": ""off"", ""max_parallel_workers_per_gather"": ""0""}"
2,Q13a,jsonb,measure,6,0.066,19.468,,6,Seq Scan,Seq Scan on T,8,545,8,545,4455,981,0,0,,0,0,8,False,"{""jit"": ""off"", ""max_parallel_workers_per_gather"": ""0""}"
2,Q13a,json,measure,6,0.073,172.205,,6,Seq Scan,Seq Scan on T,8,545,8,545,4455,1250,0,0,,0,0,8,False,"{""jit"": ""off"", ""max_parallel_workers_per_gather"": ""0""}"
2,Q13a,json,measure,7,0.053,231.734,,6,Seq Scan,Seq Scan on T,8,545,8,545,4455,1250,0,0,,0,0,8,False,"{""jit"": ""off"", ""max_parallel_workers_per_gather"": ""0""}"
2,Q13a,jsonb,measure,7,0.105,22.706,,6,Seq Scan,Seq Scan on T,8,545,8,545,4455,981,0,0,,0,0,8,False,"{""jit"": ""off"", ""max_parallel_workers_per_gather"": ""0""}"
2,Q13a,jsonb,measure,8,0.061,38.57,,6,Seq Scan,Seq Scan on T,8,545,8,545,4455,981,0,0,,0,0,8,False,"{""jit"": ""off"", ""max_parallel_workers_per_gather"": ""0""}"
2,Q13a,json,measure,8,0.111,223.075,,6,Seq Scan,Seq Scan on T,8,545,8,545,4455,1250,0,0,,0,0,8,False,"{""jit"": ""off"", ""max_parallel_workers_per_gather"": ""0""}"
2,Q13a,json,measure,9,0.072,185.815,,6,Seq Scan,Seq Scan on T,8,545,8,545,4455,1250,0,0,,0,0,8,False,"{""jit"": ""off"", ""max_parallel_workers_per_gather"": ""0""}"
2,Q13a,jsonb,measure,9,0.053,15.903,,6,Seq Scan,Seq Scan on T,8,545,8,545,4455,981,0,0,,0,0,8,False,"{""jit"": ""off"", ""max_parallel_workers_per_gather"": ""0""}"
2,Q13a,jsonb,measure,10,0.084,15.14,,6,Seq Scan,Seq Scan on T,8,545,8,545,4455,981,0,0,,0,0,8,False,"{""jit"": ""off"", ""max_parallel_workers_per_gather"": ""0""}"
2,Q13a,json,measure,10,0.053,133.451,,6,Seq Scan,Seq Scan on T,8,545,8,545,4455,1250,0,0,,0,0,8,False,"{""jit"": ""off"", ""max_parallel_workers_per_gather"": ""0""}"
2,Q13a,json,measure,11,0.051,124.108,,6,Seq Scan,Seq Scan on T,8,545,8,545,4455,1250,0,0,,0,0,8,False,"{""jit"": ""off"", ""max_parallel_workers_per_gather"": ""0""}"
2,Q13a,jsonb,measure,11,0.049,12.389,,6,Seq Scan,Seq Scan on T,8,545,8,545,4455,981,0,0,,0,0,8,False,"{""jit"": ""off"", ""max_parallel_workers_per_gather"": ""0""}"
2,Q13a,jsonb,measure,12,0.025,12.069,,6,Seq Scan,Seq Scan on T,8,545,8,545,4455,981,0,0,,0,0,8,False,"{""jit"": ""off"", ""max_parallel_workers_per_gather"": ""0""}"
2,Q13a,json,measure,12,0.035,109.113,,6,Seq Scan,Seq Scan on T,8,545,8,545,4455,1250,0,0,,0,0,8,False,"{""jit"": ""off"", ""max_parallel_workers_per_gather"": ""0""}"
2,Q13a,json,measure,13,0.06,107.56,,6,Seq Scan,Seq Scan on T,8,545,8,545,4455,1250,0,0,,0,0,8,False,"{""jit"": ""off"", ""max_parallel_workers_per_gather"": ""0""}"
2,Q13a,jsonb,measure,13,0.056,10.954,,6,Seq Scan,Seq Scan on T,8,545,8,545,4455,981,0,0,,0,0,8,False,"{""jit"": ""off"", ""max_parallel_workers_per_gather"": ""0""}"
2,Q13a,jsonb,measure,14,0.023,10.984,,6,Seq Scan,Seq Scan on T,8,545,8,545,4455,981,0,0,,0,0,8,False,"{""jit"": ""off"", ""max_parallel_workers_per_gather"": ""0""}"
2,Q13a,json,measure,14,0.027,118.511,,6,Seq Scan,Seq Scan on T,8,545,8,545,4455,1250,0,0,,0,0,8,False,"{""jit"": ""off"", ""max_parallel_workers_per_gather"": ""0""}"
2,Q13a,json,measure,15,0.05,127.487,,6,Seq Scan,Seq Scan on T,8,545,8,545,4455,1250,0,0,,0,0,8,False,"{""jit"": ""off"", ""max_parallel_workers_per_gather"": ""0""}"
2,Q13a,jsonb,measure,15,0.094,12.703,,6,Seq Scan,Seq Scan on T,8,545,8,545,4455,981,0,0,,0,0,8,False,"{""jit"": ""off"", ""max_parallel_workers_per_gather"": ""0""}"
2,Q13a,json,detail,1,0.036,115.956,0.084,6,Seq Scan,Seq Scan on T,8,545,8,545,4455,1250,0,0,,0,0,8,False,"{""jit"": ""off"", ""max_parallel_workers_per_gather"": ""0""}"
2,Q13a,jsonb,detail,1,0.05,12.546,0.056,6,Seq Scan,Seq Scan on T,8,545,8,545,4455,981,0,0,,0,0,8,False,"{""jit"": ""off"", ""max_parallel_workers_per_gather"": ""0""}"
2,Q13b,json,warmup,1,0.036,118.805,,2,Seq Scan,Seq Scan on T,25,173,25,173,4827,1250,0,0,,0,0,8,False,"{""jit"": ""off"", ""max_parallel_workers_per_gather"": ""0""}"
2,Q13b,jsonb,warmup,1,0.095,16.95,,2,Seq Scan,Seq Scan on T,25,173,25,173,4827,981,0,0,,0,0,8,False,"{""jit"": ""off"", ""max_parallel_workers_per_gather"": ""0""}"
2,Q13b,json,warmup,2,0.046,110.446,,2,Seq Scan,Seq Scan on T,25,173,25,173,4827,1250,0,0,,0,0,8,False,"{""jit"": ""off"", ""max_parallel_workers_per_gather"": ""0""}"
2,Q13b,jsonb,warmup,2,0.051,12.426,,2,Seq Scan,Seq Scan on T,25,173,25,173,4827,981,0,0,,0,0,8,False,"{""jit"": ""off"", ""max_parallel_workers_per_gather"": ""0""}"
2,Q13b,json,warmup,3,0.039,110.312,,2,Seq Scan,Seq Scan on T,25,173,25,173,4827,1250,0,0,,0,0,8,False,"{""jit"": ""off"", ""max_parallel_workers_per_gather"": ""0""}"
2,Q13b,jsonb,warmup,3,0.047,19.262,,2,Seq Scan,Seq Scan on T,25,173,25,173,4827,981,0,0,,0,0,8,False,"{""jit"": ""off"", ""max_parallel_workers_per_gather"": ""0""}"
2,Q13b,json,measure,1,0.044,112.154,,2,Seq Scan,Seq Scan on T,25,173,25,173,4827,1250,0,0,,0,0,8,False,"{""jit"": ""off"", ""max_parallel_workers_per_gather"": ""0""}"
2,Q13b,jsonb,measure,1,0.046,13.8,,2,Seq Scan,Seq Scan on T,25,173,25,173,4827,981,0,0,,0,0,8,False,"{""jit"": ""off"", ""max_parallel_workers_per_gather"": ""0""}"
2,Q13b,jsonb,measure,2,0.046,12.087,,2,Seq Scan,Seq Scan on T,25,173,25,173,4827,981,0,0,,0,0,8,False,"{""jit"": ""off"", ""max_parallel_workers_per_gather"": ""0""}"
2,Q13b,json,measure,2,0.07,122.786,,2,Seq Scan,Seq Scan on T,25,173,25,173,4827,1250,0,0,,0,0,8,False,"{""jit"": ""off"", ""max_parallel_workers_per_gather"": ""0""}"
2,Q13b,json,measure,3,0.047,106.454,,2,Seq Scan,Seq Scan on T,25,173,25,173,4827,1250,0,0,,0,0,8,False,"{""jit"": ""off"", ""max_parallel_workers_per_gather"": ""0""}"
2,Q13b,jsonb,measure,3,0.046,12.36,,2,Seq Scan,Seq Scan on T,25,173,25,173,4827,981,0,0,,0,0,8,False,"{""jit"": ""off"", ""max_parallel_workers_per_gather"": ""0""}"
2,Q13b,jsonb,measure,4,0.044,11.95,,2,Seq Scan,Seq Scan on T,25,173,25,173,4827,981,0,0,,0,0,8,False,"{""jit"": ""off"", ""max_parallel_workers_per_gather"": ""0""}"
2,Q13b,json,measure,4,0.043,125.048,,2,Seq Scan,Seq Scan on T,25,173,25,173,4827,1250,0,0,,0,0,8,False,"{""jit"": ""off"", ""max_parallel_workers_per_gather"": ""0""}"
2,Q13b,json,measure,5,0.069,115.405,,2,Seq Scan,Seq Scan on T,25,173,25,173,4827,1250,0,0,,0,0,8,False,"{""jit"": ""off"", ""max_parallel_workers_per_gather"": ""0""}"
2,Q13b,jsonb,measure,5,0.048,12.093,,2,Seq Scan,Seq Scan on T,25,173,25,173,4827,981,0,0,,0,0,8,False,"{""jit"": ""off"", ""max_parallel_workers_per_gather"": ""0""}"
2,Q13b,jsonb,measure,6,0.04,12.114,,2,Seq Scan,Seq Scan on T,25,173,25,173,4827,981,0,0,,0,0,8,False,"{""jit"": ""off"", ""max_parallel_workers_per_gather"": ""0""}"
2,Q13b,json,measure,6,0.044,107.516,,2,Seq Scan,Seq Scan on T,25,173,25,173,4827,1250,0,0,,0,0,8,False,"{""jit"": ""off"", ""max_parallel_workers_per_gather"": ""0""}"
2,Q13b,json,measure,7,0.049,110.15,,2,Seq Scan,Seq Scan on T,25,173,25,173,4827,1250,0,0,,0,0,8,False,"{""jit"": ""off"", ""max_parallel_workers_per_gather"": ""0""}"
2,Q13b,jsonb,measure,7,0.048,13.518,,2,Seq Scan,Seq Scan on T,25,173,25,173,4827,981,0,0,,0,0,8,False,"{""jit"": ""off"", ""max_parallel_workers_per_gather"": ""0""}"
2,Q13b,jsonb,measure,8,0.039,16.102,,2,Seq Scan,Seq Scan on T,25,173,25,173,4827,981,0,0,,0,0,8,False,"{""jit"": ""off"", ""max_parallel_workers_per_gather"": ""0""}"
2,Q13b,json,measure,8,0.047,117.695,,2,Seq Scan,Seq Scan on T,25,173,25,173,4827,1250,0,0,,0,0,8,False,"{""jit"": ""off"", ""max_parallel_workers_per_gather"": ""0""}"
2,Q13b,json,measure,9,0.048,105.44,,2,Seq Scan,Seq Scan on T,25,173,25,173,4827,1250,0,0,,0,0,8,False,"{""jit"": ""off"", ""max_parallel_workers_per_gather"": ""0""}"
2,Q13b,jsonb,measure,9,0.041,18.291,,2,Seq Scan,Seq Scan on T,25,173,25,173,4827,981,0,0,,0,0,8,False,"{""jit"": ""off"", ""max_parallel_workers_per_gather"": ""0""}"
2,Q13b,jsonb,measure,10,0.052,13.509,,2,Seq Scan,Seq Scan on T,25,173,25,173,4827,981,0,0,,0,0,8,False,"{""jit"": ""off"", ""max_parallel_workers_per_gather"": ""0""}"
2,Q13b,json,measure,10,0.039,109.112,,2,Seq Scan,Seq Scan on T,25,173,25,173,4827,1250,0,0,,0,0,8,False,"{""jit"": ""off"", ""max_parallel_workers_per_gather"": ""0""}"
2,Q13b,json,measure,11,0.048,155.424,,2,Seq Scan,Seq Scan on T,25,173,25,173,4827,1250,0,0,,0,0,8,False,"{""jit"": ""off"", ""max_parallel_workers_per_gather"": ""0""}"
2,Q13b,jsonb,measure,11,0.053,12.395,,2,Seq Scan,Seq Scan on T,25,173,25,173,4827,981,0,0,,0,0,8,False,"{""jit"": ""off"", ""max_parallel_workers_per_gather"": ""0""}"
2,Q13b,jsonb,measure,12,0.036,12.858,,2,Seq Scan,Seq Scan on T,25,173,25,173,4827,981,0,0,,0,0,8,False,"{""jit"": ""off"", ""max_parallel_workers_per_gather"": ""0""}"
2,Q13b,json,measure,12,0.046,113.373,,2,Seq Scan,Seq Scan on T,25,173,25,173,4827,1250,0,0,,0,0,8,False,"{""jit"": ""off"", ""max_parallel_workers_per_gather"": ""0""}"
2,Q13b,json,measure,13,0.047,117.176,,2,Seq Scan,Seq Scan on T,25,173,25,173,4827,1250,0,0,,0,0,8,False,"{""jit"": ""off"", ""max_parallel_workers_per_gather"": ""0""}"
2,Q13b,jsonb,measure,13,0.046,13.494,,2,Seq Scan,Seq Scan on T,25,173,25,173,4827,981,0,0,,0,0,8,False,"{""jit"": ""off"", ""max_parallel_workers_per_gather"": ""0""}"
2,Q13b,jsonb,measure,14,0.044,12.348,,2,Seq Scan,Seq Scan on T,25,173,25,173,4827,981,0,0,,0,0,8,False,"{""jit"": ""off"", ""max_parallel_workers_per_gather"": ""0""}"
2,Q13b,json,measure,14,0.045,113.196,,2,Seq Scan,Seq Scan on T,25,173,25,173,4827,1250,0,0,,0,0,8,False,"{""jit"": ""off"", ""max_parallel_workers_per_gather"": ""0""}"
2,Q13b,json,measure,15,0.048,123.996,,2,Seq Scan,Seq Scan on T,25,173,25,173,4827,1250,0,0,,0,0,8,False,"{""jit"": ""off"", ""max_parallel_workers_per_gather"": ""0""}"
2,Q13b,jsonb,measure,15,0.049,12.381,,2,Seq Scan,Seq Scan on T,25,173,25,173,4827,981,0,0,,0,0,8,False,"{""jit"": ""off"", ""max_parallel_workers_per_gather"": ""0""}"
2,Q13b,json,detail,1,0.039,113.186,0.036,2,Seq Scan,Seq Scan on T,25,173,25,173,4827,1250,0,0,,0,0,8,False,"{""jit"": ""off"", ""max_parallel_workers_per_gather"": ""0""}"
2,Q13b,jsonb,detail,1,0.053,18.155,0.031,2,Seq Scan,Seq Scan on T,25,173,25,173,4827,981,0,0,,0,0,8,False,"{""jit"": ""off"", ""max_parallel_workers_per_gather"": ""0""}"
2,Q14,json,warmup,1,0.08,66.67,,1,Seq Scan,Seq Scan on T [Function Scan <type>_array_elements_text],2500,3,2500,3,4997,1250,0,0,,0,0,25,False,"{""jit"": ""off"", ""max_parallel_workers_per_gather"": ""0""}"
2,Q14,jsonb,warmup,1,0.057,14.256,,1,Seq Scan,Seq Scan on T [Function Scan <type>_array_elements_text],2500,3,2500,3,4997,981,0,0,,0,0,25,False,"{""jit"": ""off"", ""max_parallel_workers_per_gather"": ""0""}"
2,Q14,json,warmup,2,0.068,68.728,,1,Seq Scan,Seq Scan on T [Function Scan <type>_array_elements_text],2500,3,2500,3,4997,1250,0,0,,0,0,25,False,"{""jit"": ""off"", ""max_parallel_workers_per_gather"": ""0""}"
2,Q14,jsonb,warmup,2,0.095,14.183,,1,Seq Scan,Seq Scan on T [Function Scan <type>_array_elements_text],2500,3,2500,3,4997,981,0,0,,0,0,25,False,"{""jit"": ""off"", ""max_parallel_workers_per_gather"": ""0""}"
2,Q14,json,warmup,3,0.053,67.531,,1,Seq Scan,Seq Scan on T [Function Scan <type>_array_elements_text],2500,3,2500,3,4997,1250,0,0,,0,0,25,False,"{""jit"": ""off"", ""max_parallel_workers_per_gather"": ""0""}"
2,Q14,jsonb,warmup,3,0.064,15.241,,1,Seq Scan,Seq Scan on T [Function Scan <type>_array_elements_text],2500,3,2500,3,4997,981,0,0,,0,0,25,False,"{""jit"": ""off"", ""max_parallel_workers_per_gather"": ""0""}"
2,Q14,json,measure,1,0.055,71.539,,1,Seq Scan,Seq Scan on T [Function Scan <type>_array_elements_text],2500,3,2500,3,4997,1250,0,0,,0,0,25,False,"{""jit"": ""off"", ""max_parallel_workers_per_gather"": ""0""}"
2,Q14,jsonb,measure,1,0.066,14.553,,1,Seq Scan,Seq Scan on T [Function Scan <type>_array_elements_text],2500,3,2500,3,4997,981,0,0,,0,0,25,False,"{""jit"": ""off"", ""max_parallel_workers_per_gather"": ""0""}"
2,Q14,jsonb,measure,2,0.053,14.383,,1,Seq Scan,Seq Scan on T [Function Scan <type>_array_elements_text],2500,3,2500,3,4997,981,0,0,,0,0,25,False,"{""jit"": ""off"", ""max_parallel_workers_per_gather"": ""0""}"
2,Q14,json,measure,2,0.061,67.298,,1,Seq Scan,Seq Scan on T [Function Scan <type>_array_elements_text],2500,3,2500,3,4997,1250,0,0,,0,0,25,False,"{""jit"": ""off"", ""max_parallel_workers_per_gather"": ""0""}"
2,Q14,json,measure,3,0.065,78.348,,1,Seq Scan,Seq Scan on T [Function Scan <type>_array_elements_text],2500,3,2500,3,4997,1250,0,0,,0,0,25,False,"{""jit"": ""off"", ""max_parallel_workers_per_gather"": ""0""}"
2,Q14,jsonb,measure,3,0.064,13.923,,1,Seq Scan,Seq Scan on T [Function Scan <type>_array_elements_text],2500,3,2500,3,4997,981,0,0,,0,0,25,False,"{""jit"": ""off"", ""max_parallel_workers_per_gather"": ""0""}"
2,Q14,jsonb,measure,4,0.175,13.355,,1,Seq Scan,Seq Scan on T [Function Scan <type>_array_elements_text],2500,3,2500,3,4997,981,0,0,,0,0,25,False,"{""jit"": ""off"", ""max_parallel_workers_per_gather"": ""0""}"
2,Q14,json,measure,4,0.156,66.74,,1,Seq Scan,Seq Scan on T [Function Scan <type>_array_elements_text],2500,3,2500,3,4997,1250,0,0,,0,0,25,False,"{""jit"": ""off"", ""max_parallel_workers_per_gather"": ""0""}"
2,Q14,json,measure,5,0.064,64.411,,1,Seq Scan,Seq Scan on T [Function Scan <type>_array_elements_text],2500,3,2500,3,4997,1250,0,0,,0,0,25,False,"{""jit"": ""off"", ""max_parallel_workers_per_gather"": ""0""}"
2,Q14,jsonb,measure,5,0.173,15.175,,1,Seq Scan,Seq Scan on T [Function Scan <type>_array_elements_text],2500,3,2500,3,4997,981,0,0,,0,0,25,False,"{""jit"": ""off"", ""max_parallel_workers_per_gather"": ""0""}"
2,Q14,jsonb,measure,6,0.049,14.187,,1,Seq Scan,Seq Scan on T [Function Scan <type>_array_elements_text],2500,3,2500,3,4997,981,0,0,,0,0,25,False,"{""jit"": ""off"", ""max_parallel_workers_per_gather"": ""0""}"
2,Q14,json,measure,6,0.058,81.041,,1,Seq Scan,Seq Scan on T [Function Scan <type>_array_elements_text],2500,3,2500,3,4997,1250,0,0,,0,0,25,False,"{""jit"": ""off"", ""max_parallel_workers_per_gather"": ""0""}"
2,Q14,json,measure,7,0.082,64.231,,1,Seq Scan,Seq Scan on T [Function Scan <type>_array_elements_text],2500,3,2500,3,4997,1250,0,0,,0,0,25,False,"{""jit"": ""off"", ""max_parallel_workers_per_gather"": ""0""}"
2,Q14,jsonb,measure,7,0.061,14.324,,1,Seq Scan,Seq Scan on T [Function Scan <type>_array_elements_text],2500,3,2500,3,4997,981,0,0,,0,0,25,False,"{""jit"": ""off"", ""max_parallel_workers_per_gather"": ""0""}"
2,Q14,jsonb,measure,8,0.055,13.74,,1,Seq Scan,Seq Scan on T [Function Scan <type>_array_elements_text],2500,3,2500,3,4997,981,0,0,,0,0,25,False,"{""jit"": ""off"", ""max_parallel_workers_per_gather"": ""0""}"
2,Q14,json,measure,8,0.054,80.975,,1,Seq Scan,Seq Scan on T [Function Scan <type>_array_elements_text],2500,3,2500,3,4997,1250,0,0,,0,0,25,False,"{""jit"": ""off"", ""max_parallel_workers_per_gather"": ""0""}"
2,Q14,json,measure,9,0.069,62.829,,1,Seq Scan,Seq Scan on T [Function Scan <type>_array_elements_text],2500,3,2500,3,4997,1250,0,0,,0,0,25,False,"{""jit"": ""off"", ""max_parallel_workers_per_gather"": ""0""}"
2,Q14,jsonb,measure,9,0.066,14.12,,1,Seq Scan,Seq Scan on T [Function Scan <type>_array_elements_text],2500,3,2500,3,4997,981,0,0,,0,0,25,False,"{""jit"": ""off"", ""max_parallel_workers_per_gather"": ""0""}"
2,Q14,jsonb,measure,10,0.282,12.651,,1,Seq Scan,Seq Scan on T [Function Scan <type>_array_elements_text],2500,3,2500,3,4997,981,0,0,,0,0,25,False,"{""jit"": ""off"", ""max_parallel_workers_per_gather"": ""0""}"
2,Q14,json,measure,10,0.041,68.005,,1,Seq Scan,Seq Scan on T [Function Scan <type>_array_elements_text],2500,3,2500,3,4997,1250,0,0,,0,0,25,False,"{""jit"": ""off"", ""max_parallel_workers_per_gather"": ""0""}"
2,Q14,json,measure,11,0.066,62.621,,1,Seq Scan,Seq Scan on T [Function Scan <type>_array_elements_text],2500,3,2500,3,4997,1250,0,0,,0,0,25,False,"{""jit"": ""off"", ""max_parallel_workers_per_gather"": ""0""}"
2,Q14,jsonb,measure,11,0.057,15.3,,1,Seq Scan,Seq Scan on T [Function Scan <type>_array_elements_text],2500,3,2500,3,4997,981,0,0,,0,0,25,False,"{""jit"": ""off"", ""max_parallel_workers_per_gather"": ""0""}"
2,Q14,jsonb,measure,12,0.039,13.613,,1,Seq Scan,Seq Scan on T [Function Scan <type>_array_elements_text],2500,3,2500,3,4997,981,0,0,,0,0,25,False,"{""jit"": ""off"", ""max_parallel_workers_per_gather"": ""0""}"
2,Q14,json,measure,12,0.042,61.276,,1,Seq Scan,Seq Scan on T [Function Scan <type>_array_elements_text],2500,3,2500,3,4997,1250,0,0,,0,0,25,False,"{""jit"": ""off"", ""max_parallel_workers_per_gather"": ""0""}"
2,Q14,json,measure,13,0.054,63.767,,1,Seq Scan,Seq Scan on T [Function Scan <type>_array_elements_text],2500,3,2500,3,4997,1250,0,0,,0,0,25,False,"{""jit"": ""off"", ""max_parallel_workers_per_gather"": ""0""}"
2,Q14,jsonb,measure,13,0.061,13.353,,1,Seq Scan,Seq Scan on T [Function Scan <type>_array_elements_text],2500,3,2500,3,4997,981,0,0,,0,0,25,False,"{""jit"": ""off"", ""max_parallel_workers_per_gather"": ""0""}"
2,Q14,jsonb,measure,14,0.038,12.991,,1,Seq Scan,Seq Scan on T [Function Scan <type>_array_elements_text],2500,3,2500,3,4997,981,0,0,,0,0,25,False,"{""jit"": ""off"", ""max_parallel_workers_per_gather"": ""0""}"
2,Q14,json,measure,14,0.042,78.482,,1,Seq Scan,Seq Scan on T [Function Scan <type>_array_elements_text],2500,3,2500,3,4997,1250,0,0,,0,0,25,False,"{""jit"": ""off"", ""max_parallel_workers_per_gather"": ""0""}"
2,Q14,json,measure,15,0.063,70.632,,1,Seq Scan,Seq Scan on T [Function Scan <type>_array_elements_text],2500,3,2500,3,4997,1250,0,0,,0,0,25,False,"{""jit"": ""off"", ""max_parallel_workers_per_gather"": ""0""}"
2,Q14,jsonb,measure,15,0.056,14.768,,1,Seq Scan,Seq Scan on T [Function Scan <type>_array_elements_text],2500,3,2500,3,4997,981,0,0,,0,0,25,False,"{""jit"": ""off"", ""max_parallel_workers_per_gather"": ""0""}"
2,Q14,json,detail,1,0.059,73.184,0.003,1,Seq Scan,Seq Scan on T [Function Scan <type>_array_elements_text],2500,3,2500,3,4997,1250,0,0,,0,0,25,False,"{""jit"": ""off"", ""max_parallel_workers_per_gather"": ""0""}"
2,Q14,jsonb,detail,1,0.168,13.694,0.001,1,Seq Scan,Seq Scan on T [Function Scan <type>_array_elements_text],2500,3,2500,3,4997,981,0,0,,0,0,25,False,"{""jit"": ""off"", ""max_parallel_workers_per_gather"": ""0""}"
2,Q15,json,warmup,1,0.041,121.419,,29,Seq Scan,Seq Scan on T,4975,2941,4975,2941,2059,1250,0,0,,0,0,8,False,"{""jit"": ""off"", ""max_parallel_workers_per_gather"": ""0""}"
2,Q15,jsonb,warmup,1,0.057,12.649,,29,Seq Scan,Seq Scan on T,4975,2941,4975,2941,2059,981,0,0,,0,0,8,False,"{""jit"": ""off"", ""max_parallel_workers_per_gather"": ""0""}"
2,Q15,json,warmup,2,0.056,122.889,,29,Seq Scan,Seq Scan on T,4975,2941,4975,2941,2059,1250,0,0,,0,0,8,False,"{""jit"": ""off"", ""max_parallel_workers_per_gather"": ""0""}"
2,Q15,jsonb,warmup,2,0.046,14.069,,29,Seq Scan,Seq Scan on T,4975,2941,4975,2941,2059,981,0,0,,0,0,8,False,"{""jit"": ""off"", ""max_parallel_workers_per_gather"": ""0""}"
2,Q15,json,warmup,3,0.04,119.905,,29,Seq Scan,Seq Scan on T,4975,2941,4975,2941,2059,1250,0,0,,0,0,8,False,"{""jit"": ""off"", ""max_parallel_workers_per_gather"": ""0""}"
2,Q15,jsonb,warmup,3,0.046,13.165,,29,Seq Scan,Seq Scan on T,4975,2941,4975,2941,2059,981,0,0,,0,0,8,False,"{""jit"": ""off"", ""max_parallel_workers_per_gather"": ""0""}"
2,Q15,json,measure,1,0.038,115.224,,29,Seq Scan,Seq Scan on T,4975,2941,4975,2941,2059,1250,0,0,,0,0,8,False,"{""jit"": ""off"", ""max_parallel_workers_per_gather"": ""0""}"
2,Q15,jsonb,measure,1,0.042,12.599,,29,Seq Scan,Seq Scan on T,4975,2941,4975,2941,2059,981,0,0,,0,0,8,False,"{""jit"": ""off"", ""max_parallel_workers_per_gather"": ""0""}"
2,Q15,jsonb,measure,2,0.039,12.189,,29,Seq Scan,Seq Scan on T,4975,2941,4975,2941,2059,981,0,0,,0,0,8,False,"{""jit"": ""off"", ""max_parallel_workers_per_gather"": ""0""}"
2,Q15,json,measure,2,0.038,125.9,,29,Seq Scan,Seq Scan on T,4975,2941,4975,2941,2059,1250,0,0,,0,0,8,False,"{""jit"": ""off"", ""max_parallel_workers_per_gather"": ""0""}"
2,Q15,json,measure,3,0.046,125.147,,29,Seq Scan,Seq Scan on T,4975,2941,4975,2941,2059,1250,0,0,,0,0,8,False,"{""jit"": ""off"", ""max_parallel_workers_per_gather"": ""0""}"
2,Q15,jsonb,measure,3,0.044,12.839,,29,Seq Scan,Seq Scan on T,4975,2941,4975,2941,2059,981,0,0,,0,0,8,False,"{""jit"": ""off"", ""max_parallel_workers_per_gather"": ""0""}"
2,Q15,jsonb,measure,4,0.038,13.53,,29,Seq Scan,Seq Scan on T,4975,2941,4975,2941,2059,981,0,0,,0,0,8,False,"{""jit"": ""off"", ""max_parallel_workers_per_gather"": ""0""}"
2,Q15,json,measure,4,0.038,108.521,,29,Seq Scan,Seq Scan on T,4975,2941,4975,2941,2059,1250,0,0,,0,0,8,False,"{""jit"": ""off"", ""max_parallel_workers_per_gather"": ""0""}"
2,Q15,json,measure,5,0.184,126.246,,29,Seq Scan,Seq Scan on T,4975,2941,4975,2941,2059,1250,0,0,,0,0,8,False,"{""jit"": ""off"", ""max_parallel_workers_per_gather"": ""0""}"
2,Q15,jsonb,measure,5,0.042,12.722,,29,Seq Scan,Seq Scan on T,4975,2941,4975,2941,2059,981,0,0,,0,0,8,False,"{""jit"": ""off"", ""max_parallel_workers_per_gather"": ""0""}"
2,Q15,jsonb,measure,6,0.038,12.131,,29,Seq Scan,Seq Scan on T,4975,2941,4975,2941,2059,981,0,0,,0,0,8,False,"{""jit"": ""off"", ""max_parallel_workers_per_gather"": ""0""}"
2,Q15,json,measure,6,0.039,107.692,,29,Seq Scan,Seq Scan on T,4975,2941,4975,2941,2059,1250,0,0,,0,0,8,False,"{""jit"": ""off"", ""max_parallel_workers_per_gather"": ""0""}"
2,Q15,json,measure,7,0.043,126.74,,29,Seq Scan,Seq Scan on T,4975,2941,4975,2941,2059,1250,0,0,,0,0,8,False,"{""jit"": ""off"", ""max_parallel_workers_per_gather"": ""0""}"
2,Q15,jsonb,measure,7,0.043,12.327,,29,Seq Scan,Seq Scan on T,4975,2941,4975,2941,2059,981,0,0,,0,0,8,False,"{""jit"": ""off"", ""max_parallel_workers_per_gather"": ""0""}"
2,Q15,jsonb,measure,8,0.04,11.193,,29,Seq Scan,Seq Scan on T,4975,2941,4975,2941,2059,981,0,0,,0,0,8,False,"{""jit"": ""off"", ""max_parallel_workers_per_gather"": ""0""}"
2,Q15,json,measure,8,0.028,113.718,,29,Seq Scan,Seq Scan on T,4975,2941,4975,2941,2059,1250,0,0,,0,0,8,False,"{""jit"": ""off"", ""max_parallel_workers_per_gather"": ""0""}"
2,Q15,json,measure,9,0.043,121.574,,29,Seq Scan,Seq Scan on T,4975,2941,4975,2941,2059,1250,0,0,,0,0,8,False,"{""jit"": ""off"", ""max_parallel_workers_per_gather"": ""0""}"
2,Q15,jsonb,measure,9,0.044,12.182,,29,Seq Scan,Seq Scan on T,4975,2941,4975,2941,2059,981,0,0,,0,0,8,False,"{""jit"": ""off"", ""max_parallel_workers_per_gather"": ""0""}"
2,Q15,jsonb,measure,10,0.038,12.618,,29,Seq Scan,Seq Scan on T,4975,2941,4975,2941,2059,981,0,0,,0,0,8,False,"{""jit"": ""off"", ""max_parallel_workers_per_gather"": ""0""}"
2,Q15,json,measure,10,0.042,139.493,,29,Seq Scan,Seq Scan on T,4975,2941,4975,2941,2059,1250,0,0,,0,0,8,False,"{""jit"": ""off"", ""max_parallel_workers_per_gather"": ""0""}"
2,Q15,json,measure,11,0.047,120.018,,29,Seq Scan,Seq Scan on T,4975,2941,4975,2941,2059,1250,0,0,,0,0,8,False,"{""jit"": ""off"", ""max_parallel_workers_per_gather"": ""0""}"
2,Q15,jsonb,measure,11,0.045,12.969,,29,Seq Scan,Seq Scan on T,4975,2941,4975,2941,2059,981,0,0,,0,0,8,False,"{""jit"": ""off"", ""max_parallel_workers_per_gather"": ""0""}"
2,Q15,jsonb,measure,12,0.035,11.446,,29,Seq Scan,Seq Scan on T,4975,2941,4975,2941,2059,981,0,0,,0,0,8,False,"{""jit"": ""off"", ""max_parallel_workers_per_gather"": ""0""}"
2,Q15,json,measure,12,0.03,118.93,,29,Seq Scan,Seq Scan on T,4975,2941,4975,2941,2059,1250,0,0,,0,0,8,False,"{""jit"": ""off"", ""max_parallel_workers_per_gather"": ""0""}"
2,Q15,json,measure,13,0.136,107.339,,29,Seq Scan,Seq Scan on T,4975,2941,4975,2941,2059,1250,0,0,,0,0,8,False,"{""jit"": ""off"", ""max_parallel_workers_per_gather"": ""0""}"
2,Q15,jsonb,measure,13,0.044,14.021,,29,Seq Scan,Seq Scan on T,4975,2941,4975,2941,2059,981,0,0,,0,0,8,False,"{""jit"": ""off"", ""max_parallel_workers_per_gather"": ""0""}"
2,Q15,jsonb,measure,14,0.053,13.061,,29,Seq Scan,Seq Scan on T,4975,2941,4975,2941,2059,981,0,0,,0,0,8,False,"{""jit"": ""off"", ""max_parallel_workers_per_gather"": ""0""}"
2,Q15,json,measure,14,0.042,133.534,,29,Seq Scan,Seq Scan on T,4975,2941,4975,2941,2059,1250,0,0,,0,0,8,False,"{""jit"": ""off"", ""max_parallel_workers_per_gather"": ""0""}"
2,Q15,json,measure,15,0.045,122.976,,29,Seq Scan,Seq Scan on T,4975,2941,4975,2941,2059,1250,0,0,,0,0,8,False,"{""jit"": ""off"", ""max_parallel_workers_per_gather"": ""0""}"
2,Q15,jsonb,measure,15,0.048,13.08,,29,Seq Scan,Seq Scan on T,4975,2941,4975,2941,2059,981,0,0,,0,0,8,False,"{""jit"": ""off"", ""max_parallel_workers_per_gather"": ""0""}"
2,Q15,json,detail,1,0.037,107.135,0.391,29,Seq Scan,Seq Scan on T,4975,2941,4975,2941,2059,1250,0,0,,0,0,8,False,"{""jit"": ""off"", ""max_parallel_workers_per_gather"": ""0""}"
2,Q15,jsonb,detail,1,0.044,12.552,0.227,29,Seq Scan,Seq Scan on T,4975,2941,4975,2941,2059,981,0,0,,0,0,8,False,"{""jit"": ""off"", ""max_parallel_workers_per_gather"": ""0""}"
2,Q16,json,warmup,1,0.046,82.752,,1,Seq Scan,Seq Scan on T,1,78,1,78,4922,1250,0,0,,0,0,11,False,"{""jit"": ""off"", ""max_parallel_workers_per_gather"": ""0""}"
2,Q16,jsonb,warmup,1,0.081,13.604,,1,Seq Scan,Seq Scan on T,1,78,1,78,4922,981,0,0,,0,0,11,False,"{""jit"": ""off"", ""max_parallel_workers_per_gather"": ""0""}"
2,Q16,json,warmup,2,0.045,83.753,,1,Seq Scan,Seq Scan on T,1,78,1,78,4922,1250,0,0,,0,0,11,False,"{""jit"": ""off"", ""max_parallel_workers_per_gather"": ""0""}"
2,Q16,jsonb,warmup,2,0.085,17.939,,1,Seq Scan,Seq Scan on T,1,78,1,78,4922,981,0,0,,0,0,11,False,"{""jit"": ""off"", ""max_parallel_workers_per_gather"": ""0""}"
2,Q16,json,warmup,3,0.083,124.384,,1,Seq Scan,Seq Scan on T,1,78,1,78,4922,1250,0,0,,0,0,11,False,"{""jit"": ""off"", ""max_parallel_workers_per_gather"": ""0""}"
2,Q16,jsonb,warmup,3,0.201,19.197,,1,Seq Scan,Seq Scan on T,1,78,1,78,4922,981,0,0,,0,0,11,False,"{""jit"": ""off"", ""max_parallel_workers_per_gather"": ""0""}"
2,Q16,json,measure,1,0.054,168.104,,1,Seq Scan,Seq Scan on T,1,78,1,78,4922,1250,0,0,,0,0,11,False,"{""jit"": ""off"", ""max_parallel_workers_per_gather"": ""0""}"
2,Q16,jsonb,measure,1,0.055,15.223,,1,Seq Scan,Seq Scan on T,1,78,1,78,4922,981,0,0,,0,0,11,False,"{""jit"": ""off"", ""max_parallel_workers_per_gather"": ""0""}"
2,Q16,jsonb,measure,2,0.047,15.469,,1,Seq Scan,Seq Scan on T,1,78,1,78,4922,981,0,0,,0,0,11,False,"{""jit"": ""off"", ""max_parallel_workers_per_gather"": ""0""}"
2,Q16,json,measure,2,0.054,88.686,,1,Seq Scan,Seq Scan on T,1,78,1,78,4922,1250,0,0,,0,0,11,False,"{""jit"": ""off"", ""max_parallel_workers_per_gather"": ""0""}"
2,Q16,json,measure,3,0.057,80.29,,1,Seq Scan,Seq Scan on T,1,78,1,78,4922,1250,0,0,,0,0,11,False,"{""jit"": ""off"", ""max_parallel_workers_per_gather"": ""0""}"
2,Q16,jsonb,measure,3,0.05,14.681,,1,Seq Scan,Seq Scan on T,1,78,1,78,4922,981,0,0,,0,0,11,False,"{""jit"": ""off"", ""max_parallel_workers_per_gather"": ""0""}"
2,Q16,jsonb,measure,4,0.051,13.053,,1,Seq Scan,Seq Scan on T,1,78,1,78,4922,981,0,0,,0,0,11,False,"{""jit"": ""off"", ""max_parallel_workers_per_gather"": ""0""}"
2,Q16,json,measure,4,0.044,91.794,,1,Seq Scan,Seq Scan on T,1,78,1,78,4922,1250,0,0,,0,0,11,False,"{""jit"": ""off"", ""max_parallel_workers_per_gather"": ""0""}"
2,Q16,json,measure,5,0.156,80.606,,1,Seq Scan,Seq Scan on T,1,78,1,78,4922,1250,0,0,,0,0,11,False,"{""jit"": ""off"", ""max_parallel_workers_per_gather"": ""0""}"
2,Q16,jsonb,measure,5,0.086,12.933,,1,Seq Scan,Seq Scan on T,1,78,1,78,4922,981,0,0,,0,0,11,False,"{""jit"": ""off"", ""max_parallel_workers_per_gather"": ""0""}"
2,Q16,jsonb,measure,6,0.047,13.207,,1,Seq Scan,Seq Scan on T,1,78,1,78,4922,981,0,0,,0,0,11,False,"{""jit"": ""off"", ""max_parallel_workers_per_gather"": ""0""}"
2,Q16,json,measure,6,0.048,95.472,,1,Seq Scan,Seq Scan on T,1,78,1,78,4922,1250,0,0,,0,0,11,False,"{""jit"": ""off"", ""max_parallel_workers_per_gather"": ""0""}"
2,Q16,json,measure,7,0.086,82.951,,1,Seq Scan,Seq Scan on T,1,78,1,78,4922,1250,0,0,,0,0,11,False,"{""jit"": ""off"", ""max_parallel_workers_per_gather"": ""0""}"
2,Q16,jsonb,measure,7,0.055,13.923,,1,Seq Scan,Seq Scan on T,1,78,1,78,4922,981,0,0,,0,0,11,False,"{""jit"": ""off"", ""max_parallel_workers_per_gather"": ""0""}"
2,Q16,jsonb,measure,8,0.055,12.779,,1,Seq Scan,Seq Scan on T,1,78,1,78,4922,981,0,0,,0,0,11,False,"{""jit"": ""off"", ""max_parallel_workers_per_gather"": ""0""}"
2,Q16,json,measure,8,0.056,81.123,,1,Seq Scan,Seq Scan on T,1,78,1,78,4922,1250,0,0,,0,0,11,False,"{""jit"": ""off"", ""max_parallel_workers_per_gather"": ""0""}"
2,Q16,json,measure,9,0.052,80.212,,1,Seq Scan,Seq Scan on T,1,78,1,78,4922,1250,0,0,,0,0,11,False,"{""jit"": ""off"", ""max_parallel_workers_per_gather"": ""0""}"
2,Q16,jsonb,measure,9,0.051,12.774,,1,Seq Scan,Seq Scan on T,1,78,1,78,4922,981,0,0,,0,0,11,False,"{""jit"": ""off"", ""max_parallel_workers_per_gather"": ""0""}"
2,Q16,jsonb,measure,10,0.042,12.131,,1,Seq Scan,Seq Scan on T,1,78,1,78,4922,981,0,0,,0,0,11,False,"{""jit"": ""off"", ""max_parallel_workers_per_gather"": ""0""}"
2,Q16,json,measure,10,0.035,83.469,,1,Seq Scan,Seq Scan on T,1,78,1,78,4922,1250,0,0,,0,0,11,False,"{""jit"": ""off"", ""max_parallel_workers_per_gather"": ""0""}"
2,Q16,json,measure,11,0.05,85.645,,1,Seq Scan,Seq Scan on T,1,78,1,78,4922,1250,0,0,,0,0,11,False,"{""jit"": ""off"", ""max_parallel_workers_per_gather"": ""0""}"
2,Q16,jsonb,measure,11,0.048,11.705,,1,Seq Scan,Seq Scan on T,1,78,1,78,4922,981,0,0,,0,0,11,False,"{""jit"": ""off"", ""max_parallel_workers_per_gather"": ""0""}"
2,Q16,jsonb,measure,12,0.029,11.472,,1,Seq Scan,Seq Scan on T,1,78,1,78,4922,981,0,0,,0,0,11,False,"{""jit"": ""off"", ""max_parallel_workers_per_gather"": ""0""}"
2,Q16,json,measure,12,0.032,79.407,,1,Seq Scan,Seq Scan on T,1,78,1,78,4922,1250,0,0,,0,0,11,False,"{""jit"": ""off"", ""max_parallel_workers_per_gather"": ""0""}"
2,Q16,json,measure,13,0.04,83.156,,1,Seq Scan,Seq Scan on T,1,78,1,78,4922,1250,0,0,,0,0,11,False,"{""jit"": ""off"", ""max_parallel_workers_per_gather"": ""0""}"
2,Q16,jsonb,measure,13,0.053,13.486,,1,Seq Scan,Seq Scan on T,1,78,1,78,4922,981,0,0,,0,0,11,False,"{""jit"": ""off"", ""max_parallel_workers_per_gather"": ""0""}"
2,Q16,jsonb,measure,14,0.067,13.598,,1,Seq Scan,Seq Scan on T,1,78,1,78,4922,981,0,0,,0,0,11,False,"{""jit"": ""off"", ""max_parallel_workers_per_gather"": ""0""}"
2,Q16,json,measure,14,0.053,87.474,,1,Seq Scan,Seq Scan on T,1,78,1,78,4922,1250,0,0,,0,0,11,False,"{""jit"": ""off"", ""max_parallel_workers_per_gather"": ""0""}"
2,Q16,json,measure,15,0.054,79.038,,1,Seq Scan,Seq Scan on T,1,78,1,78,4922,1250,0,0,,0,0,11,False,"{""jit"": ""off"", ""max_parallel_workers_per_gather"": ""0""}"
2,Q16,jsonb,measure,15,0.049,12.977,,1,Seq Scan,Seq Scan on T,1,78,1,78,4922,981,0,0,,0,0,11,False,"{""jit"": ""off"", ""max_parallel_workers_per_gather"": ""0""}"
2,Q16,json,detail,1,0.045,87.778,0.021,1,Seq Scan,Seq Scan on T,1,78,1,78,4922,1250,0,0,,0,0,11,False,"{""jit"": ""off"", ""max_parallel_workers_per_gather"": ""0""}"
2,Q16,jsonb,detail,1,0.053,13.48,0.009,1,Seq Scan,Seq Scan on T,1,78,1,78,4922,981,0,0,,0,0,11,False,"{""jit"": ""off"", ""max_parallel_workers_per_gather"": ""0""}"
2,Q17,json,warmup,1,0.11,112.469,,1,Aggregate,Aggregate [Seq Scan on T],200,8,5000,5000,,1250,0,0,,0,3,13,False,"{""jit"": ""off"", ""max_parallel_workers_per_gather"": ""0""}"
2,Q17,jsonb,warmup,1,0.057,11.82,,1,Aggregate,Aggregate [Seq Scan on T],5000,8,5000,5000,,981,0,0,,0,0,13,False,"{""jit"": ""off"", ""max_parallel_workers_per_gather"": ""0""}"
2,Q17,json,warmup,2,0.049,127.594,,1,Aggregate,Aggregate [Seq Scan on T],200,8,5000,5000,,1250,0,0,,0,0,13,False,"{""jit"": ""off"", ""max_parallel_workers_per_gather"": ""0""}"
2,Q17,jsonb,warmup,2,0.06,12.849,,1,Aggregate,Aggregate [Seq Scan on T],5000,8,5000,5000,,981,0,0,,0,0,13,False,"{""jit"": ""off"", ""max_parallel_workers_per_gather"": ""0""}"
2,Q17,json,warmup,3,0.049,115.135,,1,Aggregate,Aggregate [Seq Scan on T],200,8,5000,5000,,1250,0,0,,0,0,13,False,"{""jit"": ""off"", ""max_parallel_workers_per_gather"": ""0""}"
2,Q17,jsonb,warmup,3,0.053,12.402,,1,Aggregate,Aggregate [Seq Scan on T],5000,8,5000,5000,,981,0,0,,0,0,13,False,"{""jit"": ""off"", ""max_parallel_workers_per_gather"": ""0""}"
2,Q17,json,measure,1,0.051,106.628,,1,Aggregate,Aggregate [Seq Scan on T],200,8,5000,5000,,1250,0,0,,0,0,13,False,"{""jit"": ""off"", ""max_parallel_workers_per_gather"": ""0""}"
2,Q17,jsonb,measure,1,0.05,12.685,,1,Aggregate,Aggregate [Seq Scan on T],5000,8,5000,5000,,981,0,0,,0,0,13,False,"{""jit"": ""off"", ""max_parallel_workers_per_gather"": ""0""}"
2,Q17,jsonb,measure,2,0.052,13.453,,1,Aggregate,Aggregate [Seq Scan on T],5000,8,5000,5000,,981,0,0,,0,0,13,False,"{""jit"": ""off"", ""max_parallel_workers_per_gather"": ""0""}"
2,Q17,json,measure,2,0.055,122.376,,1,Aggregate,Aggregate [Seq Scan on T],200,8,5000,5000,,1250,0,0,,0,0,13,False,"{""jit"": ""off"", ""max_parallel_workers_per_gather"": ""0""}"
2,Q17,json,measure,3,0.059,114.82,,1,Aggregate,Aggregate [Seq Scan on T],200,8,5000,5000,,1250,0,0,,0,0,13,False,"{""jit"": ""off"", ""max_parallel_workers_per_gather"": ""0""}"
2,Q17,jsonb,measure,3,0.072,13.422,,1,Aggregate,Aggregate [Seq Scan on T],5000,8,5000,5000,,981,0,0,,0,0,13,False,"{""jit"": ""off"", ""max_parallel_workers_per_gather"": ""0""}"
2,Q17,jsonb,measure,4,0.051,12.417,,1,Aggregate,Aggregate [Seq Scan on T],5000,8,5000,5000,,981,0,0,,0,0,13,False,"{""jit"": ""off"", ""max_parallel_workers_per_gather"": ""0""}"
2,Q17,json,measure,4,0.053,112.472,,1,Aggregate,Aggregate [Seq Scan on T],200,8,5000,5000,,1250,0,0,,0,0,13,False,"{""jit"": ""off"", ""max_parallel_workers_per_gather"": ""0""}"
2,Q17,json,measure,5,0.058,101.271,,1,Aggregate,Aggregate [Seq Scan on T],200,8,5000,5000,,1250,0,0,,0,0,13,False,"{""jit"": ""off"", ""max_parallel_workers_per_gather"": ""0""}"
2,Q17,jsonb,measure,5,0.062,13.237,,1,Aggregate,Aggregate [Seq Scan on T],5000,8,5000,5000,,981,0,0,,0,0,13,False,"{""jit"": ""off"", ""max_parallel_workers_per_gather"": ""0""}"
2,Q17,jsonb,measure,6,0.053,16.396,,1,Aggregate,Aggregate [Seq Scan on T],5000,8,5000,5000,,981,0,0,,0,0,13,False,"{""jit"": ""off"", ""max_parallel_workers_per_gather"": ""0""}"
2,Q17,json,measure,6,0.052,116.996,,1,Aggregate,Aggregate [Seq Scan on T],200,8,5000,5000,,1250,0,0,,0,0,13,False,"{""jit"": ""off"", ""max_parallel_workers_per_gather"": ""0""}"
2,Q17,json,measure,7,0.135,151.151,,1,Aggregate,Aggregate [Seq Scan on T],200,8,5000,5000,,1250,0,0,,0,0,13,False,"{""jit"": ""off"", ""max_parallel_workers_per_gather"": ""0""}"
2,Q17,jsonb,measure,7,0.057,15.596,,1,Aggregate,Aggregate [Seq Scan on T],5000,8,5000,5000,,981,0,0,,0,0,13,False,"{""jit"": ""off"", ""max_parallel_workers_per_gather"": ""0""}"
2,Q17,jsonb,measure,8,0.232,13.663,,1,Aggregate,Aggregate [Seq Scan on T],5000,8,5000,5000,,981,0,0,,0,0,13,False,"{""jit"": ""off"", ""max_parallel_workers_per_gather"": ""0""}"
2,Q17,json,measure,8,0.052,122.814,,1,Aggregate,Aggregate [Seq Scan on T],200,8,5000,5000,,1250,0,0,,0,0,13,False,"{""jit"": ""off"", ""max_parallel_workers_per_gather"": ""0""}"
2,Q17,json,measure,9,0.061,109.072,,1,Aggregate,Aggregate [Seq Scan on T],200,8,5000,5000,,1250,0,0,,0,0,13,False,"{""jit"": ""off"", ""max_parallel_workers_per_gather"": ""0""}"
2,Q17,jsonb,measure,9,0.06,13.541,,1,Aggregate,Aggregate [Seq Scan on T],5000,8,5000,5000,,981,0,0,,0,0,13,False,"{""jit"": ""off"", ""max_parallel_workers_per_gather"": ""0""}"
2,Q17,jsonb,measure,10,0.05,12.879,,1,Aggregate,Aggregate [Seq Scan on T],5000,8,5000,5000,,981,0,0,,0,0,13,False,"{""jit"": ""off"", ""max_parallel_workers_per_gather"": ""0""}"
2,Q17,json,measure,10,0.048,115.603,,1,Aggregate,Aggregate [Seq Scan on T],200,8,5000,5000,,1250,0,0,,0,0,13,False,"{""jit"": ""off"", ""max_parallel_workers_per_gather"": ""0""}"
2,Q17,json,measure,11,0.06,112.962,,1,Aggregate,Aggregate [Seq Scan on T],200,8,5000,5000,,1250,0,0,,0,0,13,False,"{""jit"": ""off"", ""max_parallel_workers_per_gather"": ""0""}"
2,Q17,jsonb,measure,11,0.054,15.457,,1,Aggregate,Aggregate [Seq Scan on T],5000,8,5000,5000,,981,0,0,,0,0,13,False,"{""jit"": ""off"", ""max_parallel_workers_per_gather"": ""0""}"
2,Q17,jsonb,measure,12,0.058,11.852,,1,Aggregate,Aggregate [Seq Scan on T],5000,8,5000,5000,,981,0,0,,0,0,13,False,"{""jit"": ""off"", ""max_parallel_workers_per_gather"": ""0""}"
2,Q17,json,measure,12,0.144,112.672,,1,Aggregate,Aggregate [Seq Scan on T],200,8,5000,5000,,1250,0,0,,0,0,13,False,"{""jit"": ""off"", ""max_parallel_workers_per_gather"": ""0""}"
2,Q17,json,measure,13,0.06,107.963,,1,Aggregate,Aggregate [Seq Scan on T],200,8,5000,5000,,1250,0,0,,0,0,13,False,"{""jit"": ""off"", ""max_parallel_workers_per_gather"": ""0""}"
2,Q17,jsonb,measure,13,0.059,12.996,,1,Aggregate,Aggregate [Seq Scan on T],5000,8,5000,5000,,981,0,0,,0,0,13,False,"{""jit"": ""off"", ""max_parallel_workers_per_gather"": ""0""}"
2,Q17,jsonb,measure,14,0.049,11.744,,1,Aggregate,Aggregate [Seq Scan on T],5000,8,5000,5000,,981,0,0,,0,0,13,False,"{""jit"": ""off"", ""max_parallel_workers_per_gather"": ""0""}"
2,Q17,json,measure,14,0.036,107.971,,1,Aggregate,Aggregate [Seq Scan on T],200,8,5000,5000,,1250,0,0,,0,0,13,False,"{""jit"": ""off"", ""max_parallel_workers_per_gather"": ""0""}"
2,Q17,json,measure,15,0.058,121.74,,1,Aggregate,Aggregate [Seq Scan on T],200,8,5000,5000,,1250,0,0,,0,0,13,False,"{""jit"": ""off"", ""max_parallel_workers_per_gather"": ""0""}"
2,Q17,jsonb,measure,15,0.088,16.157,,1,Aggregate,Aggregate [Seq Scan on T],5000,8,5000,5000,,981,0,0,,0,0,13,False,"{""jit"": ""off"", ""max_parallel_workers_per_gather"": ""0""}"
2,Q17,json,detail,1,0.078,111.12,0.005,1,Aggregate,Aggregate [Seq Scan on T],200,8,5000,5000,,1250,0,0,,0,0,13,False,"{""jit"": ""off"", ""max_parallel_workers_per_gather"": ""0""}"
2,Q17,jsonb,detail,1,0.058,13.186,0.006,1,Aggregate,Aggregate [Seq Scan on T],5000,8,5000,5000,,981,0,0,,0,0,13,False,"{""jit"": ""off"", ""max_parallel_workers_per_gather"": ""0""}"
2,Q18,json,warmup,1,0.073,227.318,,1,Aggregate,Aggregate [Seq Scan on T],200,32,5000,5000,,1250,0,0,,0,0,15,False,"{""jit"": ""off"", ""max_parallel_workers_per_gather"": ""0""}"
2,Q18,jsonb,warmup,1,0.062,23.171,,1,Aggregate,Aggregate [Seq Scan on T],5000,32,5000,5000,,981,0,0,,0,0,15,False,"{""jit"": ""off"", ""max_parallel_workers_per_gather"": ""0""}"
2,Q18,json,warmup,2,0.054,222.575,,1,Aggregate,Aggregate [Seq Scan on T],200,32,5000,5000,,1250,0,0,,0,0,15,False,"{""jit"": ""off"", ""max_parallel_workers_per_gather"": ""0""}"
2,Q18,jsonb,warmup,2,0.062,21.854,,1,Aggregate,Aggregate [Seq Scan on T],5000,32,5000,5000,,981,0,0,,0,0,15,False,"{""jit"": ""off"", ""max_parallel_workers_per_gather"": ""0""}"
2,Q18,json,warmup,3,0.057,241.239,,1,Aggregate,Aggregate [Seq Scan on T],200,32,5000,5000,,1250,0,0,,0,0,15,False,"{""jit"": ""off"", ""max_parallel_workers_per_gather"": ""0""}"
2,Q18,jsonb,warmup,3,0.066,25.332,,1,Aggregate,Aggregate [Seq Scan on T],5000,32,5000,5000,,981,0,0,,0,0,15,False,"{""jit"": ""off"", ""max_parallel_workers_per_gather"": ""0""}"
2,Q18,json,measure,1,0.274,289.045,,1,Aggregate,Aggregate [Seq Scan on T],200,32,5000,5000,,1250,0,0,,0,0,15,False,"{""jit"": ""off"", ""max_parallel_workers_per_gather"": ""0""}"
2,Q18,jsonb,measure,1,0.061,20.428,,1,Aggregate,Aggregate [Seq Scan on T],5000,32,5000,5000,,981,0,0,,0,0,15,False,"{""jit"": ""off"", ""max_parallel_workers_per_gather"": ""0""}"
2,Q18,jsonb,measure,2,0.036,20.543,,1,Aggregate,Aggregate [Seq Scan on T],5000,32,5000,5000,,981,0,0,,0,0,15,False,"{""jit"": ""off"", ""max_parallel_workers_per_gather"": ""0""}"
2,Q18,json,measure,2,0.045,222.756,,1,Aggregate,Aggregate [Seq Scan on T],200,32,5000,5000,,1250,0,0,,0,0,15,False,"{""jit"": ""off"", ""max_parallel_workers_per_gather"": ""0""}"
2,Q18,json,measure,3,0.058,219.635,,1,Aggregate,Aggregate [Seq Scan on T],200,32,5000,5000,,1250,0,0,,0,0,15,False,"{""jit"": ""off"", ""max_parallel_workers_per_gather"": ""0""}"
2,Q18,jsonb,measure,3,0.064,21.227,,1,Aggregate,Aggregate [Seq Scan on T],5000,32,5000,5000,,981,0,0,,0,0,15,False,"{""jit"": ""off"", ""max_parallel_workers_per_gather"": ""0""}"
2,Q18,jsonb,measure,4,0.104,23.081,,1,Aggregate,Aggregate [Seq Scan on T],5000,32,5000,5000,,981,0,0,,0,0,15,False,"{""jit"": ""off"", ""max_parallel_workers_per_gather"": ""0""}"
2,Q18,json,measure,4,0.062,215.692,,1,Aggregate,Aggregate [Seq Scan on T],200,32,5000,5000,,1250,0,0,,0,0,15,False,"{""jit"": ""off"", ""max_parallel_workers_per_gather"": ""0""}"
2,Q18,json,measure,5,0.061,237.101,,1,Aggregate,Aggregate [Seq Scan on T],200,32,5000,5000,,1250,0,0,,0,0,15,False,"{""jit"": ""off"", ""max_parallel_workers_per_gather"": ""0""}"
2,Q18,jsonb,measure,5,0.066,21.775,,1,Aggregate,Aggregate [Seq Scan on T],5000,32,5000,5000,,981,0,0,,0,0,15,False,"{""jit"": ""off"", ""max_parallel_workers_per_gather"": ""0""}"
2,Q18,jsonb,measure,6,0.084,20.631,,1,Aggregate,Aggregate [Seq Scan on T],5000,32,5000,5000,,981,0,0,,0,0,15,False,"{""jit"": ""off"", ""max_parallel_workers_per_gather"": ""0""}"
2,Q18,json,measure,6,0.058,244.681,,1,Aggregate,Aggregate [Seq Scan on T],200,32,5000,5000,,1250,0,0,,0,0,15,False,"{""jit"": ""off"", ""max_parallel_workers_per_gather"": ""0""}"
2,Q18,json,measure,7,0.065,227.217,,1,Aggregate,Aggregate [Seq Scan on T],200,32,5000,5000,,1250,0,0,,0,0,15,False,"{""jit"": ""off"", ""max_parallel_workers_per_gather"": ""0""}"
2,Q18,jsonb,measure,7,0.065,20.774,,1,Aggregate,Aggregate [Seq Scan on T],5000,32,5000,5000,,981,0,0,,0,0,15,False,"{""jit"": ""off"", ""max_parallel_workers_per_gather"": ""0""}"
2,Q18,jsonb,measure,8,0.056,21.997,,1,Aggregate,Aggregate [Seq Scan on T],5000,32,5000,5000,,981,0,0,,0,0,15,False,"{""jit"": ""off"", ""max_parallel_workers_per_gather"": ""0""}"
2,Q18,json,measure,8,0.059,218.854,,1,Aggregate,Aggregate [Seq Scan on T],200,32,5000,5000,,1250,0,0,,0,0,15,False,"{""jit"": ""off"", ""max_parallel_workers_per_gather"": ""0""}"
2,Q18,json,measure,9,0.095,208.892,,1,Aggregate,Aggregate [Seq Scan on T],200,32,5000,5000,,1250,0,0,,0,0,15,False,"{""jit"": ""off"", ""max_parallel_workers_per_gather"": ""0""}"
2,Q18,jsonb,measure,9,0.159,21.206,,1,Aggregate,Aggregate [Seq Scan on T],5000,32,5000,5000,,981,0,0,,0,0,15,False,"{""jit"": ""off"", ""max_parallel_workers_per_gather"": ""0""}"
2,Q18,jsonb,measure,10,0.058,20.973,,1,Aggregate,Aggregate [Seq Scan on T],5000,32,5000,5000,,981,0,0,,0,0,15,False,"{""jit"": ""off"", ""max_parallel_workers_per_gather"": ""0""}"
2,Q18,json,measure,10,0.053,252.456,,1,Aggregate,Aggregate [Seq Scan on T],200,32,5000,5000,,1250,0,0,,0,0,15,False,"{""jit"": ""off"", ""max_parallel_workers_per_gather"": ""0""}"
2,Q18,json,measure,11,0.064,210.222,,1,Aggregate,Aggregate [Seq Scan on T],200,32,5000,5000,,1250,0,0,,0,0,15,False,"{""jit"": ""off"", ""max_parallel_workers_per_gather"": ""0""}"
2,Q18,jsonb,measure,11,0.061,21.123,,1,Aggregate,Aggregate [Seq Scan on T],5000,32,5000,5000,,981,0,0,,0,0,15,False,"{""jit"": ""off"", ""max_parallel_workers_per_gather"": ""0""}"
2,Q18,jsonb,measure,12,0.055,24.809,,1,Aggregate,Aggregate [Seq Scan on T],5000,32,5000,5000,,981,0,0,,0,0,15,False,"{""jit"": ""off"", ""max_parallel_workers_per_gather"": ""0""}"
2,Q18,json,measure,12,0.065,228.356,,1,Aggregate,Aggregate [Seq Scan on T],200,32,5000,5000,,1250,0,0,,0,0,15,False,"{""jit"": ""off"", ""max_parallel_workers_per_gather"": ""0""}"
2,Q18,json,measure,13,0.063,225.855,,1,Aggregate,Aggregate [Seq Scan on T],200,32,5000,5000,,1250,0,0,,0,0,15,False,"{""jit"": ""off"", ""max_parallel_workers_per_gather"": ""0""}"
2,Q18,jsonb,measure,13,0.062,24.935,,1,Aggregate,Aggregate [Seq Scan on T],5000,32,5000,5000,,981,0,0,,0,0,15,False,"{""jit"": ""off"", ""max_parallel_workers_per_gather"": ""0""}"
2,Q18,jsonb,measure,14,0.061,20.7,,1,Aggregate,Aggregate [Seq Scan on T],5000,32,5000,5000,,981,0,0,,0,0,15,False,"{""jit"": ""off"", ""max_parallel_workers_per_gather"": ""0""}"
2,Q18,json,measure,14,0.052,229.153,,1,Aggregate,Aggregate [Seq Scan on T],200,32,5000,5000,,1250,0,0,,0,0,15,False,"{""jit"": ""off"", ""max_parallel_workers_per_gather"": ""0""}"
2,Q18,json,measure,15,0.09,214.546,,1,Aggregate,Aggregate [Seq Scan on T],200,32,5000,5000,,1250,0,0,,0,0,15,False,"{""jit"": ""off"", ""max_parallel_workers_per_gather"": ""0""}"
2,Q18,jsonb,measure,15,0.096,21.833,,1,Aggregate,Aggregate [Seq Scan on T],5000,32,5000,5000,,981,0,0,,0,0,15,False,"{""jit"": ""off"", ""max_parallel_workers_per_gather"": ""0""}"
2,Q18,json,detail,1,0.084,229.572,0.009,1,Aggregate,Aggregate [Seq Scan on T],200,32,5000,5000,,1250,0,0,,0,0,15,False,"{""jit"": ""off"", ""max_parallel_workers_per_gather"": ""0""}"
2,Q18,jsonb,detail,1,0.078,21.256,0.008,1,Aggregate,Aggregate [Seq Scan on T],5000,32,5000,5000,,981,0,0,,0,0,15,False,"{""jit"": ""off"", ""max_parallel_workers_per_gather"": ""0""}"
2,Q19,json,warmup,1,0.129,416.026,,1,Aggregate,Aggregate [Seq Scan on T],1,1,25,4249,751,1250,0,0,,0,12,20,False,"{""jit"": ""off"", ""max_parallel_workers_per_gather"": ""0""}"
2,Q19,jsonb,warmup,1,0.071,39.17,,1,Aggregate,Aggregate [Seq Scan on T],1,1,25,4249,751,981,0,0,,0,0,20,False,"{""jit"": ""off"", ""max_parallel_workers_per_gather"": ""0""}"
2,Q19,json,warmup,2,0.183,383.553,,1,Aggregate,Aggregate [Seq Scan on T],1,1,25,4249,751,1250,0,0,,0,0,20,False,"{""jit"": ""off"", ""max_parallel_workers_per_gather"": ""0""}"
2,Q19,jsonb,warmup,2,0.068,37.181,,1,Aggregate,Aggregate [Seq Scan on T],1,1,25,4249,751,981,0,0,,0,0,20,False,"{""jit"": ""off"", ""max_parallel_workers_per_gather"": ""0""}"
2,Q19,json,warmup,3,0.067,389.443,,1,Aggregate,Aggregate [Seq Scan on T],1,1,25,4249,751,1250,0,0,,0,0,20,False,"{""jit"": ""off"", ""max_parallel_workers_per_gather"": ""0""}"
2,Q19,jsonb,warmup,3,0.074,37.553,,1,Aggregate,Aggregate [Seq Scan on T],1,1,25,4249,751,981,0,0,,0,0,20,False,"{""jit"": ""off"", ""max_parallel_workers_per_gather"": ""0""}"
2,Q19,json,measure,1,0.062,421.368,,1,Aggregate,Aggregate [Seq Scan on T],1,1,25,4249,751,1250,0,0,,0,0,20,False,"{""jit"": ""off"", ""max_parallel_workers_per_gather"": ""0""}"
2,Q19,jsonb,measure,1,0.066,38.714,,1,Aggregate,Aggregate [Seq Scan on T],1,1,25,4249,751,981,0,0,,0,0,20,False,"{""jit"": ""off"", ""max_parallel_workers_per_gather"": ""0""}"
2,Q19,jsonb,measure,2,0.062,39.749,,1,Aggregate,Aggregate [Seq Scan on T],1,1,25,4249,751,981,0,0,,0,0,20,False,"{""jit"": ""off"", ""max_parallel_workers_per_gather"": ""0""}"
2,Q19,json,measure,2,0.219,417.102,,1,Aggregate,Aggregate [Seq Scan on T],1,1,25,4249,751,1250,0,0,,0,0,20,False,"{""jit"": ""off"", ""max_parallel_workers_per_gather"": ""0""}"
2,Q19,json,measure,3,0.068,396.581,,1,Aggregate,Aggregate [Seq Scan on T],1,1,25,4249,751,1250,0,0,,0,0,20,False,"{""jit"": ""off"", ""max_parallel_workers_per_gather"": ""0""}"
2,Q19,jsonb,measure,3,0.069,40.688,,1,Aggregate,Aggregate [Seq Scan on T],1,1,25,4249,751,981,0,0,,0,0,20,False,"{""jit"": ""off"", ""max_parallel_workers_per_gather"": ""0""}"
2,Q19,jsonb,measure,4,0.08,44.506,,1,Aggregate,Aggregate [Seq Scan on T],1,1,25,4249,751,981,0,0,,0,0,20,False,"{""jit"": ""off"", ""max_parallel_workers_per_gather"": ""0""}"
2,Q19,json,measure,4,0.08,405.025,,1,Aggregate,Aggregate [Seq Scan on T],1,1,25,4249,751,1250,0,0,,0,0,20,False,"{""jit"": ""off"", ""max_parallel_workers_per_gather"": ""0""}"
2,Q19,json,measure,5,0.096,374.947,,1,Aggregate,Aggregate [Seq Scan on T],1,1,25,4249,751,1250,0,0,,0,0,20,False,"{""jit"": ""off"", ""max_parallel_workers_per_gather"": ""0""}"
2,Q19,jsonb,measure,5,0.064,41.471,,1,Aggregate,Aggregate [Seq Scan on T],1,1,25,4249,751,981,0,0,,0,0,20,False,"{""jit"": ""off"", ""max_parallel_workers_per_gather"": ""0""}"
2,Q19,jsonb,measure,6,0.069,42.071,,1,Aggregate,Aggregate [Seq Scan on T],1,1,25,4249,751,981,0,0,,0,0,20,False,"{""jit"": ""off"", ""max_parallel_workers_per_gather"": ""0""}"
2,Q19,json,measure,6,0.065,403.93,,1,Aggregate,Aggregate [Seq Scan on T],1,1,25,4249,751,1250,0,0,,0,0,20,False,"{""jit"": ""off"", ""max_parallel_workers_per_gather"": ""0""}"
2,Q19,json,measure,7,0.069,399.687,,1,Aggregate,Aggregate [Seq Scan on T],1,1,25,4249,751,1250,0,0,,0,0,20,False,"{""jit"": ""off"", ""max_parallel_workers_per_gather"": ""0""}"
2,Q19,jsonb,measure,7,0.07,43.882,,1,Aggregate,Aggregate [Seq Scan on T],1,1,25,4249,751,981,0,0,,0,0,20,False,"{""jit"": ""off"", ""max_parallel_workers_per_gather"": ""0""}"
2,Q19,jsonb,measure,8,0.068,44.934,,1,Aggregate,Aggregate [Seq Scan on T],1,1,25,4249,751,981,0,0,,0,0,20,False,"{""jit"": ""off"", ""max_parallel_workers_per_gather"": ""0""}"
2,Q19,json,measure,8,0.237,387.573,,1,Aggregate,Aggregate [Seq Scan on T],1,1,25,4249,751,1250,0,0,,0,0,20,False,"{""jit"": ""off"", ""max_parallel_workers_per_gather"": ""0""}"
2,Q19,json,measure,9,0.066,385.619,,1,Aggregate,Aggregate [Seq Scan on T],1,1,25,4249,751,1250,0,0,,0,0,20,False,"{""jit"": ""off"", ""max_parallel_workers_per_gather"": ""0""}"
2,Q19,jsonb,measure,9,0.066,39.081,,1,Aggregate,Aggregate [Seq Scan on T],1,1,25,4249,751,981,0,0,,0,0,20,False,"{""jit"": ""off"", ""max_parallel_workers_per_gather"": ""0""}"
2,Q19,jsonb,measure,10,0.184,40.006,,1,Aggregate,Aggregate [Seq Scan on T],1,1,25,4249,751,981,0,0,,0,0,20,False,"{""jit"": ""off"", ""max_parallel_workers_per_gather"": ""0""}"
2,Q19,json,measure,10,0.058,398.281,,1,Aggregate,Aggregate [Seq Scan on T],1,1,25,4249,751,1250,0,0,,0,0,20,False,"{""jit"": ""off"", ""max_parallel_workers_per_gather"": ""0""}"
2,Q19,json,measure,11,0.064,422.274,,1,Aggregate,Aggregate [Seq Scan on T],1,1,25,4249,751,1250,0,0,,0,0,20,False,"{""jit"": ""off"", ""max_parallel_workers_per_gather"": ""0""}"
2,Q19,jsonb,measure,11,0.06,42.375,,1,Aggregate,Aggregate [Seq Scan on T],1,1,25,4249,751,981,0,0,,0,0,20,False,"{""jit"": ""off"", ""max_parallel_workers_per_gather"": ""0""}"
2,Q19,jsonb,measure,12,0.089,39.902,,1,Aggregate,Aggregate [Seq Scan on T],1,1,25,4249,751,981,0,0,,0,0,20,False,"{""jit"": ""off"", ""max_parallel_workers_per_gather"": ""0""}"
2,Q19,json,measure,12,0.062,375.612,,1,Aggregate,Aggregate [Seq Scan on T],1,1,25,4249,751,1250,0,0,,0,0,20,False,"{""jit"": ""off"", ""max_parallel_workers_per_gather"": ""0""}"
2,Q19,json,measure,13,0.059,417.216,,1,Aggregate,Aggregate [Seq Scan on T],1,1,25,4249,751,1250,0,0,,0,0,20,False,"{""jit"": ""off"", ""max_parallel_workers_per_gather"": ""0""}"
2,Q19,jsonb,measure,13,0.065,39.661,,1,Aggregate,Aggregate [Seq Scan on T],1,1,25,4249,751,981,0,0,,0,0,20,False,"{""jit"": ""off"", ""max_parallel_workers_per_gather"": ""0""}"
2,Q19,jsonb,measure,14,0.065,44.046,,1,Aggregate,Aggregate [Seq Scan on T],1,1,25,4249,751,981,0,0,,0,0,20,False,"{""jit"": ""off"", ""max_parallel_workers_per_gather"": ""0""}"
2,Q19,json,measure,14,0.067,394.195,,1,Aggregate,Aggregate [Seq Scan on T],1,1,25,4249,751,1250,0,0,,0,0,20,False,"{""jit"": ""off"", ""max_parallel_workers_per_gather"": ""0""}"
2,Q19,json,measure,15,0.067,392.872,,1,Aggregate,Aggregate [Seq Scan on T],1,1,25,4249,751,1250,0,0,,0,0,20,False,"{""jit"": ""off"", ""max_parallel_workers_per_gather"": ""0""}"
2,Q19,jsonb,measure,15,0.071,50.208,,1,Aggregate,Aggregate [Seq Scan on T],1,1,25,4249,751,981,0,0,,0,0,20,False,"{""jit"": ""off"", ""max_parallel_workers_per_gather"": ""0""}"
2,Q19,json,detail,1,0.071,403.592,0.006,1,Aggregate,Aggregate [Seq Scan on T],1,1,25,4249,751,1250,0,0,,0,0,20,False,"{""jit"": ""off"", ""max_parallel_workers_per_gather"": ""0""}"
2,Q19,jsonb,detail,1,0.067,38.928,0.003,1,Aggregate,Aggregate [Seq Scan on T],1,1,25,4249,751,981,0,0,,0,0,20,False,"{""jit"": ""off"", ""max_parallel_workers_per_gather"": ""0""}"
2,Q20,json,warmup,1,0.04,148.688,,93,Seq Scan,Seq Scan on T,5000,5000,5000,5000,,1250,0,0,,0,0,8,False,"{""jit"": ""off"", ""max_parallel_workers_per_gather"": ""0""}"
2,Q20,jsonb,warmup,1,0.036,12.704,,93,Seq Scan,Seq Scan on T,5000,5000,5000,5000,,981,0,0,,0,0,8,False,"{""jit"": ""off"", ""max_parallel_workers_per_gather"": ""0""}"
2,Q20,json,warmup,2,0.081,125.48,,93,Seq Scan,Seq Scan on T,5000,5000,5000,5000,,1250,0,0,,0,0,8,False,"{""jit"": ""off"", ""max_parallel_workers_per_gather"": ""0""}"
2,Q20,jsonb,warmup,2,0.047,12.877,,93,Seq Scan,Seq Scan on T,5000,5000,5000,5000,,981,0,0,,0,0,8,False,"{""jit"": ""off"", ""max_parallel_workers_per_gather"": ""0""}"
2,Q20,json,warmup,3,0.037,135.222,,93,Seq Scan,Seq Scan on T,5000,5000,5000,5000,,1250,0,0,,0,0,8,False,"{""jit"": ""off"", ""max_parallel_workers_per_gather"": ""0""}"
2,Q20,jsonb,warmup,3,0.04,13.125,,93,Seq Scan,Seq Scan on T,5000,5000,5000,5000,,981,0,0,,0,0,8,False,"{""jit"": ""off"", ""max_parallel_workers_per_gather"": ""0""}"
2,Q20,json,measure,1,0.038,146.455,,93,Seq Scan,Seq Scan on T,5000,5000,5000,5000,,1250,0,0,,0,0,8,False,"{""jit"": ""off"", ""max_parallel_workers_per_gather"": ""0""}"
2,Q20,jsonb,measure,1,0.041,14.402,,93,Seq Scan,Seq Scan on T,5000,5000,5000,5000,,981,0,0,,0,0,8,False,"{""jit"": ""off"", ""max_parallel_workers_per_gather"": ""0""}"
2,Q20,jsonb,measure,2,0.046,12.066,,93,Seq Scan,Seq Scan on T,5000,5000,5000,5000,,981,0,0,,0,0,8,False,"{""jit"": ""off"", ""max_parallel_workers_per_gather"": ""0""}"
2,Q20,json,measure,2,0.047,135.625,,93,Seq Scan,Seq Scan on T,5000,5000,5000,5000,,1250,0,0,,0,0,8,False,"{""jit"": ""off"", ""max_parallel_workers_per_gather"": ""0""}"
2,Q20,json,measure,3,0.043,128.851,,93,Seq Scan,Seq Scan on T,5000,5000,5000,5000,,1250,0,0,,0,0,8,False,"{""jit"": ""off"", ""max_parallel_workers_per_gather"": ""0""}"
2,Q20,jsonb,measure,3,0.039,11.54,,93,Seq Scan,Seq Scan on T,5000,5000,5000,5000,,981,0,0,,0,0,8,False,"{""jit"": ""off"", ""max_parallel_workers_per_gather"": ""0""}"
2,Q20,jsonb,measure,4,0.018,12.211,,93,Seq Scan,Seq Scan on T,5000,5000,5000,5000,,981,0,0,,0,0,8,False,"{""jit"": ""off"", ""max_parallel_workers_per_gather"": ""0""}"
2,Q20,json,measure,4,0.034,130.865,,93,Seq Scan,Seq Scan on T,5000,5000,5000,5000,,1250,0,0,,0,0,8,False,"{""jit"": ""off"", ""max_parallel_workers_per_gather"": ""0""}"
2,Q20,json,measure,5,0.043,121.192,,93,Seq Scan,Seq Scan on T,5000,5000,5000,5000,,1250,0,0,,0,0,8,False,"{""jit"": ""off"", ""max_parallel_workers_per_gather"": ""0""}"
2,Q20,jsonb,measure,5,0.039,12.83,,93,Seq Scan,Seq Scan on T,5000,5000,5000,5000,,981,0,0,,0,0,8,False,"{""jit"": ""off"", ""max_parallel_workers_per_gather"": ""0""}"
2,Q20,jsonb,measure,6,0.036,13.431,,93,Seq Scan,Seq Scan on T,5000,5000,5000,5000,,981,0,0,,0,0,8,False,"{""jit"": ""off"", ""max_parallel_workers_per_gather"": ""0""}"
2,Q20,json,measure,6,0.043,130.971,,93,Seq Scan,Seq Scan on T,5000,5000,5000,5000,,1250,0,0,,0,0,8,False,"{""jit"": ""off"", ""max_parallel_workers_per_gather"": ""0""}"
2,Q20,json,measure,7,0.04,145.018,,93,Seq Scan,Seq Scan on T,5000,5000,5000,5000,,1250,0,0,,0,0,8,False,"{""jit"": ""off"", ""max_parallel_workers_per_gather"": ""0""}"
2,Q20,jsonb,measure,7,0.042,12.703,,93,Seq Scan,Seq Scan on T,5000,5000,5000,5000,,981,0,0,,0,0,8,False,"{""jit"": ""off"", ""max_parallel_workers_per_gather"": ""0""}"
2,Q20,jsonb,measure,8,0.032,12.816,,93,Seq Scan,Seq Scan on T,5000,5000,5000,5000,,981,0,0,,0,0,8,False,"{""jit"": ""off"", ""max_parallel_workers_per_gather"": ""0""}"
2,Q20,json,measure,8,0.04,127.835,,93,Seq Scan,Seq Scan on T,5000,5000,5000,5000,,1250,0,0,,0,0,8,False,"{""jit"": ""off"", ""max_parallel_workers_per_gather"": ""0""}"
2,Q20,json,measure,9,0.058,147.06,,93,Seq Scan,Seq Scan on T,5000,5000,5000,5000,,1250,0,0,,0,0,8,False,"{""jit"": ""off"", ""max_parallel_workers_per_gather"": ""0""}"
2,Q20,jsonb,measure,9,0.043,11.956,,93,Seq Scan,Seq Scan on T,5000,5000,5000,5000,,981,0,0,,0,0,8,False,"{""jit"": ""off"", ""max_parallel_workers_per_gather"": ""0""}"
2,Q20,jsonb,measure,10,0.023,12.829,,93,Seq Scan,Seq Scan on T,5000,5000,5000,5000,,981,0,0,,0,0,8,False,"{""jit"": ""off"", ""max_parallel_workers_per_gather"": ""0""}"
2,Q20,json,measure,10,0.041,131.761,,93,Seq Scan,Seq Scan on T,5000,5000,5000,5000,,1250,0,0,,0,0,8,False,"{""jit"": ""off"", ""max_parallel_workers_per_gather"": ""0""}"
2,Q20,json,measure,11,0.041,126.053,,93,Seq Scan,Seq Scan on T,5000,5000,5000,5000,,1250,0,0,,0,0,8,False,"{""jit"": ""off"", ""max_parallel_workers_per_gather"": ""0""}"
2,Q20,jsonb,measure,11,0.043,12.105,,93,Seq Scan,Seq Scan on T,5000,5000,5000,5000,,981,0,0,,0,0,8,False,"{""jit"": ""off"", ""max_parallel_workers_per_gather"": ""0""}"
2,Q20,jsonb,measure,12,0.027,12.427,,93,Seq Scan,Seq Scan on T,5000,5000,5000,5000,,981,0,0,,0,0,8,False,"{""jit"": ""off"", ""max_parallel_workers_per_gather"": ""0""}"
2,Q20,json,measure,12,0.032,147.503,,93,Seq Scan,Seq Scan on T,5000,5000,5000,5000,,1250,0,0,,0,0,8,False,"{""jit"": ""off"", ""max_parallel_workers_per_gather"": ""0""}"
2,Q20,json,measure,13,0.08,126.598,,93,Seq Scan,Seq Scan on T,5000,5000,5000,5000,,1250,0,0,,0,0,8,False,"{""jit"": ""off"", ""max_parallel_workers_per_gather"": ""0""}"
2,Q20,jsonb,measure,13,0.067,19.728,,93,Seq Scan,Seq Scan on T,5000,5000,5000,5000,,981,0,0,,0,0,8,False,"{""jit"": ""off"", ""max_parallel_workers_per_gather"": ""0""}"
2,Q20,jsonb,measure,14,0.039,14.566,,93,Seq Scan,Seq Scan on T,5000,5000,5000,5000,,981,0,0,,0,0,8,False,"{""jit"": ""off"", ""max_parallel_workers_per_gather"": ""0""}"
2,Q20,json,measure,14,0.047,136.962,,93,Seq Scan,Seq Scan on T,5000,5000,5000,5000,,1250,0,0,,0,0,8,False,"{""jit"": ""off"", ""max_parallel_workers_per_gather"": ""0""}"
2,Q20,json,measure,15,0.072,147.63,,93,Seq Scan,Seq Scan on T,5000,5000,5000,5000,,1250,0,0,,0,0,8,False,"{""jit"": ""off"", ""max_parallel_workers_per_gather"": ""0""}"
2,Q20,jsonb,measure,15,0.041,13.442,,93,Seq Scan,Seq Scan on T,5000,5000,5000,5000,,981,0,0,,0,0,8,False,"{""jit"": ""off"", ""max_parallel_workers_per_gather"": ""0""}"
2,Q20,json,detail,1,0.039,129.798,0.855,93,Seq Scan,Seq Scan on T,5000,5000,5000,5000,,1250,0,0,,0,0,8,False,"{""jit"": ""off"", ""max_parallel_workers_per_gather"": ""0""}"
2,Q20,jsonb,detail,1,0.113,12.38,0.483,93,Seq Scan,Seq Scan on T,5000,5000,5000,5000,,981,0,0,,0,0,8,False,"{""jit"": ""off"", ""max_parallel_workers_per_gather"": ""0""}"
2,Q21,json,warmup,1,0.124,125.487,,1,Seq Scan,Seq Scan on T,2500,30,2500,30,4970,1250,0,0,,0,0,8,False,"{""jit"": ""off"", ""max_parallel_workers_per_gather"": ""0""}"
2,Q21,jsonb,warmup,1,0.041,13.133,,1,Seq Scan,Seq Scan on T,2500,30,2500,30,4970,981,0,0,,0,0,8,False,"{""jit"": ""off"", ""max_parallel_workers_per_gather"": ""0""}"
2,Q21,json,warmup,2,0.036,147.379,,1,Seq Scan,Seq Scan on T,2500,30,2500,30,4970,1250,0,0,,0,0,8,False,"{""jit"": ""off"", ""max_parallel_workers_per_gather"": ""0""}"
2,Q21,jsonb,warmup,2,0.056,14.1,,1,Seq Scan,Seq Scan on T,2500,30,2500,30,4970,981,0,0,,0,0,8,False,"{""jit"": ""off"", ""max_parallel_workers_per_gather"": ""0""}"
2,Q21,json,warmup,3,0.042,122.788,,1,Seq Scan,Seq Scan on T,2500,30,2500,30,4970,1250,0,0,,0,0,8,False,"{""jit"": ""off"", ""max_parallel_workers_per_gather"": ""0""}"
2,Q21,jsonb,warmup,3,0.042,13.532,,1,Seq Scan,Seq Scan on T,2500,30,2500,30,4970,981,0,0,,0,0,8,False,"{""jit"": ""off"", ""max_parallel_workers_per_gather"": ""0""}"
2,Q21,json,measure,1,0.037,151.71,,1,Seq Scan,Seq Scan on T,2500,30,2500,30,4970,1250,0,0,,0,0,8,False,"{""jit"": ""off"", ""max_parallel_workers_per_gather"": ""0""}"
2,Q21,jsonb,measure,1,0.044,13.425,,1,Seq Scan,Seq Scan on T,2500,30,2500,30,4970,981,0,0,,0,0,8,False,"{""jit"": ""off"", ""max_parallel_workers_per_gather"": ""0""}"
2,Q21,jsonb,measure,2,0.035,12.02,,1,Seq Scan,Seq Scan on T,2500,30,2500,30,4970,981,0,0,,0,0,8,False,"{""jit"": ""off"", ""max_parallel_workers_per_gather"": ""0""}"
2,Q21,json,measure,2,0.118,143.533,,1,Seq Scan,Seq Scan on T,2500,30,2500,30,4970,1250,0,0,,0,0,8,False,"{""jit"": ""off"", ""max_parallel_workers_per_gather"": ""0""}"
2,Q21,json,measure,3,0.043,123.642,,1,Seq Scan,Seq Scan on T,2500,30,2500,30,4970,1250,0,0,,0,0,8,False,"{""jit"": ""off"", ""max_parallel_workers_per_gather"": ""0""}"
2,Q21,jsonb,measure,3,0.087,11.762,,1,Seq Scan,Seq Scan on T,2500,30,2500,30,4970,981,0,0,,0,0,8,False,"{""jit"": ""off"", ""max_parallel_workers_per_gather"": ""0""}"
2,Q21,jsonb,measure,4,0.029,12.102,,1,Seq Scan,Seq Scan on T,2500,30,2500,30,4970,981,0,0,,0,0,8,False,"{""jit"": ""off"", ""max_parallel_workers_per_gather"": ""0""}"
2,Q21,json,measure,4,0.033,126.963,,1,Seq Scan,Seq Scan on T,2500,30,2500,30,4970,1250,0,0,,0,0,8,False,"{""jit"": ""off"", ""max_parallel_workers_per_gather"": ""0""}"
2,Q21,json,measure,5,0.037,131.946,,1,Seq Scan,Seq Scan on T,2500,30,2500,30,4970,1250,0,0,,0,0,8,False,"{""jit"": ""off"", ""max_parallel_workers_per_gather"": ""0""}"
2,Q21,jsonb,measure,5,0.042,15.29,,1,Seq Scan,Seq Scan on T,2500,30,2500,30,4970,981,0,0,,0,0,8,False,"{""jit"": ""off"", ""max_parallel_workers_per_gather"": ""0""}"
2,Q21,jsonb,measure,6,0.044,14.108,,1,Seq Scan,Seq Scan on T,2500,30,2500,30,4970,981,0,0,,0,0,8,False,"{""jit"": ""off"", ""max_parallel_workers_per_gather"": ""0""}"
2,Q21,json,measure,6,0.038,143.62,,1,Seq Scan,Seq Scan on T,2500,30,2500,30,4970,1250,0,0,,0,0,8,False,"{""jit"": ""off"", ""max_parallel_workers_per_gather"": ""0""}"
2,Q21,json,measure,7,0.041,134.909,,1,Seq Scan,Seq Scan on T,2500,30,2500,30,4970,1250,0,0,,0,0,8,False,"{""jit"": ""off"", ""max_parallel_workers_per_gather"": ""0""}"
2,Q21,jsonb,measure,7,0.043,14.363,,1,Seq Scan,Seq Scan on T,2500,30,2500,30,4970,981,0,0,,0,0,8,False,"{""jit"": ""off"", ""max_parallel_workers_per_gather"": ""0""}"
2,Q21,jsonb,measure,8,0.043,13.412,,1,Seq Scan,Seq Scan on T,2500,30,2500,30,4970,981,0,0,,0,0,8,False,"{""jit"": ""off"", ""max_parallel_workers_per_gather"": ""0""}"
2,Q21,json,measure,8,0.038,132.799,,1,Seq Scan,Seq Scan on T,2500,30,2500,30,4970,1250,0,0,,0,0,8,False,"{""jit"": ""off"", ""max_parallel_workers_per_gather"": ""0""}"
2,Q21,json,measure,9,0.046,128.1,,1,Seq Scan,Seq Scan on T,2500,30,2500,30,4970,1250,0,0,,0,0,8,False,"{""jit"": ""off"", ""max_parallel_workers_per_gather"": ""0""}"
2,Q21,jsonb,measure,9,0.042,13.46,,1,Seq Scan,Seq Scan on T,2500,30,2500,30,4970,981,0,0,,0,0,8,False,"{""jit"": ""off"", ""max_parallel_workers_per_gather"": ""0""}"
2,Q21,jsonb,measure,10,0.042,14.553,,1,Seq Scan,Seq Scan on T,2500,30,2500,30,4970,981,0,0,,0,0,8,False,"{""jit"": ""off"", ""max_parallel_workers_per_gather"": ""0""}"
2,Q21,json,measure,10,0.045,148.673,,1,Seq Scan,Seq Scan on T,2500,30,2500,30,4970,1250,0,0,,0,0,8,False,"{""jit"": ""off"", ""max_parallel_workers_per_gather"": ""0""}"
2,Q21,json,measure,11,0.056,131.933,,1,Seq Scan,Seq Scan on T,2500,30,2500,30,4970,1250,0,0,,0,0,8,False,"{""jit"": ""off"", ""max_parallel_workers_per_gather"": ""0""}"
2,Q21,jsonb,measure,11,0.044,13.721,,1,Seq Scan,Seq Scan on T,2500,30,2500,30,4970,981,0,0,,0,0,8,False,"{""jit"": ""off"", ""max_parallel_workers_per_gather"": ""0""}"
2,Q21,jsonb,measure,12,0.043,16.209,,1,Seq Scan,Seq Scan on T,2500,30,2500,30,4970,981,0,0,,0,0,8,False,"{""jit"": ""off"", ""max_parallel_workers_per_gather"": ""0""}"
2,Q21,json,measure,12,0.045,130.997,,1,Seq Scan,Seq Scan on T,2500,30,2500,30,4970,1250,0,0,,0,0,8,False,"{""jit"": ""off"", ""max_parallel_workers_per_gather"": ""0""}"
2,Q21,json,measure,13,0.039,141.927,,1,Seq Scan,Seq Scan on T,2500,30,2500,30,4970,1250,0,0,,0,0,8,False,"{""jit"": ""off"", ""max_parallel_workers_per_gather"": ""0""}"
2,Q21,jsonb,measure,13,0.036,12.487,,1,Seq Scan,Seq Scan on T,2500,30,2500,30,4970,981,0,0,,0,0,8,False,"{""jit"": ""off"", ""max_parallel_workers_per_gather"": ""0""}"
2,Q21,jsonb,measure,14,0.024,11.081,,1,Seq Scan,Seq Scan on T,2500,30,2500,30,4970,981,0,0,,0,0,8,False,"{""jit"": ""off"", ""max_parallel_workers_per_gather"": ""0""}"
2,Q21,json,measure,14,0.025,131.687,,1,Seq Scan,Seq Scan on T,2500,30,2500,30,4970,1250,0,0,,0,0,8,False,"{""jit"": ""off"", ""max_parallel_workers_per_gather"": ""0""}"
2,Q21,json,measure,15,0.044,137.23,,1,Seq Scan,Seq Scan on T,2500,30,2500,30,4970,1250,0,0,,0,0,8,False,"{""jit"": ""off"", ""max_parallel_workers_per_gather"": ""0""}"
2,Q21,jsonb,measure,15,0.043,13.298,,1,Seq Scan,Seq Scan on T,2500,30,2500,30,4970,981,0,0,,0,0,8,False,"{""jit"": ""off"", ""max_parallel_workers_per_gather"": ""0""}"
2,Q21,json,detail,1,0.037,131.899,0.015,1,Seq Scan,Seq Scan on T,2500,30,2500,30,4970,1250,0,0,,0,0,8,False,"{""jit"": ""off"", ""max_parallel_workers_per_gather"": ""0""}"
2,Q21,jsonb,detail,1,0.043,14.441,0.007,1,Seq Scan,Seq Scan on T,2500,30,2500,30,4970,981,0,0,,0,0,8,False,"{""jit"": ""off"", ""max_parallel_workers_per_gather"": ""0""}"
