phase,mode,batch,query,type,round,planning_ms,execution_ms,serialization_ms,output_kb,top_node,plan_shape,top_plan_rows,top_actual_rows,scan_plan_rows,scan_actual_rows,scan_rows_removed_by_filter,shared_hit_blocks,shared_read_blocks,temp_written_blocks,io_read_ms,serialization_shared_hit_blocks,planning_shared_hit_blocks,planning_memory_used_kb,jit,settings,kind,indexes_used,exact_heap_blocks,lossy_heap_blocks,rows_removed_by_index_recheck
I-0,default,1,Q07,json,1,1.326,56.009,,1,Seq Scan,Seq Scan on T,25,12,25,12,4988,1250,0,0,,0,8,9,False,"{""jit"": ""off"", ""max_parallel_workers_per_gather"": ""0""}",warmup,-,,,
I-0,default,1,Q07,jsonb,1,1.18,12.735,,1,Seq Scan,Seq Scan on T,25,12,25,12,4988,981,0,0,,0,8,9,False,"{""jit"": ""off"", ""max_parallel_workers_per_gather"": ""0""}",warmup,-,,,
I-0,default,1,Q07,json,2,0.026,57.853,,1,Seq Scan,Seq Scan on T,25,12,25,12,4988,1250,0,0,,0,0,9,False,"{""jit"": ""off"", ""max_parallel_workers_per_gather"": ""0""}",warmup,-,,,
I-0,default,1,Q07,jsonb,2,0.04,10.607,,1,Seq Scan,Seq Scan on T,25,12,25,12,4988,981,0,0,,0,0,9,False,"{""jit"": ""off"", ""max_parallel_workers_per_gather"": ""0""}",warmup,-,,,
I-0,default,1,Q07,json,3,0.027,55.434,,1,Seq Scan,Seq Scan on T,25,12,25,12,4988,1250,0,0,,0,0,9,False,"{""jit"": ""off"", ""max_parallel_workers_per_gather"": ""0""}",warmup,-,,,
I-0,default,1,Q07,jsonb,3,0.043,10.515,,1,Seq Scan,Seq Scan on T,25,12,25,12,4988,981,0,0,,0,0,9,False,"{""jit"": ""off"", ""max_parallel_workers_per_gather"": ""0""}",warmup,-,,,
I-0,default,1,Q07,json,1,0.026,55.347,,1,Seq Scan,Seq Scan on T,25,12,25,12,4988,1250,0,0,,0,0,9,False,"{""jit"": ""off"", ""max_parallel_workers_per_gather"": ""0""}",measure,-,,,
I-0,default,1,Q07,jsonb,1,0.04,10.609,,1,Seq Scan,Seq Scan on T,25,12,25,12,4988,981,0,0,,0,0,9,False,"{""jit"": ""off"", ""max_parallel_workers_per_gather"": ""0""}",measure,-,,,
I-0,default,1,Q07,jsonb,2,0.041,10.077,,1,Seq Scan,Seq Scan on T,25,12,25,12,4988,981,0,0,,0,0,9,False,"{""jit"": ""off"", ""max_parallel_workers_per_gather"": ""0""}",measure,-,,,
I-0,default,1,Q07,json,2,0.044,57.077,,1,Seq Scan,Seq Scan on T,25,12,25,12,4988,1250,0,0,,0,0,9,False,"{""jit"": ""off"", ""max_parallel_workers_per_gather"": ""0""}",measure,-,,,
I-0,default,1,Q07,json,3,0.044,57.491,,1,Seq Scan,Seq Scan on T,25,12,25,12,4988,1250,0,0,,0,0,9,False,"{""jit"": ""off"", ""max_parallel_workers_per_gather"": ""0""}",measure,-,,,
I-0,default,1,Q07,jsonb,3,0.041,10.626,,1,Seq Scan,Seq Scan on T,25,12,25,12,4988,981,0,0,,0,0,9,False,"{""jit"": ""off"", ""max_parallel_workers_per_gather"": ""0""}",measure,-,,,
I-0,default,1,Q07,jsonb,4,0.025,9.945,,1,Seq Scan,Seq Scan on T,25,12,25,12,4988,981,0,0,,0,0,9,False,"{""jit"": ""off"", ""max_parallel_workers_per_gather"": ""0""}",measure,-,,,
I-0,default,1,Q07,json,4,0.025,56.771,,1,Seq Scan,Seq Scan on T,25,12,25,12,4988,1250,0,0,,0,0,9,False,"{""jit"": ""off"", ""max_parallel_workers_per_gather"": ""0""}",measure,-,,,
I-0,default,1,Q07,json,5,0.044,54.225,,1,Seq Scan,Seq Scan on T,25,12,25,12,4988,1250,0,0,,0,0,9,False,"{""jit"": ""off"", ""max_parallel_workers_per_gather"": ""0""}",measure,-,,,
I-0,default,1,Q07,jsonb,5,0.045,13.413,,1,Seq Scan,Seq Scan on T,25,12,25,12,4988,981,0,0,,0,0,9,False,"{""jit"": ""off"", ""max_parallel_workers_per_gather"": ""0""}",measure,-,,,
I-0,default,1,Q07,jsonb,6,0.042,11.165,,1,Seq Scan,Seq Scan on T,25,12,25,12,4988,981,0,0,,0,0,9,False,"{""jit"": ""off"", ""max_parallel_workers_per_gather"": ""0""}",measure,-,,,
I-0,default,1,Q07,json,6,0.059,63.862,,1,Seq Scan,Seq Scan on T,25,12,25,12,4988,1250,0,0,,0,0,9,False,"{""jit"": ""off"", ""max_parallel_workers_per_gather"": ""0""}",measure,-,,,
I-0,default,1,Q07,json,7,0.046,55.82,,1,Seq Scan,Seq Scan on T,25,12,25,12,4988,1250,0,0,,0,0,9,False,"{""jit"": ""off"", ""max_parallel_workers_per_gather"": ""0""}",measure,-,,,
I-0,default,1,Q07,jsonb,7,0.046,13.093,,1,Seq Scan,Seq Scan on T,25,12,25,12,4988,981,0,0,,0,0,9,False,"{""jit"": ""off"", ""max_parallel_workers_per_gather"": ""0""}",measure,-,,,
I-0,default,1,Q07,jsonb,8,0.044,11.377,,1,Seq Scan,Seq Scan on T,25,12,25,12,4988,981,0,0,,0,0,9,False,"{""jit"": ""off"", ""max_parallel_workers_per_gather"": ""0""}",measure,-,,,
I-0,default,1,Q07,json,8,0.033,57.08,,1,Seq Scan,Seq Scan on T,25,12,25,12,4988,1250,0,0,,0,0,9,False,"{""jit"": ""off"", ""max_parallel_workers_per_gather"": ""0""}",measure,-,,,
I-0,default,1,Q07,json,9,0.04,60.823,,1,Seq Scan,Seq Scan on T,25,12,25,12,4988,1250,0,0,,0,0,9,False,"{""jit"": ""off"", ""max_parallel_workers_per_gather"": ""0""}",measure,-,,,
I-0,default,1,Q07,jsonb,9,0.066,10.765,,1,Seq Scan,Seq Scan on T,25,12,25,12,4988,981,0,0,,0,0,9,False,"{""jit"": ""off"", ""max_parallel_workers_per_gather"": ""0""}",measure,-,,,
I-0,default,1,Q07,jsonb,10,0.024,10.364,,1,Seq Scan,Seq Scan on T,25,12,25,12,4988,981,0,0,,0,0,9,False,"{""jit"": ""off"", ""max_parallel_workers_per_gather"": ""0""}",measure,-,,,
I-0,default,1,Q07,json,10,0.026,62.884,,1,Seq Scan,Seq Scan on T,25,12,25,12,4988,1250,0,0,,0,0,9,False,"{""jit"": ""off"", ""max_parallel_workers_per_gather"": ""0""}",measure,-,,,
I-0,default,1,Q07,json,11,0.046,53.24,,1,Seq Scan,Seq Scan on T,25,12,25,12,4988,1250,0,0,,0,0,9,False,"{""jit"": ""off"", ""max_parallel_workers_per_gather"": ""0""}",measure,-,,,
I-0,default,1,Q07,jsonb,11,0.032,10.385,,1,Seq Scan,Seq Scan on T,25,12,25,12,4988,981,0,0,,0,0,9,False,"{""jit"": ""off"", ""max_parallel_workers_per_gather"": ""0""}",measure,-,,,
I-0,default,1,Q07,jsonb,12,0.024,10.221,,1,Seq Scan,Seq Scan on T,25,12,25,12,4988,981,0,0,,0,0,9,False,"{""jit"": ""off"", ""max_parallel_workers_per_gather"": ""0""}",measure,-,,,
I-0,default,1,Q07,json,12,0.028,57.764,,1,Seq Scan,Seq Scan on T,25,12,25,12,4988,1250,0,0,,0,0,9,False,"{""jit"": ""off"", ""max_parallel_workers_per_gather"": ""0""}",measure,-,,,
I-0,default,1,Q07,json,13,0.046,53.773,,1,Seq Scan,Seq Scan on T,25,12,25,12,4988,1250,0,0,,0,0,9,False,"{""jit"": ""off"", ""max_parallel_workers_per_gather"": ""0""}",measure,-,,,
I-0,default,1,Q07,jsonb,13,0.034,10.2,,1,Seq Scan,Seq Scan on T,25,12,25,12,4988,981,0,0,,0,0,9,False,"{""jit"": ""off"", ""max_parallel_workers_per_gather"": ""0""}",measure,-,,,
I-0,default,1,Q07,jsonb,14,0.024,9.889,,1,Seq Scan,Seq Scan on T,25,12,25,12,4988,981,0,0,,0,0,9,False,"{""jit"": ""off"", ""max_parallel_workers_per_gather"": ""0""}",measure,-,,,
I-0,default,1,Q07,json,14,0.026,58.184,,1,Seq Scan,Seq Scan on T,25,12,25,12,4988,1250,0,0,,0,0,9,False,"{""jit"": ""off"", ""max_parallel_workers_per_gather"": ""0""}",measure,-,,,
I-0,default,1,Q07,json,15,0.044,52.844,,1,Seq Scan,Seq Scan on T,25,12,25,12,4988,1250,0,0,,0,0,9,False,"{""jit"": ""off"", ""max_parallel_workers_per_gather"": ""0""}",measure,-,,,
I-0,default,1,Q07,jsonb,15,0.041,10.304,,1,Seq Scan,Seq Scan on T,25,12,25,12,4988,981,0,0,,0,0,9,False,"{""jit"": ""off"", ""max_parallel_workers_per_gather"": ""0""}",measure,-,,,
I-0,default,1,Q07,json,1,0.043,55.738,0.003,1,Seq Scan,Seq Scan on T,25,12,25,12,4988,1250,0,0,,0,0,9,False,"{""jit"": ""off"", ""max_parallel_workers_per_gather"": ""0""}",detail,-,,,
I-0,default,1,Q07,jsonb,1,0.037,10.639,0.002,1,Seq Scan,Seq Scan on T,25,12,25,12,4988,981,0,0,,0,0,9,False,"{""jit"": ""off"", ""max_parallel_workers_per_gather"": ""0""}",detail,-,,,
I-0,default,1,Q08,json,1,0.026,110.273,,3,Seq Scan,Seq Scan on T,25,225,25,225,4775,1250,0,0,,0,0,9,False,"{""jit"": ""off"", ""max_parallel_workers_per_gather"": ""0""}",warmup,-,,,
I-0,default,1,Q08,jsonb,1,0.047,11.254,,3,Seq Scan,Seq Scan on T,25,225,25,225,4775,981,0,0,,0,0,9,False,"{""jit"": ""off"", ""max_parallel_workers_per_gather"": ""0""}",warmup,-,,,
I-0,default,1,Q08,json,2,0.027,107.637,,3,Seq Scan,Seq Scan on T,25,225,25,225,4775,1250,0,0,,0,0,9,False,"{""jit"": ""off"", ""max_parallel_workers_per_gather"": ""0""}",warmup,-,,,
I-0,default,1,Q08,jsonb,2,0.047,11.515,,3,Seq Scan,Seq Scan on T,25,225,25,225,4775,981,0,0,,0,0,9,False,"{""jit"": ""off"", ""max_parallel_workers_per_gather"": ""0""}",warmup,-,,,
I-0,default,1,Q08,json,3,0.029,99.344,,3,Seq Scan,Seq Scan on T,25,225,25,225,4775,1250,0,0,,0,0,9,False,"{""jit"": ""off"", ""max_parallel_workers_per_gather"": ""0""}",warmup,-,,,
I-0,default,1,Q08,jsonb,3,0.044,11.232,,3,Seq Scan,Seq Scan on T,25,225,25,225,4775,981,0,0,,0,0,9,False,"{""jit"": ""off"", ""max_parallel_workers_per_gather"": ""0""}",warmup,-,,,
I-0,default,1,Q08,json,1,0.027,102.014,,3,Seq Scan,Seq Scan on T,25,225,25,225,4775,1250,0,0,,0,0,9,False,"{""jit"": ""off"", ""max_parallel_workers_per_gather"": ""0""}",measure,-,,,
I-0,default,1,Q08,jsonb,1,0.046,12.966,,3,Seq Scan,Seq Scan on T,25,225,25,225,4775,981,0,0,,0,0,9,False,"{""jit"": ""off"", ""max_parallel_workers_per_gather"": ""0""}",measure,-,,,
I-0,default,1,Q08,jsonb,2,0.04,12.003,,3,Seq Scan,Seq Scan on T,25,225,25,225,4775,981,0,0,,0,0,9,False,"{""jit"": ""off"", ""max_parallel_workers_per_gather"": ""0""}",measure,-,,,
I-0,default,1,Q08,json,2,0.031,104.224,,3,Seq Scan,Seq Scan on T,25,225,25,225,4775,1250,0,0,,0,0,9,False,"{""jit"": ""off"", ""max_parallel_workers_per_gather"": ""0""}",measure,-,,,
I-0,default,1,Q08,json,3,0.04,98.208,,3,Seq Scan,Seq Scan on T,25,225,25,225,4775,1250,0,0,,0,0,9,False,"{""jit"": ""off"", ""max_parallel_workers_per_gather"": ""0""}",measure,-,,,
I-0,default,1,Q08,jsonb,3,0.042,10.701,,3,Seq Scan,Seq Scan on T,25,225,25,225,4775,981,0,0,,0,0,9,False,"{""jit"": ""off"", ""max_parallel_workers_per_gather"": ""0""}",measure,-,,,
I-0,default,1,Q08,jsonb,4,0.024,10.618,,3,Seq Scan,Seq Scan on T,25,225,25,225,4775,981,0,0,,0,0,9,False,"{""jit"": ""off"", ""max_parallel_workers_per_gather"": ""0""}",measure,-,,,
I-0,default,1,Q08,json,4,0.045,102.588,,3,Seq Scan,Seq Scan on T,25,225,25,225,4775,1250,0,0,,0,0,9,False,"{""jit"": ""off"", ""max_parallel_workers_per_gather"": ""0""}",measure,-,,,
I-0,default,1,Q08,json,5,0.045,99.888,,3,Seq Scan,Seq Scan on T,25,225,25,225,4775,1250,0,0,,0,0,9,False,"{""jit"": ""off"", ""max_parallel_workers_per_gather"": ""0""}",measure,-,,,
I-0,default,1,Q08,jsonb,5,0.046,11.972,,3,Seq Scan,Seq Scan on T,25,225,25,225,4775,981,0,0,,0,0,9,False,"{""jit"": ""off"", ""max_parallel_workers_per_gather"": ""0""}",measure,-,,,
I-0,default,1,Q08,jsonb,6,0.027,10.907,,3,Seq Scan,Seq Scan on T,25,225,25,225,4775,981,0,0,,0,0,9,False,"{""jit"": ""off"", ""max_parallel_workers_per_gather"": ""0""}",measure,-,,,
I-0,default,1,Q08,json,6,0.043,99.796,,3,Seq Scan,Seq Scan on T,25,225,25,225,4775,1250,0,0,,0,0,9,False,"{""jit"": ""off"", ""max_parallel_workers_per_gather"": ""0""}",measure,-,,,
I-0,default,1,Q08,json,7,0.044,100.969,,3,Seq Scan,Seq Scan on T,25,225,25,225,4775,1250,0,0,,0,0,9,False,"{""jit"": ""off"", ""max_parallel_workers_per_gather"": ""0""}",measure,-,,,
I-0,default,1,Q08,jsonb,7,0.043,10.86,,3,Seq Scan,Seq Scan on T,25,225,25,225,4775,981,0,0,,0,0,9,False,"{""jit"": ""off"", ""max_parallel_workers_per_gather"": ""0""}",measure,-,,,
I-0,default,1,Q08,jsonb,8,0.023,10.673,,3,Seq Scan,Seq Scan on T,25,225,25,225,4775,981,0,0,,0,0,9,False,"{""jit"": ""off"", ""max_parallel_workers_per_gather"": ""0""}",measure,-,,,
I-0,default,1,Q08,json,8,0.029,101.05,,3,Seq Scan,Seq Scan on T,25,225,25,225,4775,1250,0,0,,0,0,9,False,"{""jit"": ""off"", ""max_parallel_workers_per_gather"": ""0""}",measure,-,,,
I-0,default,1,Q08,json,9,0.045,99.63,,3,Seq Scan,Seq Scan on T,25,225,25,225,4775,1250,0,0,,0,0,9,False,"{""jit"": ""off"", ""max_parallel_workers_per_gather"": ""0""}",measure,-,,,
I-0,default,1,Q08,jsonb,9,0.044,11.725,,3,Seq Scan,Seq Scan on T,25,225,25,225,4775,981,0,0,,0,0,9,False,"{""jit"": ""off"", ""max_parallel_workers_per_gather"": ""0""}",measure,-,,,
I-0,default,1,Q08,jsonb,10,0.034,11.39,,3,Seq Scan,Seq Scan on T,25,225,25,225,4775,981,0,0,,0,0,9,False,"{""jit"": ""off"", ""max_parallel_workers_per_gather"": ""0""}",measure,-,,,
I-0,default,1,Q08,json,10,0.028,100.629,,3,Seq Scan,Seq Scan on T,25,225,25,225,4775,1250,0,0,,0,0,9,False,"{""jit"": ""off"", ""max_parallel_workers_per_gather"": ""0""}",measure,-,,,
I-0,default,1,Q08,json,11,0.043,97.971,,3,Seq Scan,Seq Scan on T,25,225,25,225,4775,1250,0,0,,0,0,9,False,"{""jit"": ""off"", ""max_parallel_workers_per_gather"": ""0""}",measure,-,,,
I-0,default,1,Q08,jsonb,11,0.036,11.955,,3,Seq Scan,Seq Scan on T,25,225,25,225,4775,981,0,0,,0,0,9,False,"{""jit"": ""off"", ""max_parallel_workers_per_gather"": ""0""}",measure,-,,,
I-0,default,1,Q08,jsonb,12,0.031,10.343,,3,Seq Scan,Seq Scan on T,25,225,25,225,4775,981,0,0,,0,0,9,False,"{""jit"": ""off"", ""max_parallel_workers_per_gather"": ""0""}",measure,-,,,
I-0,default,1,Q08,json,12,0.027,117.018,,3,Seq Scan,Seq Scan on T,25,225,25,225,4775,1250,0,0,,0,0,9,False,"{""jit"": ""off"", ""max_parallel_workers_per_gather"": ""0""}",measure,-,,,
I-0,default,1,Q08,json,13,0.044,96.374,,3,Seq Scan,Seq Scan on T,25,225,25,225,4775,1250,0,0,,0,0,9,False,"{""jit"": ""off"", ""max_parallel_workers_per_gather"": ""0""}",measure,-,,,
I-0,default,1,Q08,jsonb,13,0.042,10.957,,3,Seq Scan,Seq Scan on T,25,225,25,225,4775,981,0,0,,0,0,9,False,"{""jit"": ""off"", ""max_parallel_workers_per_gather"": ""0""}",measure,-,,,
I-0,default,1,Q08,jsonb,14,0.027,10.58,,3,Seq Scan,Seq Scan on T,25,225,25,225,4775,981,0,0,,0,0,9,False,"{""jit"": ""off"", ""max_parallel_workers_per_gather"": ""0""}",measure,-,,,
I-0,default,1,Q08,json,14,0.026,125.271,,3,Seq Scan,Seq Scan on T,25,225,25,225,4775,1250,0,0,,0,0,9,False,"{""jit"": ""off"", ""max_parallel_workers_per_gather"": ""0""}",measure,-,,,
I-0,default,1,Q08,json,15,0.045,103.503,,3,Seq Scan,Seq Scan on T,25,225,25,225,4775,1250,0,0,,0,0,9,False,"{""jit"": ""off"", ""max_parallel_workers_per_gather"": ""0""}",measure,-,,,
I-0,default,1,Q08,jsonb,15,0.071,11.086,,3,Seq Scan,Seq Scan on T,25,225,25,225,4775,981,0,0,,0,0,9,False,"{""jit"": ""off"", ""max_parallel_workers_per_gather"": ""0""}",measure,-,,,
I-0,default,1,Q08,json,1,0.026,106.839,0.026,3,Seq Scan,Seq Scan on T,25,225,25,225,4775,1250,0,0,,0,0,9,False,"{""jit"": ""off"", ""max_parallel_workers_per_gather"": ""0""}",detail,-,,,
I-0,default,1,Q08,jsonb,1,0.045,11.006,0.016,3,Seq Scan,Seq Scan on T,25,225,25,225,4775,981,0,0,,0,0,9,False,"{""jit"": ""off"", ""max_parallel_workers_per_gather"": ""0""}",detail,-,,,
I-0,default,1,Q10,json,1,0.045,99.934,,1,Seq Scan,Seq Scan on T,25,30,25,30,4970,1250,0,0,,0,11,9,False,"{""jit"": ""off"", ""max_parallel_workers_per_gather"": ""0""}",warmup,-,,,
I-0,default,1,Q10,jsonb,1,0.04,10.809,,1,Seq Scan,Seq Scan on T,25,30,25,30,4970,981,0,0,,0,0,9,False,"{""jit"": ""off"", ""max_parallel_workers_per_gather"": ""0""}",warmup,-,,,
I-0,default,1,Q10,json,2,0.027,103.655,,1,Seq Scan,Seq Scan on T,25,30,25,30,4970,1250,0,0,,0,0,9,False,"{""jit"": ""off"", ""max_parallel_workers_per_gather"": ""0""}",warmup,-,,,
I-0,default,1,Q10,jsonb,2,0.047,10.879,,1,Seq Scan,Seq Scan on T,25,30,25,30,4970,981,0,0,,0,0,9,False,"{""jit"": ""off"", ""max_parallel_workers_per_gather"": ""0""}",warmup,-,,,
I-0,default,1,Q10,json,3,0.043,103.863,,1,Seq Scan,Seq Scan on T,25,30,25,30,4970,1250,0,0,,0,0,9,False,"{""jit"": ""off"", ""max_parallel_workers_per_gather"": ""0""}",warmup,-,,,
I-0,default,1,Q10,jsonb,3,0.046,11.06,,1,Seq Scan,Seq Scan on T,25,30,25,30,4970,981,0,0,,0,0,9,False,"{""jit"": ""off"", ""max_parallel_workers_per_gather"": ""0""}",warmup,-,,,
I-0,default,1,Q10,json,1,0.027,125.037,,1,Seq Scan,Seq Scan on T,25,30,25,30,4970,1250,0,0,,0,0,9,False,"{""jit"": ""off"", ""max_parallel_workers_per_gather"": ""0""}",measure,-,,,
I-0,default,1,Q10,jsonb,1,0.047,11.018,,1,Seq Scan,Seq Scan on T,25,30,25,30,4970,981,0,0,,0,0,9,False,"{""jit"": ""off"", ""max_parallel_workers_per_gather"": ""0""}",measure,-,,,
I-0,default,1,Q10,jsonb,2,0.044,10.477,,1,Seq Scan,Seq Scan on T,25,30,25,30,4970,981,0,0,,0,0,9,False,"{""jit"": ""off"", ""max_parallel_workers_per_gather"": ""0""}",measure,-,,,
I-0,default,1,Q10,json,2,0.045,99.914,,1,Seq Scan,Seq Scan on T,25,30,25,30,4970,1250,0,0,,0,0,9,False,"{""jit"": ""off"", ""max_parallel_workers_per_gather"": ""0""}",measure,-,,,
I-0,default,1,Q10,json,3,0.042,97.956,,1,Seq Scan,Seq Scan on T,25,30,25,30,4970,1250,0,0,,0,0,9,False,"{""jit"": ""off"", ""max_parallel_workers_per_gather"": ""0""}",measure,-,,,
I-0,default,1,Q10,jsonb,3,0.043,10.654,,1,Seq Scan,Seq Scan on T,25,30,25,30,4970,981,0,0,,0,0,9,False,"{""jit"": ""off"", ""max_parallel_workers_per_gather"": ""0""}",measure,-,,,
I-0,default,1,Q10,jsonb,4,0.025,11.966,,1,Seq Scan,Seq Scan on T,25,30,25,30,4970,981,0,0,,0,0,9,False,"{""jit"": ""off"", ""max_parallel_workers_per_gather"": ""0""}",measure,-,,,
I-0,default,1,Q10,json,4,0.039,104.581,,1,Seq Scan,Seq Scan on T,25,30,25,30,4970,1250,0,0,,0,0,9,False,"{""jit"": ""off"", ""max_parallel_workers_per_gather"": ""0""}",measure,-,,,
I-0,default,1,Q10,json,5,0.047,98.634,,1,Seq Scan,Seq Scan on T,25,30,25,30,4970,1250,0,0,,0,0,9,False,"{""jit"": ""off"", ""max_parallel_workers_per_gather"": ""0""}",measure,-,,,
I-0,default,1,Q10,jsonb,5,0.044,10.945,,1,Seq Scan,Seq Scan on T,25,30,25,30,4970,981,0,0,,0,0,9,False,"{""jit"": ""off"", ""max_parallel_workers_per_gather"": ""0""}",measure,-,,,
I-0,default,1,Q10,jsonb,6,0.024,11.335,,1,Seq Scan,Seq Scan on T,25,30,25,30,4970,981,0,0,,0,0,9,False,"{""jit"": ""off"", ""max_parallel_workers_per_gather"": ""0""}",measure,-,,,
I-0,default,1,Q10,json,6,0.042,106.953,,1,Seq Scan,Seq Scan on T,25,30,25,30,4970,1250,0,0,,0,0,9,False,"{""jit"": ""off"", ""max_parallel_workers_per_gather"": ""0""}",measure,-,,,
I-0,default,1,Q10,json,7,0.046,99.521,,1,Seq Scan,Seq Scan on T,25,30,25,30,4970,1250,0,0,,0,0,9,False,"{""jit"": ""off"", ""max_parallel_workers_per_gather"": ""0""}",measure,-,,,
I-0,default,1,Q10,jsonb,7,0.041,11.129,,1,Seq Scan,Seq Scan on T,25,30,25,30,4970,981,0,0,,0,0,9,False,"{""jit"": ""off"", ""max_parallel_workers_per_gather"": ""0""}",measure,-,,,
I-0,default,1,Q10,jsonb,8,0.026,10.605,,1,Seq Scan,Seq Scan on T,25,30,25,30,4970,981,0,0,,0,0,9,False,"{""jit"": ""off"", ""max_parallel_workers_per_gather"": ""0""}",measure,-,,,
I-0,default,1,Q10,json,8,0.028,104.081,,1,Seq Scan,Seq Scan on T,25,30,25,30,4970,1250,0,0,,0,0,9,False,"{""jit"": ""off"", ""max_parallel_workers_per_gather"": ""0""}",measure,-,,,
I-0,default,1,Q10,json,9,0.079,121.139,,1,Seq Scan,Seq Scan on T,25,30,25,30,4970,1250,0,0,,0,0,9,False,"{""jit"": ""off"", ""max_parallel_workers_per_gather"": ""0""}",measure,-,,,
I-0,default,1,Q10,jsonb,9,0.045,11.032,,1,Seq Scan,Seq Scan on T,25,30,25,30,4970,981,0,0,,0,0,9,False,"{""jit"": ""off"", ""max_parallel_workers_per_gather"": ""0""}",measure,-,,,
I-0,default,1,Q10,jsonb,10,0.026,11.778,,1,Seq Scan,Seq Scan on T,25,30,25,30,4970,981,0,0,,0,0,9,False,"{""jit"": ""off"", ""max_parallel_workers_per_gather"": ""0""}",measure,-,,,
I-0,default,1,Q10,json,10,0.037,100.83,,1,Seq Scan,Seq Scan on T,25,30,25,30,4970,1250,0,0,,0,0,9,False,"{""jit"": ""off"", ""max_parallel_workers_per_gather"": ""0""}",measure,-,,,
I-0,default,1,Q10,json,11,0.038,115.005,,1,Seq Scan,Seq Scan on T,25,30,25,30,4970,1250,0,0,,0,0,9,False,"{""jit"": ""off"", ""max_parallel_workers_per_gather"": ""0""}",measure,-,,,
I-0,default,1,Q10,jsonb,11,0.045,10.837,,1,Seq Scan,Seq Scan on T,25,30,25,30,4970,981,0,0,,0,0,9,False,"{""jit"": ""off"", ""max_parallel_workers_per_gather"": ""0""}",measure,-,,,
I-0,default,1,Q10,jsonb,12,0.025,11.567,,1,Seq Scan,Seq Scan on T,25,30,25,30,4970,981,0,0,,0,0,9,False,"{""jit"": ""off"", ""max_parallel_workers_per_gather"": ""0""}",measure,-,,,
I-0,default,1,Q10,json,12,0.037,100.442,,1,Seq Scan,Seq Scan on T,25,30,25,30,4970,1250,0,0,,0,0,9,False,"{""jit"": ""off"", ""max_parallel_workers_per_gather"": ""0""}",measure,-,,,
I-0,default,1,Q10,json,13,0.045,103.718,,1,Seq Scan,Seq Scan on T,25,30,25,30,4970,1250,0,0,,0,0,9,False,"{""jit"": ""off"", ""max_parallel_workers_per_gather"": ""0""}",measure,-,,,
I-0,default,1,Q10,jsonb,13,0.046,11.292,,1,Seq Scan,Seq Scan on T,25,30,25,30,4970,981,0,0,,0,0,9,False,"{""jit"": ""off"", ""max_parallel_workers_per_gather"": ""0""}",measure,-,,,
I-0,default,1,Q10,jsonb,14,0.031,10.803,,1,Seq Scan,Seq Scan on T,25,30,25,30,4970,981,0,0,,0,0,9,False,"{""jit"": ""off"", ""max_parallel_workers_per_gather"": ""0""}",measure,-,,,
I-0,default,1,Q10,json,14,0.032,99.979,,1,Seq Scan,Seq Scan on T,25,30,25,30,4970,1250,0,0,,0,0,9,False,"{""jit"": ""off"", ""max_parallel_workers_per_gather"": ""0""}",measure,-,,,
I-0,default,1,Q10,json,15,0.043,113.68,,1,Seq Scan,Seq Scan on T,25,30,25,30,4970,1250,0,0,,0,0,9,False,"{""jit"": ""off"", ""max_parallel_workers_per_gather"": ""0""}",measure,-,,,
I-0,default,1,Q10,jsonb,15,0.044,10.807,,1,Seq Scan,Seq Scan on T,25,30,25,30,4970,981,0,0,,0,0,9,False,"{""jit"": ""off"", ""max_parallel_workers_per_gather"": ""0""}",measure,-,,,
I-0,default,1,Q10,json,1,0.027,102.089,0.008,1,Seq Scan,Seq Scan on T,25,30,25,30,4970,1250,0,0,,0,0,9,False,"{""jit"": ""off"", ""max_parallel_workers_per_gather"": ""0""}",detail,-,,,
I-0,default,1,Q10,jsonb,1,0.045,11.034,0.004,1,Seq Scan,Seq Scan on T,25,30,25,30,4970,981,0,0,,0,0,9,False,"{""jit"": ""off"", ""max_parallel_workers_per_gather"": ""0""}",detail,-,,,
I-0,default,1,Q11a,json,1,0.047,131.133,,5,Seq Scan,Seq Scan on T,25,422,25,422,4578,1250,0,0,,0,3,11,False,"{""jit"": ""off"", ""max_parallel_workers_per_gather"": ""0""}",warmup,-,,,
I-0,default,1,Q11a,jsonb,1,0.053,13.756,,5,Seq Scan,Seq Scan on T,25,422,25,422,4578,981,0,0,,0,0,11,False,"{""jit"": ""off"", ""max_parallel_workers_per_gather"": ""0""}",warmup,-,,,
I-0,default,1,Q11a,json,2,0.032,114.1,,5,Seq Scan,Seq Scan on T,25,422,25,422,4578,1250,0,0,,0,0,11,False,"{""jit"": ""off"", ""max_parallel_workers_per_gather"": ""0""}",warmup,-,,,
I-0,default,1,Q11a,jsonb,2,0.063,14.458,,5,Seq Scan,Seq Scan on T,25,422,25,422,4578,981,0,0,,0,0,11,False,"{""jit"": ""off"", ""max_parallel_workers_per_gather"": ""0""}",warmup,-,,,
I-0,default,1,Q11a,json,3,0.036,116.155,,5,Seq Scan,Seq Scan on T,25,422,25,422,4578,1250,0,0,,0,0,11,False,"{""jit"": ""off"", ""max_parallel_workers_per_gather"": ""0""}",warmup,-,,,
I-0,default,1,Q11a,jsonb,3,0.051,13.395,,5,Seq Scan,Seq Scan on T,25,422,25,422,4578,981,0,0,,0,0,11,False,"{""jit"": ""off"", ""max_parallel_workers_per_gather"": ""0""}",warmup,-,,,
I-0,default,1,Q11a,json,1,0.032,111.671,,5,Seq Scan,Seq Scan on T,25,422,25,422,4578,1250,0,0,,0,0,11,False,"{""jit"": ""off"", ""max_parallel_workers_per_gather"": ""0""}",measure,-,,,
I-0,default,1,Q11a,jsonb,1,0.049,14.54,,5,Seq Scan,Seq Scan on T,25,422,25,422,4578,981,0,0,,0,0,11,False,"{""jit"": ""off"", ""max_parallel_workers_per_gather"": ""0""}",measure,-,,,
I-0,default,1,Q11a,jsonb,2,0.034,13.753,,5,Seq Scan,Seq Scan on T,25,422,25,422,4578,981,0,0,,0,0,11,False,"{""jit"": ""off"", ""max_parallel_workers_per_gather"": ""0""}",measure,-,,,
I-0,default,1,Q11a,json,2,0.035,117.761,,5,Seq Scan,Seq Scan on T,25,422,25,422,4578,1250,0,0,,0,0,11,False,"{""jit"": ""off"", ""max_parallel_workers_per_gather"": ""0""}",measure,-,,,
I-0,default,1,Q11a,json,3,0.053,127.891,,5,Seq Scan,Seq Scan on T,25,422,25,422,4578,1250,0,0,,0,0,11,False,"{""jit"": ""off"", ""max_parallel_workers_per_gather"": ""0""}",measure,-,,,
I-0,default,1,Q11a,jsonb,3,0.051,13.933,,5,Seq Scan,Seq Scan on T,25,422,25,422,4578,981,0,0,,0,0,11,False,"{""jit"": ""off"", ""max_parallel_workers_per_gather"": ""0""}",measure,-,,,
I-0,default,1,Q11a,jsonb,4,0.03,13.126,,5,Seq Scan,Seq Scan on T,25,422,25,422,4578,981,0,0,,0,0,11,False,"{""jit"": ""off"", ""max_parallel_workers_per_gather"": ""0""}",measure,-,,,
I-0,default,1,Q11a,json,4,0.034,116.028,,5,Seq Scan,Seq Scan on T,25,422,25,422,4578,1250,0,0,,0,0,11,False,"{""jit"": ""off"", ""max_parallel_workers_per_gather"": ""0""}",measure,-,,,
I-0,default,1,Q11a,json,5,0.045,131.658,,5,Seq Scan,Seq Scan on T,25,422,25,422,4578,1250,0,0,,0,0,11,False,"{""jit"": ""off"", ""max_parallel_workers_per_gather"": ""0""}",measure,-,,,
I-0,default,1,Q11a,jsonb,5,0.049,13.517,,5,Seq Scan,Seq Scan on T,25,422,25,422,4578,981,0,0,,0,0,11,False,"{""jit"": ""off"", ""max_parallel_workers_per_gather"": ""0""}",measure,-,,,
I-0,default,1,Q11a,jsonb,6,0.028,12.976,,5,Seq Scan,Seq Scan on T,25,422,25,422,4578,981,0,0,,0,0,11,False,"{""jit"": ""off"", ""max_parallel_workers_per_gather"": ""0""}",measure,-,,,
I-0,default,1,Q11a,json,6,0.033,109.521,,5,Seq Scan,Seq Scan on T,25,422,25,422,4578,1250,0,0,,0,0,11,False,"{""jit"": ""off"", ""max_parallel_workers_per_gather"": ""0""}",measure,-,,,
I-0,default,1,Q11a,json,7,0.047,112.966,,5,Seq Scan,Seq Scan on T,25,422,25,422,4578,1250,0,0,,0,0,11,False,"{""jit"": ""off"", ""max_parallel_workers_per_gather"": ""0""}",measure,-,,,
I-0,default,1,Q11a,jsonb,7,0.045,13.457,,5,Seq Scan,Seq Scan on T,25,422,25,422,4578,981,0,0,,0,0,11,False,"{""jit"": ""off"", ""max_parallel_workers_per_gather"": ""0""}",measure,-,,,
I-0,default,1,Q11a,jsonb,8,0.029,14.014,,5,Seq Scan,Seq Scan on T,25,422,25,422,4578,981,0,0,,0,0,11,False,"{""jit"": ""off"", ""max_parallel_workers_per_gather"": ""0""}",measure,-,,,
I-0,default,1,Q11a,json,8,0.046,113.225,,5,Seq Scan,Seq Scan on T,25,422,25,422,4578,1250,0,0,,0,0,11,False,"{""jit"": ""off"", ""max_parallel_workers_per_gather"": ""0""}",measure,-,,,
I-0,default,1,Q11a,json,9,0.049,121.099,,5,Seq Scan,Seq Scan on T,25,422,25,422,4578,1250,0,0,,0,0,11,False,"{""jit"": ""off"", ""max_parallel_workers_per_gather"": ""0""}",measure,-,,,
I-0,default,1,Q11a,jsonb,9,0.054,15.704,,5,Seq Scan,Seq Scan on T,25,422,25,422,4578,981,0,0,,0,0,11,False,"{""jit"": ""off"", ""max_parallel_workers_per_gather"": ""0""}",measure,-,,,
I-0,default,1,Q11a,jsonb,10,0.038,13.418,,5,Seq Scan,Seq Scan on T,25,422,25,422,4578,981,0,0,,0,0,11,False,"{""jit"": ""off"", ""max_parallel_workers_per_gather"": ""0""}",measure,-,,,
I-0,default,1,Q11a,json,10,0.033,125.418,,5,Seq Scan,Seq Scan on T,25,422,25,422,4578,1250,0,0,,0,0,11,False,"{""jit"": ""off"", ""max_parallel_workers_per_gather"": ""0""}",measure,-,,,
I-0,default,1,Q11a,json,11,0.052,115.203,,5,Seq Scan,Seq Scan on T,25,422,25,422,4578,1250,0,0,,0,0,11,False,"{""jit"": ""off"", ""max_parallel_workers_per_gather"": ""0""}",measure,-,,,
I-0,default,1,Q11a,jsonb,11,0.046,14.655,,5,Seq Scan,Seq Scan on T,25,422,25,422,4578,981,0,0,,0,0,11,False,"{""jit"": ""off"", ""max_parallel_workers_per_gather"": ""0""}",measure,-,,,
I-0,default,1,Q11a,jsonb,12,0.037,13.279,,5,Seq Scan,Seq Scan on T,25,422,25,422,4578,981,0,0,,0,0,11,False,"{""jit"": ""off"", ""max_parallel_workers_per_gather"": ""0""}",measure,-,,,
I-0,default,1,Q11a,json,12,0.053,134.29,,5,Seq Scan,Seq Scan on T,25,422,25,422,4578,1250,0,0,,0,0,11,False,"{""jit"": ""off"", ""max_parallel_workers_per_gather"": ""0""}",measure,-,,,
I-0,default,1,Q11a,json,13,0.054,118.784,,5,Seq Scan,Seq Scan on T,25,422,25,422,4578,1250,0,0,,0,0,11,False,"{""jit"": ""off"", ""max_parallel_workers_per_gather"": ""0""}",measure,-,,,
I-0,default,1,Q11a,jsonb,13,0.052,13.65,,5,Seq Scan,Seq Scan on T,25,422,25,422,4578,981,0,0,,0,0,11,False,"{""jit"": ""off"", ""max_parallel_workers_per_gather"": ""0""}",measure,-,,,
I-0,default,1,Q11a,jsonb,14,0.029,13.304,,5,Seq Scan,Seq Scan on T,25,422,25,422,4578,981,0,0,,0,0,11,False,"{""jit"": ""off"", ""max_parallel_workers_per_gather"": ""0""}",measure,-,,,
I-0,default,1,Q11a,json,14,0.036,116.127,,5,Seq Scan,Seq Scan on T,25,422,25,422,4578,1250,0,0,,0,0,11,False,"{""jit"": ""off"", ""max_parallel_workers_per_gather"": ""0""}",measure,-,,,
I-0,default,1,Q11a,json,15,0.05,118.928,,5,Seq Scan,Seq Scan on T,25,422,25,422,4578,1250,0,0,,0,0,11,False,"{""jit"": ""off"", ""max_parallel_workers_per_gather"": ""0""}",measure,-,,,
I-0,default,1,Q11a,jsonb,15,0.051,13.639,,5,Seq Scan,Seq Scan on T,25,422,25,422,4578,981,0,0,,0,0,11,False,"{""jit"": ""off"", ""max_parallel_workers_per_gather"": ""0""}",measure,-,,,
I-0,default,1,Q11a,json,1,0.031,115.731,0.063,5,Seq Scan,Seq Scan on T,25,422,25,422,4578,1250,0,0,,0,0,11,False,"{""jit"": ""off"", ""max_parallel_workers_per_gather"": ""0""}",detail,-,,,
I-0,default,1,Q11a,jsonb,1,0.053,14.816,0.055,5,Seq Scan,Seq Scan on T,25,422,25,422,4578,981,0,0,,0,0,11,False,"{""jit"": ""off"", ""max_parallel_workers_per_gather"": ""0""}",detail,-,,,
I-0,default,1,Q11b,json,1,0.042,182.711,,30,Seq Scan,Seq Scan on T,25,3064,25,3064,1936,1250,0,0,,0,0,11,False,"{""jit"": ""off"", ""max_parallel_workers_per_gather"": ""0""}",warmup,-,,,
I-0,default,1,Q11b,jsonb,1,0.046,19.709,,30,Seq Scan,Seq Scan on T,25,3064,25,3064,1936,981,0,0,,0,0,11,False,"{""jit"": ""off"", ""max_parallel_workers_per_gather"": ""0""}",warmup,-,,,
I-0,default,1,Q11b,json,2,0.038,173.268,,30,Seq Scan,Seq Scan on T,25,3064,25,3064,1936,1250,0,0,,0,0,11,False,"{""jit"": ""off"", ""max_parallel_workers_per_gather"": ""0""}",warmup,-,,,
I-0,default,1,Q11b,jsonb,2,0.052,20.117,,30,Seq Scan,Seq Scan on T,25,3064,25,3064,1936,981,0,0,,0,0,11,False,"{""jit"": ""off"", ""max_parallel_workers_per_gather"": ""0""}",warmup,-,,,
I-0,default,1,Q11b,json,3,0.037,168.794,,30,Seq Scan,Seq Scan on T,25,3064,25,3064,1936,1250,0,0,,0,0,11,False,"{""jit"": ""off"", ""max_parallel_workers_per_gather"": ""0""}",warmup,-,,,
I-0,default,1,Q11b,jsonb,3,0.05,19.634,,30,Seq Scan,Seq Scan on T,25,3064,25,3064,1936,981,0,0,,0,0,11,False,"{""jit"": ""off"", ""max_parallel_workers_per_gather"": ""0""}",warmup,-,,,
I-0,default,1,Q11b,json,1,0.035,172.871,,30,Seq Scan,Seq Scan on T,25,3064,25,3064,1936,1250,0,0,,0,0,11,False,"{""jit"": ""off"", ""max_parallel_workers_per_gather"": ""0""}",measure,-,,,
I-0,default,1,Q11b,jsonb,1,0.051,19.052,,30,Seq Scan,Seq Scan on T,25,3064,25,3064,1936,981,0,0,,0,0,11,False,"{""jit"": ""off"", ""max_parallel_workers_per_gather"": ""0""}",measure,-,,,
I-0,default,1,Q11b,jsonb,2,0.046,19.654,,30,Seq Scan,Seq Scan on T,25,3064,25,3064,1936,981,0,0,,0,0,11,False,"{""jit"": ""off"", ""max_parallel_workers_per_gather"": ""0""}",measure,-,,,
I-0,default,1,Q11b,json,2,0.037,169.493,,30,Seq Scan,Seq Scan on T,25,3064,25,3064,1936,1250,0,0,,0,0,11,False,"{""jit"": ""off"", ""max_parallel_workers_per_gather"": ""0""}",measure,-,,,
I-0,default,1,Q11b,json,3,0.05,185.024,,30,Seq Scan,Seq Scan on T,25,3064,25,3064,1936,1250,0,0,,0,0,11,False,"{""jit"": ""off"", ""max_parallel_workers_per_gather"": ""0""}",measure,-,,,
I-0,default,1,Q11b,jsonb,3,0.051,19.322,,30,Seq Scan,Seq Scan on T,25,3064,25,3064,1936,981,0,0,,0,0,11,False,"{""jit"": ""off"", ""max_parallel_workers_per_gather"": ""0""}",measure,-,,,
I-0,default,1,Q11b,jsonb,4,0.029,19.337,,30,Seq Scan,Seq Scan on T,25,3064,25,3064,1936,981,0,0,,0,0,11,False,"{""jit"": ""off"", ""max_parallel_workers_per_gather"": ""0""}",measure,-,,,
I-0,default,1,Q11b,json,4,0.038,171.663,,30,Seq Scan,Seq Scan on T,25,3064,25,3064,1936,1250,0,0,,0,0,11,False,"{""jit"": ""off"", ""max_parallel_workers_per_gather"": ""0""}",measure,-,,,
I-0,default,1,Q11b,json,5,0.051,178.981,,30,Seq Scan,Seq Scan on T,25,3064,25,3064,1936,1250,0,0,,0,0,11,False,"{""jit"": ""off"", ""max_parallel_workers_per_gather"": ""0""}",measure,-,,,
I-0,default,1,Q11b,jsonb,5,0.046,19.583,,30,Seq Scan,Seq Scan on T,25,3064,25,3064,1936,981,0,0,,0,0,11,False,"{""jit"": ""off"", ""max_parallel_workers_per_gather"": ""0""}",measure,-,,,
I-0,default,1,Q11b,jsonb,6,0.032,19.332,,30,Seq Scan,Seq Scan on T,25,3064,25,3064,1936,981,0,0,,0,0,11,False,"{""jit"": ""off"", ""max_parallel_workers_per_gather"": ""0""}",measure,-,,,
I-0,default,1,Q11b,json,6,0.035,187.416,,30,Seq Scan,Seq Scan on T,25,3064,25,3064,1936,1250,0,0,,0,0,11,False,"{""jit"": ""off"", ""max_parallel_workers_per_gather"": ""0""}",measure,-,,,
I-0,default,1,Q11b,json,7,0.051,163.774,,30,Seq Scan,Seq Scan on T,25,3064,25,3064,1936,1250,0,0,,0,0,11,False,"{""jit"": ""off"", ""max_parallel_workers_per_gather"": ""0""}",measure,-,,,
I-0,default,1,Q11b,jsonb,7,0.049,18.751,,30,Seq Scan,Seq Scan on T,25,3064,25,3064,1936,981,0,0,,0,0,11,False,"{""jit"": ""off"", ""max_parallel_workers_per_gather"": ""0""}",measure,-,,,
I-0,default,1,Q11b,jsonb,8,0.03,19.334,,30,Seq Scan,Seq Scan on T,25,3064,25,3064,1936,981,0,0,,0,0,11,False,"{""jit"": ""off"", ""max_parallel_workers_per_gather"": ""0""}",measure,-,,,
I-0,default,1,Q11b,json,8,0.037,193.044,,30,Seq Scan,Seq Scan on T,25,3064,25,3064,1936,1250,0,0,,0,0,11,False,"{""jit"": ""off"", ""max_parallel_workers_per_gather"": ""0""}",measure,-,,,
I-0,default,1,Q11b,json,9,0.054,169.147,,30,Seq Scan,Seq Scan on T,25,3064,25,3064,1936,1250,0,0,,0,0,11,False,"{""jit"": ""off"", ""max_parallel_workers_per_gather"": ""0""}",measure,-,,,
I-0,default,1,Q11b,jsonb,9,0.05,18.55,,30,Seq Scan,Seq Scan on T,25,3064,25,3064,1936,981,0,0,,0,0,11,False,"{""jit"": ""off"", ""max_parallel_workers_per_gather"": ""0""}",measure,-,,,
I-0,default,1,Q11b,jsonb,10,0.029,18.609,,30,Seq Scan,Seq Scan on T,25,3064,25,3064,1936,981,0,0,,0,0,11,False,"{""jit"": ""off"", ""max_parallel_workers_per_gather"": ""0""}",measure,-,,,
I-0,default,1,Q11b,json,10,0.034,186.328,,30,Seq Scan,Seq Scan on T,25,3064,25,3064,1936,1250,0,0,,0,0,11,False,"{""jit"": ""off"", ""max_parallel_workers_per_gather"": ""0""}",measure,-,,,
I-0,default,1,Q11b,json,11,0.051,192.145,,30,Seq Scan,Seq Scan on T,25,3064,25,3064,1936,1250,0,0,,0,0,11,False,"{""jit"": ""off"", ""max_parallel_workers_per_gather"": ""0""}",measure,-,,,
I-0,default,1,Q11b,jsonb,11,0.052,19.508,,30,Seq Scan,Seq Scan on T,25,3064,25,3064,1936,981,0,0,,0,0,11,False,"{""jit"": ""off"", ""max_parallel_workers_per_gather"": ""0""}",measure,-,,,
I-0,default,1,Q11b,jsonb,12,0.028,18.504,,30,Seq Scan,Seq Scan on T,25,3064,25,3064,1936,981,0,0,,0,0,11,False,"{""jit"": ""off"", ""max_parallel_workers_per_gather"": ""0""}",measure,-,,,
I-0,default,1,Q11b,json,12,0.034,183.452,,30,Seq Scan,Seq Scan on T,25,3064,25,3064,1936,1250,0,0,,0,0,11,False,"{""jit"": ""off"", ""max_parallel_workers_per_gather"": ""0""}",measure,-,,,
I-0,default,1,Q11b,json,13,0.046,171.256,,30,Seq Scan,Seq Scan on T,25,3064,25,3064,1936,1250,0,0,,0,0,11,False,"{""jit"": ""off"", ""max_parallel_workers_per_gather"": ""0""}",measure,-,,,
I-0,default,1,Q11b,jsonb,13,0.051,18.823,,30,Seq Scan,Seq Scan on T,25,3064,25,3064,1936,981,0,0,,0,0,11,False,"{""jit"": ""off"", ""max_parallel_workers_per_gather"": ""0""}",measure,-,,,
I-0,default,1,Q11b,jsonb,14,0.044,20.414,,30,Seq Scan,Seq Scan on T,25,3064,25,3064,1936,981,0,0,,0,0,11,False,"{""jit"": ""off"", ""max_parallel_workers_per_gather"": ""0""}",measure,-,,,
I-0,default,1,Q11b,json,14,0.039,168.699,,30,Seq Scan,Seq Scan on T,25,3064,25,3064,1936,1250,0,0,,0,0,11,False,"{""jit"": ""off"", ""max_parallel_workers_per_gather"": ""0""}",measure,-,,,
I-0,default,1,Q11b,json,15,0.05,172.537,,30,Seq Scan,Seq Scan on T,25,3064,25,3064,1936,1250,0,0,,0,0,11,False,"{""jit"": ""off"", ""max_parallel_workers_per_gather"": ""0""}",measure,-,,,
I-0,default,1,Q11b,jsonb,15,0.052,19.385,,30,Seq Scan,Seq Scan on T,25,3064,25,3064,1936,981,0,0,,0,0,11,False,"{""jit"": ""off"", ""max_parallel_workers_per_gather"": ""0""}",measure,-,,,
I-0,default,1,Q11b,json,1,0.043,182.753,0.423,30,Seq Scan,Seq Scan on T,25,3064,25,3064,1936,1250,0,0,,0,0,11,False,"{""jit"": ""off"", ""max_parallel_workers_per_gather"": ""0""}",detail,-,,,
I-0,default,1,Q11b,jsonb,1,0.043,20.059,0.214,30,Seq Scan,Seq Scan on T,25,3064,25,3064,1936,981,0,0,,0,0,11,False,"{""jit"": ""off"", ""max_parallel_workers_per_gather"": ""0""}",detail,-,,,
I-0,default,1,Q12a,json,1,0.032,151.762,,1,Seq Scan,Seq Scan on T,25,13,25,13,4987,1250,0,0,,0,0,10,False,"{""jit"": ""off"", ""max_parallel_workers_per_gather"": ""0""}",warmup,-,,,
I-0,default,1,Q12a,jsonb,1,0.047,16.933,,1,Seq Scan,Seq Scan on T,25,13,25,13,4987,981,0,0,,0,0,10,False,"{""jit"": ""off"", ""max_parallel_workers_per_gather"": ""0""}",warmup,-,,,
I-0,default,1,Q12a,json,2,0.042,137.632,,1,Seq Scan,Seq Scan on T,25,13,25,13,4987,1250,0,0,,0,0,10,False,"{""jit"": ""off"", ""max_parallel_workers_per_gather"": ""0""}",warmup,-,,,
I-0,default,1,Q12a,jsonb,2,0.045,14.739,,1,Seq Scan,Seq Scan on T,25,13,25,13,4987,981,0,0,,0,0,10,False,"{""jit"": ""off"", ""max_parallel_workers_per_gather"": ""0""}",warmup,-,,,
I-0,default,1,Q12a,json,3,0.03,158.931,,1,Seq Scan,Seq Scan on T,25,13,25,13,4987,1250,0,0,,0,0,10,False,"{""jit"": ""off"", ""max_parallel_workers_per_gather"": ""0""}",warmup,-,,,
I-0,default,1,Q12a,jsonb,3,0.083,14.869,,1,Seq Scan,Seq Scan on T,25,13,25,13,4987,981,0,0,,0,0,10,False,"{""jit"": ""off"", ""max_parallel_workers_per_gather"": ""0""}",warmup,-,,,
I-0,default,1,Q12a,json,1,0.067,160.29,,1,Seq Scan,Seq Scan on T,25,13,25,13,4987,1250,0,0,,0,0,10,False,"{""jit"": ""off"", ""max_parallel_workers_per_gather"": ""0""}",measure,-,,,
I-0,default,1,Q12a,jsonb,1,0.059,14.989,,1,Seq Scan,Seq Scan on T,25,13,25,13,4987,981,0,0,,0,0,10,False,"{""jit"": ""off"", ""max_parallel_workers_per_gather"": ""0""}",measure,-,,,
I-0,default,1,Q12a,jsonb,2,0.026,14.487,,1,Seq Scan,Seq Scan on T,25,13,25,13,4987,981,0,0,,0,0,10,False,"{""jit"": ""off"", ""max_parallel_workers_per_gather"": ""0""}",measure,-,,,
I-0,default,1,Q12a,json,2,0.031,162.371,,1,Seq Scan,Seq Scan on T,25,13,25,13,4987,1250,0,0,,0,0,10,False,"{""jit"": ""off"", ""max_parallel_workers_per_gather"": ""0""}",measure,-,,,
I-0,default,1,Q12a,json,3,0.047,140.442,,1,Seq Scan,Seq Scan on T,25,13,25,13,4987,1250,0,0,,0,0,10,False,"{""jit"": ""off"", ""max_parallel_workers_per_gather"": ""0""}",measure,-,,,
I-0,default,1,Q12a,jsonb,3,0.045,14.876,,1,Seq Scan,Seq Scan on T,25,13,25,13,4987,981,0,0,,0,0,10,False,"{""jit"": ""off"", ""max_parallel_workers_per_gather"": ""0""}",measure,-,,,
I-0,default,1,Q12a,jsonb,4,0.025,15.289,,1,Seq Scan,Seq Scan on T,25,13,25,13,4987,981,0,0,,0,0,10,False,"{""jit"": ""off"", ""max_parallel_workers_per_gather"": ""0""}",measure,-,,,
I-0,default,1,Q12a,json,4,0.036,155.565,,1,Seq Scan,Seq Scan on T,25,13,25,13,4987,1250,0,0,,0,0,10,False,"{""jit"": ""off"", ""max_parallel_workers_per_gather"": ""0""}",measure,-,,,
I-0,default,1,Q12a,json,5,0.049,153.864,,1,Seq Scan,Seq Scan on T,25,13,25,13,4987,1250,0,0,,0,0,10,False,"{""jit"": ""off"", ""max_parallel_workers_per_gather"": ""0""}",measure,-,,,
I-0,default,1,Q12a,jsonb,5,0.045,14.832,,1,Seq Scan,Seq Scan on T,25,13,25,13,4987,981,0,0,,0,0,10,False,"{""jit"": ""off"", ""max_parallel_workers_per_gather"": ""0""}",measure,-,,,
I-0,default,1,Q12a,jsonb,6,0.026,14.508,,1,Seq Scan,Seq Scan on T,25,13,25,13,4987,981,0,0,,0,0,10,False,"{""jit"": ""off"", ""max_parallel_workers_per_gather"": ""0""}",measure,-,,,
I-0,default,1,Q12a,json,6,0.03,147.469,,1,Seq Scan,Seq Scan on T,25,13,25,13,4987,1250,0,0,,0,0,10,False,"{""jit"": ""off"", ""max_parallel_workers_per_gather"": ""0""}",measure,-,,,
I-0,default,1,Q12a,json,7,0.046,153.915,,1,Seq Scan,Seq Scan on T,25,13,25,13,4987,1250,0,0,,0,0,10,False,"{""jit"": ""off"", ""max_parallel_workers_per_gather"": ""0""}",measure,-,,,
I-0,default,1,Q12a,jsonb,7,0.047,15.146,,1,Seq Scan,Seq Scan on T,25,13,25,13,4987,981,0,0,,0,0,10,False,"{""jit"": ""off"", ""max_parallel_workers_per_gather"": ""0""}",measure,-,,,
I-0,default,1,Q12a,jsonb,8,0.026,14.581,,1,Seq Scan,Seq Scan on T,25,13,25,13,4987,981,0,0,,0,0,10,False,"{""jit"": ""off"", ""max_parallel_workers_per_gather"": ""0""}",measure,-,,,
I-0,default,1,Q12a,json,8,0.032,172.31,,1,Seq Scan,Seq Scan on T,25,13,25,13,4987,1250,0,0,,0,0,10,False,"{""jit"": ""off"", ""max_parallel_workers_per_gather"": ""0""}",measure,-,,,
I-0,default,1,Q12a,json,9,0.045,164.218,,1,Seq Scan,Seq Scan on T,25,13,25,13,4987,1250,0,0,,0,0,10,False,"{""jit"": ""off"", ""max_parallel_workers_per_gather"": ""0""}",measure,-,,,
I-0,default,1,Q12a,jsonb,9,0.047,14.487,,1,Seq Scan,Seq Scan on T,25,13,25,13,4987,981,0,0,,0,0,10,False,"{""jit"": ""off"", ""max_parallel_workers_per_gather"": ""0""}",measure,-,,,
I-0,default,1,Q12a,jsonb,10,0.024,14.484,,1,Seq Scan,Seq Scan on T,25,13,25,13,4987,981,0,0,,0,0,10,False,"{""jit"": ""off"", ""max_parallel_workers_per_gather"": ""0""}",measure,-,,,
I-0,default,1,Q12a,json,10,0.032,142.466,,1,Seq Scan,Seq Scan on T,25,13,25,13,4987,1250,0,0,,0,0,10,False,"{""jit"": ""off"", ""max_parallel_workers_per_gather"": ""0""}",measure,-,,,
I-0,default,1,Q12a,json,11,0.058,143.383,,1,Seq Scan,Seq Scan on T,25,13,25,13,4987,1250,0,0,,0,0,10,False,"{""jit"": ""off"", ""max_parallel_workers_per_gather"": ""0""}",measure,-,,,
I-0,default,1,Q12a,jsonb,11,0.046,15.053,,1,Seq Scan,Seq Scan on T,25,13,25,13,4987,981,0,0,,0,0,10,False,"{""jit"": ""off"", ""max_parallel_workers_per_gather"": ""0""}",measure,-,,,
I-0,default,1,Q12a,jsonb,12,0.026,14.581,,1,Seq Scan,Seq Scan on T,25,13,25,13,4987,981,0,0,,0,0,10,False,"{""jit"": ""off"", ""max_parallel_workers_per_gather"": ""0""}",measure,-,,,
I-0,default,1,Q12a,json,12,0.03,154.788,,1,Seq Scan,Seq Scan on T,25,13,25,13,4987,1250,0,0,,0,0,10,False,"{""jit"": ""off"", ""max_parallel_workers_per_gather"": ""0""}",measure,-,,,
I-0,default,1,Q12a,json,13,0.045,146.417,,1,Seq Scan,Seq Scan on T,25,13,25,13,4987,1250,0,0,,0,0,10,False,"{""jit"": ""off"", ""max_parallel_workers_per_gather"": ""0""}",measure,-,,,
I-0,default,1,Q12a,jsonb,13,0.048,14.685,,1,Seq Scan,Seq Scan on T,25,13,25,13,4987,981,0,0,,0,0,10,False,"{""jit"": ""off"", ""max_parallel_workers_per_gather"": ""0""}",measure,-,,,
I-0,default,1,Q12a,jsonb,14,0.025,24.447,,1,Seq Scan,Seq Scan on T,25,13,25,13,4987,981,0,0,,0,0,10,False,"{""jit"": ""off"", ""max_parallel_workers_per_gather"": ""0""}",measure,-,,,
I-0,default,1,Q12a,json,14,0.045,143.743,,1,Seq Scan,Seq Scan on T,25,13,25,13,4987,1250,0,0,,0,0,10,False,"{""jit"": ""off"", ""max_parallel_workers_per_gather"": ""0""}",measure,-,,,
I-0,default,1,Q12a,json,15,0.046,144.132,,1,Seq Scan,Seq Scan on T,25,13,25,13,4987,1250,0,0,,0,0,10,False,"{""jit"": ""off"", ""max_parallel_workers_per_gather"": ""0""}",measure,-,,,
I-0,default,1,Q12a,jsonb,15,0.061,14.678,,1,Seq Scan,Seq Scan on T,25,13,25,13,4987,981,0,0,,0,0,10,False,"{""jit"": ""off"", ""max_parallel_workers_per_gather"": ""0""}",measure,-,,,
I-0,default,1,Q12a,json,1,0.068,146.938,0.006,1,Seq Scan,Seq Scan on T,25,13,25,13,4987,1250,0,0,,0,0,10,False,"{""jit"": ""off"", ""max_parallel_workers_per_gather"": ""0""}",detail,-,,,
I-0,default,1,Q12a,jsonb,1,0.046,15.609,0.003,1,Seq Scan,Seq Scan on T,25,13,25,13,4987,981,0,0,,0,0,10,False,"{""jit"": ""off"", ""max_parallel_workers_per_gather"": ""0""}",detail,-,,,
I-0,default,1,Q12b,json,1,0.032,143.226,,2,Seq Scan,Seq Scan on T,25,108,25,108,4892,1250,0,0,,0,0,10,False,"{""jit"": ""off"", ""max_parallel_workers_per_gather"": ""0""}",warmup,-,,,
I-0,default,1,Q12b,jsonb,1,0.046,15.027,,2,Seq Scan,Seq Scan on T,25,108,25,108,4892,981,0,0,,0,0,10,False,"{""jit"": ""off"", ""max_parallel_workers_per_gather"": ""0""}",warmup,-,,,
I-0,default,1,Q12b,json,2,0.028,158.799,,2,Seq Scan,Seq Scan on T,25,108,25,108,4892,1250,0,0,,0,0,10,False,"{""jit"": ""off"", ""max_parallel_workers_per_gather"": ""0""}",warmup,-,,,
I-0,default,1,Q12b,jsonb,2,0.048,14.635,,2,Seq Scan,Seq Scan on T,25,108,25,108,4892,981,0,0,,0,0,10,False,"{""jit"": ""off"", ""max_parallel_workers_per_gather"": ""0""}",warmup,-,,,
I-0,default,1,Q12b,json,3,0.028,155.118,,2,Seq Scan,Seq Scan on T,25,108,25,108,4892,1250,0,0,,0,0,10,False,"{""jit"": ""off"", ""max_parallel_workers_per_gather"": ""0""}",warmup,-,,,
I-0,default,1,Q12b,jsonb,3,0.048,17.283,,2,Seq Scan,Seq Scan on T,25,108,25,108,4892,981,0,0,,0,0,10,False,"{""jit"": ""off"", ""max_parallel_workers_per_gather"": ""0""}",warmup,-,,,
I-0,default,1,Q12b,json,1,0.032,146.656,,2,Seq Scan,Seq Scan on T,25,108,25,108,4892,1250,0,0,,0,0,10,False,"{""jit"": ""off"", ""max_parallel_workers_per_gather"": ""0""}",measure,-,,,
I-0,default,1,Q12b,jsonb,1,0.047,15.925,,2,Seq Scan,Seq Scan on T,25,108,25,108,4892,981,0,0,,0,0,10,False,"{""jit"": ""off"", ""max_parallel_workers_per_gather"": ""0""}",measure,-,,,
I-0,default,1,Q12b,jsonb,2,0.036,14.61,,2,Seq Scan,Seq Scan on T,25,108,25,108,4892,981,0,0,,0,0,10,False,"{""jit"": ""off"", ""max_parallel_workers_per_gather"": ""0""}",measure,-,,,
I-0,default,1,Q12b,json,2,0.03,160.246,,2,Seq Scan,Seq Scan on T,25,108,25,108,4892,1250,0,0,,0,0,10,False,"{""jit"": ""off"", ""max_parallel_workers_per_gather"": ""0""}",measure,-,,,
I-0,default,1,Q12b,json,3,0.046,155.68,,2,Seq Scan,Seq Scan on T,25,108,25,108,4892,1250,0,0,,0,0,10,False,"{""jit"": ""off"", ""max_parallel_workers_per_gather"": ""0""}",measure,-,,,
I-0,default,1,Q12b,jsonb,3,0.047,14.77,,2,Seq Scan,Seq Scan on T,25,108,25,108,4892,981,0,0,,0,0,10,False,"{""jit"": ""off"", ""max_parallel_workers_per_gather"": ""0""}",measure,-,,,
I-0,default,1,Q12b,jsonb,4,0.025,14.388,,2,Seq Scan,Seq Scan on T,25,108,25,108,4892,981,0,0,,0,0,10,False,"{""jit"": ""off"", ""max_parallel_workers_per_gather"": ""0""}",measure,-,,,
I-0,default,1,Q12b,json,4,0.032,140.969,,2,Seq Scan,Seq Scan on T,25,108,25,108,4892,1250,0,0,,0,0,10,False,"{""jit"": ""off"", ""max_parallel_workers_per_gather"": ""0""}",measure,-,,,
I-0,default,1,Q12b,json,5,0.044,157.313,,2,Seq Scan,Seq Scan on T,25,108,25,108,4892,1250,0,0,,0,0,10,False,"{""jit"": ""off"", ""max_parallel_workers_per_gather"": ""0""}",measure,-,,,
I-0,default,1,Q12b,jsonb,5,0.048,16.35,,2,Seq Scan,Seq Scan on T,25,108,25,108,4892,981,0,0,,0,0,10,False,"{""jit"": ""off"", ""max_parallel_workers_per_gather"": ""0""}",measure,-,,,
I-0,default,1,Q12b,jsonb,6,0.027,16.287,,2,Seq Scan,Seq Scan on T,25,108,25,108,4892,981,0,0,,0,0,10,False,"{""jit"": ""off"", ""max_parallel_workers_per_gather"": ""0""}",measure,-,,,
I-0,default,1,Q12b,json,6,0.036,142.855,,2,Seq Scan,Seq Scan on T,25,108,25,108,4892,1250,0,0,,0,0,10,False,"{""jit"": ""off"", ""max_parallel_workers_per_gather"": ""0""}",measure,-,,,
I-0,default,1,Q12b,json,7,0.046,145.944,,2,Seq Scan,Seq Scan on T,25,108,25,108,4892,1250,0,0,,0,0,10,False,"{""jit"": ""off"", ""max_parallel_workers_per_gather"": ""0""}",measure,-,,,
I-0,default,1,Q12b,jsonb,7,0.041,16.045,,2,Seq Scan,Seq Scan on T,25,108,25,108,4892,981,0,0,,0,0,10,False,"{""jit"": ""off"", ""max_parallel_workers_per_gather"": ""0""}",measure,-,,,
I-0,default,1,Q12b,jsonb,8,0.029,22.344,,2,Seq Scan,Seq Scan on T,25,108,25,108,4892,981,0,0,,0,0,10,False,"{""jit"": ""off"", ""max_parallel_workers_per_gather"": ""0""}",measure,-,,,
I-0,default,1,Q12b,json,8,0.043,140.458,,2,Seq Scan,Seq Scan on T,25,108,25,108,4892,1250,0,0,,0,0,10,False,"{""jit"": ""off"", ""max_parallel_workers_per_gather"": ""0""}",measure,-,,,
I-0,default,1,Q12b,json,9,0.048,152.757,,2,Seq Scan,Seq Scan on T,25,108,25,108,4892,1250,0,0,,0,0,10,False,"{""jit"": ""off"", ""max_parallel_workers_per_gather"": ""0""}",measure,-,,,
I-0,default,1,Q12b,jsonb,9,0.043,14.46,,2,Seq Scan,Seq Scan on T,25,108,25,108,4892,981,0,0,,0,0,10,False,"{""jit"": ""off"", ""max_parallel_workers_per_gather"": ""0""}",measure,-,,,
I-0,default,1,Q12b,jsonb,10,0.027,14.07,,2,Seq Scan,Seq Scan on T,25,108,25,108,4892,981,0,0,,0,0,10,False,"{""jit"": ""off"", ""max_parallel_workers_per_gather"": ""0""}",measure,-,,,
I-0,default,1,Q12b,json,10,0.028,150.519,,2,Seq Scan,Seq Scan on T,25,108,25,108,4892,1250,0,0,,0,0,10,False,"{""jit"": ""off"", ""max_parallel_workers_per_gather"": ""0""}",measure,-,,,
I-0,default,1,Q12b,json,11,0.043,139.294,,2,Seq Scan,Seq Scan on T,25,108,25,108,4892,1250,0,0,,0,0,10,False,"{""jit"": ""off"", ""max_parallel_workers_per_gather"": ""0""}",measure,-,,,
I-0,default,1,Q12b,jsonb,11,0.045,14.636,,2,Seq Scan,Seq Scan on T,25,108,25,108,4892,981,0,0,,0,0,10,False,"{""jit"": ""off"", ""max_parallel_workers_per_gather"": ""0""}",measure,-,,,
I-0,default,1,Q12b,jsonb,12,0.026,14.407,,2,Seq Scan,Seq Scan on T,25,108,25,108,4892,981,0,0,,0,0,10,False,"{""jit"": ""off"", ""max_parallel_workers_per_gather"": ""0""}",measure,-,,,
I-0,default,1,Q12b,json,12,0.033,151.393,,2,Seq Scan,Seq Scan on T,25,108,25,108,4892,1250,0,0,,0,0,10,False,"{""jit"": ""off"", ""max_parallel_workers_per_gather"": ""0""}",measure,-,,,
I-0,default,1,Q12b,json,13,0.046,159.91,,2,Seq Scan,Seq Scan on T,25,108,25,108,4892,1250,0,0,,0,0,10,False,"{""jit"": ""off"", ""max_parallel_workers_per_gather"": ""0""}",measure,-,,,
I-0,default,1,Q12b,jsonb,13,0.048,14.832,,2,Seq Scan,Seq Scan on T,25,108,25,108,4892,981,0,0,,0,0,10,False,"{""jit"": ""off"", ""max_parallel_workers_per_gather"": ""0""}",measure,-,,,
I-0,default,1,Q12b,jsonb,14,0.027,14.632,,2,Seq Scan,Seq Scan on T,25,108,25,108,4892,981,0,0,,0,0,10,False,"{""jit"": ""off"", ""max_parallel_workers_per_gather"": ""0""}",measure,-,,,
I-0,default,1,Q12b,json,14,0.03,142.937,,2,Seq Scan,Seq Scan on T,25,108,25,108,4892,1250,0,0,,0,0,10,False,"{""jit"": ""off"", ""max_parallel_workers_per_gather"": ""0""}",measure,-,,,
I-0,default,1,Q12b,json,15,0.046,149.098,,2,Seq Scan,Seq Scan on T,25,108,25,108,4892,1250,0,0,,0,0,10,False,"{""jit"": ""off"", ""max_parallel_workers_per_gather"": ""0""}",measure,-,,,
I-0,default,1,Q12b,jsonb,15,0.046,16.921,,2,Seq Scan,Seq Scan on T,25,108,25,108,4892,981,0,0,,0,0,10,False,"{""jit"": ""off"", ""max_parallel_workers_per_gather"": ""0""}",measure,-,,,
I-0,default,1,Q12b,json,1,0.044,157.291,0.023,2,Seq Scan,Seq Scan on T,25,108,25,108,4892,1250,0,0,,0,0,10,False,"{""jit"": ""off"", ""max_parallel_workers_per_gather"": ""0""}",detail,-,,,
I-0,default,1,Q12b,jsonb,1,0.043,14.665,0.009,2,Seq Scan,Seq Scan on T,25,108,25,108,4892,981,0,0,,0,0,10,False,"{""jit"": ""off"", ""max_parallel_workers_per_gather"": ""0""}",detail,-,,,
I-0,default,1,Q12c,json,1,0.028,177.127,,5,Seq Scan,Seq Scan on T,25,498,25,498,4502,1250,0,0,,0,0,10,False,"{""jit"": ""off"", ""max_parallel_workers_per_gather"": ""0""}",warmup,-,,,
I-0,default,1,Q12c,jsonb,1,0.043,15.149,,5,Seq Scan,Seq Scan on T,25,498,25,498,4502,981,0,0,,0,0,10,False,"{""jit"": ""off"", ""max_parallel_workers_per_gather"": ""0""}",warmup,-,,,
I-0,default,1,Q12c,json,2,0.031,140.463,,5,Seq Scan,Seq Scan on T,25,498,25,498,4502,1250,0,0,,0,0,10,False,"{""jit"": ""off"", ""max_parallel_workers_per_gather"": ""0""}",warmup,-,,,
I-0,default,1,Q12c,jsonb,2,0.045,14.653,,5,Seq Scan,Seq Scan on T,25,498,25,498,4502,981,0,0,,0,0,10,False,"{""jit"": ""off"", ""max_parallel_workers_per_gather"": ""0""}",warmup,-,,,
I-0,default,1,Q12c,json,3,0.027,145.547,,5,Seq Scan,Seq Scan on T,25,498,25,498,4502,1250,0,0,,0,0,10,False,"{""jit"": ""off"", ""max_parallel_workers_per_gather"": ""0""}",warmup,-,,,
I-0,default,1,Q12c,jsonb,3,0.045,16.41,,5,Seq Scan,Seq Scan on T,25,498,25,498,4502,981,0,0,,0,0,10,False,"{""jit"": ""off"", ""max_parallel_workers_per_gather"": ""0""}",warmup,-,,,
I-0,default,1,Q12c,json,1,0.032,164.362,,5,Seq Scan,Seq Scan on T,25,498,25,498,4502,1250,0,0,,0,0,10,False,"{""jit"": ""off"", ""max_parallel_workers_per_gather"": ""0""}",measure,-,,,
I-0,default,1,Q12c,jsonb,1,0.042,15.098,,5,Seq Scan,Seq Scan on T,25,498,25,498,4502,981,0,0,,0,0,10,False,"{""jit"": ""off"", ""max_parallel_workers_per_gather"": ""0""}",measure,-,,,
I-0,default,1,Q12c,jsonb,2,0.029,14.739,,5,Seq Scan,Seq Scan on T,25,498,25,498,4502,981,0,0,,0,0,10,False,"{""jit"": ""off"", ""max_parallel_workers_per_gather"": ""0""}",measure,-,,,
I-0,default,1,Q12c,json,2,0.029,151.182,,5,Seq Scan,Seq Scan on T,25,498,25,498,4502,1250,0,0,,0,0,10,False,"{""jit"": ""off"", ""max_parallel_workers_per_gather"": ""0""}",measure,-,,,
I-0,default,1,Q12c,json,3,0.047,159.356,,5,Seq Scan,Seq Scan on T,25,498,25,498,4502,1250,0,0,,0,0,10,False,"{""jit"": ""off"", ""max_parallel_workers_per_gather"": ""0""}",measure,-,,,
I-0,default,1,Q12c,jsonb,3,0.046,14.88,,5,Seq Scan,Seq Scan on T,25,498,25,498,4502,981,0,0,,0,0,10,False,"{""jit"": ""off"", ""max_parallel_workers_per_gather"": ""0""}",measure,-,,,
I-0,default,1,Q12c,jsonb,4,0.025,14.491,,5,Seq Scan,Seq Scan on T,25,498,25,498,4502,981,0,0,,0,0,10,False,"{""jit"": ""off"", ""max_parallel_workers_per_gather"": ""0""}",measure,-,,,
I-0,default,1,Q12c,json,4,0.031,151.959,,5,Seq Scan,Seq Scan on T,25,498,25,498,4502,1250,0,0,,0,0,10,False,"{""jit"": ""off"", ""max_parallel_workers_per_gather"": ""0""}",measure,-,,,
I-0,default,1,Q12c,json,5,0.046,142.172,,5,Seq Scan,Seq Scan on T,25,498,25,498,4502,1250,0,0,,0,0,10,False,"{""jit"": ""off"", ""max_parallel_workers_per_gather"": ""0""}",measure,-,,,
I-0,default,1,Q12c,jsonb,5,0.043,18.076,,5,Seq Scan,Seq Scan on T,25,498,25,498,4502,981,0,0,,0,0,10,False,"{""jit"": ""off"", ""max_parallel_workers_per_gather"": ""0""}",measure,-,,,
I-0,default,1,Q12c,jsonb,6,0.04,17.284,,5,Seq Scan,Seq Scan on T,25,498,25,498,4502,981,0,0,,0,0,10,False,"{""jit"": ""off"", ""max_parallel_workers_per_gather"": ""0""}",measure,-,,,
I-0,default,1,Q12c,json,6,0.04,142.559,,5,Seq Scan,Seq Scan on T,25,498,25,498,4502,1250,0,0,,0,0,10,False,"{""jit"": ""off"", ""max_parallel_workers_per_gather"": ""0""}",measure,-,,,
I-0,default,1,Q12c,json,7,0.044,141.376,,5,Seq Scan,Seq Scan on T,25,498,25,498,4502,1250,0,0,,0,0,10,False,"{""jit"": ""off"", ""max_parallel_workers_per_gather"": ""0""}",measure,-,,,
I-0,default,1,Q12c,jsonb,7,0.042,15.332,,5,Seq Scan,Seq Scan on T,25,498,25,498,4502,981,0,0,,0,0,10,False,"{""jit"": ""off"", ""max_parallel_workers_per_gather"": ""0""}",measure,-,,,
I-0,default,1,Q12c,jsonb,8,0.042,14.897,,5,Seq Scan,Seq Scan on T,25,498,25,498,4502,981,0,0,,0,0,10,False,"{""jit"": ""off"", ""max_parallel_workers_per_gather"": ""0""}",measure,-,,,
I-0,default,1,Q12c,json,8,0.031,161.311,,5,Seq Scan,Seq Scan on T,25,498,25,498,4502,1250,0,0,,0,0,10,False,"{""jit"": ""off"", ""max_parallel_workers_per_gather"": ""0""}",measure,-,,,
I-0,default,1,Q12c,json,9,0.051,144.685,,5,Seq Scan,Seq Scan on T,25,498,25,498,4502,1250,0,0,,0,0,10,False,"{""jit"": ""off"", ""max_parallel_workers_per_gather"": ""0""}",measure,-,,,
I-0,default,1,Q12c,jsonb,9,0.046,14.899,,5,Seq Scan,Seq Scan on T,25,498,25,498,4502,981,0,0,,0,0,10,False,"{""jit"": ""off"", ""max_parallel_workers_per_gather"": ""0""}",measure,-,,,
I-0,default,1,Q12c,jsonb,10,0.026,14.887,,5,Seq Scan,Seq Scan on T,25,498,25,498,4502,981,0,0,,0,0,10,False,"{""jit"": ""off"", ""max_parallel_workers_per_gather"": ""0""}",measure,-,,,
I-0,default,1,Q12c,json,10,0.029,156.209,,5,Seq Scan,Seq Scan on T,25,498,25,498,4502,1250,0,0,,0,0,10,False,"{""jit"": ""off"", ""max_parallel_workers_per_gather"": ""0""}",measure,-,,,
I-0,default,1,Q12c,json,11,0.049,154.913,,5,Seq Scan,Seq Scan on T,25,498,25,498,4502,1250,0,0,,0,0,10,False,"{""jit"": ""off"", ""max_parallel_workers_per_gather"": ""0""}",measure,-,,,
I-0,default,1,Q12c,jsonb,11,0.05,16.131,,5,Seq Scan,Seq Scan on T,25,498,25,498,4502,981,0,0,,0,0,10,False,"{""jit"": ""off"", ""max_parallel_workers_per_gather"": ""0""}",measure,-,,,
I-0,default,1,Q12c,jsonb,12,0.037,14.38,,5,Seq Scan,Seq Scan on T,25,498,25,498,4502,981,0,0,,0,0,10,False,"{""jit"": ""off"", ""max_parallel_workers_per_gather"": ""0""}",measure,-,,,
I-0,default,1,Q12c,json,12,0.028,141.282,,5,Seq Scan,Seq Scan on T,25,498,25,498,4502,1250,0,0,,0,0,10,False,"{""jit"": ""off"", ""max_parallel_workers_per_gather"": ""0""}",measure,-,,,
I-0,default,1,Q12c,json,13,0.045,164.974,,5,Seq Scan,Seq Scan on T,25,498,25,498,4502,1250,0,0,,0,0,10,False,"{""jit"": ""off"", ""max_parallel_workers_per_gather"": ""0""}",measure,-,,,
I-0,default,1,Q12c,jsonb,13,0.048,15.284,,5,Seq Scan,Seq Scan on T,25,498,25,498,4502,981,0,0,,0,0,10,False,"{""jit"": ""off"", ""max_parallel_workers_per_gather"": ""0""}",measure,-,,,
I-0,default,1,Q12c,jsonb,14,0.025,14.73,,5,Seq Scan,Seq Scan on T,25,498,25,498,4502,981,0,0,,0,0,10,False,"{""jit"": ""off"", ""max_parallel_workers_per_gather"": ""0""}",measure,-,,,
I-0,default,1,Q12c,json,14,0.031,157.946,,5,Seq Scan,Seq Scan on T,25,498,25,498,4502,1250,0,0,,0,0,10,False,"{""jit"": ""off"", ""max_parallel_workers_per_gather"": ""0""}",measure,-,,,
I-0,default,1,Q12c,json,15,0.045,141.082,,5,Seq Scan,Seq Scan on T,25,498,25,498,4502,1250,0,0,,0,0,10,False,"{""jit"": ""off"", ""max_parallel_workers_per_gather"": ""0""}",measure,-,,,
I-0,default,1,Q12c,jsonb,15,0.045,14.767,,5,Seq Scan,Seq Scan on T,25,498,25,498,4502,981,0,0,,0,0,10,False,"{""jit"": ""off"", ""max_parallel_workers_per_gather"": ""0""}",measure,-,,,
I-0,default,1,Q12c,json,1,0.028,163.862,0.083,5,Seq Scan,Seq Scan on T,25,498,25,498,4502,1250,0,0,,0,0,10,False,"{""jit"": ""off"", ""max_parallel_workers_per_gather"": ""0""}",detail,-,,,
I-0,default,1,Q12c,jsonb,1,0.048,16.625,0.039,5,Seq Scan,Seq Scan on T,25,498,25,498,4502,981,0,0,,0,0,10,False,"{""jit"": ""off"", ""max_parallel_workers_per_gather"": ""0""}",detail,-,,,
I-0,default,1,Q16,json,1,0.04,77.183,,1,Seq Scan,Seq Scan on T,1,78,1,78,4922,1250,0,0,,0,0,11,False,"{""jit"": ""off"", ""max_parallel_workers_per_gather"": ""0""}",warmup,-,,,
I-0,default,1,Q16,jsonb,1,0.04,12.91,,1,Seq Scan,Seq Scan on T,1,78,1,78,4922,981,0,0,,0,0,11,False,"{""jit"": ""off"", ""max_parallel_workers_per_gather"": ""0""}",warmup,-,,,
I-0,default,1,Q16,json,2,0.033,76.448,,1,Seq Scan,Seq Scan on T,1,78,1,78,4922,1250,0,0,,0,0,11,False,"{""jit"": ""off"", ""max_parallel_workers_per_gather"": ""0""}",warmup,-,,,
I-0,default,1,Q16,jsonb,2,0.048,12.122,,1,Seq Scan,Seq Scan on T,1,78,1,78,4922,981,0,0,,0,0,11,False,"{""jit"": ""off"", ""max_parallel_workers_per_gather"": ""0""}",warmup,-,,,
I-0,default,1,Q16,json,3,0.03,78.47,,1,Seq Scan,Seq Scan on T,1,78,1,78,4922,1250,0,0,,0,0,11,False,"{""jit"": ""off"", ""max_parallel_workers_per_gather"": ""0""}",warmup,-,,,
I-0,default,1,Q16,jsonb,3,0.045,12.019,,1,Seq Scan,Seq Scan on T,1,78,1,78,4922,981,0,0,,0,0,11,False,"{""jit"": ""off"", ""max_parallel_workers_per_gather"": ""0""}",warmup,-,,,
I-0,default,1,Q16,json,1,0.029,79.867,,1,Seq Scan,Seq Scan on T,1,78,1,78,4922,1250,0,0,,0,0,11,False,"{""jit"": ""off"", ""max_parallel_workers_per_gather"": ""0""}",measure,-,,,
I-0,default,1,Q16,jsonb,1,0.053,12.276,,1,Seq Scan,Seq Scan on T,1,78,1,78,4922,981,0,0,,0,0,11,False,"{""jit"": ""off"", ""max_parallel_workers_per_gather"": ""0""}",measure,-,,,
I-0,default,1,Q16,jsonb,2,0.045,11.277,,1,Seq Scan,Seq Scan on T,1,78,1,78,4922,981,0,0,,0,0,11,False,"{""jit"": ""off"", ""max_parallel_workers_per_gather"": ""0""}",measure,-,,,
I-0,default,1,Q16,json,2,0.047,75.816,,1,Seq Scan,Seq Scan on T,1,78,1,78,4922,1250,0,0,,0,0,11,False,"{""jit"": ""off"", ""max_parallel_workers_per_gather"": ""0""}",measure,-,,,
I-0,default,1,Q16,json,3,0.049,75.104,,1,Seq Scan,Seq Scan on T,1,78,1,78,4922,1250,0,0,,0,0,11,False,"{""jit"": ""off"", ""max_parallel_workers_per_gather"": ""0""}",measure,-,,,
I-0,default,1,Q16,jsonb,3,0.044,11.991,,1,Seq Scan,Seq Scan on T,1,78,1,78,4922,981,0,0,,0,0,11,False,"{""jit"": ""off"", ""max_parallel_workers_per_gather"": ""0""}",measure,-,,,
I-0,default,1,Q16,jsonb,4,0.027,11.704,,1,Seq Scan,Seq Scan on T,1,78,1,78,4922,981,0,0,,0,0,11,False,"{""jit"": ""off"", ""max_parallel_workers_per_gather"": ""0""}",measure,-,,,
I-0,default,1,Q16,json,4,0.032,79.567,,1,Seq Scan,Seq Scan on T,1,78,1,78,4922,1250,0,0,,0,0,11,False,"{""jit"": ""off"", ""max_parallel_workers_per_gather"": ""0""}",measure,-,,,
I-0,default,1,Q16,json,5,0.046,75.423,,1,Seq Scan,Seq Scan on T,1,78,1,78,4922,1250,0,0,,0,0,11,False,"{""jit"": ""off"", ""max_parallel_workers_per_gather"": ""0""}",measure,-,,,
I-0,default,1,Q16,jsonb,5,0.04,13.021,,1,Seq Scan,Seq Scan on T,1,78,1,78,4922,981,0,0,,0,0,11,False,"{""jit"": ""off"", ""max_parallel_workers_per_gather"": ""0""}",measure,-,,,
I-0,default,1,Q16,jsonb,6,0.037,12.207,,1,Seq Scan,Seq Scan on T,1,78,1,78,4922,981,0,0,,0,0,11,False,"{""jit"": ""off"", ""max_parallel_workers_per_gather"": ""0""}",measure,-,,,
I-0,default,1,Q16,json,6,0.034,75.458,,1,Seq Scan,Seq Scan on T,1,78,1,78,4922,1250,0,0,,0,0,11,False,"{""jit"": ""off"", ""max_parallel_workers_per_gather"": ""0""}",measure,-,,,
I-0,default,1,Q16,json,7,0.044,73.004,,1,Seq Scan,Seq Scan on T,1,78,1,78,4922,1250,0,0,,0,0,11,False,"{""jit"": ""off"", ""max_parallel_workers_per_gather"": ""0""}",measure,-,,,
I-0,default,1,Q16,jsonb,7,0.042,11.318,,1,Seq Scan,Seq Scan on T,1,78,1,78,4922,981,0,0,,0,0,11,False,"{""jit"": ""off"", ""max_parallel_workers_per_gather"": ""0""}",measure,-,,,
I-0,default,1,Q16,jsonb,8,0.026,11.092,,1,Seq Scan,Seq Scan on T,1,78,1,78,4922,981,0,0,,0,0,11,False,"{""jit"": ""off"", ""max_parallel_workers_per_gather"": ""0""}",measure,-,,,
I-0,default,1,Q16,json,8,0.03,76.577,,1,Seq Scan,Seq Scan on T,1,78,1,78,4922,1250,0,0,,0,0,11,False,"{""jit"": ""off"", ""max_parallel_workers_per_gather"": ""0""}",measure,-,,,
I-0,default,1,Q16,json,9,0.042,89.183,,1,Seq Scan,Seq Scan on T,1,78,1,78,4922,1250,0,0,,0,0,11,False,"{""jit"": ""off"", ""max_parallel_workers_per_gather"": ""0""}",measure,-,,,
I-0,default,1,Q16,jsonb,9,0.048,13.04,,1,Seq Scan,Seq Scan on T,1,78,1,78,4922,981,0,0,,0,0,11,False,"{""jit"": ""off"", ""max_parallel_workers_per_gather"": ""0""}",measure,-,,,
I-0,default,1,Q16,jsonb,10,0.029,11.548,,1,Seq Scan,Seq Scan on T,1,78,1,78,4922,981,0,0,,0,0,11,False,"{""jit"": ""off"", ""max_parallel_workers_per_gather"": ""0""}",measure,-,,,
I-0,default,1,Q16,json,10,0.031,78.578,,1,Seq Scan,Seq Scan on T,1,78,1,78,4922,1250,0,0,,0,0,11,False,"{""jit"": ""off"", ""max_parallel_workers_per_gather"": ""0""}",measure,-,,,
I-0,default,1,Q16,json,11,0.049,73.049,,1,Seq Scan,Seq Scan on T,1,78,1,78,4922,1250,0,0,,0,0,11,False,"{""jit"": ""off"", ""max_parallel_workers_per_gather"": ""0""}",measure,-,,,
I-0,default,1,Q16,jsonb,11,0.041,12.029,,1,Seq Scan,Seq Scan on T,1,78,1,78,4922,981,0,0,,0,0,11,False,"{""jit"": ""off"", ""max_parallel_workers_per_gather"": ""0""}",measure,-,,,
I-0,default,1,Q16,jsonb,12,0.028,11.577,,1,Seq Scan,Seq Scan on T,1,78,1,78,4922,981,0,0,,0,0,11,False,"{""jit"": ""off"", ""max_parallel_workers_per_gather"": ""0""}",measure,-,,,
I-0,default,1,Q16,json,12,0.033,80.631,,1,Seq Scan,Seq Scan on T,1,78,1,78,4922,1250,0,0,,0,0,11,False,"{""jit"": ""off"", ""max_parallel_workers_per_gather"": ""0""}",measure,-,,,
I-0,default,1,Q16,json,13,0.048,81.293,,1,Seq Scan,Seq Scan on T,1,78,1,78,4922,1250,0,0,,0,0,11,False,"{""jit"": ""off"", ""max_parallel_workers_per_gather"": ""0""}",measure,-,,,
I-0,default,1,Q16,jsonb,13,0.047,14.107,,1,Seq Scan,Seq Scan on T,1,78,1,78,4922,981,0,0,,0,0,11,False,"{""jit"": ""off"", ""max_parallel_workers_per_gather"": ""0""}",measure,-,,,
I-0,default,1,Q16,jsonb,14,0.036,14.778,,1,Seq Scan,Seq Scan on T,1,78,1,78,4922,981,0,0,,0,0,11,False,"{""jit"": ""off"", ""max_parallel_workers_per_gather"": ""0""}",measure,-,,,
I-0,default,1,Q16,json,14,0.04,88.261,,1,Seq Scan,Seq Scan on T,1,78,1,78,4922,1250,0,0,,0,0,11,False,"{""jit"": ""off"", ""max_parallel_workers_per_gather"": ""0""}",measure,-,,,
I-0,default,1,Q16,json,15,0.056,86.765,,1,Seq Scan,Seq Scan on T,1,78,1,78,4922,1250,0,0,,0,0,11,False,"{""jit"": ""off"", ""max_parallel_workers_per_gather"": ""0""}",measure,-,,,
I-0,default,1,Q16,jsonb,15,0.047,15.223,,1,Seq Scan,Seq Scan on T,1,78,1,78,4922,981,0,0,,0,0,11,False,"{""jit"": ""off"", ""max_parallel_workers_per_gather"": ""0""}",measure,-,,,
I-0,default,1,Q16,json,1,0.046,75.869,0.016,1,Seq Scan,Seq Scan on T,1,78,1,78,4922,1250,0,0,,0,0,11,False,"{""jit"": ""off"", ""max_parallel_workers_per_gather"": ""0""}",detail,-,,,
I-0,default,1,Q16,jsonb,1,0.045,11.844,0.007,1,Seq Scan,Seq Scan on T,1,78,1,78,4922,981,0,0,,0,0,11,False,"{""jit"": ""off"", ""max_parallel_workers_per_gather"": ""0""}",detail,-,,,
I-0,default,1,Q17,json,1,0.06,99.975,,1,Aggregate,Aggregate [Seq Scan on T],200,8,5000,5000,,1250,0,0,,0,6,13,False,"{""jit"": ""off"", ""max_parallel_workers_per_gather"": ""0""}",warmup,-,,,
I-0,default,1,Q17,jsonb,1,0.068,11.536,,1,Aggregate,Aggregate [Seq Scan on T],5000,8,5000,5000,,981,0,0,,0,3,13,False,"{""jit"": ""off"", ""max_parallel_workers_per_gather"": ""0""}",warmup,-,,,
I-0,default,1,Q17,json,2,0.031,113.984,,1,Aggregate,Aggregate [Seq Scan on T],200,8,5000,5000,,1250,0,0,,0,0,13,False,"{""jit"": ""off"", ""max_parallel_workers_per_gather"": ""0""}",warmup,-,,,
I-0,default,1,Q17,jsonb,2,0.052,11.357,,1,Aggregate,Aggregate [Seq Scan on T],5000,8,5000,5000,,981,0,0,,0,0,13,False,"{""jit"": ""off"", ""max_parallel_workers_per_gather"": ""0""}",warmup,-,,,
I-0,default,1,Q17,json,3,0.032,105.613,,1,Aggregate,Aggregate [Seq Scan on T],200,8,5000,5000,,1250,0,0,,0,0,13,False,"{""jit"": ""off"", ""max_parallel_workers_per_gather"": ""0""}",warmup,-,,,
I-0,default,1,Q17,jsonb,3,0.056,13.194,,1,Aggregate,Aggregate [Seq Scan on T],5000,8,5000,5000,,981,0,0,,0,0,13,False,"{""jit"": ""off"", ""max_parallel_workers_per_gather"": ""0""}",warmup,-,,,
I-0,default,1,Q17,json,1,0.037,97.569,,1,Aggregate,Aggregate [Seq Scan on T],200,8,5000,5000,,1250,0,0,,0,0,13,False,"{""jit"": ""off"", ""max_parallel_workers_per_gather"": ""0""}",measure,-,,,
I-0,default,1,Q17,jsonb,1,0.054,11.714,,1,Aggregate,Aggregate [Seq Scan on T],5000,8,5000,5000,,981,0,0,,0,0,13,False,"{""jit"": ""off"", ""max_parallel_workers_per_gather"": ""0""}",measure,-,,,
I-0,default,1,Q17,jsonb,2,0.03,12.183,,1,Aggregate,Aggregate [Seq Scan on T],5000,8,5000,5000,,981,0,0,,0,0,13,False,"{""jit"": ""off"", ""max_parallel_workers_per_gather"": ""0""}",measure,-,,,
I-0,default,1,Q17,json,2,0.045,112.37,,1,Aggregate,Aggregate [Seq Scan on T],200,8,5000,5000,,1250,0,0,,0,0,13,False,"{""jit"": ""off"", ""max_parallel_workers_per_gather"": ""0""}",measure,-,,,
I-0,default,1,Q17,json,3,0.053,106.015,,1,Aggregate,Aggregate [Seq Scan on T],200,8,5000,5000,,1250,0,0,,0,0,13,False,"{""jit"": ""off"", ""max_parallel_workers_per_gather"": ""0""}",measure,-,,,
I-0,default,1,Q17,jsonb,3,0.055,12.035,,1,Aggregate,Aggregate [Seq Scan on T],5000,8,5000,5000,,981,0,0,,0,0,13,False,"{""jit"": ""off"", ""max_parallel_workers_per_gather"": ""0""}",measure,-,,,
I-0,default,1,Q17,jsonb,4,0.028,15.55,,1,Aggregate,Aggregate [Seq Scan on T],5000,8,5000,5000,,981,0,0,,0,0,13,False,"{""jit"": ""off"", ""max_parallel_workers_per_gather"": ""0""}",measure,-,,,
I-0,default,1,Q17,json,4,0.043,97.494,,1,Aggregate,Aggregate [Seq Scan on T],200,8,5000,5000,,1250,0,0,,0,0,13,False,"{""jit"": ""off"", ""max_parallel_workers_per_gather"": ""0""}",measure,-,,,
I-0,default,1,Q17,json,5,0.044,106.08,,1,Aggregate,Aggregate [Seq Scan on T],200,8,5000,5000,,1250,0,0,,0,0,13,False,"{""jit"": ""off"", ""max_parallel_workers_per_gather"": ""0""}",measure,-,,,
I-0,default,1,Q17,jsonb,5,0.056,11.755,,1,Aggregate,Aggregate [Seq Scan on T],5000,8,5000,5000,,981,0,0,,0,0,13,False,"{""jit"": ""off"", ""max_parallel_workers_per_gather"": ""0""}",measure,-,,,
I-0,default,1,Q17,jsonb,6,0.029,11.325,,1,Aggregate,Aggregate [Seq Scan on T],5000,8,5000,5000,,981,0,0,,0,0,13,False,"{""jit"": ""off"", ""max_parallel_workers_per_gather"": ""0""}",measure,-,,,
I-0,default,1,Q17,json,6,0.035,101.336,,1,Aggregate,Aggregate [Seq Scan on T],200,8,5000,5000,,1250,0,0,,0,0,13,False,"{""jit"": ""off"", ""max_parallel_workers_per_gather"": ""0""}",measure,-,,,
I-0,default,1,Q17,json,7,0.056,104.466,,1,Aggregate,Aggregate [Seq Scan on T],200,8,5000,5000,,1250,0,0,,0,0,13,False,"{""jit"": ""off"", ""max_parallel_workers_per_gather"": ""0""}",measure,-,,,
I-0,default,1,Q17,jsonb,7,0.053,15.68,,1,Aggregate,Aggregate [Seq Scan on T],5000,8,5000,5000,,981,0,0,,0,0,13,False,"{""jit"": ""off"", ""max_parallel_workers_per_gather"": ""0""}",measure,-,,,
I-0,default,1,Q17,jsonb,8,0.069,13.46,,1,Aggregate,Aggregate [Seq Scan on T],5000,8,5000,5000,,981,0,0,,0,0,13,False,"{""jit"": ""off"", ""max_parallel_workers_per_gather"": ""0""}",measure,-,,,
I-0,default,1,Q17,json,8,0.041,105.9,,1,Aggregate,Aggregate [Seq Scan on T],200,8,5000,5000,,1250,0,0,,0,0,13,False,"{""jit"": ""off"", ""max_parallel_workers_per_gather"": ""0""}",measure,-,,,
I-0,default,1,Q17,json,9,0.053,98.856,,1,Aggregate,Aggregate [Seq Scan on T],200,8,5000,5000,,1250,0,0,,0,0,13,False,"{""jit"": ""off"", ""max_parallel_workers_per_gather"": ""0""}",measure,-,,,
I-0,default,1,Q17,jsonb,9,0.043,12.133,,1,Aggregate,Aggregate [Seq Scan on T],5000,8,5000,5000,,981,0,0,,0,0,13,False,"{""jit"": ""off"", ""max_parallel_workers_per_gather"": ""0""}",measure,-,,,
I-0,default,1,Q17,jsonb,10,0.041,15.281,,1,Aggregate,Aggregate [Seq Scan on T],5000,8,5000,5000,,981,0,0,,0,0,13,False,"{""jit"": ""off"", ""max_parallel_workers_per_gather"": ""0""}",measure,-,,,
I-0,default,1,Q17,json,10,0.04,105.228,,1,Aggregate,Aggregate [Seq Scan on T],200,8,5000,5000,,1250,0,0,,0,0,13,False,"{""jit"": ""off"", ""max_parallel_workers_per_gather"": ""0""}",measure,-,,,
I-0,default,1,Q17,json,11,0.048,100.556,,1,Aggregate,Aggregate [Seq Scan on T],200,8,5000,5000,,1250,0,0,,0,0,13,False,"{""jit"": ""off"", ""max_parallel_workers_per_gather"": ""0""}",measure,-,,,
I-0,default,1,Q17,jsonb,11,0.05,11.391,,1,Aggregate,Aggregate [Seq Scan on T],5000,8,5000,5000,,981,0,0,,0,0,13,False,"{""jit"": ""off"", ""max_parallel_workers_per_gather"": ""0""}",measure,-,,,
I-0,default,1,Q17,jsonb,12,0.031,11.787,,1,Aggregate,Aggregate [Seq Scan on T],5000,8,5000,5000,,981,0,0,,0,0,13,False,"{""jit"": ""off"", ""max_parallel_workers_per_gather"": ""0""}",measure,-,,,
I-0,default,1,Q17,json,12,0.043,103.134,,1,Aggregate,Aggregate [Seq Scan on T],200,8,5000,5000,,1250,0,0,,0,0,13,False,"{""jit"": ""off"", ""max_parallel_workers_per_gather"": ""0""}",measure,-,,,
I-0,default,1,Q17,json,13,0.053,101.416,,1,Aggregate,Aggregate [Seq Scan on T],200,8,5000,5000,,1250,0,0,,0,0,13,False,"{""jit"": ""off"", ""max_parallel_workers_per_gather"": ""0""}",measure,-,,,
I-0,default,1,Q17,jsonb,13,0.052,11.144,,1,Aggregate,Aggregate [Seq Scan on T],5000,8,5000,5000,,981,0,0,,0,0,13,False,"{""jit"": ""off"", ""max_parallel_workers_per_gather"": ""0""}",measure,-,,,
I-0,default,1,Q17,jsonb,14,0.029,11.15,,1,Aggregate,Aggregate [Seq Scan on T],5000,8,5000,5000,,981,0,0,,0,0,13,False,"{""jit"": ""off"", ""max_parallel_workers_per_gather"": ""0""}",measure,-,,,
I-0,default,1,Q17,json,14,0.036,101.263,,1,Aggregate,Aggregate [Seq Scan on T],200,8,5000,5000,,1250,0,0,,0,0,13,False,"{""jit"": ""off"", ""max_parallel_workers_per_gather"": ""0""}",measure,-,,,
I-0,default,1,Q17,json,15,0.054,101.08,,1,Aggregate,Aggregate [Seq Scan on T],200,8,5000,5000,,1250,0,0,,0,0,13,False,"{""jit"": ""off"", ""max_parallel_workers_per_gather"": ""0""}",measure,-,,,
I-0,default,1,Q17,jsonb,15,0.05,12.996,,1,Aggregate,Aggregate [Seq Scan on T],5000,8,5000,5000,,981,0,0,,0,0,13,False,"{""jit"": ""off"", ""max_parallel_workers_per_gather"": ""0""}",measure,-,,,
I-0,default,1,Q17,json,1,0.066,121.761,0.005,1,Aggregate,Aggregate [Seq Scan on T],200,8,5000,5000,,1250,0,0,,0,0,13,False,"{""jit"": ""off"", ""max_parallel_workers_per_gather"": ""0""}",detail,-,,,
I-0,default,1,Q17,jsonb,1,0.055,11.768,0.003,1,Aggregate,Aggregate [Seq Scan on T],5000,8,5000,5000,,981,0,0,,0,0,13,False,"{""jit"": ""off"", ""max_parallel_workers_per_gather"": ""0""}",detail,-,,,
I-0,default,1,Q09,json,1,0.027,53.816,,15,Seq Scan,Seq Scan on T,25,1528,25,1528,3472,1250,0,0,,0,0,9,False,"{""jit"": ""off"", ""max_parallel_workers_per_gather"": ""0""}",warmup,-,,,
I-0,default,1,Q09,jsonb,1,0.038,10.556,,15,Seq Scan,Seq Scan on T,25,1528,25,1528,3472,981,0,0,,0,0,9,False,"{""jit"": ""off"", ""max_parallel_workers_per_gather"": ""0""}",warmup,-,,,
I-0,default,1,Q09,json,2,0.026,53.212,,15,Seq Scan,Seq Scan on T,25,1528,25,1528,3472,1250,0,0,,0,0,9,False,"{""jit"": ""off"", ""max_parallel_workers_per_gather"": ""0""}",warmup,-,,,
I-0,default,1,Q09,jsonb,2,0.037,10.054,,15,Seq Scan,Seq Scan on T,25,1528,25,1528,3472,981,0,0,,0,0,9,False,"{""jit"": ""off"", ""max_parallel_workers_per_gather"": ""0""}",warmup,-,,,
I-0,default,1,Q09,json,3,0.041,53.796,,15,Seq Scan,Seq Scan on T,25,1528,25,1528,3472,1250,0,0,,0,0,9,False,"{""jit"": ""off"", ""max_parallel_workers_per_gather"": ""0""}",warmup,-,,,
I-0,default,1,Q09,jsonb,3,0.042,10.582,,15,Seq Scan,Seq Scan on T,25,1528,25,1528,3472,981,0,0,,0,0,9,False,"{""jit"": ""off"", ""max_parallel_workers_per_gather"": ""0""}",warmup,-,,,
I-0,default,1,Q09,json,1,0.026,54.911,,15,Seq Scan,Seq Scan on T,25,1528,25,1528,3472,1250,0,0,,0,0,9,False,"{""jit"": ""off"", ""max_parallel_workers_per_gather"": ""0""}",measure,-,,,
I-0,default,1,Q09,jsonb,1,0.033,11.131,,15,Seq Scan,Seq Scan on T,25,1528,25,1528,3472,981,0,0,,0,0,9,False,"{""jit"": ""off"", ""max_parallel_workers_per_gather"": ""0""}",measure,-,,,
I-0,default,1,Q09,jsonb,2,0.025,10.278,,15,Seq Scan,Seq Scan on T,25,1528,25,1528,3472,981,0,0,,0,0,9,False,"{""jit"": ""off"", ""max_parallel_workers_per_gather"": ""0""}",measure,-,,,
I-0,default,1,Q09,json,2,0.027,55.414,,15,Seq Scan,Seq Scan on T,25,1528,25,1528,3472,1250,0,0,,0,0,9,False,"{""jit"": ""off"", ""max_parallel_workers_per_gather"": ""0""}",measure,-,,,
I-0,default,1,Q09,json,3,0.037,60.36,,15,Seq Scan,Seq Scan on T,25,1528,25,1528,3472,1250,0,0,,0,0,9,False,"{""jit"": ""off"", ""max_parallel_workers_per_gather"": ""0""}",measure,-,,,
I-0,default,1,Q09,jsonb,3,0.049,11.617,,15,Seq Scan,Seq Scan on T,25,1528,25,1528,3472,981,0,0,,0,0,9,False,"{""jit"": ""off"", ""max_parallel_workers_per_gather"": ""0""}",measure,-,,,
I-0,default,1,Q09,jsonb,4,0.041,14.004,,15,Seq Scan,Seq Scan on T,25,1528,25,1528,3472,981,0,0,,0,0,9,False,"{""jit"": ""off"", ""max_parallel_workers_per_gather"": ""0""}",measure,-,,,
I-0,default,1,Q09,json,4,0.033,58.925,,15,Seq Scan,Seq Scan on T,25,1528,25,1528,3472,1250,0,0,,0,0,9,False,"{""jit"": ""off"", ""max_parallel_workers_per_gather"": ""0""}",measure,-,,,
I-0,default,1,Q09,json,5,0.046,57.218,,15,Seq Scan,Seq Scan on T,25,1528,25,1528,3472,1250,0,0,,0,0,9,False,"{""jit"": ""off"", ""max_parallel_workers_per_gather"": ""0""}",measure,-,,,
I-0,default,1,Q09,jsonb,5,0.035,10.998,,15,Seq Scan,Seq Scan on T,25,1528,25,1528,3472,981,0,0,,0,0,9,False,"{""jit"": ""off"", ""max_parallel_workers_per_gather"": ""0""}",measure,-,,,
I-0,default,1,Q09,jsonb,6,0.024,10.269,,15,Seq Scan,Seq Scan on T,25,1528,25,1528,3472,981,0,0,,0,0,9,False,"{""jit"": ""off"", ""max_parallel_workers_per_gather"": ""0""}",measure,-,,,
I-0,default,1,Q09,json,6,0.027,55.51,,15,Seq Scan,Seq Scan on T,25,1528,25,1528,3472,1250,0,0,,0,0,9,False,"{""jit"": ""off"", ""max_parallel_workers_per_gather"": ""0""}",measure,-,,,
I-0,default,1,Q09,json,7,0.04,67.255,,15,Seq Scan,Seq Scan on T,25,1528,25,1528,3472,1250,0,0,,0,0,9,False,"{""jit"": ""off"", ""max_parallel_workers_per_gather"": ""0""}",measure,-,,,
I-0,default,1,Q09,jsonb,7,0.044,10.694,,15,Seq Scan,Seq Scan on T,25,1528,25,1528,3472,981,0,0,,0,0,9,False,"{""jit"": ""off"", ""max_parallel_workers_per_gather"": ""0""}",measure,-,,,
I-0,default,1,Q09,jsonb,8,0.024,10.164,,15,Seq Scan,Seq Scan on T,25,1528,25,1528,3472,981,0,0,,0,0,9,False,"{""jit"": ""off"", ""max_parallel_workers_per_gather"": ""0""}",measure,-,,,
I-0,default,1,Q09,json,8,0.026,56.319,,15,Seq Scan,Seq Scan on T,25,1528,25,1528,3472,1250,0,0,,0,0,9,False,"{""jit"": ""off"", ""max_parallel_workers_per_gather"": ""0""}",measure,-,,,
I-0,default,1,Q09,json,9,0.043,59.882,,15,Seq Scan,Seq Scan on T,25,1528,25,1528,3472,1250,0,0,,0,0,9,False,"{""jit"": ""off"", ""max_parallel_workers_per_gather"": ""0""}",measure,-,,,
I-0,default,1,Q09,jsonb,9,0.031,11.055,,15,Seq Scan,Seq Scan on T,25,1528,25,1528,3472,981,0,0,,0,0,9,False,"{""jit"": ""off"", ""max_parallel_workers_per_gather"": ""0""}",measure,-,,,
I-0,default,1,Q09,jsonb,10,0.029,11.002,,15,Seq Scan,Seq Scan on T,25,1528,25,1528,3472,981,0,0,,0,0,9,False,"{""jit"": ""off"", ""max_parallel_workers_per_gather"": ""0""}",measure,-,,,
I-0,default,1,Q09,json,10,0.045,61.259,,15,Seq Scan,Seq Scan on T,25,1528,25,1528,3472,1250,0,0,,0,0,9,False,"{""jit"": ""off"", ""max_parallel_workers_per_gather"": ""0""}",measure,-,,,
I-0,default,1,Q09,json,11,0.044,54.556,,15,Seq Scan,Seq Scan on T,25,1528,25,1528,3472,1250,0,0,,0,0,9,False,"{""jit"": ""off"", ""max_parallel_workers_per_gather"": ""0""}",measure,-,,,
I-0,default,1,Q09,jsonb,11,0.041,10.241,,15,Seq Scan,Seq Scan on T,25,1528,25,1528,3472,981,0,0,,0,0,9,False,"{""jit"": ""off"", ""max_parallel_workers_per_gather"": ""0""}",measure,-,,,
I-0,default,1,Q09,jsonb,12,0.023,12.537,,15,Seq Scan,Seq Scan on T,25,1528,25,1528,3472,981,0,0,,0,0,9,False,"{""jit"": ""off"", ""max_parallel_workers_per_gather"": ""0""}",measure,-,,,
I-0,default,1,Q09,json,12,0.049,56.541,,15,Seq Scan,Seq Scan on T,25,1528,25,1528,3472,1250,0,0,,0,0,9,False,"{""jit"": ""off"", ""max_parallel_workers_per_gather"": ""0""}",measure,-,,,
I-0,default,1,Q09,json,13,0.044,55.934,,15,Seq Scan,Seq Scan on T,25,1528,25,1528,3472,1250,0,0,,0,0,9,False,"{""jit"": ""off"", ""max_parallel_workers_per_gather"": ""0""}",measure,-,,,
I-0,default,1,Q09,jsonb,13,0.04,10.837,,15,Seq Scan,Seq Scan on T,25,1528,25,1528,3472,981,0,0,,0,0,9,False,"{""jit"": ""off"", ""max_parallel_workers_per_gather"": ""0""}",measure,-,,,
I-0,default,1,Q09,jsonb,14,0.024,10.336,,15,Seq Scan,Seq Scan on T,25,1528,25,1528,3472,981,0,0,,0,0,9,False,"{""jit"": ""off"", ""max_parallel_workers_per_gather"": ""0""}",measure,-,,,
I-0,default,1,Q09,json,14,0.027,56.306,,15,Seq Scan,Seq Scan on T,25,1528,25,1528,3472,1250,0,0,,0,0,9,False,"{""jit"": ""off"", ""max_parallel_workers_per_gather"": ""0""}",measure,-,,,
I-0,default,1,Q09,json,15,0.039,53.811,,15,Seq Scan,Seq Scan on T,25,1528,25,1528,3472,1250,0,0,,0,0,9,False,"{""jit"": ""off"", ""max_parallel_workers_per_gather"": ""0""}",measure,-,,,
I-0,default,1,Q09,jsonb,15,0.039,10.786,,15,Seq Scan,Seq Scan on T,25,1528,25,1528,3472,981,0,0,,0,0,9,False,"{""jit"": ""off"", ""max_parallel_workers_per_gather"": ""0""}",measure,-,,,
I-0,default,1,Q09,json,1,0.026,51.723,0.104,15,Seq Scan,Seq Scan on T,25,1528,25,1528,3472,1250,0,0,,0,0,9,False,"{""jit"": ""off"", ""max_parallel_workers_per_gather"": ""0""}",detail,-,,,
I-0,default,1,Q09,jsonb,1,0.029,10.236,0.095,15,Seq Scan,Seq Scan on T,25,1528,25,1528,3472,981,0,0,,0,0,9,False,"{""jit"": ""off"", ""max_parallel_workers_per_gather"": ""0""}",detail,-,,,
I-0,default,1,C1,jsonb,1,0.028,18.549,,1,Seq Scan,Seq Scan on T,50,12,50,12,4988,981,0,0,,0,0,8,False,"{""jit"": ""off"", ""max_parallel_workers_per_gather"": ""0""}",warmup,-,,,
I-0,default,1,C1,jsonb,2,0.042,11.17,,1,Seq Scan,Seq Scan on T,50,12,50,12,4988,981,0,0,,0,0,8,False,"{""jit"": ""off"", ""max_parallel_workers_per_gather"": ""0""}",warmup,-,,,
I-0,default,1,C1,jsonb,3,0.037,11.044,,1,Seq Scan,Seq Scan on T,50,12,50,12,4988,981,0,0,,0,0,8,False,"{""jit"": ""off"", ""max_parallel_workers_per_gather"": ""0""}",warmup,-,,,
I-0,default,1,C1,jsonb,1,0.027,10.23,,1,Seq Scan,Seq Scan on T,50,12,50,12,4988,981,0,0,,0,0,8,False,"{""jit"": ""off"", ""max_parallel_workers_per_gather"": ""0""}",measure,-,,,
I-0,default,1,C1,jsonb,2,0.022,9.936,,1,Seq Scan,Seq Scan on T,50,12,50,12,4988,981,0,0,,0,0,8,False,"{""jit"": ""off"", ""max_parallel_workers_per_gather"": ""0""}",measure,-,,,
I-0,default,1,C1,jsonb,3,0.023,10.091,,1,Seq Scan,Seq Scan on T,50,12,50,12,4988,981,0,0,,0,0,8,False,"{""jit"": ""off"", ""max_parallel_workers_per_gather"": ""0""}",measure,-,,,
I-0,default,1,C1,jsonb,4,0.021,10.169,,1,Seq Scan,Seq Scan on T,50,12,50,12,4988,981,0,0,,0,0,8,False,"{""jit"": ""off"", ""max_parallel_workers_per_gather"": ""0""}",measure,-,,,
I-0,default,1,C1,jsonb,5,0.024,9.852,,1,Seq Scan,Seq Scan on T,50,12,50,12,4988,981,0,0,,0,0,8,False,"{""jit"": ""off"", ""max_parallel_workers_per_gather"": ""0""}",measure,-,,,
I-0,default,1,C1,jsonb,6,0.021,10.858,,1,Seq Scan,Seq Scan on T,50,12,50,12,4988,981,0,0,,0,0,8,False,"{""jit"": ""off"", ""max_parallel_workers_per_gather"": ""0""}",measure,-,,,
I-0,default,1,C1,jsonb,7,0.023,10.318,,1,Seq Scan,Seq Scan on T,50,12,50,12,4988,981,0,0,,0,0,8,False,"{""jit"": ""off"", ""max_parallel_workers_per_gather"": ""0""}",measure,-,,,
I-0,default,1,C1,jsonb,8,0.038,10.544,,1,Seq Scan,Seq Scan on T,50,12,50,12,4988,981,0,0,,0,0,8,False,"{""jit"": ""off"", ""max_parallel_workers_per_gather"": ""0""}",measure,-,,,
I-0,default,1,C1,jsonb,9,0.023,9.948,,1,Seq Scan,Seq Scan on T,50,12,50,12,4988,981,0,0,,0,0,8,False,"{""jit"": ""off"", ""max_parallel_workers_per_gather"": ""0""}",measure,-,,,
I-0,default,1,C1,jsonb,10,0.022,10.288,,1,Seq Scan,Seq Scan on T,50,12,50,12,4988,981,0,0,,0,0,8,False,"{""jit"": ""off"", ""max_parallel_workers_per_gather"": ""0""}",measure,-,,,
I-0,default,1,C1,jsonb,11,0.022,10.757,,1,Seq Scan,Seq Scan on T,50,12,50,12,4988,981,0,0,,0,0,8,False,"{""jit"": ""off"", ""max_parallel_workers_per_gather"": ""0""}",measure,-,,,
I-0,default,1,C1,jsonb,12,0.043,10.924,,1,Seq Scan,Seq Scan on T,50,12,50,12,4988,981,0,0,,0,0,8,False,"{""jit"": ""off"", ""max_parallel_workers_per_gather"": ""0""}",measure,-,,,
I-0,default,1,C1,jsonb,13,0.025,10.622,,1,Seq Scan,Seq Scan on T,50,12,50,12,4988,981,0,0,,0,0,8,False,"{""jit"": ""off"", ""max_parallel_workers_per_gather"": ""0""}",measure,-,,,
I-0,default,1,C1,jsonb,14,0.023,10.199,,1,Seq Scan,Seq Scan on T,50,12,50,12,4988,981,0,0,,0,0,8,False,"{""jit"": ""off"", ""max_parallel_workers_per_gather"": ""0""}",measure,-,,,
I-0,default,1,C1,jsonb,15,0.024,9.948,,1,Seq Scan,Seq Scan on T,50,12,50,12,4988,981,0,0,,0,0,8,False,"{""jit"": ""off"", ""max_parallel_workers_per_gather"": ""0""}",measure,-,,,
I-0,default,1,C1,jsonb,1,0.021,10.175,0.002,1,Seq Scan,Seq Scan on T,50,12,50,12,4988,981,0,0,,0,0,8,False,"{""jit"": ""off"", ""max_parallel_workers_per_gather"": ""0""}",detail,-,,,
I-0,default,1,C1b,jsonb,1,0.024,11.756,,1,Seq Scan,Seq Scan on T,50,30,50,30,4970,981,0,0,,0,0,8,False,"{""jit"": ""off"", ""max_parallel_workers_per_gather"": ""0""}",warmup,-,,,
I-0,default,1,C1b,jsonb,2,0.048,11.732,,1,Seq Scan,Seq Scan on T,50,30,50,30,4970,981,0,0,,0,0,8,False,"{""jit"": ""off"", ""max_parallel_workers_per_gather"": ""0""}",warmup,-,,,
I-0,default,1,C1b,jsonb,3,0.031,12.313,,1,Seq Scan,Seq Scan on T,50,30,50,30,4970,981,0,0,,0,0,8,False,"{""jit"": ""off"", ""max_parallel_workers_per_gather"": ""0""}",warmup,-,,,
I-0,default,1,C1b,jsonb,1,0.027,12.439,,1,Seq Scan,Seq Scan on T,50,30,50,30,4970,981,0,0,,0,0,8,False,"{""jit"": ""off"", ""max_parallel_workers_per_gather"": ""0""}",measure,-,,,
I-0,default,1,C1b,jsonb,2,0.026,13.264,,1,Seq Scan,Seq Scan on T,50,30,50,30,4970,981,0,0,,0,0,8,False,"{""jit"": ""off"", ""max_parallel_workers_per_gather"": ""0""}",measure,-,,,
I-0,default,1,C1b,jsonb,3,0.029,11.783,,1,Seq Scan,Seq Scan on T,50,30,50,30,4970,981,0,0,,0,0,8,False,"{""jit"": ""off"", ""max_parallel_workers_per_gather"": ""0""}",measure,-,,,
I-0,default,1,C1b,jsonb,4,0.023,12.025,,1,Seq Scan,Seq Scan on T,50,30,50,30,4970,981,0,0,,0,0,8,False,"{""jit"": ""off"", ""max_parallel_workers_per_gather"": ""0""}",measure,-,,,
I-0,default,1,C1b,jsonb,5,0.034,12.083,,1,Seq Scan,Seq Scan on T,50,30,50,30,4970,981,0,0,,0,0,8,False,"{""jit"": ""off"", ""max_parallel_workers_per_gather"": ""0""}",measure,-,,,
I-0,default,1,C1b,jsonb,6,0.031,11.252,,1,Seq Scan,Seq Scan on T,50,30,50,30,4970,981,0,0,,0,0,8,False,"{""jit"": ""off"", ""max_parallel_workers_per_gather"": ""0""}",measure,-,,,
I-0,default,1,C1b,jsonb,7,0.025,11.024,,1,Seq Scan,Seq Scan on T,50,30,50,30,4970,981,0,0,,0,0,8,False,"{""jit"": ""off"", ""max_parallel_workers_per_gather"": ""0""}",measure,-,,,
I-0,default,1,C1b,jsonb,8,0.022,10.921,,1,Seq Scan,Seq Scan on T,50,30,50,30,4970,981,0,0,,0,0,8,False,"{""jit"": ""off"", ""max_parallel_workers_per_gather"": ""0""}",measure,-,,,
I-0,default,1,C1b,jsonb,9,0.024,10.621,,1,Seq Scan,Seq Scan on T,50,30,50,30,4970,981,0,0,,0,0,8,False,"{""jit"": ""off"", ""max_parallel_workers_per_gather"": ""0""}",measure,-,,,
I-0,default,1,C1b,jsonb,10,0.021,10.564,,1,Seq Scan,Seq Scan on T,50,30,50,30,4970,981,0,0,,0,0,8,False,"{""jit"": ""off"", ""max_parallel_workers_per_gather"": ""0""}",measure,-,,,
I-0,default,1,C1b,jsonb,11,0.024,10.743,,1,Seq Scan,Seq Scan on T,50,30,50,30,4970,981,0,0,,0,0,8,False,"{""jit"": ""off"", ""max_parallel_workers_per_gather"": ""0""}",measure,-,,,
I-0,default,1,C1b,jsonb,12,0.023,10.891,,1,Seq Scan,Seq Scan on T,50,30,50,30,4970,981,0,0,,0,0,8,False,"{""jit"": ""off"", ""max_parallel_workers_per_gather"": ""0""}",measure,-,,,
I-0,default,1,C1b,jsonb,13,0.024,10.643,,1,Seq Scan,Seq Scan on T,50,30,50,30,4970,981,0,0,,0,0,8,False,"{""jit"": ""off"", ""max_parallel_workers_per_gather"": ""0""}",measure,-,,,
I-0,default,1,C1b,jsonb,14,0.022,11.042,,1,Seq Scan,Seq Scan on T,50,30,50,30,4970,981,0,0,,0,0,8,False,"{""jit"": ""off"", ""max_parallel_workers_per_gather"": ""0""}",measure,-,,,
I-0,default,1,C1b,jsonb,15,0.024,11.239,,1,Seq Scan,Seq Scan on T,50,30,50,30,4970,981,0,0,,0,0,8,False,"{""jit"": ""off"", ""max_parallel_workers_per_gather"": ""0""}",measure,-,,,
I-0,default,1,C1b,jsonb,1,0.022,10.799,0.003,1,Seq Scan,Seq Scan on T,50,30,50,30,4970,981,0,0,,0,0,8,False,"{""jit"": ""off"", ""max_parallel_workers_per_gather"": ""0""}",detail,-,,,
I-0,default,1,C1c,jsonb,1,0.023,12.386,,1,Seq Scan,Seq Scan on T,50,3,50,3,4997,981,0,0,,0,0,8,False,"{""jit"": ""off"", ""max_parallel_workers_per_gather"": ""0""}",warmup,-,,,
I-0,default,1,C1c,jsonb,2,0.036,10.691,,1,Seq Scan,Seq Scan on T,50,3,50,3,4997,981,0,0,,0,0,8,False,"{""jit"": ""off"", ""max_parallel_workers_per_gather"": ""0""}",warmup,-,,,
I-0,default,1,C1c,jsonb,3,0.023,10.793,,1,Seq Scan,Seq Scan on T,50,3,50,3,4997,981,0,0,,0,0,8,False,"{""jit"": ""off"", ""max_parallel_workers_per_gather"": ""0""}",warmup,-,,,
I-0,default,1,C1c,jsonb,1,0.024,10.416,,1,Seq Scan,Seq Scan on T,50,3,50,3,4997,981,0,0,,0,0,8,False,"{""jit"": ""off"", ""max_parallel_workers_per_gather"": ""0""}",measure,-,,,
I-0,default,1,C1c,jsonb,2,0.023,16.114,,1,Seq Scan,Seq Scan on T,50,3,50,3,4997,981,0,0,,0,0,8,False,"{""jit"": ""off"", ""max_parallel_workers_per_gather"": ""0""}",measure,-,,,
I-0,default,1,C1c,jsonb,3,0.03,13.094,,1,Seq Scan,Seq Scan on T,50,3,50,3,4997,981,0,0,,0,0,8,False,"{""jit"": ""off"", ""max_parallel_workers_per_gather"": ""0""}",measure,-,,,
I-0,default,1,C1c,jsonb,4,0.034,15.558,,1,Seq Scan,Seq Scan on T,50,3,50,3,4997,981,0,0,,0,0,8,False,"{""jit"": ""off"", ""max_parallel_workers_per_gather"": ""0""}",measure,-,,,
I-0,default,1,C1c,jsonb,5,0.036,11.663,,1,Seq Scan,Seq Scan on T,50,3,50,3,4997,981,0,0,,0,0,8,False,"{""jit"": ""off"", ""max_parallel_workers_per_gather"": ""0""}",measure,-,,,
I-0,default,1,C1c,jsonb,6,0.028,10.926,,1,Seq Scan,Seq Scan on T,50,3,50,3,4997,981,0,0,,0,0,8,False,"{""jit"": ""off"", ""max_parallel_workers_per_gather"": ""0""}",measure,-,,,
I-0,default,1,C1c,jsonb,7,0.025,10.418,,1,Seq Scan,Seq Scan on T,50,3,50,3,4997,981,0,0,,0,0,8,False,"{""jit"": ""off"", ""max_parallel_workers_per_gather"": ""0""}",measure,-,,,
I-0,default,1,C1c,jsonb,8,0.022,10.269,,1,Seq Scan,Seq Scan on T,50,3,50,3,4997,981,0,0,,0,0,8,False,"{""jit"": ""off"", ""max_parallel_workers_per_gather"": ""0""}",measure,-,,,
I-0,default,1,C1c,jsonb,9,0.024,11.252,,1,Seq Scan,Seq Scan on T,50,3,50,3,4997,981,0,0,,0,0,8,False,"{""jit"": ""off"", ""max_parallel_workers_per_gather"": ""0""}",measure,-,,,
I-0,default,1,C1c,jsonb,10,0.029,10.596,,1,Seq Scan,Seq Scan on T,50,3,50,3,4997,981,0,0,,0,0,8,False,"{""jit"": ""off"", ""max_parallel_workers_per_gather"": ""0""}",measure,-,,,
I-0,default,1,C1c,jsonb,11,0.024,10.577,,1,Seq Scan,Seq Scan on T,50,3,50,3,4997,981,0,0,,0,0,8,False,"{""jit"": ""off"", ""max_parallel_workers_per_gather"": ""0""}",measure,-,,,
I-0,default,1,C1c,jsonb,12,0.023,10.51,,1,Seq Scan,Seq Scan on T,50,3,50,3,4997,981,0,0,,0,0,8,False,"{""jit"": ""off"", ""max_parallel_workers_per_gather"": ""0""}",measure,-,,,
I-0,default,1,C1c,jsonb,13,0.025,10.152,,1,Seq Scan,Seq Scan on T,50,3,50,3,4997,981,0,0,,0,0,8,False,"{""jit"": ""off"", ""max_parallel_workers_per_gather"": ""0""}",measure,-,,,
I-0,default,1,C1c,jsonb,14,0.022,10.616,,1,Seq Scan,Seq Scan on T,50,3,50,3,4997,981,0,0,,0,0,8,False,"{""jit"": ""off"", ""max_parallel_workers_per_gather"": ""0""}",measure,-,,,
I-0,default,1,C1c,jsonb,15,0.024,11.674,,1,Seq Scan,Seq Scan on T,50,3,50,3,4997,981,0,0,,0,0,8,False,"{""jit"": ""off"", ""max_parallel_workers_per_gather"": ""0""}",measure,-,,,
I-0,default,1,C1c,jsonb,1,0.029,11.865,0.002,1,Seq Scan,Seq Scan on T,50,3,50,3,4997,981,0,0,,0,0,8,False,"{""jit"": ""off"", ""max_parallel_workers_per_gather"": ""0""}",detail,-,,,
I-0,default,1,C1d,jsonb,1,0.027,11.633,,3,Seq Scan,Seq Scan on T,50,225,50,225,4775,981,0,0,,0,0,8,False,"{""jit"": ""off"", ""max_parallel_workers_per_gather"": ""0""}",warmup,-,,,
I-0,default,1,C1d,jsonb,2,0.026,11.325,,3,Seq Scan,Seq Scan on T,50,225,50,225,4775,981,0,0,,0,0,8,False,"{""jit"": ""off"", ""max_parallel_workers_per_gather"": ""0""}",warmup,-,,,
I-0,default,1,C1d,jsonb,3,0.026,10.745,,3,Seq Scan,Seq Scan on T,50,225,50,225,4775,981,0,0,,0,0,8,False,"{""jit"": ""off"", ""max_parallel_workers_per_gather"": ""0""}",warmup,-,,,
I-0,default,1,C1d,jsonb,1,0.022,10.947,,3,Seq Scan,Seq Scan on T,50,225,50,225,4775,981,0,0,,0,0,8,False,"{""jit"": ""off"", ""max_parallel_workers_per_gather"": ""0""}",measure,-,,,
I-0,default,1,C1d,jsonb,2,0.025,10.951,,3,Seq Scan,Seq Scan on T,50,225,50,225,4775,981,0,0,,0,0,8,False,"{""jit"": ""off"", ""max_parallel_workers_per_gather"": ""0""}",measure,-,,,
I-0,default,1,C1d,jsonb,3,0.022,10.833,,3,Seq Scan,Seq Scan on T,50,225,50,225,4775,981,0,0,,0,0,8,False,"{""jit"": ""off"", ""max_parallel_workers_per_gather"": ""0""}",measure,-,,,
I-0,default,1,C1d,jsonb,4,0.024,12.314,,3,Seq Scan,Seq Scan on T,50,225,50,225,4775,981,0,0,,0,0,8,False,"{""jit"": ""off"", ""max_parallel_workers_per_gather"": ""0""}",measure,-,,,
I-0,default,1,C1d,jsonb,5,0.034,12.45,,3,Seq Scan,Seq Scan on T,50,225,50,225,4775,981,0,0,,0,0,8,False,"{""jit"": ""off"", ""max_parallel_workers_per_gather"": ""0""}",measure,-,,,
I-0,default,1,C1d,jsonb,6,0.028,12.93,,3,Seq Scan,Seq Scan on T,50,225,50,225,4775,981,0,0,,0,0,8,False,"{""jit"": ""off"", ""max_parallel_workers_per_gather"": ""0""}",measure,-,,,
I-0,default,1,C1d,jsonb,7,0.025,11.018,,3,Seq Scan,Seq Scan on T,50,225,50,225,4775,981,0,0,,0,0,8,False,"{""jit"": ""off"", ""max_parallel_workers_per_gather"": ""0""}",measure,-,,,
I-0,default,1,C1d,jsonb,8,0.029,12.366,,3,Seq Scan,Seq Scan on T,50,225,50,225,4775,981,0,0,,0,0,8,False,"{""jit"": ""off"", ""max_parallel_workers_per_gather"": ""0""}",measure,-,,,
I-0,default,1,C1d,jsonb,9,0.023,10.693,,3,Seq Scan,Seq Scan on T,50,225,50,225,4775,981,0,0,,0,0,8,False,"{""jit"": ""off"", ""max_parallel_workers_per_gather"": ""0""}",measure,-,,,
I-0,default,1,C1d,jsonb,10,0.022,10.544,,3,Seq Scan,Seq Scan on T,50,225,50,225,4775,981,0,0,,0,0,8,False,"{""jit"": ""off"", ""max_parallel_workers_per_gather"": ""0""}",measure,-,,,
I-0,default,1,C1d,jsonb,11,0.023,10.384,,3,Seq Scan,Seq Scan on T,50,225,50,225,4775,981,0,0,,0,0,8,False,"{""jit"": ""off"", ""max_parallel_workers_per_gather"": ""0""}",measure,-,,,
I-0,default,1,C1d,jsonb,12,0.022,10.738,,3,Seq Scan,Seq Scan on T,50,225,50,225,4775,981,0,0,,0,0,8,False,"{""jit"": ""off"", ""max_parallel_workers_per_gather"": ""0""}",measure,-,,,
I-0,default,1,C1d,jsonb,13,0.024,10.571,,3,Seq Scan,Seq Scan on T,50,225,50,225,4775,981,0,0,,0,0,8,False,"{""jit"": ""off"", ""max_parallel_workers_per_gather"": ""0""}",measure,-,,,
I-0,default,1,C1d,jsonb,14,0.023,10.723,,3,Seq Scan,Seq Scan on T,50,225,50,225,4775,981,0,0,,0,0,8,False,"{""jit"": ""off"", ""max_parallel_workers_per_gather"": ""0""}",measure,-,,,
I-0,default,1,C1d,jsonb,15,0.055,12.89,,3,Seq Scan,Seq Scan on T,50,225,50,225,4775,981,0,0,,0,0,8,False,"{""jit"": ""off"", ""max_parallel_workers_per_gather"": ""0""}",measure,-,,,
I-0,default,1,C1d,jsonb,1,0.038,13.482,0.02,3,Seq Scan,Seq Scan on T,50,225,50,225,4775,981,0,0,,0,0,8,False,"{""jit"": ""off"", ""max_parallel_workers_per_gather"": ""0""}",detail,-,,,
I-0,default,1,C2,jsonb,1,0.037,10.739,,1,Seq Scan,Seq Scan on T,50,3,50,3,4997,981,0,0,,0,0,8,False,"{""jit"": ""off"", ""max_parallel_workers_per_gather"": ""0""}",warmup,-,,,
I-0,default,1,C2,jsonb,2,0.024,10.794,,1,Seq Scan,Seq Scan on T,50,3,50,3,4997,981,0,0,,0,0,8,False,"{""jit"": ""off"", ""max_parallel_workers_per_gather"": ""0""}",warmup,-,,,
I-0,default,1,C2,jsonb,3,0.047,9.765,,1,Seq Scan,Seq Scan on T,50,3,50,3,4997,981,0,0,,0,0,8,False,"{""jit"": ""off"", ""max_parallel_workers_per_gather"": ""0""}",warmup,-,,,
I-0,default,1,C2,jsonb,1,0.022,9.654,,1,Seq Scan,Seq Scan on T,50,3,50,3,4997,981,0,0,,0,0,8,False,"{""jit"": ""off"", ""max_parallel_workers_per_gather"": ""0""}",measure,-,,,
I-0,default,1,C2,jsonb,2,0.022,9.346,,1,Seq Scan,Seq Scan on T,50,3,50,3,4997,981,0,0,,0,0,8,False,"{""jit"": ""off"", ""max_parallel_workers_per_gather"": ""0""}",measure,-,,,
I-0,default,1,C2,jsonb,3,0.023,10.846,,1,Seq Scan,Seq Scan on T,50,3,50,3,4997,981,0,0,,0,0,8,False,"{""jit"": ""off"", ""max_parallel_workers_per_gather"": ""0""}",measure,-,,,
I-0,default,1,C2,jsonb,4,0.027,10.785,,1,Seq Scan,Seq Scan on T,50,3,50,3,4997,981,0,0,,0,0,8,False,"{""jit"": ""off"", ""max_parallel_workers_per_gather"": ""0""}",measure,-,,,
I-0,default,1,C2,jsonb,5,0.027,11.23,,1,Seq Scan,Seq Scan on T,50,3,50,3,4997,981,0,0,,0,0,8,False,"{""jit"": ""off"", ""max_parallel_workers_per_gather"": ""0""}",measure,-,,,
I-0,default,1,C2,jsonb,6,0.025,10.232,,1,Seq Scan,Seq Scan on T,50,3,50,3,4997,981,0,0,,0,0,8,False,"{""jit"": ""off"", ""max_parallel_workers_per_gather"": ""0""}",measure,-,,,
I-0,default,1,C2,jsonb,7,0.025,11.296,,1,Seq Scan,Seq Scan on T,50,3,50,3,4997,981,0,0,,0,0,8,False,"{""jit"": ""off"", ""max_parallel_workers_per_gather"": ""0""}",measure,-,,,
I-0,default,1,C2,jsonb,8,0.028,11.6,,1,Seq Scan,Seq Scan on T,50,3,50,3,4997,981,0,0,,0,0,8,False,"{""jit"": ""off"", ""max_parallel_workers_per_gather"": ""0""}",measure,-,,,
I-0,default,1,C2,jsonb,9,0.024,10.239,,1,Seq Scan,Seq Scan on T,50,3,50,3,4997,981,0,0,,0,0,8,False,"{""jit"": ""off"", ""max_parallel_workers_per_gather"": ""0""}",measure,-,,,
I-0,default,1,C2,jsonb,10,0.025,20.727,,1,Seq Scan,Seq Scan on T,50,3,50,3,4997,981,0,0,,0,0,8,False,"{""jit"": ""off"", ""max_parallel_workers_per_gather"": ""0""}",measure,-,,,
I-0,default,1,C2,jsonb,11,0.065,17.952,,1,Seq Scan,Seq Scan on T,50,3,50,3,4997,981,0,0,,0,0,8,False,"{""jit"": ""off"", ""max_parallel_workers_per_gather"": ""0""}",measure,-,,,
I-0,default,1,C2,jsonb,12,0.054,12.938,,1,Seq Scan,Seq Scan on T,50,3,50,3,4997,981,0,0,,0,0,8,False,"{""jit"": ""off"", ""max_parallel_workers_per_gather"": ""0""}",measure,-,,,
I-0,default,1,C2,jsonb,13,0.083,12.861,,1,Seq Scan,Seq Scan on T,50,3,50,3,4997,981,0,0,,0,0,8,False,"{""jit"": ""off"", ""max_parallel_workers_per_gather"": ""0""}",measure,-,,,
I-0,default,1,C2,jsonb,14,0.038,10.032,,1,Seq Scan,Seq Scan on T,50,3,50,3,4997,981,0,0,,0,0,8,False,"{""jit"": ""off"", ""max_parallel_workers_per_gather"": ""0""}",measure,-,,,
I-0,default,1,C2,jsonb,15,0.022,9.79,,1,Seq Scan,Seq Scan on T,50,3,50,3,4997,981,0,0,,0,0,8,False,"{""jit"": ""off"", ""max_parallel_workers_per_gather"": ""0""}",measure,-,,,
I-0,default,1,C2,jsonb,1,0.023,9.645,0.001,1,Seq Scan,Seq Scan on T,50,3,50,3,4997,981,0,0,,0,0,8,False,"{""jit"": ""off"", ""max_parallel_workers_per_gather"": ""0""}",detail,-,,,
I-0,default,1,C3,jsonb,1,0.023,10.928,,1,Seq Scan,Seq Scan on T,50,30,50,30,4970,981,0,0,,0,0,8,False,"{""jit"": ""off"", ""max_parallel_workers_per_gather"": ""0""}",warmup,-,,,
I-0,default,1,C3,jsonb,2,0.024,10.843,,1,Seq Scan,Seq Scan on T,50,30,50,30,4970,981,0,0,,0,0,8,False,"{""jit"": ""off"", ""max_parallel_workers_per_gather"": ""0""}",warmup,-,,,
I-0,default,1,C3,jsonb,3,0.024,11.133,,1,Seq Scan,Seq Scan on T,50,30,50,30,4970,981,0,0,,0,0,8,False,"{""jit"": ""off"", ""max_parallel_workers_per_gather"": ""0""}",warmup,-,,,
I-0,default,1,C3,jsonb,1,0.025,10.887,,1,Seq Scan,Seq Scan on T,50,30,50,30,4970,981,0,0,,0,0,8,False,"{""jit"": ""off"", ""max_parallel_workers_per_gather"": ""0""}",measure,-,,,
I-0,default,1,C3,jsonb,2,0.023,12.88,,1,Seq Scan,Seq Scan on T,50,30,50,30,4970,981,0,0,,0,0,8,False,"{""jit"": ""off"", ""max_parallel_workers_per_gather"": ""0""}",measure,-,,,
I-0,default,1,C3,jsonb,3,0.038,11.534,,1,Seq Scan,Seq Scan on T,50,30,50,30,4970,981,0,0,,0,0,8,False,"{""jit"": ""off"", ""max_parallel_workers_per_gather"": ""0""}",measure,-,,,
I-0,default,1,C3,jsonb,4,0.053,11.657,,1,Seq Scan,Seq Scan on T,50,30,50,30,4970,981,0,0,,0,0,8,False,"{""jit"": ""off"", ""max_parallel_workers_per_gather"": ""0""}",measure,-,,,
I-0,default,1,C3,jsonb,5,0.027,11.255,,1,Seq Scan,Seq Scan on T,50,30,50,30,4970,981,0,0,,0,0,8,False,"{""jit"": ""off"", ""max_parallel_workers_per_gather"": ""0""}",measure,-,,,
I-0,default,1,C3,jsonb,6,0.024,11.287,,1,Seq Scan,Seq Scan on T,50,30,50,30,4970,981,0,0,,0,0,8,False,"{""jit"": ""off"", ""max_parallel_workers_per_gather"": ""0""}",measure,-,,,
I-0,default,1,C3,jsonb,7,0.033,19.745,,1,Seq Scan,Seq Scan on T,50,30,50,30,4970,981,0,0,,0,0,8,False,"{""jit"": ""off"", ""max_parallel_workers_per_gather"": ""0""}",measure,-,,,
I-0,default,1,C3,jsonb,8,0.03,12.952,,1,Seq Scan,Seq Scan on T,50,30,50,30,4970,981,0,0,,0,0,8,False,"{""jit"": ""off"", ""max_parallel_workers_per_gather"": ""0""}",measure,-,,,
I-0,default,1,C3,jsonb,9,0.025,11.854,,1,Seq Scan,Seq Scan on T,50,30,50,30,4970,981,0,0,,0,0,8,False,"{""jit"": ""off"", ""max_parallel_workers_per_gather"": ""0""}",measure,-,,,
I-0,default,1,C3,jsonb,10,0.025,11.214,,1,Seq Scan,Seq Scan on T,50,30,50,30,4970,981,0,0,,0,0,8,False,"{""jit"": ""off"", ""max_parallel_workers_per_gather"": ""0""}",measure,-,,,
I-0,default,1,C3,jsonb,11,0.024,11.077,,1,Seq Scan,Seq Scan on T,50,30,50,30,4970,981,0,0,,0,0,8,False,"{""jit"": ""off"", ""max_parallel_workers_per_gather"": ""0""}",measure,-,,,
I-0,default,1,C3,jsonb,12,0.023,11.644,,1,Seq Scan,Seq Scan on T,50,30,50,30,4970,981,0,0,,0,0,8,False,"{""jit"": ""off"", ""max_parallel_workers_per_gather"": ""0""}",measure,-,,,
I-0,default,1,C3,jsonb,13,0.037,11.661,,1,Seq Scan,Seq Scan on T,50,30,50,30,4970,981,0,0,,0,0,8,False,"{""jit"": ""off"", ""max_parallel_workers_per_gather"": ""0""}",measure,-,,,
I-0,default,1,C3,jsonb,14,0.022,12.904,,1,Seq Scan,Seq Scan on T,50,30,50,30,4970,981,0,0,,0,0,8,False,"{""jit"": ""off"", ""max_parallel_workers_per_gather"": ""0""}",measure,-,,,
I-0,default,1,C3,jsonb,15,0.029,11.551,,1,Seq Scan,Seq Scan on T,50,30,50,30,4970,981,0,0,,0,0,8,False,"{""jit"": ""off"", ""max_parallel_workers_per_gather"": ""0""}",measure,-,,,
I-0,default,1,C3,jsonb,1,0.023,12.247,0.004,1,Seq Scan,Seq Scan on T,50,30,50,30,4970,981,0,0,,0,0,8,False,"{""jit"": ""off"", ""max_parallel_workers_per_gather"": ""0""}",detail,-,,,
I-0,default,1,C3b,jsonb,1,0.044,11.468,,1,Seq Scan,Seq Scan on T,50,12,50,12,4988,981,0,0,,0,0,8,False,"{""jit"": ""off"", ""max_parallel_workers_per_gather"": ""0""}",warmup,-,,,
I-0,default,1,C3b,jsonb,2,0.022,10.174,,1,Seq Scan,Seq Scan on T,50,12,50,12,4988,981,0,0,,0,0,8,False,"{""jit"": ""off"", ""max_parallel_workers_per_gather"": ""0""}",warmup,-,,,
I-0,default,1,C3b,jsonb,3,0.022,10.283,,1,Seq Scan,Seq Scan on T,50,12,50,12,4988,981,0,0,,0,0,8,False,"{""jit"": ""off"", ""max_parallel_workers_per_gather"": ""0""}",warmup,-,,,
I-0,default,1,C3b,jsonb,1,0.024,10.4,,1,Seq Scan,Seq Scan on T,50,12,50,12,4988,981,0,0,,0,0,8,False,"{""jit"": ""off"", ""max_parallel_workers_per_gather"": ""0""}",measure,-,,,
I-0,default,1,C3b,jsonb,2,0.022,10.181,,1,Seq Scan,Seq Scan on T,50,12,50,12,4988,981,0,0,,0,0,8,False,"{""jit"": ""off"", ""max_parallel_workers_per_gather"": ""0""}",measure,-,,,
I-0,default,1,C3b,jsonb,3,0.022,11.307,,1,Seq Scan,Seq Scan on T,50,12,50,12,4988,981,0,0,,0,0,8,False,"{""jit"": ""off"", ""max_parallel_workers_per_gather"": ""0""}",measure,-,,,
I-0,default,1,C3b,jsonb,4,0.026,10.568,,1,Seq Scan,Seq Scan on T,50,12,50,12,4988,981,0,0,,0,0,8,False,"{""jit"": ""off"", ""max_parallel_workers_per_gather"": ""0""}",measure,-,,,
I-0,default,1,C3b,jsonb,5,0.022,10.303,,1,Seq Scan,Seq Scan on T,50,12,50,12,4988,981,0,0,,0,0,8,False,"{""jit"": ""off"", ""max_parallel_workers_per_gather"": ""0""}",measure,-,,,
I-0,default,1,C3b,jsonb,6,0.024,12.53,,1,Seq Scan,Seq Scan on T,50,12,50,12,4988,981,0,0,,0,0,8,False,"{""jit"": ""off"", ""max_parallel_workers_per_gather"": ""0""}",measure,-,,,
I-0,default,1,C3b,jsonb,7,0.037,13.861,,1,Seq Scan,Seq Scan on T,50,12,50,12,4988,981,0,0,,0,0,8,False,"{""jit"": ""off"", ""max_parallel_workers_per_gather"": ""0""}",measure,-,,,
I-0,default,1,C3b,jsonb,8,0.029,14.906,,1,Seq Scan,Seq Scan on T,50,12,50,12,4988,981,0,0,,0,0,8,False,"{""jit"": ""off"", ""max_parallel_workers_per_gather"": ""0""}",measure,-,,,
I-0,default,1,C3b,jsonb,9,0.044,13.363,,1,Seq Scan,Seq Scan on T,50,12,50,12,4988,981,0,0,,0,0,8,False,"{""jit"": ""off"", ""max_parallel_workers_per_gather"": ""0""}",measure,-,,,
I-0,default,1,C3b,jsonb,10,0.037,10.819,,1,Seq Scan,Seq Scan on T,50,12,50,12,4988,981,0,0,,0,0,8,False,"{""jit"": ""off"", ""max_parallel_workers_per_gather"": ""0""}",measure,-,,,
I-0,default,1,C3b,jsonb,11,0.023,10.77,,1,Seq Scan,Seq Scan on T,50,12,50,12,4988,981,0,0,,0,0,8,False,"{""jit"": ""off"", ""max_parallel_workers_per_gather"": ""0""}",measure,-,,,
I-0,default,1,C3b,jsonb,12,0.024,12.066,,1,Seq Scan,Seq Scan on T,50,12,50,12,4988,981,0,0,,0,0,8,False,"{""jit"": ""off"", ""max_parallel_workers_per_gather"": ""0""}",measure,-,,,
I-0,default,1,C3b,jsonb,13,0.03,11.612,,1,Seq Scan,Seq Scan on T,50,12,50,12,4988,981,0,0,,0,0,8,False,"{""jit"": ""off"", ""max_parallel_workers_per_gather"": ""0""}",measure,-,,,
I-0,default,1,C3b,jsonb,14,0.029,10.483,,1,Seq Scan,Seq Scan on T,50,12,50,12,4988,981,0,0,,0,0,8,False,"{""jit"": ""off"", ""max_parallel_workers_per_gather"": ""0""}",measure,-,,,
I-0,default,1,C3b,jsonb,15,0.022,10.831,,1,Seq Scan,Seq Scan on T,50,12,50,12,4988,981,0,0,,0,0,8,False,"{""jit"": ""off"", ""max_parallel_workers_per_gather"": ""0""}",measure,-,,,
I-0,default,1,C3b,jsonb,1,0.026,10.113,0.002,1,Seq Scan,Seq Scan on T,50,12,50,12,4988,981,0,0,,0,0,8,False,"{""jit"": ""off"", ""max_parallel_workers_per_gather"": ""0""}",detail,-,,,
I-0,default,1,Q21,jsonb,1,0.021,10.764,,1,Seq Scan,Seq Scan on T,2500,30,2500,30,4970,981,0,0,,0,0,8,False,"{""jit"": ""off"", ""max_parallel_workers_per_gather"": ""0""}",warmup,-,,,
I-0,default,1,Q21,jsonb,2,0.085,12.204,,1,Seq Scan,Seq Scan on T,2500,30,2500,30,4970,981,0,0,,0,0,8,False,"{""jit"": ""off"", ""max_parallel_workers_per_gather"": ""0""}",warmup,-,,,
I-0,default,1,Q21,jsonb,3,0.029,11.239,,1,Seq Scan,Seq Scan on T,2500,30,2500,30,4970,981,0,0,,0,0,8,False,"{""jit"": ""off"", ""max_parallel_workers_per_gather"": ""0""}",warmup,-,,,
I-0,default,1,Q21,jsonb,1,0.024,11.246,,1,Seq Scan,Seq Scan on T,2500,30,2500,30,4970,981,0,0,,0,0,8,False,"{""jit"": ""off"", ""max_parallel_workers_per_gather"": ""0""}",measure,-,,,
I-0,default,1,Q21,jsonb,2,0.021,10.851,,1,Seq Scan,Seq Scan on T,2500,30,2500,30,4970,981,0,0,,0,0,8,False,"{""jit"": ""off"", ""max_parallel_workers_per_gather"": ""0""}",measure,-,,,
I-0,default,1,Q21,jsonb,3,0.023,10.965,,1,Seq Scan,Seq Scan on T,2500,30,2500,30,4970,981,0,0,,0,0,8,False,"{""jit"": ""off"", ""max_parallel_workers_per_gather"": ""0""}",measure,-,,,
I-0,default,1,Q21,jsonb,4,0.034,11.784,,1,Seq Scan,Seq Scan on T,2500,30,2500,30,4970,981,0,0,,0,0,8,False,"{""jit"": ""off"", ""max_parallel_workers_per_gather"": ""0""}",measure,-,,,
I-0,default,1,Q21,jsonb,5,0.023,10.872,,1,Seq Scan,Seq Scan on T,2500,30,2500,30,4970,981,0,0,,0,0,8,False,"{""jit"": ""off"", ""max_parallel_workers_per_gather"": ""0""}",measure,-,,,
I-0,default,1,Q21,jsonb,6,0.036,10.707,,1,Seq Scan,Seq Scan on T,2500,30,2500,30,4970,981,0,0,,0,0,8,False,"{""jit"": ""off"", ""max_parallel_workers_per_gather"": ""0""}",measure,-,,,
I-0,default,1,Q21,jsonb,7,0.021,10.847,,1,Seq Scan,Seq Scan on T,2500,30,2500,30,4970,981,0,0,,0,0,8,False,"{""jit"": ""off"", ""max_parallel_workers_per_gather"": ""0""}",measure,-,,,
I-0,default,1,Q21,jsonb,8,0.021,14.057,,1,Seq Scan,Seq Scan on T,2500,30,2500,30,4970,981,0,0,,0,0,8,False,"{""jit"": ""off"", ""max_parallel_workers_per_gather"": ""0""}",measure,-,,,
I-0,default,1,Q21,jsonb,9,0.03,13.176,,1,Seq Scan,Seq Scan on T,2500,30,2500,30,4970,981,0,0,,0,0,8,False,"{""jit"": ""off"", ""max_parallel_workers_per_gather"": ""0""}",measure,-,,,
I-0,default,1,Q21,jsonb,10,0.025,12.116,,1,Seq Scan,Seq Scan on T,2500,30,2500,30,4970,981,0,0,,0,0,8,False,"{""jit"": ""off"", ""max_parallel_workers_per_gather"": ""0""}",measure,-,,,
I-0,default,1,Q21,jsonb,11,0.023,12.062,,1,Seq Scan,Seq Scan on T,2500,30,2500,30,4970,981,0,0,,0,0,8,False,"{""jit"": ""off"", ""max_parallel_workers_per_gather"": ""0""}",measure,-,,,
I-0,default,1,Q21,jsonb,12,0.03,11.318,,1,Seq Scan,Seq Scan on T,2500,30,2500,30,4970,981,0,0,,0,0,8,False,"{""jit"": ""off"", ""max_parallel_workers_per_gather"": ""0""}",measure,-,,,
I-0,default,1,Q21,jsonb,13,0.022,10.982,,1,Seq Scan,Seq Scan on T,2500,30,2500,30,4970,981,0,0,,0,0,8,False,"{""jit"": ""off"", ""max_parallel_workers_per_gather"": ""0""}",measure,-,,,
I-0,default,1,Q21,jsonb,14,0.023,10.74,,1,Seq Scan,Seq Scan on T,2500,30,2500,30,4970,981,0,0,,0,0,8,False,"{""jit"": ""off"", ""max_parallel_workers_per_gather"": ""0""}",measure,-,,,
I-0,default,1,Q21,jsonb,15,0.022,10.664,,1,Seq Scan,Seq Scan on T,2500,30,2500,30,4970,981,0,0,,0,0,8,False,"{""jit"": ""off"", ""max_parallel_workers_per_gather"": ""0""}",measure,-,,,
I-0,default,1,Q21,jsonb,1,0.022,10.728,0.003,1,Seq Scan,Seq Scan on T,2500,30,2500,30,4970,981,0,0,,0,0,8,False,"{""jit"": ""off"", ""max_parallel_workers_per_gather"": ""0""}",detail,-,,,
I-0,default,2,Q07,json,1,0.872,58.292,,1,Seq Scan,Seq Scan on T,25,12,25,12,4988,1250,0,0,,0,8,9,False,"{""jit"": ""off"", ""max_parallel_workers_per_gather"": ""0""}",warmup,-,,,
I-0,default,2,Q07,jsonb,1,1.335,14.03,,1,Seq Scan,Seq Scan on T,25,12,25,12,4988,981,0,0,,0,8,9,False,"{""jit"": ""off"", ""max_parallel_workers_per_gather"": ""0""}",warmup,-,,,
I-0,default,2,Q07,json,2,0.029,57.955,,1,Seq Scan,Seq Scan on T,25,12,25,12,4988,1250,0,0,,0,0,9,False,"{""jit"": ""off"", ""max_parallel_workers_per_gather"": ""0""}",warmup,-,,,
I-0,default,2,Q07,jsonb,2,0.045,11.09,,1,Seq Scan,Seq Scan on T,25,12,25,12,4988,981,0,0,,0,0,9,False,"{""jit"": ""off"", ""max_parallel_workers_per_gather"": ""0""}",warmup,-,,,
I-0,default,2,Q07,json,3,0.025,59.608,,1,Seq Scan,Seq Scan on T,25,12,25,12,4988,1250,0,0,,0,0,9,False,"{""jit"": ""off"", ""max_parallel_workers_per_gather"": ""0""}",warmup,-,,,
I-0,default,2,Q07,jsonb,3,0.041,11.453,,1,Seq Scan,Seq Scan on T,25,12,25,12,4988,981,0,0,,0,0,9,False,"{""jit"": ""off"", ""max_parallel_workers_per_gather"": ""0""}",warmup,-,,,
I-0,default,2,Q07,json,1,0.03,59.797,,1,Seq Scan,Seq Scan on T,25,12,25,12,4988,1250,0,0,,0,0,9,False,"{""jit"": ""off"", ""max_parallel_workers_per_gather"": ""0""}",measure,-,,,
I-0,default,2,Q07,jsonb,1,0.04,10.993,,1,Seq Scan,Seq Scan on T,25,12,25,12,4988,981,0,0,,0,0,9,False,"{""jit"": ""off"", ""max_parallel_workers_per_gather"": ""0""}",measure,-,,,
I-0,default,2,Q07,jsonb,2,0.024,9.986,,1,Seq Scan,Seq Scan on T,25,12,25,12,4988,981,0,0,,0,0,9,False,"{""jit"": ""off"", ""max_parallel_workers_per_gather"": ""0""}",measure,-,,,
I-0,default,2,Q07,json,2,0.026,55.202,,1,Seq Scan,Seq Scan on T,25,12,25,12,4988,1250,0,0,,0,0,9,False,"{""jit"": ""off"", ""max_parallel_workers_per_gather"": ""0""}",measure,-,,,
I-0,default,2,Q07,json,3,0.033,56.596,,1,Seq Scan,Seq Scan on T,25,12,25,12,4988,1250,0,0,,0,0,9,False,"{""jit"": ""off"", ""max_parallel_workers_per_gather"": ""0""}",measure,-,,,
I-0,default,2,Q07,jsonb,3,0.04,10.838,,1,Seq Scan,Seq Scan on T,25,12,25,12,4988,981,0,0,,0,0,9,False,"{""jit"": ""off"", ""max_parallel_workers_per_gather"": ""0""}",measure,-,,,
I-0,default,2,Q07,jsonb,4,0.032,10.302,,1,Seq Scan,Seq Scan on T,25,12,25,12,4988,981,0,0,,0,0,9,False,"{""jit"": ""off"", ""max_parallel_workers_per_gather"": ""0""}",measure,-,,,
I-0,default,2,Q07,json,4,0.029,55.823,,1,Seq Scan,Seq Scan on T,25,12,25,12,4988,1250,0,0,,0,0,9,False,"{""jit"": ""off"", ""max_parallel_workers_per_gather"": ""0""}",measure,-,,,
I-0,default,2,Q07,json,5,0.088,62.656,,1,Seq Scan,Seq Scan on T,25,12,25,12,4988,1250,0,0,,0,0,9,False,"{""jit"": ""off"", ""max_parallel_workers_per_gather"": ""0""}",measure,-,,,
I-0,default,2,Q07,jsonb,5,0.056,12.818,,1,Seq Scan,Seq Scan on T,25,12,25,12,4988,981,0,0,,0,0,9,False,"{""jit"": ""off"", ""max_parallel_workers_per_gather"": ""0""}",measure,-,,,
I-0,default,2,Q07,jsonb,6,0.041,11.828,,1,Seq Scan,Seq Scan on T,25,12,25,12,4988,981,0,0,,0,0,9,False,"{""jit"": ""off"", ""max_parallel_workers_per_gather"": ""0""}",measure,-,,,
I-0,default,2,Q07,json,6,0.039,59.551,,1,Seq Scan,Seq Scan on T,25,12,25,12,4988,1250,0,0,,0,0,9,False,"{""jit"": ""off"", ""max_parallel_workers_per_gather"": ""0""}",measure,-,,,
I-0,default,2,Q07,json,7,0.048,58.51,,1,Seq Scan,Seq Scan on T,25,12,25,12,4988,1250,0,0,,0,0,9,False,"{""jit"": ""off"", ""max_parallel_workers_per_gather"": ""0""}",measure,-,,,
I-0,default,2,Q07,jsonb,7,0.045,10.551,,1,Seq Scan,Seq Scan on T,25,12,25,12,4988,981,0,0,,0,0,9,False,"{""jit"": ""off"", ""max_parallel_workers_per_gather"": ""0""}",measure,-,,,
I-0,default,2,Q07,jsonb,8,0.024,10.298,,1,Seq Scan,Seq Scan on T,25,12,25,12,4988,981,0,0,,0,0,9,False,"{""jit"": ""off"", ""max_parallel_workers_per_gather"": ""0""}",measure,-,,,
I-0,default,2,Q07,json,8,0.027,60.04,,1,Seq Scan,Seq Scan on T,25,12,25,12,4988,1250,0,0,,0,0,9,False,"{""jit"": ""off"", ""max_parallel_workers_per_gather"": ""0""}",measure,-,,,
I-0,default,2,Q07,json,9,0.038,55.948,,1,Seq Scan,Seq Scan on T,25,12,25,12,4988,1250,0,0,,0,0,9,False,"{""jit"": ""off"", ""max_parallel_workers_per_gather"": ""0""}",measure,-,,,
I-0,default,2,Q07,jsonb,9,0.042,11.199,,1,Seq Scan,Seq Scan on T,25,12,25,12,4988,981,0,0,,0,0,9,False,"{""jit"": ""off"", ""max_parallel_workers_per_gather"": ""0""}",measure,-,,,
I-0,default,2,Q07,jsonb,10,0.026,10.313,,1,Seq Scan,Seq Scan on T,25,12,25,12,4988,981,0,0,,0,0,9,False,"{""jit"": ""off"", ""max_parallel_workers_per_gather"": ""0""}",measure,-,,,
I-0,default,2,Q07,json,10,0.026,54.379,,1,Seq Scan,Seq Scan on T,25,12,25,12,4988,1250,0,0,,0,0,9,False,"{""jit"": ""off"", ""max_parallel_workers_per_gather"": ""0""}",measure,-,,,
I-0,default,2,Q07,json,11,0.033,56.889,,1,Seq Scan,Seq Scan on T,25,12,25,12,4988,1250,0,0,,0,0,9,False,"{""jit"": ""off"", ""max_parallel_workers_per_gather"": ""0""}",measure,-,,,
I-0,default,2,Q07,jsonb,11,0.043,10.49,,1,Seq Scan,Seq Scan on T,25,12,25,12,4988,981,0,0,,0,0,9,False,"{""jit"": ""off"", ""max_parallel_workers_per_gather"": ""0""}",measure,-,,,
I-0,default,2,Q07,jsonb,12,0.023,10.257,,1,Seq Scan,Seq Scan on T,25,12,25,12,4988,981,0,0,,0,0,9,False,"{""jit"": ""off"", ""max_parallel_workers_per_gather"": ""0""}",measure,-,,,
I-0,default,2,Q07,json,12,0.027,56.364,,1,Seq Scan,Seq Scan on T,25,12,25,12,4988,1250,0,0,,0,0,9,False,"{""jit"": ""off"", ""max_parallel_workers_per_gather"": ""0""}",measure,-,,,
I-0,default,2,Q07,json,13,0.035,56.715,,1,Seq Scan,Seq Scan on T,25,12,25,12,4988,1250,0,0,,0,0,9,False,"{""jit"": ""off"", ""max_parallel_workers_per_gather"": ""0""}",measure,-,,,
I-0,default,2,Q07,jsonb,13,0.042,11.165,,1,Seq Scan,Seq Scan on T,25,12,25,12,4988,981,0,0,,0,0,9,False,"{""jit"": ""off"", ""max_parallel_workers_per_gather"": ""0""}",measure,-,,,
I-0,default,2,Q07,jsonb,14,0.027,10.162,,1,Seq Scan,Seq Scan on T,25,12,25,12,4988,981,0,0,,0,0,9,False,"{""jit"": ""off"", ""max_parallel_workers_per_gather"": ""0""}",measure,-,,,
I-0,default,2,Q07,json,14,0.027,54.559,,1,Seq Scan,Seq Scan on T,25,12,25,12,4988,1250,0,0,,0,0,9,False,"{""jit"": ""off"", ""max_parallel_workers_per_gather"": ""0""}",measure,-,,,
I-0,default,2,Q07,json,15,0.03,55.911,,1,Seq Scan,Seq Scan on T,25,12,25,12,4988,1250,0,0,,0,0,9,False,"{""jit"": ""off"", ""max_parallel_workers_per_gather"": ""0""}",measure,-,,,
I-0,default,2,Q07,jsonb,15,0.04,10.391,,1,Seq Scan,Seq Scan on T,25,12,25,12,4988,981,0,0,,0,0,9,False,"{""jit"": ""off"", ""max_parallel_workers_per_gather"": ""0""}",measure,-,,,
I-0,default,2,Q07,json,1,0.025,56.024,0.002,1,Seq Scan,Seq Scan on T,25,12,25,12,4988,1250,0,0,,0,0,9,False,"{""jit"": ""off"", ""max_parallel_workers_per_gather"": ""0""}",detail,-,,,
I-0,default,2,Q07,jsonb,1,0.032,10.591,0.002,1,Seq Scan,Seq Scan on T,25,12,25,12,4988,981,0,0,,0,0,9,False,"{""jit"": ""off"", ""max_parallel_workers_per_gather"": ""0""}",detail,-,,,
I-0,default,2,Q08,json,1,0.024,101.36,,3,Seq Scan,Seq Scan on T,25,225,25,225,4775,1250,0,0,,0,0,9,False,"{""jit"": ""off"", ""max_parallel_workers_per_gather"": ""0""}",warmup,-,,,
I-0,default,2,Q08,jsonb,1,0.046,10.88,,3,Seq Scan,Seq Scan on T,25,225,25,225,4775,981,0,0,,0,0,9,False,"{""jit"": ""off"", ""max_parallel_workers_per_gather"": ""0""}",warmup,-,,,
I-0,default,2,Q08,json,2,0.047,100.336,,3,Seq Scan,Seq Scan on T,25,225,25,225,4775,1250,0,0,,0,0,9,False,"{""jit"": ""off"", ""max_parallel_workers_per_gather"": ""0""}",warmup,-,,,
I-0,default,2,Q08,jsonb,2,0.045,11.358,,3,Seq Scan,Seq Scan on T,25,225,25,225,4775,981,0,0,,0,0,9,False,"{""jit"": ""off"", ""max_parallel_workers_per_gather"": ""0""}",warmup,-,,,
I-0,default,2,Q08,json,3,0.029,104.612,,3,Seq Scan,Seq Scan on T,25,225,25,225,4775,1250,0,0,,0,0,9,False,"{""jit"": ""off"", ""max_parallel_workers_per_gather"": ""0""}",warmup,-,,,
I-0,default,2,Q08,jsonb,3,0.045,11.256,,3,Seq Scan,Seq Scan on T,25,225,25,225,4775,981,0,0,,0,0,9,False,"{""jit"": ""off"", ""max_parallel_workers_per_gather"": ""0""}",warmup,-,,,
I-0,default,2,Q08,json,1,0.03,101.289,,3,Seq Scan,Seq Scan on T,25,225,25,225,4775,1250,0,0,,0,0,9,False,"{""jit"": ""off"", ""max_parallel_workers_per_gather"": ""0""}",measure,-,,,
I-0,default,2,Q08,jsonb,1,0.04,10.835,,3,Seq Scan,Seq Scan on T,25,225,25,225,4775,981,0,0,,0,0,9,False,"{""jit"": ""off"", ""max_parallel_workers_per_gather"": ""0""}",measure,-,,,
I-0,default,2,Q08,jsonb,2,0.022,11.267,,3,Seq Scan,Seq Scan on T,25,225,25,225,4775,981,0,0,,0,0,9,False,"{""jit"": ""off"", ""max_parallel_workers_per_gather"": ""0""}",measure,-,,,
I-0,default,2,Q08,json,2,0.033,97.088,,3,Seq Scan,Seq Scan on T,25,225,25,225,4775,1250,0,0,,0,0,9,False,"{""jit"": ""off"", ""max_parallel_workers_per_gather"": ""0""}",measure,-,,,
I-0,default,2,Q08,json,3,0.037,97.922,,3,Seq Scan,Seq Scan on T,25,225,25,225,4775,1250,0,0,,0,0,9,False,"{""jit"": ""off"", ""max_parallel_workers_per_gather"": ""0""}",measure,-,,,
I-0,default,2,Q08,jsonb,3,0.042,11.079,,3,Seq Scan,Seq Scan on T,25,225,25,225,4775,981,0,0,,0,0,9,False,"{""jit"": ""off"", ""max_parallel_workers_per_gather"": ""0""}",measure,-,,,
I-0,default,2,Q08,jsonb,4,0.024,10.541,,3,Seq Scan,Seq Scan on T,25,225,25,225,4775,981,0,0,,0,0,9,False,"{""jit"": ""off"", ""max_parallel_workers_per_gather"": ""0""}",measure,-,,,
I-0,default,2,Q08,json,4,0.028,99.662,,3,Seq Scan,Seq Scan on T,25,225,25,225,4775,1250,0,0,,0,0,9,False,"{""jit"": ""off"", ""max_parallel_workers_per_gather"": ""0""}",measure,-,,,
I-0,default,2,Q08,json,5,0.043,100.227,,3,Seq Scan,Seq Scan on T,25,225,25,225,4775,1250,0,0,,0,0,9,False,"{""jit"": ""off"", ""max_parallel_workers_per_gather"": ""0""}",measure,-,,,
I-0,default,2,Q08,jsonb,5,0.043,12.225,,3,Seq Scan,Seq Scan on T,25,225,25,225,4775,981,0,0,,0,0,9,False,"{""jit"": ""off"", ""max_parallel_workers_per_gather"": ""0""}",measure,-,,,
I-0,default,2,Q08,jsonb,6,0.033,10.836,,3,Seq Scan,Seq Scan on T,25,225,25,225,4775,981,0,0,,0,0,9,False,"{""jit"": ""off"", ""max_parallel_workers_per_gather"": ""0""}",measure,-,,,
I-0,default,2,Q08,json,6,0.029,98.085,,3,Seq Scan,Seq Scan on T,25,225,25,225,4775,1250,0,0,,0,0,9,False,"{""jit"": ""off"", ""max_parallel_workers_per_gather"": ""0""}",measure,-,,,
I-0,default,2,Q08,json,7,0.032,102.225,,3,Seq Scan,Seq Scan on T,25,225,25,225,4775,1250,0,0,,0,0,9,False,"{""jit"": ""off"", ""max_parallel_workers_per_gather"": ""0""}",measure,-,,,
I-0,default,2,Q08,jsonb,7,0.047,11.402,,3,Seq Scan,Seq Scan on T,25,225,25,225,4775,981,0,0,,0,0,9,False,"{""jit"": ""off"", ""max_parallel_workers_per_gather"": ""0""}",measure,-,,,
I-0,default,2,Q08,jsonb,8,0.025,10.538,,3,Seq Scan,Seq Scan on T,25,225,25,225,4775,981,0,0,,0,0,9,False,"{""jit"": ""off"", ""max_parallel_workers_per_gather"": ""0""}",measure,-,,,
I-0,default,2,Q08,json,8,0.027,100.201,,3,Seq Scan,Seq Scan on T,25,225,25,225,4775,1250,0,0,,0,0,9,False,"{""jit"": ""off"", ""max_parallel_workers_per_gather"": ""0""}",measure,-,,,
I-0,default,2,Q08,json,9,0.045,99.835,,3,Seq Scan,Seq Scan on T,25,225,25,225,4775,1250,0,0,,0,0,9,False,"{""jit"": ""off"", ""max_parallel_workers_per_gather"": ""0""}",measure,-,,,
I-0,default,2,Q08,jsonb,9,0.043,11.01,,3,Seq Scan,Seq Scan on T,25,225,25,225,4775,981,0,0,,0,0,9,False,"{""jit"": ""off"", ""max_parallel_workers_per_gather"": ""0""}",measure,-,,,
I-0,default,2,Q08,jsonb,10,0.024,10.328,,3,Seq Scan,Seq Scan on T,25,225,25,225,4775,981,0,0,,0,0,9,False,"{""jit"": ""off"", ""max_parallel_workers_per_gather"": ""0""}",measure,-,,,
I-0,default,2,Q08,json,10,0.026,101.578,,3,Seq Scan,Seq Scan on T,25,225,25,225,4775,1250,0,0,,0,0,9,False,"{""jit"": ""off"", ""max_parallel_workers_per_gather"": ""0""}",measure,-,,,
I-0,default,2,Q08,json,11,0.044,98.597,,3,Seq Scan,Seq Scan on T,25,225,25,225,4775,1250,0,0,,0,0,9,False,"{""jit"": ""off"", ""max_parallel_workers_per_gather"": ""0""}",measure,-,,,
I-0,default,2,Q08,jsonb,11,0.042,10.866,,3,Seq Scan,Seq Scan on T,25,225,25,225,4775,981,0,0,,0,0,9,False,"{""jit"": ""off"", ""max_parallel_workers_per_gather"": ""0""}",measure,-,,,
I-0,default,2,Q08,jsonb,12,0.024,10.246,,3,Seq Scan,Seq Scan on T,25,225,25,225,4775,981,0,0,,0,0,9,False,"{""jit"": ""off"", ""max_parallel_workers_per_gather"": ""0""}",measure,-,,,
I-0,default,2,Q08,json,12,0.028,116.72,,3,Seq Scan,Seq Scan on T,25,225,25,225,4775,1250,0,0,,0,0,9,False,"{""jit"": ""off"", ""max_parallel_workers_per_gather"": ""0""}",measure,-,,,
I-0,default,2,Q08,json,13,0.044,107.051,,3,Seq Scan,Seq Scan on T,25,225,25,225,4775,1250,0,0,,0,0,9,False,"{""jit"": ""off"", ""max_parallel_workers_per_gather"": ""0""}",measure,-,,,
I-0,default,2,Q08,jsonb,13,0.042,10.609,,3,Seq Scan,Seq Scan on T,25,225,25,225,4775,981,0,0,,0,0,9,False,"{""jit"": ""off"", ""max_parallel_workers_per_gather"": ""0""}",measure,-,,,
I-0,default,2,Q08,jsonb,14,0.023,10.678,,3,Seq Scan,Seq Scan on T,25,225,25,225,4775,981,0,0,,0,0,9,False,"{""jit"": ""off"", ""max_parallel_workers_per_gather"": ""0""}",measure,-,,,
I-0,default,2,Q08,json,14,0.032,99.155,,3,Seq Scan,Seq Scan on T,25,225,25,225,4775,1250,0,0,,0,0,9,False,"{""jit"": ""off"", ""max_parallel_workers_per_gather"": ""0""}",measure,-,,,
I-0,default,2,Q08,json,15,0.041,112.203,,3,Seq Scan,Seq Scan on T,25,225,25,225,4775,1250,0,0,,0,0,9,False,"{""jit"": ""off"", ""max_parallel_workers_per_gather"": ""0""}",measure,-,,,
I-0,default,2,Q08,jsonb,15,0.044,11.223,,3,Seq Scan,Seq Scan on T,25,225,25,225,4775,981,0,0,,0,0,9,False,"{""jit"": ""off"", ""max_parallel_workers_per_gather"": ""0""}",measure,-,,,
I-0,default,2,Q08,json,1,0.025,106.293,0.025,3,Seq Scan,Seq Scan on T,25,225,25,225,4775,1250,0,0,,0,0,9,False,"{""jit"": ""off"", ""max_parallel_workers_per_gather"": ""0""}",detail,-,,,
I-0,default,2,Q08,jsonb,1,0.044,10.947,0.015,3,Seq Scan,Seq Scan on T,25,225,25,225,4775,981,0,0,,0,0,9,False,"{""jit"": ""off"", ""max_parallel_workers_per_gather"": ""0""}",detail,-,,,
I-0,default,2,Q10,json,1,0.044,100.477,,1,Seq Scan,Seq Scan on T,25,30,25,30,4970,1250,0,0,,0,11,9,False,"{""jit"": ""off"", ""max_parallel_workers_per_gather"": ""0""}",warmup,-,,,
I-0,default,2,Q10,jsonb,1,0.045,10.918,,1,Seq Scan,Seq Scan on T,25,30,25,30,4970,981,0,0,,0,0,9,False,"{""jit"": ""off"", ""max_parallel_workers_per_gather"": ""0""}",warmup,-,,,
I-0,default,2,Q10,json,2,0.027,107.615,,1,Seq Scan,Seq Scan on T,25,30,25,30,4970,1250,0,0,,0,0,9,False,"{""jit"": ""off"", ""max_parallel_workers_per_gather"": ""0""}",warmup,-,,,
I-0,default,2,Q10,jsonb,2,0.044,11.039,,1,Seq Scan,Seq Scan on T,25,30,25,30,4970,981,0,0,,0,0,9,False,"{""jit"": ""off"", ""max_parallel_workers_per_gather"": ""0""}",warmup,-,,,
I-0,default,2,Q10,json,3,0.028,105.964,,1,Seq Scan,Seq Scan on T,25,30,25,30,4970,1250,0,0,,0,0,9,False,"{""jit"": ""off"", ""max_parallel_workers_per_gather"": ""0""}",warmup,-,,,
I-0,default,2,Q10,jsonb,3,0.045,11.328,,1,Seq Scan,Seq Scan on T,25,30,25,30,4970,981,0,0,,0,0,9,False,"{""jit"": ""off"", ""max_parallel_workers_per_gather"": ""0""}",warmup,-,,,
I-0,default,2,Q10,json,1,0.028,107.725,,1,Seq Scan,Seq Scan on T,25,30,25,30,4970,1250,0,0,,0,0,9,False,"{""jit"": ""off"", ""max_parallel_workers_per_gather"": ""0""}",measure,-,,,
I-0,default,2,Q10,jsonb,1,0.047,11.047,,1,Seq Scan,Seq Scan on T,25,30,25,30,4970,981,0,0,,0,0,9,False,"{""jit"": ""off"", ""max_parallel_workers_per_gather"": ""0""}",measure,-,,,
I-0,default,2,Q10,jsonb,2,0.024,10.56,,1,Seq Scan,Seq Scan on T,25,30,25,30,4970,981,0,0,,0,0,9,False,"{""jit"": ""off"", ""max_parallel_workers_per_gather"": ""0""}",measure,-,,,
I-0,default,2,Q10,json,2,0.03,106.324,,1,Seq Scan,Seq Scan on T,25,30,25,30,4970,1250,0,0,,0,0,9,False,"{""jit"": ""off"", ""max_parallel_workers_per_gather"": ""0""}",measure,-,,,
I-0,default,2,Q10,json,3,0.061,98.594,,1,Seq Scan,Seq Scan on T,25,30,25,30,4970,1250,0,0,,0,0,9,False,"{""jit"": ""off"", ""max_parallel_workers_per_gather"": ""0""}",measure,-,,,
I-0,default,2,Q10,jsonb,3,0.044,10.912,,1,Seq Scan,Seq Scan on T,25,30,25,30,4970,981,0,0,,0,0,9,False,"{""jit"": ""off"", ""max_parallel_workers_per_gather"": ""0""}",measure,-,,,
I-0,default,2,Q10,jsonb,4,0.025,10.357,,1,Seq Scan,Seq Scan on T,25,30,25,30,4970,981,0,0,,0,0,9,False,"{""jit"": ""off"", ""max_parallel_workers_per_gather"": ""0""}",measure,-,,,
I-0,default,2,Q10,json,4,0.054,116.289,,1,Seq Scan,Seq Scan on T,25,30,25,30,4970,1250,0,0,,0,0,9,False,"{""jit"": ""off"", ""max_parallel_workers_per_gather"": ""0""}",measure,-,,,
I-0,default,2,Q10,json,5,0.042,101.348,,1,Seq Scan,Seq Scan on T,25,30,25,30,4970,1250,0,0,,0,0,9,False,"{""jit"": ""off"", ""max_parallel_workers_per_gather"": ""0""}",measure,-,,,
I-0,default,2,Q10,jsonb,5,0.043,10.934,,1,Seq Scan,Seq Scan on T,25,30,25,30,4970,981,0,0,,0,0,9,False,"{""jit"": ""off"", ""max_parallel_workers_per_gather"": ""0""}",measure,-,,,
I-0,default,2,Q10,jsonb,6,0.024,12.374,,1,Seq Scan,Seq Scan on T,25,30,25,30,4970,981,0,0,,0,0,9,False,"{""jit"": ""off"", ""max_parallel_workers_per_gather"": ""0""}",measure,-,,,
I-0,default,2,Q10,json,6,0.039,107.383,,1,Seq Scan,Seq Scan on T,25,30,25,30,4970,1250,0,0,,0,0,9,False,"{""jit"": ""off"", ""max_parallel_workers_per_gather"": ""0""}",measure,-,,,
I-0,default,2,Q10,json,7,0.042,97.877,,1,Seq Scan,Seq Scan on T,25,30,25,30,4970,1250,0,0,,0,0,9,False,"{""jit"": ""off"", ""max_parallel_workers_per_gather"": ""0""}",measure,-,,,
I-0,default,2,Q10,jsonb,7,0.042,12.941,,1,Seq Scan,Seq Scan on T,25,30,25,30,4970,981,0,0,,0,0,9,False,"{""jit"": ""off"", ""max_parallel_workers_per_gather"": ""0""}",measure,-,,,
I-0,default,2,Q10,jsonb,8,0.04,10.847,,1,Seq Scan,Seq Scan on T,25,30,25,30,4970,981,0,0,,0,0,9,False,"{""jit"": ""off"", ""max_parallel_workers_per_gather"": ""0""}",measure,-,,,
I-0,default,2,Q10,json,8,0.029,107.842,,1,Seq Scan,Seq Scan on T,25,30,25,30,4970,1250,0,0,,0,0,9,False,"{""jit"": ""off"", ""max_parallel_workers_per_gather"": ""0""}",measure,-,,,
I-0,default,2,Q10,json,9,0.045,96.732,,1,Seq Scan,Seq Scan on T,25,30,25,30,4970,1250,0,0,,0,0,9,False,"{""jit"": ""off"", ""max_parallel_workers_per_gather"": ""0""}",measure,-,,,
I-0,default,2,Q10,jsonb,9,0.042,10.729,,1,Seq Scan,Seq Scan on T,25,30,25,30,4970,981,0,0,,0,0,9,False,"{""jit"": ""off"", ""max_parallel_workers_per_gather"": ""0""}",measure,-,,,
I-0,default,2,Q10,jsonb,10,0.024,10.246,,1,Seq Scan,Seq Scan on T,25,30,25,30,4970,981,0,0,,0,0,9,False,"{""jit"": ""off"", ""max_parallel_workers_per_gather"": ""0""}",measure,-,,,
I-0,default,2,Q10,json,10,0.028,105.209,,1,Seq Scan,Seq Scan on T,25,30,25,30,4970,1250,0,0,,0,0,9,False,"{""jit"": ""off"", ""max_parallel_workers_per_gather"": ""0""}",measure,-,,,
I-0,default,2,Q10,json,11,0.045,101.523,,1,Seq Scan,Seq Scan on T,25,30,25,30,4970,1250,0,0,,0,0,9,False,"{""jit"": ""off"", ""max_parallel_workers_per_gather"": ""0""}",measure,-,,,
I-0,default,2,Q10,jsonb,11,0.047,11.947,,1,Seq Scan,Seq Scan on T,25,30,25,30,4970,981,0,0,,0,0,9,False,"{""jit"": ""off"", ""max_parallel_workers_per_gather"": ""0""}",measure,-,,,
I-0,default,2,Q10,jsonb,12,0.053,10.965,,1,Seq Scan,Seq Scan on T,25,30,25,30,4970,981,0,0,,0,0,9,False,"{""jit"": ""off"", ""max_parallel_workers_per_gather"": ""0""}",measure,-,,,
I-0,default,2,Q10,json,12,0.03,100.697,,1,Seq Scan,Seq Scan on T,25,30,25,30,4970,1250,0,0,,0,0,9,False,"{""jit"": ""off"", ""max_parallel_workers_per_gather"": ""0""}",measure,-,,,
I-0,default,2,Q10,json,13,0.046,103.713,,1,Seq Scan,Seq Scan on T,25,30,25,30,4970,1250,0,0,,0,0,9,False,"{""jit"": ""off"", ""max_parallel_workers_per_gather"": ""0""}",measure,-,,,
I-0,default,2,Q10,jsonb,13,0.048,11.017,,1,Seq Scan,Seq Scan on T,25,30,25,30,4970,981,0,0,,0,0,9,False,"{""jit"": ""off"", ""max_parallel_workers_per_gather"": ""0""}",measure,-,,,
I-0,default,2,Q10,jsonb,14,0.025,10.457,,1,Seq Scan,Seq Scan on T,25,30,25,30,4970,981,0,0,,0,0,9,False,"{""jit"": ""off"", ""max_parallel_workers_per_gather"": ""0""}",measure,-,,,
I-0,default,2,Q10,json,14,0.03,116.28,,1,Seq Scan,Seq Scan on T,25,30,25,30,4970,1250,0,0,,0,0,9,False,"{""jit"": ""off"", ""max_parallel_workers_per_gather"": ""0""}",measure,-,,,
I-0,default,2,Q10,json,15,0.049,98.579,,1,Seq Scan,Seq Scan on T,25,30,25,30,4970,1250,0,0,,0,0,9,False,"{""jit"": ""off"", ""max_parallel_workers_per_gather"": ""0""}",measure,-,,,
I-0,default,2,Q10,jsonb,15,0.057,13.474,,1,Seq Scan,Seq Scan on T,25,30,25,30,4970,981,0,0,,0,0,9,False,"{""jit"": ""off"", ""max_parallel_workers_per_gather"": ""0""}",measure,-,,,
I-0,default,2,Q10,json,1,0.042,102.479,0.008,1,Seq Scan,Seq Scan on T,25,30,25,30,4970,1250,0,0,,0,0,9,False,"{""jit"": ""off"", ""max_parallel_workers_per_gather"": ""0""}",detail,-,,,
I-0,default,2,Q10,jsonb,1,0.046,11.266,0.004,1,Seq Scan,Seq Scan on T,25,30,25,30,4970,981,0,0,,0,0,9,False,"{""jit"": ""off"", ""max_parallel_workers_per_gather"": ""0""}",detail,-,,,
I-0,default,2,Q11a,json,1,0.046,113.972,,5,Seq Scan,Seq Scan on T,25,422,25,422,4578,1250,0,0,,0,3,11,False,"{""jit"": ""off"", ""max_parallel_workers_per_gather"": ""0""}",warmup,-,,,
I-0,default,2,Q11a,jsonb,1,0.049,13.248,,5,Seq Scan,Seq Scan on T,25,422,25,422,4578,981,0,0,,0,0,11,False,"{""jit"": ""off"", ""max_parallel_workers_per_gather"": ""0""}",warmup,-,,,
I-0,default,2,Q11a,json,2,0.03,123.029,,5,Seq Scan,Seq Scan on T,25,422,25,422,4578,1250,0,0,,0,0,11,False,"{""jit"": ""off"", ""max_parallel_workers_per_gather"": ""0""}",warmup,-,,,
I-0,default,2,Q11a,jsonb,2,0.051,13.719,,5,Seq Scan,Seq Scan on T,25,422,25,422,4578,981,0,0,,0,0,11,False,"{""jit"": ""off"", ""max_parallel_workers_per_gather"": ""0""}",warmup,-,,,
I-0,default,2,Q11a,json,3,0.03,123.782,,5,Seq Scan,Seq Scan on T,25,422,25,422,4578,1250,0,0,,0,0,11,False,"{""jit"": ""off"", ""max_parallel_workers_per_gather"": ""0""}",warmup,-,,,
I-0,default,2,Q11a,jsonb,3,0.052,13.814,,5,Seq Scan,Seq Scan on T,25,422,25,422,4578,981,0,0,,0,0,11,False,"{""jit"": ""off"", ""max_parallel_workers_per_gather"": ""0""}",warmup,-,,,
I-0,default,2,Q11a,json,1,0.032,118.107,,5,Seq Scan,Seq Scan on T,25,422,25,422,4578,1250,0,0,,0,0,11,False,"{""jit"": ""off"", ""max_parallel_workers_per_gather"": ""0""}",measure,-,,,
I-0,default,2,Q11a,jsonb,1,0.055,13.527,,5,Seq Scan,Seq Scan on T,25,422,25,422,4578,981,0,0,,0,0,11,False,"{""jit"": ""off"", ""max_parallel_workers_per_gather"": ""0""}",measure,-,,,
I-0,default,2,Q11a,jsonb,2,0.031,13.151,,5,Seq Scan,Seq Scan on T,25,422,25,422,4578,981,0,0,,0,0,11,False,"{""jit"": ""off"", ""max_parallel_workers_per_gather"": ""0""}",measure,-,,,
I-0,default,2,Q11a,json,2,0.035,110.587,,5,Seq Scan,Seq Scan on T,25,422,25,422,4578,1250,0,0,,0,0,11,False,"{""jit"": ""off"", ""max_parallel_workers_per_gather"": ""0""}",measure,-,,,
I-0,default,2,Q11a,json,3,0.043,134.811,,5,Seq Scan,Seq Scan on T,25,422,25,422,4578,1250,0,0,,0,0,11,False,"{""jit"": ""off"", ""max_parallel_workers_per_gather"": ""0""}",measure,-,,,
I-0,default,2,Q11a,jsonb,3,0.056,14.838,,5,Seq Scan,Seq Scan on T,25,422,25,422,4578,981,0,0,,0,0,11,False,"{""jit"": ""off"", ""max_parallel_workers_per_gather"": ""0""}",measure,-,,,
I-0,default,2,Q11a,jsonb,4,0.04,13.245,,5,Seq Scan,Seq Scan on T,25,422,25,422,4578,981,0,0,,0,0,11,False,"{""jit"": ""off"", ""max_parallel_workers_per_gather"": ""0""}",measure,-,,,
I-0,default,2,Q11a,json,4,0.035,125.404,,5,Seq Scan,Seq Scan on T,25,422,25,422,4578,1250,0,0,,0,0,11,False,"{""jit"": ""off"", ""max_parallel_workers_per_gather"": ""0""}",measure,-,,,
I-0,default,2,Q11a,json,5,0.046,123.388,,5,Seq Scan,Seq Scan on T,25,422,25,422,4578,1250,0,0,,0,0,11,False,"{""jit"": ""off"", ""max_parallel_workers_per_gather"": ""0""}",measure,-,,,
I-0,default,2,Q11a,jsonb,5,0.055,14.757,,5,Seq Scan,Seq Scan on T,25,422,25,422,4578,981,0,0,,0,0,11,False,"{""jit"": ""off"", ""max_parallel_workers_per_gather"": ""0""}",measure,-,,,
I-0,default,2,Q11a,jsonb,6,0.04,13.229,,5,Seq Scan,Seq Scan on T,25,422,25,422,4578,981,0,0,,0,0,11,False,"{""jit"": ""off"", ""max_parallel_workers_per_gather"": ""0""}",measure,-,,,
I-0,default,2,Q11a,json,6,0.033,109.264,,5,Seq Scan,Seq Scan on T,25,422,25,422,4578,1250,0,0,,0,0,11,False,"{""jit"": ""off"", ""max_parallel_workers_per_gather"": ""0""}",measure,-,,,
I-0,default,2,Q11a,json,7,0.046,113.749,,5,Seq Scan,Seq Scan on T,25,422,25,422,4578,1250,0,0,,0,0,11,False,"{""jit"": ""off"", ""max_parallel_workers_per_gather"": ""0""}",measure,-,,,
I-0,default,2,Q11a,jsonb,7,0.048,13.419,,5,Seq Scan,Seq Scan on T,25,422,25,422,4578,981,0,0,,0,0,11,False,"{""jit"": ""off"", ""max_parallel_workers_per_gather"": ""0""}",measure,-,,,
I-0,default,2,Q11a,jsonb,8,0.029,13.345,,5,Seq Scan,Seq Scan on T,25,422,25,422,4578,981,0,0,,0,0,11,False,"{""jit"": ""off"", ""max_parallel_workers_per_gather"": ""0""}",measure,-,,,
I-0,default,2,Q11a,json,8,0.036,137.08,,5,Seq Scan,Seq Scan on T,25,422,25,422,4578,1250,0,0,,0,0,11,False,"{""jit"": ""off"", ""max_parallel_workers_per_gather"": ""0""}",measure,-,,,
I-0,default,2,Q11a,json,9,0.045,137.074,,5,Seq Scan,Seq Scan on T,25,422,25,422,4578,1250,0,0,,0,0,11,False,"{""jit"": ""off"", ""max_parallel_workers_per_gather"": ""0""}",measure,-,,,
I-0,default,2,Q11a,jsonb,9,0.056,15.188,,5,Seq Scan,Seq Scan on T,25,422,25,422,4578,981,0,0,,0,0,11,False,"{""jit"": ""off"", ""max_parallel_workers_per_gather"": ""0""}",measure,-,,,
I-0,default,2,Q11a,jsonb,10,0.042,13.381,,5,Seq Scan,Seq Scan on T,25,422,25,422,4578,981,0,0,,0,0,11,False,"{""jit"": ""off"", ""max_parallel_workers_per_gather"": ""0""}",measure,-,,,
I-0,default,2,Q11a,json,10,0.033,113.1,,5,Seq Scan,Seq Scan on T,25,422,25,422,4578,1250,0,0,,0,0,11,False,"{""jit"": ""off"", ""max_parallel_workers_per_gather"": ""0""}",measure,-,,,
I-0,default,2,Q11a,json,11,0.045,122.133,,5,Seq Scan,Seq Scan on T,25,422,25,422,4578,1250,0,0,,0,0,11,False,"{""jit"": ""off"", ""max_parallel_workers_per_gather"": ""0""}",measure,-,,,
I-0,default,2,Q11a,jsonb,11,0.051,13.584,,5,Seq Scan,Seq Scan on T,25,422,25,422,4578,981,0,0,,0,0,11,False,"{""jit"": ""off"", ""max_parallel_workers_per_gather"": ""0""}",measure,-,,,
I-0,default,2,Q11a,jsonb,12,0.029,13.342,,5,Seq Scan,Seq Scan on T,25,422,25,422,4578,981,0,0,,0,0,11,False,"{""jit"": ""off"", ""max_parallel_workers_per_gather"": ""0""}",measure,-,,,
I-0,default,2,Q11a,json,12,0.034,117.835,,5,Seq Scan,Seq Scan on T,25,422,25,422,4578,1250,0,0,,0,0,11,False,"{""jit"": ""off"", ""max_parallel_workers_per_gather"": ""0""}",measure,-,,,
I-0,default,2,Q11a,json,13,0.054,130.569,,5,Seq Scan,Seq Scan on T,25,422,25,422,4578,1250,0,0,,0,0,11,False,"{""jit"": ""off"", ""max_parallel_workers_per_gather"": ""0""}",measure,-,,,
I-0,default,2,Q11a,jsonb,13,0.049,13.553,,5,Seq Scan,Seq Scan on T,25,422,25,422,4578,981,0,0,,0,0,11,False,"{""jit"": ""off"", ""max_parallel_workers_per_gather"": ""0""}",measure,-,,,
I-0,default,2,Q11a,jsonb,14,0.029,13.366,,5,Seq Scan,Seq Scan on T,25,422,25,422,4578,981,0,0,,0,0,11,False,"{""jit"": ""off"", ""max_parallel_workers_per_gather"": ""0""}",measure,-,,,
I-0,default,2,Q11a,json,14,0.036,139.005,,5,Seq Scan,Seq Scan on T,25,422,25,422,4578,1250,0,0,,0,0,11,False,"{""jit"": ""off"", ""max_parallel_workers_per_gather"": ""0""}",measure,-,,,
I-0,default,2,Q11a,json,15,0.052,112.256,,5,Seq Scan,Seq Scan on T,25,422,25,422,4578,1250,0,0,,0,0,11,False,"{""jit"": ""off"", ""max_parallel_workers_per_gather"": ""0""}",measure,-,,,
I-0,default,2,Q11a,jsonb,15,0.049,13.056,,5,Seq Scan,Seq Scan on T,25,422,25,422,4578,981,0,0,,0,0,11,False,"{""jit"": ""off"", ""max_parallel_workers_per_gather"": ""0""}",measure,-,,,
I-0,default,2,Q11a,json,1,0.031,121.685,0.071,5,Seq Scan,Seq Scan on T,25,422,25,422,4578,1250,0,0,,0,0,11,False,"{""jit"": ""off"", ""max_parallel_workers_per_gather"": ""0""}",detail,-,,,
I-0,default,2,Q11a,jsonb,1,0.051,19.634,0.074,5,Seq Scan,Seq Scan on T,25,422,25,422,4578,981,0,0,,0,0,11,False,"{""jit"": ""off"", ""max_parallel_workers_per_gather"": ""0""}",detail,-,,,
I-0,default,2,Q11b,json,1,0.076,197.411,,30,Seq Scan,Seq Scan on T,25,3064,25,3064,1936,1250,0,0,,0,0,11,False,"{""jit"": ""off"", ""max_parallel_workers_per_gather"": ""0""}",warmup,-,,,
I-0,default,2,Q11b,jsonb,1,0.05,19.384,,30,Seq Scan,Seq Scan on T,25,3064,25,3064,1936,981,0,0,,0,0,11,False,"{""jit"": ""off"", ""max_parallel_workers_per_gather"": ""0""}",warmup,-,,,
I-0,default,2,Q11b,json,2,0.032,181.098,,30,Seq Scan,Seq Scan on T,25,3064,25,3064,1936,1250,0,0,,0,0,11,False,"{""jit"": ""off"", ""max_parallel_workers_per_gather"": ""0""}",warmup,-,,,
I-0,default,2,Q11b,jsonb,2,0.053,19.339,,30,Seq Scan,Seq Scan on T,25,3064,25,3064,1936,981,0,0,,0,0,11,False,"{""jit"": ""off"", ""max_parallel_workers_per_gather"": ""0""}",warmup,-,,,
I-0,default,2,Q11b,json,3,0.033,172.319,,30,Seq Scan,Seq Scan on T,25,3064,25,3064,1936,1250,0,0,,0,0,11,False,"{""jit"": ""off"", ""max_parallel_workers_per_gather"": ""0""}",warmup,-,,,
I-0,default,2,Q11b,jsonb,3,0.052,21.091,,30,Seq Scan,Seq Scan on T,25,3064,25,3064,1936,981,0,0,,0,0,11,False,"{""jit"": ""off"", ""max_parallel_workers_per_gather"": ""0""}",warmup,-,,,
I-0,default,2,Q11b,json,1,0.045,178.024,,30,Seq Scan,Seq Scan on T,25,3064,25,3064,1936,1250,0,0,,0,0,11,False,"{""jit"": ""off"", ""max_parallel_workers_per_gather"": ""0""}",measure,-,,,
I-0,default,2,Q11b,jsonb,1,0.053,19.695,,30,Seq Scan,Seq Scan on T,25,3064,25,3064,1936,981,0,0,,0,0,11,False,"{""jit"": ""off"", ""max_parallel_workers_per_gather"": ""0""}",measure,-,,,
I-0,default,2,Q11b,jsonb,2,0.03,20.205,,30,Seq Scan,Seq Scan on T,25,3064,25,3064,1936,981,0,0,,0,0,11,False,"{""jit"": ""off"", ""max_parallel_workers_per_gather"": ""0""}",measure,-,,,
I-0,default,2,Q11b,json,2,0.038,185.124,,30,Seq Scan,Seq Scan on T,25,3064,25,3064,1936,1250,0,0,,0,0,11,False,"{""jit"": ""off"", ""max_parallel_workers_per_gather"": ""0""}",measure,-,,,
I-0,default,2,Q11b,json,3,0.051,169.104,,30,Seq Scan,Seq Scan on T,25,3064,25,3064,1936,1250,0,0,,0,0,11,False,"{""jit"": ""off"", ""max_parallel_workers_per_gather"": ""0""}",measure,-,,,
I-0,default,2,Q11b,jsonb,3,0.087,19.556,,30,Seq Scan,Seq Scan on T,25,3064,25,3064,1936,981,0,0,,0,0,11,False,"{""jit"": ""off"", ""max_parallel_workers_per_gather"": ""0""}",measure,-,,,
I-0,default,2,Q11b,jsonb,4,0.037,19.491,,30,Seq Scan,Seq Scan on T,25,3064,25,3064,1936,981,0,0,,0,0,11,False,"{""jit"": ""off"", ""max_parallel_workers_per_gather"": ""0""}",measure,-,,,
I-0,default,2,Q11b,json,4,0.034,176.213,,30,Seq Scan,Seq Scan on T,25,3064,25,3064,1936,1250,0,0,,0,0,11,False,"{""jit"": ""off"", ""max_parallel_workers_per_gather"": ""0""}",measure,-,,,
I-0,default,2,Q11b,json,5,0.053,168.759,,30,Seq Scan,Seq Scan on T,25,3064,25,3064,1936,1250,0,0,,0,0,11,False,"{""jit"": ""off"", ""max_parallel_workers_per_gather"": ""0""}",measure,-,,,
I-0,default,2,Q11b,jsonb,5,0.051,24.83,,30,Seq Scan,Seq Scan on T,25,3064,25,3064,1936,981,0,0,,0,0,11,False,"{""jit"": ""off"", ""max_parallel_workers_per_gather"": ""0""}",measure,-,,,
I-0,default,2,Q11b,jsonb,6,0.043,20.287,,30,Seq Scan,Seq Scan on T,25,3064,25,3064,1936,981,0,0,,0,0,11,False,"{""jit"": ""off"", ""max_parallel_workers_per_gather"": ""0""}",measure,-,,,
I-0,default,2,Q11b,json,6,0.035,177.241,,30,Seq Scan,Seq Scan on T,25,3064,25,3064,1936,1250,0,0,,0,0,11,False,"{""jit"": ""off"", ""max_parallel_workers_per_gather"": ""0""}",measure,-,,,
I-0,default,2,Q11b,json,7,0.052,161.322,,30,Seq Scan,Seq Scan on T,25,3064,25,3064,1936,1250,0,0,,0,0,11,False,"{""jit"": ""off"", ""max_parallel_workers_per_gather"": ""0""}",measure,-,,,
I-0,default,2,Q11b,jsonb,7,0.049,18.496,,30,Seq Scan,Seq Scan on T,25,3064,25,3064,1936,981,0,0,,0,0,11,False,"{""jit"": ""off"", ""max_parallel_workers_per_gather"": ""0""}",measure,-,,,
I-0,default,2,Q11b,jsonb,8,0.03,19.146,,30,Seq Scan,Seq Scan on T,25,3064,25,3064,1936,981,0,0,,0,0,11,False,"{""jit"": ""off"", ""max_parallel_workers_per_gather"": ""0""}",measure,-,,,
I-0,default,2,Q11b,json,8,0.037,165.585,,30,Seq Scan,Seq Scan on T,25,3064,25,3064,1936,1250,0,0,,0,0,11,False,"{""jit"": ""off"", ""max_parallel_workers_per_gather"": ""0""}",measure,-,,,
I-0,default,2,Q11b,json,9,0.049,168.585,,30,Seq Scan,Seq Scan on T,25,3064,25,3064,1936,1250,0,0,,0,0,11,False,"{""jit"": ""off"", ""max_parallel_workers_per_gather"": ""0""}",measure,-,,,
I-0,default,2,Q11b,jsonb,9,0.051,19.094,,30,Seq Scan,Seq Scan on T,25,3064,25,3064,1936,981,0,0,,0,0,11,False,"{""jit"": ""off"", ""max_parallel_workers_per_gather"": ""0""}",measure,-,,,
I-0,default,2,Q11b,jsonb,10,0.043,19.171,,30,Seq Scan,Seq Scan on T,25,3064,25,3064,1936,981,0,0,,0,0,11,False,"{""jit"": ""off"", ""max_parallel_workers_per_gather"": ""0""}",measure,-,,,
I-0,default,2,Q11b,json,10,0.036,193.719,,30,Seq Scan,Seq Scan on T,25,3064,25,3064,1936,1250,0,0,,0,0,11,False,"{""jit"": ""off"", ""max_parallel_workers_per_gather"": ""0""}",measure,-,,,
I-0,default,2,Q11b,json,11,0.054,171.537,,30,Seq Scan,Seq Scan on T,25,3064,25,3064,1936,1250,0,0,,0,0,11,False,"{""jit"": ""off"", ""max_parallel_workers_per_gather"": ""0""}",measure,-,,,
I-0,default,2,Q11b,jsonb,11,0.052,19.836,,30,Seq Scan,Seq Scan on T,25,3064,25,3064,1936,981,0,0,,0,0,11,False,"{""jit"": ""off"", ""max_parallel_workers_per_gather"": ""0""}",measure,-,,,
I-0,default,2,Q11b,jsonb,12,0.033,26.448,,30,Seq Scan,Seq Scan on T,25,3064,25,3064,1936,981,0,0,,0,0,11,False,"{""jit"": ""off"", ""max_parallel_workers_per_gather"": ""0""}",measure,-,,,
I-0,default,2,Q11b,json,12,0.04,169.339,,30,Seq Scan,Seq Scan on T,25,3064,25,3064,1936,1250,0,0,,0,0,11,False,"{""jit"": ""off"", ""max_parallel_workers_per_gather"": ""0""}",measure,-,,,
I-0,default,2,Q11b,json,13,0.051,168.122,,30,Seq Scan,Seq Scan on T,25,3064,25,3064,1936,1250,0,0,,0,0,11,False,"{""jit"": ""off"", ""max_parallel_workers_per_gather"": ""0""}",measure,-,,,
I-0,default,2,Q11b,jsonb,13,0.05,20.797,,30,Seq Scan,Seq Scan on T,25,3064,25,3064,1936,981,0,0,,0,0,11,False,"{""jit"": ""off"", ""max_parallel_workers_per_gather"": ""0""}",measure,-,,,
I-0,default,2,Q11b,jsonb,14,0.035,20.662,,30,Seq Scan,Seq Scan on T,25,3064,25,3064,1936,981,0,0,,0,0,11,False,"{""jit"": ""off"", ""max_parallel_workers_per_gather"": ""0""}",measure,-,,,
I-0,default,2,Q11b,json,14,0.038,183.693,,30,Seq Scan,Seq Scan on T,25,3064,25,3064,1936,1250,0,0,,0,0,11,False,"{""jit"": ""off"", ""max_parallel_workers_per_gather"": ""0""}",measure,-,,,
I-0,default,2,Q11b,json,15,0.052,183.527,,30,Seq Scan,Seq Scan on T,25,3064,25,3064,1936,1250,0,0,,0,0,11,False,"{""jit"": ""off"", ""max_parallel_workers_per_gather"": ""0""}",measure,-,,,
I-0,default,2,Q11b,jsonb,15,0.05,19.226,,30,Seq Scan,Seq Scan on T,25,3064,25,3064,1936,981,0,0,,0,0,11,False,"{""jit"": ""off"", ""max_parallel_workers_per_gather"": ""0""}",measure,-,,,
I-0,default,2,Q11b,json,1,0.033,169.651,0.395,30,Seq Scan,Seq Scan on T,25,3064,25,3064,1936,1250,0,0,,0,0,11,False,"{""jit"": ""off"", ""max_parallel_workers_per_gather"": ""0""}",detail,-,,,
I-0,default,2,Q11b,jsonb,1,0.052,20.438,0.195,30,Seq Scan,Seq Scan on T,25,3064,25,3064,1936,981,0,0,,0,0,11,False,"{""jit"": ""off"", ""max_parallel_workers_per_gather"": ""0""}",detail,-,,,
I-0,default,2,Q12a,json,1,0.029,147.243,,1,Seq Scan,Seq Scan on T,25,13,25,13,4987,1250,0,0,,0,0,10,False,"{""jit"": ""off"", ""max_parallel_workers_per_gather"": ""0""}",warmup,-,,,
I-0,default,2,Q12a,jsonb,1,0.045,15.645,,1,Seq Scan,Seq Scan on T,25,13,25,13,4987,981,0,0,,0,0,10,False,"{""jit"": ""off"", ""max_parallel_workers_per_gather"": ""0""}",warmup,-,,,
I-0,default,2,Q12a,json,2,0.036,160.824,,1,Seq Scan,Seq Scan on T,25,13,25,13,4987,1250,0,0,,0,0,10,False,"{""jit"": ""off"", ""max_parallel_workers_per_gather"": ""0""}",warmup,-,,,
I-0,default,2,Q12a,jsonb,2,0.045,14.568,,1,Seq Scan,Seq Scan on T,25,13,25,13,4987,981,0,0,,0,0,10,False,"{""jit"": ""off"", ""max_parallel_workers_per_gather"": ""0""}",warmup,-,,,
I-0,default,2,Q12a,json,3,0.027,152.481,,1,Seq Scan,Seq Scan on T,25,13,25,13,4987,1250,0,0,,0,0,10,False,"{""jit"": ""off"", ""max_parallel_workers_per_gather"": ""0""}",warmup,-,,,
I-0,default,2,Q12a,jsonb,3,0.047,15.283,,1,Seq Scan,Seq Scan on T,25,13,25,13,4987,981,0,0,,0,0,10,False,"{""jit"": ""off"", ""max_parallel_workers_per_gather"": ""0""}",warmup,-,,,
I-0,default,2,Q12a,json,1,0.029,151.367,,1,Seq Scan,Seq Scan on T,25,13,25,13,4987,1250,0,0,,0,0,10,False,"{""jit"": ""off"", ""max_parallel_workers_per_gather"": ""0""}",measure,-,,,
I-0,default,2,Q12a,jsonb,1,0.047,18.578,,1,Seq Scan,Seq Scan on T,25,13,25,13,4987,981,0,0,,0,0,10,False,"{""jit"": ""off"", ""max_parallel_workers_per_gather"": ""0""}",measure,-,,,
I-0,default,2,Q12a,jsonb,2,0.029,16.547,,1,Seq Scan,Seq Scan on T,25,13,25,13,4987,981,0,0,,0,0,10,False,"{""jit"": ""off"", ""max_parallel_workers_per_gather"": ""0""}",measure,-,,,
I-0,default,2,Q12a,json,2,0.039,143.928,,1,Seq Scan,Seq Scan on T,25,13,25,13,4987,1250,0,0,,0,0,10,False,"{""jit"": ""off"", ""max_parallel_workers_per_gather"": ""0""}",measure,-,,,
I-0,default,2,Q12a,json,3,0.048,153.612,,1,Seq Scan,Seq Scan on T,25,13,25,13,4987,1250,0,0,,0,0,10,False,"{""jit"": ""off"", ""max_parallel_workers_per_gather"": ""0""}",measure,-,,,
I-0,default,2,Q12a,jsonb,3,0.045,16.972,,1,Seq Scan,Seq Scan on T,25,13,25,13,4987,981,0,0,,0,0,10,False,"{""jit"": ""off"", ""max_parallel_workers_per_gather"": ""0""}",measure,-,,,
I-0,default,2,Q12a,jsonb,4,0.041,15.454,,1,Seq Scan,Seq Scan on T,25,13,25,13,4987,981,0,0,,0,0,10,False,"{""jit"": ""off"", ""max_parallel_workers_per_gather"": ""0""}",measure,-,,,
I-0,default,2,Q12a,json,4,0.03,154.466,,1,Seq Scan,Seq Scan on T,25,13,25,13,4987,1250,0,0,,0,0,10,False,"{""jit"": ""off"", ""max_parallel_workers_per_gather"": ""0""}",measure,-,,,
I-0,default,2,Q12a,json,5,0.047,137.641,,1,Seq Scan,Seq Scan on T,25,13,25,13,4987,1250,0,0,,0,0,10,False,"{""jit"": ""off"", ""max_parallel_workers_per_gather"": ""0""}",measure,-,,,
I-0,default,2,Q12a,jsonb,5,0.045,14.789,,1,Seq Scan,Seq Scan on T,25,13,25,13,4987,981,0,0,,0,0,10,False,"{""jit"": ""off"", ""max_parallel_workers_per_gather"": ""0""}",measure,-,,,
I-0,default,2,Q12a,jsonb,6,0.026,14.819,,1,Seq Scan,Seq Scan on T,25,13,25,13,4987,981,0,0,,0,0,10,False,"{""jit"": ""off"", ""max_parallel_workers_per_gather"": ""0""}",measure,-,,,
I-0,default,2,Q12a,json,6,0.031,144.669,,1,Seq Scan,Seq Scan on T,25,13,25,13,4987,1250,0,0,,0,0,10,False,"{""jit"": ""off"", ""max_parallel_workers_per_gather"": ""0""}",measure,-,,,
I-0,default,2,Q12a,json,7,0.046,160.349,,1,Seq Scan,Seq Scan on T,25,13,25,13,4987,1250,0,0,,0,0,10,False,"{""jit"": ""off"", ""max_parallel_workers_per_gather"": ""0""}",measure,-,,,
I-0,default,2,Q12a,jsonb,7,0.046,15.706,,1,Seq Scan,Seq Scan on T,25,13,25,13,4987,981,0,0,,0,0,10,False,"{""jit"": ""off"", ""max_parallel_workers_per_gather"": ""0""}",measure,-,,,
I-0,default,2,Q12a,jsonb,8,0.037,15.439,,1,Seq Scan,Seq Scan on T,25,13,25,13,4987,981,0,0,,0,0,10,False,"{""jit"": ""off"", ""max_parallel_workers_per_gather"": ""0""}",measure,-,,,
I-0,default,2,Q12a,json,8,0.033,149.993,,1,Seq Scan,Seq Scan on T,25,13,25,13,4987,1250,0,0,,0,0,10,False,"{""jit"": ""off"", ""max_parallel_workers_per_gather"": ""0""}",measure,-,,,
I-0,default,2,Q12a,json,9,0.046,163.87,,1,Seq Scan,Seq Scan on T,25,13,25,13,4987,1250,0,0,,0,0,10,False,"{""jit"": ""off"", ""max_parallel_workers_per_gather"": ""0""}",measure,-,,,
I-0,default,2,Q12a,jsonb,9,0.048,14.787,,1,Seq Scan,Seq Scan on T,25,13,25,13,4987,981,0,0,,0,0,10,False,"{""jit"": ""off"", ""max_parallel_workers_per_gather"": ""0""}",measure,-,,,
I-0,default,2,Q12a,jsonb,10,0.026,15.256,,1,Seq Scan,Seq Scan on T,25,13,25,13,4987,981,0,0,,0,0,10,False,"{""jit"": ""off"", ""max_parallel_workers_per_gather"": ""0""}",measure,-,,,
I-0,default,2,Q12a,json,10,0.031,156.819,,1,Seq Scan,Seq Scan on T,25,13,25,13,4987,1250,0,0,,0,0,10,False,"{""jit"": ""off"", ""max_parallel_workers_per_gather"": ""0""}",measure,-,,,
I-0,default,2,Q12a,json,11,0.049,140.61,,1,Seq Scan,Seq Scan on T,25,13,25,13,4987,1250,0,0,,0,0,10,False,"{""jit"": ""off"", ""max_parallel_workers_per_gather"": ""0""}",measure,-,,,
I-0,default,2,Q12a,jsonb,11,0.044,14.492,,1,Seq Scan,Seq Scan on T,25,13,25,13,4987,981,0,0,,0,0,10,False,"{""jit"": ""off"", ""max_parallel_workers_per_gather"": ""0""}",measure,-,,,
I-0,default,2,Q12a,jsonb,12,0.025,15.131,,1,Seq Scan,Seq Scan on T,25,13,25,13,4987,981,0,0,,0,0,10,False,"{""jit"": ""off"", ""max_parallel_workers_per_gather"": ""0""}",measure,-,,,
I-0,default,2,Q12a,json,12,0.179,146.686,,1,Seq Scan,Seq Scan on T,25,13,25,13,4987,1250,0,0,,0,0,10,False,"{""jit"": ""off"", ""max_parallel_workers_per_gather"": ""0""}",measure,-,,,
I-0,default,2,Q12a,json,13,0.046,144.488,,1,Seq Scan,Seq Scan on T,25,13,25,13,4987,1250,0,0,,0,0,10,False,"{""jit"": ""off"", ""max_parallel_workers_per_gather"": ""0""}",measure,-,,,
I-0,default,2,Q12a,jsonb,13,0.045,14.871,,1,Seq Scan,Seq Scan on T,25,13,25,13,4987,981,0,0,,0,0,10,False,"{""jit"": ""off"", ""max_parallel_workers_per_gather"": ""0""}",measure,-,,,
I-0,default,2,Q12a,jsonb,14,0.026,16.273,,1,Seq Scan,Seq Scan on T,25,13,25,13,4987,981,0,0,,0,0,10,False,"{""jit"": ""off"", ""max_parallel_workers_per_gather"": ""0""}",measure,-,,,
I-0,default,2,Q12a,json,14,0.056,140.906,,1,Seq Scan,Seq Scan on T,25,13,25,13,4987,1250,0,0,,0,0,10,False,"{""jit"": ""off"", ""max_parallel_workers_per_gather"": ""0""}",measure,-,,,
I-0,default,2,Q12a,json,15,0.045,141.432,,1,Seq Scan,Seq Scan on T,25,13,25,13,4987,1250,0,0,,0,0,10,False,"{""jit"": ""off"", ""max_parallel_workers_per_gather"": ""0""}",measure,-,,,
I-0,default,2,Q12a,jsonb,15,0.046,14.541,,1,Seq Scan,Seq Scan on T,25,13,25,13,4987,981,0,0,,0,0,10,False,"{""jit"": ""off"", ""max_parallel_workers_per_gather"": ""0""}",measure,-,,,
I-0,default,2,Q12a,json,1,0.027,165.388,0.036,1,Seq Scan,Seq Scan on T,25,13,25,13,4987,1250,0,0,,0,0,10,False,"{""jit"": ""off"", ""max_parallel_workers_per_gather"": ""0""}",detail,-,,,
I-0,default,2,Q12a,jsonb,1,0.047,15.265,0.003,1,Seq Scan,Seq Scan on T,25,13,25,13,4987,981,0,0,,0,0,10,False,"{""jit"": ""off"", ""max_parallel_workers_per_gather"": ""0""}",detail,-,,,
I-0,default,2,Q12b,json,1,0.028,148.415,,2,Seq Scan,Seq Scan on T,25,108,25,108,4892,1250,0,0,,0,0,10,False,"{""jit"": ""off"", ""max_parallel_workers_per_gather"": ""0""}",warmup,-,,,
I-0,default,2,Q12b,jsonb,1,0.048,15.206,,2,Seq Scan,Seq Scan on T,25,108,25,108,4892,981,0,0,,0,0,10,False,"{""jit"": ""off"", ""max_parallel_workers_per_gather"": ""0""}",warmup,-,,,
I-0,default,2,Q12b,json,2,0.028,153.636,,2,Seq Scan,Seq Scan on T,25,108,25,108,4892,1250,0,0,,0,0,10,False,"{""jit"": ""off"", ""max_parallel_workers_per_gather"": ""0""}",warmup,-,,,
I-0,default,2,Q12b,jsonb,2,0.048,15.366,,2,Seq Scan,Seq Scan on T,25,108,25,108,4892,981,0,0,,0,0,10,False,"{""jit"": ""off"", ""max_parallel_workers_per_gather"": ""0""}",warmup,-,,,
I-0,default,2,Q12b,json,3,0.033,158.322,,2,Seq Scan,Seq Scan on T,25,108,25,108,4892,1250,0,0,,0,0,10,False,"{""jit"": ""off"", ""max_parallel_workers_per_gather"": ""0""}",warmup,-,,,
I-0,default,2,Q12b,jsonb,3,0.047,16.42,,2,Seq Scan,Seq Scan on T,25,108,25,108,4892,981,0,0,,0,0,10,False,"{""jit"": ""off"", ""max_parallel_workers_per_gather"": ""0""}",warmup,-,,,
I-0,default,2,Q12b,json,1,0.037,149.318,,2,Seq Scan,Seq Scan on T,25,108,25,108,4892,1250,0,0,,0,0,10,False,"{""jit"": ""off"", ""max_parallel_workers_per_gather"": ""0""}",measure,-,,,
I-0,default,2,Q12b,jsonb,1,0.048,14.898,,2,Seq Scan,Seq Scan on T,25,108,25,108,4892,981,0,0,,0,0,10,False,"{""jit"": ""off"", ""max_parallel_workers_per_gather"": ""0""}",measure,-,,,
I-0,default,2,Q12b,jsonb,2,0.025,14.284,,2,Seq Scan,Seq Scan on T,25,108,25,108,4892,981,0,0,,0,0,10,False,"{""jit"": ""off"", ""max_parallel_workers_per_gather"": ""0""}",measure,-,,,
I-0,default,2,Q12b,json,2,0.029,146.046,,2,Seq Scan,Seq Scan on T,25,108,25,108,4892,1250,0,0,,0,0,10,False,"{""jit"": ""off"", ""max_parallel_workers_per_gather"": ""0""}",measure,-,,,
I-0,default,2,Q12b,json,3,0.041,146.221,,2,Seq Scan,Seq Scan on T,25,108,25,108,4892,1250,0,0,,0,0,10,False,"{""jit"": ""off"", ""max_parallel_workers_per_gather"": ""0""}",measure,-,,,
I-0,default,2,Q12b,jsonb,3,0.046,15.367,,2,Seq Scan,Seq Scan on T,25,108,25,108,4892,981,0,0,,0,0,10,False,"{""jit"": ""off"", ""max_parallel_workers_per_gather"": ""0""}",measure,-,,,
I-0,default,2,Q12b,jsonb,4,0.033,15.361,,2,Seq Scan,Seq Scan on T,25,108,25,108,4892,981,0,0,,0,0,10,False,"{""jit"": ""off"", ""max_parallel_workers_per_gather"": ""0""}",measure,-,,,
I-0,default,2,Q12b,json,4,0.032,152.987,,2,Seq Scan,Seq Scan on T,25,108,25,108,4892,1250,0,0,,0,0,10,False,"{""jit"": ""off"", ""max_parallel_workers_per_gather"": ""0""}",measure,-,,,
I-0,default,2,Q12b,json,5,0.046,138.58,,2,Seq Scan,Seq Scan on T,25,108,25,108,4892,1250,0,0,,0,0,10,False,"{""jit"": ""off"", ""max_parallel_workers_per_gather"": ""0""}",measure,-,,,
I-0,default,2,Q12b,jsonb,5,0.044,15.764,,2,Seq Scan,Seq Scan on T,25,108,25,108,4892,981,0,0,,0,0,10,False,"{""jit"": ""off"", ""max_parallel_workers_per_gather"": ""0""}",measure,-,,,
I-0,default,2,Q12b,jsonb,6,0.028,14.92,,2,Seq Scan,Seq Scan on T,25,108,25,108,4892,981,0,0,,0,0,10,False,"{""jit"": ""off"", ""max_parallel_workers_per_gather"": ""0""}",measure,-,,,
I-0,default,2,Q12b,json,6,0.034,147.796,,2,Seq Scan,Seq Scan on T,25,108,25,108,4892,1250,0,0,,0,0,10,False,"{""jit"": ""off"", ""max_parallel_workers_per_gather"": ""0""}",measure,-,,,
I-0,default,2,Q12b,json,7,0.046,153.659,,2,Seq Scan,Seq Scan on T,25,108,25,108,4892,1250,0,0,,0,0,10,False,"{""jit"": ""off"", ""max_parallel_workers_per_gather"": ""0""}",measure,-,,,
I-0,default,2,Q12b,jsonb,7,0.106,15.066,,2,Seq Scan,Seq Scan on T,25,108,25,108,4892,981,0,0,,0,0,10,False,"{""jit"": ""off"", ""max_parallel_workers_per_gather"": ""0""}",measure,-,,,
I-0,default,2,Q12b,jsonb,8,0.035,14.572,,2,Seq Scan,Seq Scan on T,25,108,25,108,4892,981,0,0,,0,0,10,False,"{""jit"": ""off"", ""max_parallel_workers_per_gather"": ""0""}",measure,-,,,
I-0,default,2,Q12b,json,8,0.032,160.947,,2,Seq Scan,Seq Scan on T,25,108,25,108,4892,1250,0,0,,0,0,10,False,"{""jit"": ""off"", ""max_parallel_workers_per_gather"": ""0""}",measure,-,,,
I-0,default,2,Q12b,json,9,0.046,147.044,,2,Seq Scan,Seq Scan on T,25,108,25,108,4892,1250,0,0,,0,0,10,False,"{""jit"": ""off"", ""max_parallel_workers_per_gather"": ""0""}",measure,-,,,
I-0,default,2,Q12b,jsonb,9,0.046,14.769,,2,Seq Scan,Seq Scan on T,25,108,25,108,4892,981,0,0,,0,0,10,False,"{""jit"": ""off"", ""max_parallel_workers_per_gather"": ""0""}",measure,-,,,
I-0,default,2,Q12b,jsonb,10,0.025,18.306,,2,Seq Scan,Seq Scan on T,25,108,25,108,4892,981,0,0,,0,0,10,False,"{""jit"": ""off"", ""max_parallel_workers_per_gather"": ""0""}",measure,-,,,
I-0,default,2,Q12b,json,10,0.036,148.815,,2,Seq Scan,Seq Scan on T,25,108,25,108,4892,1250,0,0,,0,0,10,False,"{""jit"": ""off"", ""max_parallel_workers_per_gather"": ""0""}",measure,-,,,
I-0,default,2,Q12b,json,11,0.044,160.583,,2,Seq Scan,Seq Scan on T,25,108,25,108,4892,1250,0,0,,0,0,10,False,"{""jit"": ""off"", ""max_parallel_workers_per_gather"": ""0""}",measure,-,,,
I-0,default,2,Q12b,jsonb,11,0.048,15.233,,2,Seq Scan,Seq Scan on T,25,108,25,108,4892,981,0,0,,0,0,10,False,"{""jit"": ""off"", ""max_parallel_workers_per_gather"": ""0""}",measure,-,,,
I-0,default,2,Q12b,jsonb,12,0.032,15.492,,2,Seq Scan,Seq Scan on T,25,108,25,108,4892,981,0,0,,0,0,10,False,"{""jit"": ""off"", ""max_parallel_workers_per_gather"": ""0""}",measure,-,,,
I-0,default,2,Q12b,json,12,0.037,159.952,,2,Seq Scan,Seq Scan on T,25,108,25,108,4892,1250,0,0,,0,0,10,False,"{""jit"": ""off"", ""max_parallel_workers_per_gather"": ""0""}",measure,-,,,
I-0,default,2,Q12b,json,13,0.047,143.385,,2,Seq Scan,Seq Scan on T,25,108,25,108,4892,1250,0,0,,0,0,10,False,"{""jit"": ""off"", ""max_parallel_workers_per_gather"": ""0""}",measure,-,,,
I-0,default,2,Q12b,jsonb,13,0.044,14.893,,2,Seq Scan,Seq Scan on T,25,108,25,108,4892,981,0,0,,0,0,10,False,"{""jit"": ""off"", ""max_parallel_workers_per_gather"": ""0""}",measure,-,,,
I-0,default,2,Q12b,jsonb,14,0.028,14.404,,2,Seq Scan,Seq Scan on T,25,108,25,108,4892,981,0,0,,0,0,10,False,"{""jit"": ""off"", ""max_parallel_workers_per_gather"": ""0""}",measure,-,,,
I-0,default,2,Q12b,json,14,0.033,161.956,,2,Seq Scan,Seq Scan on T,25,108,25,108,4892,1250,0,0,,0,0,10,False,"{""jit"": ""off"", ""max_parallel_workers_per_gather"": ""0""}",measure,-,,,
I-0,default,2,Q12b,json,15,0.047,157.799,,2,Seq Scan,Seq Scan on T,25,108,25,108,4892,1250,0,0,,0,0,10,False,"{""jit"": ""off"", ""max_parallel_workers_per_gather"": ""0""}",measure,-,,,
I-0,default,2,Q12b,jsonb,15,0.044,15.045,,2,Seq Scan,Seq Scan on T,25,108,25,108,4892,981,0,0,,0,0,10,False,"{""jit"": ""off"", ""max_parallel_workers_per_gather"": ""0""}",measure,-,,,
I-0,default,2,Q12b,json,1,0.027,145.341,0.021,2,Seq Scan,Seq Scan on T,25,108,25,108,4892,1250,0,0,,0,0,10,False,"{""jit"": ""off"", ""max_parallel_workers_per_gather"": ""0""}",detail,-,,,
I-0,default,2,Q12b,jsonb,1,0.046,14.619,0.009,2,Seq Scan,Seq Scan on T,25,108,25,108,4892,981,0,0,,0,0,10,False,"{""jit"": ""off"", ""max_parallel_workers_per_gather"": ""0""}",detail,-,,,
I-0,default,2,Q12c,json,1,0.028,164.691,,5,Seq Scan,Seq Scan on T,25,498,25,498,4502,1250,0,0,,0,0,10,False,"{""jit"": ""off"", ""max_parallel_workers_per_gather"": ""0""}",warmup,-,,,
I-0,default,2,Q12c,jsonb,1,0.045,14.943,,5,Seq Scan,Seq Scan on T,25,498,25,498,4502,981,0,0,,0,0,10,False,"{""jit"": ""off"", ""max_parallel_workers_per_gather"": ""0""}",warmup,-,,,
I-0,default,2,Q12c,json,2,0.029,164.144,,5,Seq Scan,Seq Scan on T,25,498,25,498,4502,1250,0,0,,0,0,10,False,"{""jit"": ""off"", ""max_parallel_workers_per_gather"": ""0""}",warmup,-,,,
I-0,default,2,Q12c,jsonb,2,0.05,15.155,,5,Seq Scan,Seq Scan on T,25,498,25,498,4502,981,0,0,,0,0,10,False,"{""jit"": ""off"", ""max_parallel_workers_per_gather"": ""0""}",warmup,-,,,
I-0,default,2,Q12c,json,3,0.033,155.495,,5,Seq Scan,Seq Scan on T,25,498,25,498,4502,1250,0,0,,0,0,10,False,"{""jit"": ""off"", ""max_parallel_workers_per_gather"": ""0""}",warmup,-,,,
I-0,default,2,Q12c,jsonb,3,0.048,15.495,,5,Seq Scan,Seq Scan on T,25,498,25,498,4502,981,0,0,,0,0,10,False,"{""jit"": ""off"", ""max_parallel_workers_per_gather"": ""0""}",warmup,-,,,
I-0,default,2,Q12c,json,1,0.028,153.271,,5,Seq Scan,Seq Scan on T,25,498,25,498,4502,1250,0,0,,0,0,10,False,"{""jit"": ""off"", ""max_parallel_workers_per_gather"": ""0""}",measure,-,,,
I-0,default,2,Q12c,jsonb,1,0.047,15.965,,5,Seq Scan,Seq Scan on T,25,498,25,498,4502,981,0,0,,0,0,10,False,"{""jit"": ""off"", ""max_parallel_workers_per_gather"": ""0""}",measure,-,,,
I-0,default,2,Q12c,jsonb,2,0.032,14.778,,5,Seq Scan,Seq Scan on T,25,498,25,498,4502,981,0,0,,0,0,10,False,"{""jit"": ""off"", ""max_parallel_workers_per_gather"": ""0""}",measure,-,,,
I-0,default,2,Q12c,json,2,0.043,163.5,,5,Seq Scan,Seq Scan on T,25,498,25,498,4502,1250,0,0,,0,0,10,False,"{""jit"": ""off"", ""max_parallel_workers_per_gather"": ""0""}",measure,-,,,
I-0,default,2,Q12c,json,3,0.041,139.274,,5,Seq Scan,Seq Scan on T,25,498,25,498,4502,1250,0,0,,0,0,10,False,"{""jit"": ""off"", ""max_parallel_workers_per_gather"": ""0""}",measure,-,,,
I-0,default,2,Q12c,jsonb,3,0.047,15.03,,5,Seq Scan,Seq Scan on T,25,498,25,498,4502,981,0,0,,0,0,10,False,"{""jit"": ""off"", ""max_parallel_workers_per_gather"": ""0""}",measure,-,,,
I-0,default,2,Q12c,jsonb,4,0.026,14.536,,5,Seq Scan,Seq Scan on T,25,498,25,498,4502,981,0,0,,0,0,10,False,"{""jit"": ""off"", ""max_parallel_workers_per_gather"": ""0""}",measure,-,,,
I-0,default,2,Q12c,json,4,0.03,147.424,,5,Seq Scan,Seq Scan on T,25,498,25,498,4502,1250,0,0,,0,0,10,False,"{""jit"": ""off"", ""max_parallel_workers_per_gather"": ""0""}",measure,-,,,
I-0,default,2,Q12c,json,5,0.05,144.555,,5,Seq Scan,Seq Scan on T,25,498,25,498,4502,1250,0,0,,0,0,10,False,"{""jit"": ""off"", ""max_parallel_workers_per_gather"": ""0""}",measure,-,,,
I-0,default,2,Q12c,jsonb,5,0.047,15.802,,5,Seq Scan,Seq Scan on T,25,498,25,498,4502,981,0,0,,0,0,10,False,"{""jit"": ""off"", ""max_parallel_workers_per_gather"": ""0""}",measure,-,,,
I-0,default,2,Q12c,jsonb,6,0.031,15.268,,5,Seq Scan,Seq Scan on T,25,498,25,498,4502,981,0,0,,0,0,10,False,"{""jit"": ""off"", ""max_parallel_workers_per_gather"": ""0""}",measure,-,,,
I-0,default,2,Q12c,json,6,0.035,160.18,,5,Seq Scan,Seq Scan on T,25,498,25,498,4502,1250,0,0,,0,0,10,False,"{""jit"": ""off"", ""max_parallel_workers_per_gather"": ""0""}",measure,-,,,
I-0,default,2,Q12c,json,7,0.04,142.992,,5,Seq Scan,Seq Scan on T,25,498,25,498,4502,1250,0,0,,0,0,10,False,"{""jit"": ""off"", ""max_parallel_workers_per_gather"": ""0""}",measure,-,,,
I-0,default,2,Q12c,jsonb,7,0.045,15.982,,5,Seq Scan,Seq Scan on T,25,498,25,498,4502,981,0,0,,0,0,10,False,"{""jit"": ""off"", ""max_parallel_workers_per_gather"": ""0""}",measure,-,,,
I-0,default,2,Q12c,jsonb,8,0.038,15.19,,5,Seq Scan,Seq Scan on T,25,498,25,498,4502,981,0,0,,0,0,10,False,"{""jit"": ""off"", ""max_parallel_workers_per_gather"": ""0""}",measure,-,,,
I-0,default,2,Q12c,json,8,0.031,149.947,,5,Seq Scan,Seq Scan on T,25,498,25,498,4502,1250,0,0,,0,0,10,False,"{""jit"": ""off"", ""max_parallel_workers_per_gather"": ""0""}",measure,-,,,
I-0,default,2,Q12c,json,9,0.047,153.793,,5,Seq Scan,Seq Scan on T,25,498,25,498,4502,1250,0,0,,0,0,10,False,"{""jit"": ""off"", ""max_parallel_workers_per_gather"": ""0""}",measure,-,,,
I-0,default,2,Q12c,jsonb,9,0.09,15.208,,5,Seq Scan,Seq Scan on T,25,498,25,498,4502,981,0,0,,0,0,10,False,"{""jit"": ""off"", ""max_parallel_workers_per_gather"": ""0""}",measure,-,,,
I-0,default,2,Q12c,jsonb,10,0.035,14.978,,5,Seq Scan,Seq Scan on T,25,498,25,498,4502,981,0,0,,0,0,10,False,"{""jit"": ""off"", ""max_parallel_workers_per_gather"": ""0""}",measure,-,,,
I-0,default,2,Q12c,json,10,0.033,147.103,,5,Seq Scan,Seq Scan on T,25,498,25,498,4502,1250,0,0,,0,0,10,False,"{""jit"": ""off"", ""max_parallel_workers_per_gather"": ""0""}",measure,-,,,
I-0,default,2,Q12c,json,11,0.048,144.988,,5,Seq Scan,Seq Scan on T,25,498,25,498,4502,1250,0,0,,0,0,10,False,"{""jit"": ""off"", ""max_parallel_workers_per_gather"": ""0""}",measure,-,,,
I-0,default,2,Q12c,jsonb,11,0.043,16.015,,5,Seq Scan,Seq Scan on T,25,498,25,498,4502,981,0,0,,0,0,10,False,"{""jit"": ""off"", ""max_parallel_workers_per_gather"": ""0""}",measure,-,,,
I-0,default,2,Q12c,jsonb,12,0.029,15.491,,5,Seq Scan,Seq Scan on T,25,498,25,498,4502,981,0,0,,0,0,10,False,"{""jit"": ""off"", ""max_parallel_workers_per_gather"": ""0""}",measure,-,,,
I-0,default,2,Q12c,json,12,0.038,162.413,,5,Seq Scan,Seq Scan on T,25,498,25,498,4502,1250,0,0,,0,0,10,False,"{""jit"": ""off"", ""max_parallel_workers_per_gather"": ""0""}",measure,-,,,
I-0,default,2,Q12c,json,13,0.042,141.574,,5,Seq Scan,Seq Scan on T,25,498,25,498,4502,1250,0,0,,0,0,10,False,"{""jit"": ""off"", ""max_parallel_workers_per_gather"": ""0""}",measure,-,,,
I-0,default,2,Q12c,jsonb,13,0.047,16.629,,5,Seq Scan,Seq Scan on T,25,498,25,498,4502,981,0,0,,0,0,10,False,"{""jit"": ""off"", ""max_parallel_workers_per_gather"": ""0""}",measure,-,,,
I-0,default,2,Q12c,jsonb,14,0.039,14.529,,5,Seq Scan,Seq Scan on T,25,498,25,498,4502,981,0,0,,0,0,10,False,"{""jit"": ""off"", ""max_parallel_workers_per_gather"": ""0""}",measure,-,,,
I-0,default,2,Q12c,json,14,0.029,156.341,,5,Seq Scan,Seq Scan on T,25,498,25,498,4502,1250,0,0,,0,0,10,False,"{""jit"": ""off"", ""max_parallel_workers_per_gather"": ""0""}",measure,-,,,
I-0,default,2,Q12c,json,15,0.049,147.382,,5,Seq Scan,Seq Scan on T,25,498,25,498,4502,1250,0,0,,0,0,10,False,"{""jit"": ""off"", ""max_parallel_workers_per_gather"": ""0""}",measure,-,,,
I-0,default,2,Q12c,jsonb,15,0.043,15.402,,5,Seq Scan,Seq Scan on T,25,498,25,498,4502,981,0,0,,0,0,10,False,"{""jit"": ""off"", ""max_parallel_workers_per_gather"": ""0""}",measure,-,,,
I-0,default,2,Q12c,json,1,0.028,152.391,0.081,5,Seq Scan,Seq Scan on T,25,498,25,498,4502,1250,0,0,,0,0,10,False,"{""jit"": ""off"", ""max_parallel_workers_per_gather"": ""0""}",detail,-,,,
I-0,default,2,Q12c,jsonb,1,0.047,15.01,0.034,5,Seq Scan,Seq Scan on T,25,498,25,498,4502,981,0,0,,0,0,10,False,"{""jit"": ""off"", ""max_parallel_workers_per_gather"": ""0""}",detail,-,,,
I-0,default,2,Q16,json,1,0.031,78.165,,1,Seq Scan,Seq Scan on T,1,78,1,78,4922,1250,0,0,,0,0,11,False,"{""jit"": ""off"", ""max_parallel_workers_per_gather"": ""0""}",warmup,-,,,
I-0,default,2,Q16,jsonb,1,0.068,11.956,,1,Seq Scan,Seq Scan on T,1,78,1,78,4922,981,0,0,,0,0,11,False,"{""jit"": ""off"", ""max_parallel_workers_per_gather"": ""0""}",warmup,-,,,
I-0,default,2,Q16,json,2,0.03,83.443,,1,Seq Scan,Seq Scan on T,1,78,1,78,4922,1250,0,0,,0,0,11,False,"{""jit"": ""off"", ""max_parallel_workers_per_gather"": ""0""}",warmup,-,,,
I-0,default,2,Q16,jsonb,2,0.05,14.552,,1,Seq Scan,Seq Scan on T,1,78,1,78,4922,981,0,0,,0,0,11,False,"{""jit"": ""off"", ""max_parallel_workers_per_gather"": ""0""}",warmup,-,,,
I-0,default,2,Q16,json,3,0.051,82.743,,1,Seq Scan,Seq Scan on T,1,78,1,78,4922,1250,0,0,,0,0,11,False,"{""jit"": ""off"", ""max_parallel_workers_per_gather"": ""0""}",warmup,-,,,
I-0,default,2,Q16,jsonb,3,0.052,12.258,,1,Seq Scan,Seq Scan on T,1,78,1,78,4922,981,0,0,,0,0,11,False,"{""jit"": ""off"", ""max_parallel_workers_per_gather"": ""0""}",warmup,-,,,
I-0,default,2,Q16,json,1,0.032,76.142,,1,Seq Scan,Seq Scan on T,1,78,1,78,4922,1250,0,0,,0,0,11,False,"{""jit"": ""off"", ""max_parallel_workers_per_gather"": ""0""}",measure,-,,,
I-0,default,2,Q16,jsonb,1,0.048,12.865,,1,Seq Scan,Seq Scan on T,1,78,1,78,4922,981,0,0,,0,0,11,False,"{""jit"": ""off"", ""max_parallel_workers_per_gather"": ""0""}",measure,-,,,
I-0,default,2,Q16,jsonb,2,0.032,12.983,,1,Seq Scan,Seq Scan on T,1,78,1,78,4922,981,0,0,,0,0,11,False,"{""jit"": ""off"", ""max_parallel_workers_per_gather"": ""0""}",measure,-,,,
I-0,default,2,Q16,json,2,0.031,76.852,,1,Seq Scan,Seq Scan on T,1,78,1,78,4922,1250,0,0,,0,0,11,False,"{""jit"": ""off"", ""max_parallel_workers_per_gather"": ""0""}",measure,-,,,
I-0,default,2,Q16,json,3,0.043,78.319,,1,Seq Scan,Seq Scan on T,1,78,1,78,4922,1250,0,0,,0,0,11,False,"{""jit"": ""off"", ""max_parallel_workers_per_gather"": ""0""}",measure,-,,,
I-0,default,2,Q16,jsonb,3,0.05,12.925,,1,Seq Scan,Seq Scan on T,1,78,1,78,4922,981,0,0,,0,0,11,False,"{""jit"": ""off"", ""max_parallel_workers_per_gather"": ""0""}",measure,-,,,
I-0,default,2,Q16,jsonb,4,0.029,11.591,,1,Seq Scan,Seq Scan on T,1,78,1,78,4922,981,0,0,,0,0,11,False,"{""jit"": ""off"", ""max_parallel_workers_per_gather"": ""0""}",measure,-,,,
I-0,default,2,Q16,json,4,0.032,92.134,,1,Seq Scan,Seq Scan on T,1,78,1,78,4922,1250,0,0,,0,0,11,False,"{""jit"": ""off"", ""max_parallel_workers_per_gather"": ""0""}",measure,-,,,
I-0,default,2,Q16,json,5,0.046,76.158,,1,Seq Scan,Seq Scan on T,1,78,1,78,4922,1250,0,0,,0,0,11,False,"{""jit"": ""off"", ""max_parallel_workers_per_gather"": ""0""}",measure,-,,,
I-0,default,2,Q16,jsonb,5,0.047,11.93,,1,Seq Scan,Seq Scan on T,1,78,1,78,4922,981,0,0,,0,0,11,False,"{""jit"": ""off"", ""max_parallel_workers_per_gather"": ""0""}",measure,-,,,
I-0,default,2,Q16,jsonb,6,0.027,11.301,,1,Seq Scan,Seq Scan on T,1,78,1,78,4922,981,0,0,,0,0,11,False,"{""jit"": ""off"", ""max_parallel_workers_per_gather"": ""0""}",measure,-,,,
I-0,default,2,Q16,json,6,0.032,87.261,,1,Seq Scan,Seq Scan on T,1,78,1,78,4922,1250,0,0,,0,0,11,False,"{""jit"": ""off"", ""max_parallel_workers_per_gather"": ""0""}",measure,-,,,
I-0,default,2,Q16,json,7,0.047,73.432,,1,Seq Scan,Seq Scan on T,1,78,1,78,4922,1250,0,0,,0,0,11,False,"{""jit"": ""off"", ""max_parallel_workers_per_gather"": ""0""}",measure,-,,,
I-0,default,2,Q16,jsonb,7,0.047,11.784,,1,Seq Scan,Seq Scan on T,1,78,1,78,4922,981,0,0,,0,0,11,False,"{""jit"": ""off"", ""max_parallel_workers_per_gather"": ""0""}",measure,-,,,
I-0,default,2,Q16,jsonb,8,0.028,11.832,,1,Seq Scan,Seq Scan on T,1,78,1,78,4922,981,0,0,,0,0,11,False,"{""jit"": ""off"", ""max_parallel_workers_per_gather"": ""0""}",measure,-,,,
I-0,default,2,Q16,json,8,0.035,79.367,,1,Seq Scan,Seq Scan on T,1,78,1,78,4922,1250,0,0,,0,0,11,False,"{""jit"": ""off"", ""max_parallel_workers_per_gather"": ""0""}",measure,-,,,
I-0,default,2,Q16,json,9,0.044,75.378,,1,Seq Scan,Seq Scan on T,1,78,1,78,4922,1250,0,0,,0,0,11,False,"{""jit"": ""off"", ""max_parallel_workers_per_gather"": ""0""}",measure,-,,,
I-0,default,2,Q16,jsonb,9,0.047,12.03,,1,Seq Scan,Seq Scan on T,1,78,1,78,4922,981,0,0,,0,0,11,False,"{""jit"": ""off"", ""max_parallel_workers_per_gather"": ""0""}",measure,-,,,
I-0,default,2,Q16,jsonb,10,0.093,11.512,,1,Seq Scan,Seq Scan on T,1,78,1,78,4922,981,0,0,,0,0,11,False,"{""jit"": ""off"", ""max_parallel_workers_per_gather"": ""0""}",measure,-,,,
I-0,default,2,Q16,json,10,0.033,77.956,,1,Seq Scan,Seq Scan on T,1,78,1,78,4922,1250,0,0,,0,0,11,False,"{""jit"": ""off"", ""max_parallel_workers_per_gather"": ""0""}",measure,-,,,
I-0,default,2,Q16,json,11,0.045,76.129,,1,Seq Scan,Seq Scan on T,1,78,1,78,4922,1250,0,0,,0,0,11,False,"{""jit"": ""off"", ""max_parallel_workers_per_gather"": ""0""}",measure,-,,,
I-0,default,2,Q16,jsonb,11,0.042,11.837,,1,Seq Scan,Seq Scan on T,1,78,1,78,4922,981,0,0,,0,0,11,False,"{""jit"": ""off"", ""max_parallel_workers_per_gather"": ""0""}",measure,-,,,
I-0,default,2,Q16,jsonb,12,0.027,11.746,,1,Seq Scan,Seq Scan on T,1,78,1,78,4922,981,0,0,,0,0,11,False,"{""jit"": ""off"", ""max_parallel_workers_per_gather"": ""0""}",measure,-,,,
I-0,default,2,Q16,json,12,0.032,76.343,,1,Seq Scan,Seq Scan on T,1,78,1,78,4922,1250,0,0,,0,0,11,False,"{""jit"": ""off"", ""max_parallel_workers_per_gather"": ""0""}",measure,-,,,
I-0,default,2,Q16,json,13,0.046,72.4,,1,Seq Scan,Seq Scan on T,1,78,1,78,4922,1250,0,0,,0,0,11,False,"{""jit"": ""off"", ""max_parallel_workers_per_gather"": ""0""}",measure,-,,,
I-0,default,2,Q16,jsonb,13,0.032,11.619,,1,Seq Scan,Seq Scan on T,1,78,1,78,4922,981,0,0,,0,0,11,False,"{""jit"": ""off"", ""max_parallel_workers_per_gather"": ""0""}",measure,-,,,
I-0,default,2,Q16,jsonb,14,0.028,11.151,,1,Seq Scan,Seq Scan on T,1,78,1,78,4922,981,0,0,,0,0,11,False,"{""jit"": ""off"", ""max_parallel_workers_per_gather"": ""0""}",measure,-,,,
I-0,default,2,Q16,json,14,0.029,116.942,,1,Seq Scan,Seq Scan on T,1,78,1,78,4922,1250,0,0,,0,0,11,False,"{""jit"": ""off"", ""max_parallel_workers_per_gather"": ""0""}",measure,-,,,
I-0,default,2,Q16,json,15,0.054,74.296,,1,Seq Scan,Seq Scan on T,1,78,1,78,4922,1250,0,0,,0,0,11,False,"{""jit"": ""off"", ""max_parallel_workers_per_gather"": ""0""}",measure,-,,,
I-0,default,2,Q16,jsonb,15,0.046,11.963,,1,Seq Scan,Seq Scan on T,1,78,1,78,4922,981,0,0,,0,0,11,False,"{""jit"": ""off"", ""max_parallel_workers_per_gather"": ""0""}",measure,-,,,
I-0,default,2,Q16,json,1,0.03,80.342,0.014,1,Seq Scan,Seq Scan on T,1,78,1,78,4922,1250,0,0,,0,0,11,False,"{""jit"": ""off"", ""max_parallel_workers_per_gather"": ""0""}",detail,-,,,
I-0,default,2,Q16,jsonb,1,0.048,12.106,0.008,1,Seq Scan,Seq Scan on T,1,78,1,78,4922,981,0,0,,0,0,11,False,"{""jit"": ""off"", ""max_parallel_workers_per_gather"": ""0""}",detail,-,,,
I-0,default,2,Q17,json,1,0.058,118.208,,1,Aggregate,Aggregate [Seq Scan on T],200,8,5000,5000,,1250,0,0,,0,6,13,False,"{""jit"": ""off"", ""max_parallel_workers_per_gather"": ""0""}",warmup,-,,,
I-0,default,2,Q17,jsonb,1,0.071,12.434,,1,Aggregate,Aggregate [Seq Scan on T],5000,8,5000,5000,,981,0,0,,0,3,13,False,"{""jit"": ""off"", ""max_parallel_workers_per_gather"": ""0""}",warmup,-,,,
I-0,default,2,Q17,json,2,0.042,104.502,,1,Aggregate,Aggregate [Seq Scan on T],200,8,5000,5000,,1250,0,0,,0,0,13,False,"{""jit"": ""off"", ""max_parallel_workers_per_gather"": ""0""}",warmup,-,,,
I-0,default,2,Q17,jsonb,2,0.053,11.472,,1,Aggregate,Aggregate [Seq Scan on T],5000,8,5000,5000,,981,0,0,,0,0,13,False,"{""jit"": ""off"", ""max_parallel_workers_per_gather"": ""0""}",warmup,-,,,
I-0,default,2,Q17,json,3,0.088,100.163,,1,Aggregate,Aggregate [Seq Scan on T],200,8,5000,5000,,1250,0,0,,0,0,13,False,"{""jit"": ""off"", ""max_parallel_workers_per_gather"": ""0""}",warmup,-,,,
I-0,default,2,Q17,jsonb,3,0.052,11.278,,1,Aggregate,Aggregate [Seq Scan on T],5000,8,5000,5000,,981,0,0,,0,0,13,False,"{""jit"": ""off"", ""max_parallel_workers_per_gather"": ""0""}",warmup,-,,,
I-0,default,2,Q17,json,1,0.074,112.95,,1,Aggregate,Aggregate [Seq Scan on T],200,8,5000,5000,,1250,0,0,,0,0,13,False,"{""jit"": ""off"", ""max_parallel_workers_per_gather"": ""0""}",measure,-,,,
I-0,default,2,Q17,jsonb,1,0.057,12.227,,1,Aggregate,Aggregate [Seq Scan on T],5000,8,5000,5000,,981,0,0,,0,0,13,False,"{""jit"": ""off"", ""max_parallel_workers_per_gather"": ""0""}",measure,-,,,
I-0,default,2,Q17,jsonb,2,0.031,11.466,,1,Aggregate,Aggregate [Seq Scan on T],5000,8,5000,5000,,981,0,0,,0,0,13,False,"{""jit"": ""off"", ""max_parallel_workers_per_gather"": ""0""}",measure,-,,,
I-0,default,2,Q17,json,2,0.035,112.449,,1,Aggregate,Aggregate [Seq Scan on T],200,8,5000,5000,,1250,0,0,,0,0,13,False,"{""jit"": ""off"", ""max_parallel_workers_per_gather"": ""0""}",measure,-,,,
I-0,default,2,Q17,json,3,0.056,96.915,,1,Aggregate,Aggregate [Seq Scan on T],200,8,5000,5000,,1250,0,0,,0,0,13,False,"{""jit"": ""off"", ""max_parallel_workers_per_gather"": ""0""}",measure,-,,,
I-0,default,2,Q17,jsonb,3,0.049,11.195,,1,Aggregate,Aggregate [Seq Scan on T],5000,8,5000,5000,,981,0,0,,0,0,13,False,"{""jit"": ""off"", ""max_parallel_workers_per_gather"": ""0""}",measure,-,,,
I-0,default,2,Q17,jsonb,4,0.027,16.962,,1,Aggregate,Aggregate [Seq Scan on T],5000,8,5000,5000,,981,0,0,,0,0,13,False,"{""jit"": ""off"", ""max_parallel_workers_per_gather"": ""0""}",measure,-,,,
I-0,default,2,Q17,json,4,0.042,98.847,,1,Aggregate,Aggregate [Seq Scan on T],200,8,5000,5000,,1250,0,0,,0,0,13,False,"{""jit"": ""off"", ""max_parallel_workers_per_gather"": ""0""}",measure,-,,,
I-0,default,2,Q17,json,5,0.047,101.654,,1,Aggregate,Aggregate [Seq Scan on T],200,8,5000,5000,,1250,0,0,,0,0,13,False,"{""jit"": ""off"", ""max_parallel_workers_per_gather"": ""0""}",measure,-,,,
I-0,default,2,Q17,jsonb,5,0.126,11.606,,1,Aggregate,Aggregate [Seq Scan on T],5000,8,5000,5000,,981,0,0,,0,0,13,False,"{""jit"": ""off"", ""max_parallel_workers_per_gather"": ""0""}",measure,-,,,
I-0,default,2,Q17,jsonb,6,0.033,16.172,,1,Aggregate,Aggregate [Seq Scan on T],5000,8,5000,5000,,981,0,0,,0,0,13,False,"{""jit"": ""off"", ""max_parallel_workers_per_gather"": ""0""}",measure,-,,,
I-0,default,2,Q17,json,6,0.041,101.14,,1,Aggregate,Aggregate [Seq Scan on T],200,8,5000,5000,,1250,0,0,,0,0,13,False,"{""jit"": ""off"", ""max_parallel_workers_per_gather"": ""0""}",measure,-,,,
I-0,default,2,Q17,json,7,0.051,103.286,,1,Aggregate,Aggregate [Seq Scan on T],200,8,5000,5000,,1250,0,0,,0,0,13,False,"{""jit"": ""off"", ""max_parallel_workers_per_gather"": ""0""}",measure,-,,,
I-0,default,2,Q17,jsonb,7,0.056,11.754,,1,Aggregate,Aggregate [Seq Scan on T],5000,8,5000,5000,,981,0,0,,0,0,13,False,"{""jit"": ""off"", ""max_parallel_workers_per_gather"": ""0""}",measure,-,,,
I-0,default,2,Q17,jsonb,8,0.029,14.104,,1,Aggregate,Aggregate [Seq Scan on T],5000,8,5000,5000,,981,0,0,,0,0,13,False,"{""jit"": ""off"", ""max_parallel_workers_per_gather"": ""0""}",measure,-,,,
I-0,default,2,Q17,json,8,0.04,102.176,,1,Aggregate,Aggregate [Seq Scan on T],200,8,5000,5000,,1250,0,0,,0,0,13,False,"{""jit"": ""off"", ""max_parallel_workers_per_gather"": ""0""}",measure,-,,,
I-0,default,2,Q17,json,9,0.078,100.332,,1,Aggregate,Aggregate [Seq Scan on T],200,8,5000,5000,,1250,0,0,,0,0,13,False,"{""jit"": ""off"", ""max_parallel_workers_per_gather"": ""0""}",measure,-,,,
I-0,default,2,Q17,jsonb,9,0.05,13.31,,1,Aggregate,Aggregate [Seq Scan on T],5000,8,5000,5000,,981,0,0,,0,0,13,False,"{""jit"": ""off"", ""max_parallel_workers_per_gather"": ""0""}",measure,-,,,
I-0,default,2,Q17,jsonb,10,0.044,12.301,,1,Aggregate,Aggregate [Seq Scan on T],5000,8,5000,5000,,981,0,0,,0,0,13,False,"{""jit"": ""off"", ""max_parallel_workers_per_gather"": ""0""}",measure,-,,,
I-0,default,2,Q17,json,10,0.049,99.064,,1,Aggregate,Aggregate [Seq Scan on T],200,8,5000,5000,,1250,0,0,,0,0,13,False,"{""jit"": ""off"", ""max_parallel_workers_per_gather"": ""0""}",measure,-,,,
I-0,default,2,Q17,json,11,0.048,99.428,,1,Aggregate,Aggregate [Seq Scan on T],200,8,5000,5000,,1250,0,0,,0,0,13,False,"{""jit"": ""off"", ""max_parallel_workers_per_gather"": ""0""}",measure,-,,,
I-0,default,2,Q17,jsonb,11,0.053,11.475,,1,Aggregate,Aggregate [Seq Scan on T],5000,8,5000,5000,,981,0,0,,0,0,13,False,"{""jit"": ""off"", ""max_parallel_workers_per_gather"": ""0""}",measure,-,,,
I-0,default,2,Q17,jsonb,12,0.028,10.98,,1,Aggregate,Aggregate [Seq Scan on T],5000,8,5000,5000,,981,0,0,,0,0,13,False,"{""jit"": ""off"", ""max_parallel_workers_per_gather"": ""0""}",measure,-,,,
I-0,default,2,Q17,json,12,0.034,112.288,,1,Aggregate,Aggregate [Seq Scan on T],200,8,5000,5000,,1250,0,0,,0,0,13,False,"{""jit"": ""off"", ""max_parallel_workers_per_gather"": ""0""}",measure,-,,,
I-0,default,2,Q17,json,13,0.052,98.794,,1,Aggregate,Aggregate [Seq Scan on T],200,8,5000,5000,,1250,0,0,,0,0,13,False,"{""jit"": ""off"", ""max_parallel_workers_per_gather"": ""0""}",measure,-,,,
I-0,default,2,Q17,jsonb,13,0.054,12.29,,1,Aggregate,Aggregate [Seq Scan on T],5000,8,5000,5000,,981,0,0,,0,0,13,False,"{""jit"": ""off"", ""max_parallel_workers_per_gather"": ""0""}",measure,-,,,
I-0,default,2,Q17,jsonb,14,0.034,11.254,,1,Aggregate,Aggregate [Seq Scan on T],5000,8,5000,5000,,981,0,0,,0,0,13,False,"{""jit"": ""off"", ""max_parallel_workers_per_gather"": ""0""}",measure,-,,,
I-0,default,2,Q17,json,14,0.033,128.741,,1,Aggregate,Aggregate [Seq Scan on T],200,8,5000,5000,,1250,0,0,,0,0,13,False,"{""jit"": ""off"", ""max_parallel_workers_per_gather"": ""0""}",measure,-,,,
I-0,default,2,Q17,json,15,0.053,110.939,,1,Aggregate,Aggregate [Seq Scan on T],200,8,5000,5000,,1250,0,0,,0,0,13,False,"{""jit"": ""off"", ""max_parallel_workers_per_gather"": ""0""}",measure,-,,,
I-0,default,2,Q17,jsonb,15,0.057,15.52,,1,Aggregate,Aggregate [Seq Scan on T],5000,8,5000,5000,,981,0,0,,0,0,13,False,"{""jit"": ""off"", ""max_parallel_workers_per_gather"": ""0""}",measure,-,,,
I-0,default,2,Q17,json,1,0.036,99.812,0.004,1,Aggregate,Aggregate [Seq Scan on T],200,8,5000,5000,,1250,0,0,,0,0,13,False,"{""jit"": ""off"", ""max_parallel_workers_per_gather"": ""0""}",detail,-,,,
I-0,default,2,Q17,jsonb,1,0.051,12.07,0.003,1,Aggregate,Aggregate [Seq Scan on T],5000,8,5000,5000,,981,0,0,,0,0,13,False,"{""jit"": ""off"", ""max_parallel_workers_per_gather"": ""0""}",detail,-,,,
I-0,default,2,Q09,json,1,0.046,55.29,,15,Seq Scan,Seq Scan on T,25,1528,25,1528,3472,1250,0,0,,0,0,9,False,"{""jit"": ""off"", ""max_parallel_workers_per_gather"": ""0""}",warmup,-,,,
I-0,default,2,Q09,jsonb,1,0.041,10.561,,15,Seq Scan,Seq Scan on T,25,1528,25,1528,3472,981,0,0,,0,0,9,False,"{""jit"": ""off"", ""max_parallel_workers_per_gather"": ""0""}",warmup,-,,,
I-0,default,2,Q09,json,2,0.026,63.969,,15,Seq Scan,Seq Scan on T,25,1528,25,1528,3472,1250,0,0,,0,0,9,False,"{""jit"": ""off"", ""max_parallel_workers_per_gather"": ""0""}",warmup,-,,,
I-0,default,2,Q09,jsonb,2,0.037,11.722,,15,Seq Scan,Seq Scan on T,25,1528,25,1528,3472,981,0,0,,0,0,9,False,"{""jit"": ""off"", ""max_parallel_workers_per_gather"": ""0""}",warmup,-,,,
I-0,default,2,Q09,json,3,0.028,58.484,,15,Seq Scan,Seq Scan on T,25,1528,25,1528,3472,1250,0,0,,0,0,9,False,"{""jit"": ""off"", ""max_parallel_workers_per_gather"": ""0""}",warmup,-,,,
I-0,default,2,Q09,jsonb,3,0.044,10.822,,15,Seq Scan,Seq Scan on T,25,1528,25,1528,3472,981,0,0,,0,0,9,False,"{""jit"": ""off"", ""max_parallel_workers_per_gather"": ""0""}",warmup,-,,,
I-0,default,2,Q09,json,1,0.025,58.693,,15,Seq Scan,Seq Scan on T,25,1528,25,1528,3472,1250,0,0,,0,0,9,False,"{""jit"": ""off"", ""max_parallel_workers_per_gather"": ""0""}",measure,-,,,
I-0,default,2,Q09,jsonb,1,0.032,11.059,,15,Seq Scan,Seq Scan on T,25,1528,25,1528,3472,981,0,0,,0,0,9,False,"{""jit"": ""off"", ""max_parallel_workers_per_gather"": ""0""}",measure,-,,,
I-0,default,2,Q09,jsonb,2,0.023,10.187,,15,Seq Scan,Seq Scan on T,25,1528,25,1528,3472,981,0,0,,0,0,9,False,"{""jit"": ""off"", ""max_parallel_workers_per_gather"": ""0""}",measure,-,,,
I-0,default,2,Q09,json,2,0.027,69.638,,15,Seq Scan,Seq Scan on T,25,1528,25,1528,3472,1250,0,0,,0,0,9,False,"{""jit"": ""off"", ""max_parallel_workers_per_gather"": ""0""}",measure,-,,,
I-0,default,2,Q09,json,3,0.052,57.655,,15,Seq Scan,Seq Scan on T,25,1528,25,1528,3472,1250,0,0,,0,0,9,False,"{""jit"": ""off"", ""max_parallel_workers_per_gather"": ""0""}",measure,-,,,
I-0,default,2,Q09,jsonb,3,0.031,11.256,,15,Seq Scan,Seq Scan on T,25,1528,25,1528,3472,981,0,0,,0,0,9,False,"{""jit"": ""off"", ""max_parallel_workers_per_gather"": ""0""}",measure,-,,,
I-0,default,2,Q09,jsonb,4,0.025,11.166,,15,Seq Scan,Seq Scan on T,25,1528,25,1528,3472,981,0,0,,0,0,9,False,"{""jit"": ""off"", ""max_parallel_workers_per_gather"": ""0""}",measure,-,,,
I-0,default,2,Q09,json,4,0.032,58.143,,15,Seq Scan,Seq Scan on T,25,1528,25,1528,3472,1250,0,0,,0,0,9,False,"{""jit"": ""off"", ""max_parallel_workers_per_gather"": ""0""}",measure,-,,,
I-0,default,2,Q09,json,5,0.034,53.876,,15,Seq Scan,Seq Scan on T,25,1528,25,1528,3472,1250,0,0,,0,0,9,False,"{""jit"": ""off"", ""max_parallel_workers_per_gather"": ""0""}",measure,-,,,
I-0,default,2,Q09,jsonb,5,0.03,11.381,,15,Seq Scan,Seq Scan on T,25,1528,25,1528,3472,981,0,0,,0,0,9,False,"{""jit"": ""off"", ""max_parallel_workers_per_gather"": ""0""}",measure,-,,,
I-0,default,2,Q09,jsonb,6,0.026,10.118,,15,Seq Scan,Seq Scan on T,25,1528,25,1528,3472,981,0,0,,0,0,9,False,"{""jit"": ""off"", ""max_parallel_workers_per_gather"": ""0""}",measure,-,,,
I-0,default,2,Q09,json,6,0.025,73.388,,15,Seq Scan,Seq Scan on T,25,1528,25,1528,3472,1250,0,0,,0,0,9,False,"{""jit"": ""off"", ""max_parallel_workers_per_gather"": ""0""}",measure,-,,,
I-0,default,2,Q09,json,7,0.043,52.441,,15,Seq Scan,Seq Scan on T,25,1528,25,1528,3472,1250,0,0,,0,0,9,False,"{""jit"": ""off"", ""max_parallel_workers_per_gather"": ""0""}",measure,-,,,
I-0,default,2,Q09,jsonb,7,0.041,10.35,,15,Seq Scan,Seq Scan on T,25,1528,25,1528,3472,981,0,0,,0,0,9,False,"{""jit"": ""off"", ""max_parallel_workers_per_gather"": ""0""}",measure,-,,,
I-0,default,2,Q09,jsonb,8,0.024,11.277,,15,Seq Scan,Seq Scan on T,25,1528,25,1528,3472,981,0,0,,0,0,9,False,"{""jit"": ""off"", ""max_parallel_workers_per_gather"": ""0""}",measure,-,,,
I-0,default,2,Q09,json,8,0.034,55.208,,15,Seq Scan,Seq Scan on T,25,1528,25,1528,3472,1250,0,0,,0,0,9,False,"{""jit"": ""off"", ""max_parallel_workers_per_gather"": ""0""}",measure,-,,,
I-0,default,2,Q09,json,9,0.031,70.284,,15,Seq Scan,Seq Scan on T,25,1528,25,1528,3472,1250,0,0,,0,0,9,False,"{""jit"": ""off"", ""max_parallel_workers_per_gather"": ""0""}",measure,-,,,
I-0,default,2,Q09,jsonb,9,0.045,11.846,,15,Seq Scan,Seq Scan on T,25,1528,25,1528,3472,981,0,0,,0,0,9,False,"{""jit"": ""off"", ""max_parallel_workers_per_gather"": ""0""}",measure,-,,,
I-0,default,2,Q09,jsonb,10,0.031,10.245,,15,Seq Scan,Seq Scan on T,25,1528,25,1528,3472,981,0,0,,0,0,9,False,"{""jit"": ""off"", ""max_parallel_workers_per_gather"": ""0""}",measure,-,,,
I-0,default,2,Q09,json,10,0.026,54.578,,15,Seq Scan,Seq Scan on T,25,1528,25,1528,3472,1250,0,0,,0,0,9,False,"{""jit"": ""off"", ""max_parallel_workers_per_gather"": ""0""}",measure,-,,,
I-0,default,2,Q09,json,11,0.036,53.285,,15,Seq Scan,Seq Scan on T,25,1528,25,1528,3472,1250,0,0,,0,0,9,False,"{""jit"": ""off"", ""max_parallel_workers_per_gather"": ""0""}",measure,-,,,
I-0,default,2,Q09,jsonb,11,0.026,10.479,,15,Seq Scan,Seq Scan on T,25,1528,25,1528,3472,981,0,0,,0,0,9,False,"{""jit"": ""off"", ""max_parallel_workers_per_gather"": ""0""}",measure,-,,,
I-0,default,2,Q09,jsonb,12,0.024,11.733,,15,Seq Scan,Seq Scan on T,25,1528,25,1528,3472,981,0,0,,0,0,9,False,"{""jit"": ""off"", ""max_parallel_workers_per_gather"": ""0""}",measure,-,,,
I-0,default,2,Q09,json,12,0.037,58.25,,15,Seq Scan,Seq Scan on T,25,1528,25,1528,3472,1250,0,0,,0,0,9,False,"{""jit"": ""off"", ""max_parallel_workers_per_gather"": ""0""}",measure,-,,,
I-0,default,2,Q09,json,13,0.036,55.29,,15,Seq Scan,Seq Scan on T,25,1528,25,1528,3472,1250,0,0,,0,0,9,False,"{""jit"": ""off"", ""max_parallel_workers_per_gather"": ""0""}",measure,-,,,
I-0,default,2,Q09,jsonb,13,0.034,10.647,,15,Seq Scan,Seq Scan on T,25,1528,25,1528,3472,981,0,0,,0,0,9,False,"{""jit"": ""off"", ""max_parallel_workers_per_gather"": ""0""}",measure,-,,,
I-0,default,2,Q09,jsonb,14,0.025,9.948,,15,Seq Scan,Seq Scan on T,25,1528,25,1528,3472,981,0,0,,0,0,9,False,"{""jit"": ""off"", ""max_parallel_workers_per_gather"": ""0""}",measure,-,,,
I-0,default,2,Q09,json,14,0.025,51.971,,15,Seq Scan,Seq Scan on T,25,1528,25,1528,3472,1250,0,0,,0,0,9,False,"{""jit"": ""off"", ""max_parallel_workers_per_gather"": ""0""}",measure,-,,,
I-0,default,2,Q09,json,15,0.038,57.725,,15,Seq Scan,Seq Scan on T,25,1528,25,1528,3472,1250,0,0,,0,0,9,False,"{""jit"": ""off"", ""max_parallel_workers_per_gather"": ""0""}",measure,-,,,
I-0,default,2,Q09,jsonb,15,0.046,10.84,,15,Seq Scan,Seq Scan on T,25,1528,25,1528,3472,981,0,0,,0,0,9,False,"{""jit"": ""off"", ""max_parallel_workers_per_gather"": ""0""}",measure,-,,,
I-0,default,2,Q09,json,1,0.025,64.904,0.149,15,Seq Scan,Seq Scan on T,25,1528,25,1528,3472,1250,0,0,,0,0,9,False,"{""jit"": ""off"", ""max_parallel_workers_per_gather"": ""0""}",detail,-,,,
I-0,default,2,Q09,jsonb,1,0.041,10.381,0.092,15,Seq Scan,Seq Scan on T,25,1528,25,1528,3472,981,0,0,,0,0,9,False,"{""jit"": ""off"", ""max_parallel_workers_per_gather"": ""0""}",detail,-,,,
I-0,default,2,C1,jsonb,1,0.027,10.529,,1,Seq Scan,Seq Scan on T,50,12,50,12,4988,981,0,0,,0,0,8,False,"{""jit"": ""off"", ""max_parallel_workers_per_gather"": ""0""}",warmup,-,,,
I-0,default,2,C1,jsonb,2,0.025,9.814,,1,Seq Scan,Seq Scan on T,50,12,50,12,4988,981,0,0,,0,0,8,False,"{""jit"": ""off"", ""max_parallel_workers_per_gather"": ""0""}",warmup,-,,,
I-0,default,2,C1,jsonb,3,0.021,10.044,,1,Seq Scan,Seq Scan on T,50,12,50,12,4988,981,0,0,,0,0,8,False,"{""jit"": ""off"", ""max_parallel_workers_per_gather"": ""0""}",warmup,-,,,
I-0,default,2,C1,jsonb,1,0.024,10.202,,1,Seq Scan,Seq Scan on T,50,12,50,12,4988,981,0,0,,0,0,8,False,"{""jit"": ""off"", ""max_parallel_workers_per_gather"": ""0""}",measure,-,,,
I-0,default,2,C1,jsonb,2,0.021,9.625,,1,Seq Scan,Seq Scan on T,50,12,50,12,4988,981,0,0,,0,0,8,False,"{""jit"": ""off"", ""max_parallel_workers_per_gather"": ""0""}",measure,-,,,
I-0,default,2,C1,jsonb,3,0.021,9.827,,1,Seq Scan,Seq Scan on T,50,12,50,12,4988,981,0,0,,0,0,8,False,"{""jit"": ""off"", ""max_parallel_workers_per_gather"": ""0""}",measure,-,,,
I-0,default,2,C1,jsonb,4,0.024,10.047,,1,Seq Scan,Seq Scan on T,50,12,50,12,4988,981,0,0,,0,0,8,False,"{""jit"": ""off"", ""max_parallel_workers_per_gather"": ""0""}",measure,-,,,
I-0,default,2,C1,jsonb,5,0.022,10.276,,1,Seq Scan,Seq Scan on T,50,12,50,12,4988,981,0,0,,0,0,8,False,"{""jit"": ""off"", ""max_parallel_workers_per_gather"": ""0""}",measure,-,,,
I-0,default,2,C1,jsonb,6,0.028,11.396,,1,Seq Scan,Seq Scan on T,50,12,50,12,4988,981,0,0,,0,0,8,False,"{""jit"": ""off"", ""max_parallel_workers_per_gather"": ""0""}",measure,-,,,
I-0,default,2,C1,jsonb,7,0.03,11.161,,1,Seq Scan,Seq Scan on T,50,12,50,12,4988,981,0,0,,0,0,8,False,"{""jit"": ""off"", ""max_parallel_workers_per_gather"": ""0""}",measure,-,,,
I-0,default,2,C1,jsonb,8,0.027,13.183,,1,Seq Scan,Seq Scan on T,50,12,50,12,4988,981,0,0,,0,0,8,False,"{""jit"": ""off"", ""max_parallel_workers_per_gather"": ""0""}",measure,-,,,
I-0,default,2,C1,jsonb,9,0.044,11.795,,1,Seq Scan,Seq Scan on T,50,12,50,12,4988,981,0,0,,0,0,8,False,"{""jit"": ""off"", ""max_parallel_workers_per_gather"": ""0""}",measure,-,,,
I-0,default,2,C1,jsonb,10,0.028,10.651,,1,Seq Scan,Seq Scan on T,50,12,50,12,4988,981,0,0,,0,0,8,False,"{""jit"": ""off"", ""max_parallel_workers_per_gather"": ""0""}",measure,-,,,
I-0,default,2,C1,jsonb,11,0.044,11.47,,1,Seq Scan,Seq Scan on T,50,12,50,12,4988,981,0,0,,0,0,8,False,"{""jit"": ""off"", ""max_parallel_workers_per_gather"": ""0""}",measure,-,,,
I-0,default,2,C1,jsonb,12,0.038,16.627,,1,Seq Scan,Seq Scan on T,50,12,50,12,4988,981,0,0,,0,0,8,False,"{""jit"": ""off"", ""max_parallel_workers_per_gather"": ""0""}",measure,-,,,
I-0,default,2,C1,jsonb,13,0.038,10.839,,1,Seq Scan,Seq Scan on T,50,12,50,12,4988,981,0,0,,0,0,8,False,"{""jit"": ""off"", ""max_parallel_workers_per_gather"": ""0""}",measure,-,,,
I-0,default,2,C1,jsonb,14,0.023,11.418,,1,Seq Scan,Seq Scan on T,50,12,50,12,4988,981,0,0,,0,0,8,False,"{""jit"": ""off"", ""max_parallel_workers_per_gather"": ""0""}",measure,-,,,
I-0,default,2,C1,jsonb,15,0.028,12.412,,1,Seq Scan,Seq Scan on T,50,12,50,12,4988,981,0,0,,0,0,8,False,"{""jit"": ""off"", ""max_parallel_workers_per_gather"": ""0""}",measure,-,,,
I-0,default,2,C1,jsonb,1,0.028,11.775,0.002,1,Seq Scan,Seq Scan on T,50,12,50,12,4988,981,0,0,,0,0,8,False,"{""jit"": ""off"", ""max_parallel_workers_per_gather"": ""0""}",detail,-,,,
I-0,default,2,C1b,jsonb,1,0.026,12.439,,1,Seq Scan,Seq Scan on T,50,30,50,30,4970,981,0,0,,0,0,8,False,"{""jit"": ""off"", ""max_parallel_workers_per_gather"": ""0""}",warmup,-,,,
I-0,default,2,C1b,jsonb,2,0.032,13.303,,1,Seq Scan,Seq Scan on T,50,30,50,30,4970,981,0,0,,0,0,8,False,"{""jit"": ""off"", ""max_parallel_workers_per_gather"": ""0""}",warmup,-,,,
I-0,default,2,C1b,jsonb,3,0.037,13.483,,1,Seq Scan,Seq Scan on T,50,30,50,30,4970,981,0,0,,0,0,8,False,"{""jit"": ""off"", ""max_parallel_workers_per_gather"": ""0""}",warmup,-,,,
I-0,default,2,C1b,jsonb,1,0.025,11.82,,1,Seq Scan,Seq Scan on T,50,30,50,30,4970,981,0,0,,0,0,8,False,"{""jit"": ""off"", ""max_parallel_workers_per_gather"": ""0""}",measure,-,,,
I-0,default,2,C1b,jsonb,2,0.026,11.396,,1,Seq Scan,Seq Scan on T,50,30,50,30,4970,981,0,0,,0,0,8,False,"{""jit"": ""off"", ""max_parallel_workers_per_gather"": ""0""}",measure,-,,,
I-0,default,2,C1b,jsonb,3,0.022,11.702,,1,Seq Scan,Seq Scan on T,50,30,50,30,4970,981,0,0,,0,0,8,False,"{""jit"": ""off"", ""max_parallel_workers_per_gather"": ""0""}",measure,-,,,
I-0,default,2,C1b,jsonb,4,0.025,11.697,,1,Seq Scan,Seq Scan on T,50,30,50,30,4970,981,0,0,,0,0,8,False,"{""jit"": ""off"", ""max_parallel_workers_per_gather"": ""0""}",measure,-,,,
I-0,default,2,C1b,jsonb,5,0.044,10.969,,1,Seq Scan,Seq Scan on T,50,30,50,30,4970,981,0,0,,0,0,8,False,"{""jit"": ""off"", ""max_parallel_workers_per_gather"": ""0""}",measure,-,,,
I-0,default,2,C1b,jsonb,6,0.066,11.115,,1,Seq Scan,Seq Scan on T,50,30,50,30,4970,981,0,0,,0,0,8,False,"{""jit"": ""off"", ""max_parallel_workers_per_gather"": ""0""}",measure,-,,,
I-0,default,2,C1b,jsonb,7,0.023,11.012,,1,Seq Scan,Seq Scan on T,50,30,50,30,4970,981,0,0,,0,0,8,False,"{""jit"": ""off"", ""max_parallel_workers_per_gather"": ""0""}",measure,-,,,
I-0,default,2,C1b,jsonb,8,0.023,11.532,,1,Seq Scan,Seq Scan on T,50,30,50,30,4970,981,0,0,,0,0,8,False,"{""jit"": ""off"", ""max_parallel_workers_per_gather"": ""0""}",measure,-,,,
I-0,default,2,C1b,jsonb,9,0.026,12.375,,1,Seq Scan,Seq Scan on T,50,30,50,30,4970,981,0,0,,0,0,8,False,"{""jit"": ""off"", ""max_parallel_workers_per_gather"": ""0""}",measure,-,,,
I-0,default,2,C1b,jsonb,10,0.043,11.698,,1,Seq Scan,Seq Scan on T,50,30,50,30,4970,981,0,0,,0,0,8,False,"{""jit"": ""off"", ""max_parallel_workers_per_gather"": ""0""}",measure,-,,,
I-0,default,2,C1b,jsonb,11,0.025,11.473,,1,Seq Scan,Seq Scan on T,50,30,50,30,4970,981,0,0,,0,0,8,False,"{""jit"": ""off"", ""max_parallel_workers_per_gather"": ""0""}",measure,-,,,
I-0,default,2,C1b,jsonb,12,0.023,10.774,,1,Seq Scan,Seq Scan on T,50,30,50,30,4970,981,0,0,,0,0,8,False,"{""jit"": ""off"", ""max_parallel_workers_per_gather"": ""0""}",measure,-,,,
I-0,default,2,C1b,jsonb,13,0.024,10.688,,1,Seq Scan,Seq Scan on T,50,30,50,30,4970,981,0,0,,0,0,8,False,"{""jit"": ""off"", ""max_parallel_workers_per_gather"": ""0""}",measure,-,,,
I-0,default,2,C1b,jsonb,14,0.023,10.785,,1,Seq Scan,Seq Scan on T,50,30,50,30,4970,981,0,0,,0,0,8,False,"{""jit"": ""off"", ""max_parallel_workers_per_gather"": ""0""}",measure,-,,,
I-0,default,2,C1b,jsonb,15,0.04,11.27,,1,Seq Scan,Seq Scan on T,50,30,50,30,4970,981,0,0,,0,0,8,False,"{""jit"": ""off"", ""max_parallel_workers_per_gather"": ""0""}",measure,-,,,
I-0,default,2,C1b,jsonb,1,0.037,11.149,0.003,1,Seq Scan,Seq Scan on T,50,30,50,30,4970,981,0,0,,0,0,8,False,"{""jit"": ""off"", ""max_parallel_workers_per_gather"": ""0""}",detail,-,,,
I-0,default,2,C1c,jsonb,1,0.026,11.451,,1,Seq Scan,Seq Scan on T,50,3,50,3,4997,981,0,0,,0,0,8,False,"{""jit"": ""off"", ""max_parallel_workers_per_gather"": ""0""}",warmup,-,,,
I-0,default,2,C1c,jsonb,2,0.022,10.683,,1,Seq Scan,Seq Scan on T,50,3,50,3,4997,981,0,0,,0,0,8,False,"{""jit"": ""off"", ""max_parallel_workers_per_gather"": ""0""}",warmup,-,,,
I-0,default,2,C1c,jsonb,3,0.025,10.553,,1,Seq Scan,Seq Scan on T,50,3,50,3,4997,981,0,0,,0,0,8,False,"{""jit"": ""off"", ""max_parallel_workers_per_gather"": ""0""}",warmup,-,,,
I-0,default,2,C1c,jsonb,1,0.022,11.139,,1,Seq Scan,Seq Scan on T,50,3,50,3,4997,981,0,0,,0,0,8,False,"{""jit"": ""off"", ""max_parallel_workers_per_gather"": ""0""}",measure,-,,,
I-0,default,2,C1c,jsonb,2,0.034,10.947,,1,Seq Scan,Seq Scan on T,50,3,50,3,4997,981,0,0,,0,0,8,False,"{""jit"": ""off"", ""max_parallel_workers_per_gather"": ""0""}",measure,-,,,
I-0,default,2,C1c,jsonb,3,0.05,13.489,,1,Seq Scan,Seq Scan on T,50,3,50,3,4997,981,0,0,,0,0,8,False,"{""jit"": ""off"", ""max_parallel_workers_per_gather"": ""0""}",measure,-,,,
I-0,default,2,C1c,jsonb,4,0.035,11.315,,1,Seq Scan,Seq Scan on T,50,3,50,3,4997,981,0,0,,0,0,8,False,"{""jit"": ""off"", ""max_parallel_workers_per_gather"": ""0""}",measure,-,,,
I-0,default,2,C1c,jsonb,5,0.022,10.458,,1,Seq Scan,Seq Scan on T,50,3,50,3,4997,981,0,0,,0,0,8,False,"{""jit"": ""off"", ""max_parallel_workers_per_gather"": ""0""}",measure,-,,,
I-0,default,2,C1c,jsonb,6,0.024,11.664,,1,Seq Scan,Seq Scan on T,50,3,50,3,4997,981,0,0,,0,0,8,False,"{""jit"": ""off"", ""max_parallel_workers_per_gather"": ""0""}",measure,-,,,
I-0,default,2,C1c,jsonb,7,0.027,10.587,,1,Seq Scan,Seq Scan on T,50,3,50,3,4997,981,0,0,,0,0,8,False,"{""jit"": ""off"", ""max_parallel_workers_per_gather"": ""0""}",measure,-,,,
I-0,default,2,C1c,jsonb,8,0.022,12.314,,1,Seq Scan,Seq Scan on T,50,3,50,3,4997,981,0,0,,0,0,8,False,"{""jit"": ""off"", ""max_parallel_workers_per_gather"": ""0""}",measure,-,,,
I-0,default,2,C1c,jsonb,9,0.031,11.335,,1,Seq Scan,Seq Scan on T,50,3,50,3,4997,981,0,0,,0,0,8,False,"{""jit"": ""off"", ""max_parallel_workers_per_gather"": ""0""}",measure,-,,,
I-0,default,2,C1c,jsonb,10,0.022,10.396,,1,Seq Scan,Seq Scan on T,50,3,50,3,4997,981,0,0,,0,0,8,False,"{""jit"": ""off"", ""max_parallel_workers_per_gather"": ""0""}",measure,-,,,
I-0,default,2,C1c,jsonb,11,0.025,10.475,,1,Seq Scan,Seq Scan on T,50,3,50,3,4997,981,0,0,,0,0,8,False,"{""jit"": ""off"", ""max_parallel_workers_per_gather"": ""0""}",measure,-,,,
I-0,default,2,C1c,jsonb,12,0.022,10.506,,1,Seq Scan,Seq Scan on T,50,3,50,3,4997,981,0,0,,0,0,8,False,"{""jit"": ""off"", ""max_parallel_workers_per_gather"": ""0""}",measure,-,,,
I-0,default,2,C1c,jsonb,13,0.025,10.289,,1,Seq Scan,Seq Scan on T,50,3,50,3,4997,981,0,0,,0,0,8,False,"{""jit"": ""off"", ""max_parallel_workers_per_gather"": ""0""}",measure,-,,,
I-0,default,2,C1c,jsonb,14,0.022,11.897,,1,Seq Scan,Seq Scan on T,50,3,50,3,4997,981,0,0,,0,0,8,False,"{""jit"": ""off"", ""max_parallel_workers_per_gather"": ""0""}",measure,-,,,
I-0,default,2,C1c,jsonb,15,0.033,12.524,,1,Seq Scan,Seq Scan on T,50,3,50,3,4997,981,0,0,,0,0,8,False,"{""jit"": ""off"", ""max_parallel_workers_per_gather"": ""0""}",measure,-,,,
I-0,default,2,C1c,jsonb,1,0.032,11.509,0.002,1,Seq Scan,Seq Scan on T,50,3,50,3,4997,981,0,0,,0,0,8,False,"{""jit"": ""off"", ""max_parallel_workers_per_gather"": ""0""}",detail,-,,,
I-0,default,2,C1d,jsonb,1,0.03,11.59,,3,Seq Scan,Seq Scan on T,50,225,50,225,4775,981,0,0,,0,0,8,False,"{""jit"": ""off"", ""max_parallel_workers_per_gather"": ""0""}",warmup,-,,,
I-0,default,2,C1d,jsonb,2,0.023,11.449,,3,Seq Scan,Seq Scan on T,50,225,50,225,4775,981,0,0,,0,0,8,False,"{""jit"": ""off"", ""max_parallel_workers_per_gather"": ""0""}",warmup,-,,,
I-0,default,2,C1d,jsonb,3,0.024,11.001,,3,Seq Scan,Seq Scan on T,50,225,50,225,4775,981,0,0,,0,0,8,False,"{""jit"": ""off"", ""max_parallel_workers_per_gather"": ""0""}",warmup,-,,,
I-0,default,2,C1d,jsonb,1,0.025,11.004,,3,Seq Scan,Seq Scan on T,50,225,50,225,4775,981,0,0,,0,0,8,False,"{""jit"": ""off"", ""max_parallel_workers_per_gather"": ""0""}",measure,-,,,
I-0,default,2,C1d,jsonb,2,0.023,11.134,,3,Seq Scan,Seq Scan on T,50,225,50,225,4775,981,0,0,,0,0,8,False,"{""jit"": ""off"", ""max_parallel_workers_per_gather"": ""0""}",measure,-,,,
I-0,default,2,C1d,jsonb,3,0.026,11.043,,3,Seq Scan,Seq Scan on T,50,225,50,225,4775,981,0,0,,0,0,8,False,"{""jit"": ""off"", ""max_parallel_workers_per_gather"": ""0""}",measure,-,,,
I-0,default,2,C1d,jsonb,4,0.023,10.773,,3,Seq Scan,Seq Scan on T,50,225,50,225,4775,981,0,0,,0,0,8,False,"{""jit"": ""off"", ""max_parallel_workers_per_gather"": ""0""}",measure,-,,,
I-0,default,2,C1d,jsonb,5,0.022,10.685,,3,Seq Scan,Seq Scan on T,50,225,50,225,4775,981,0,0,,0,0,8,False,"{""jit"": ""off"", ""max_parallel_workers_per_gather"": ""0""}",measure,-,,,
I-0,default,2,C1d,jsonb,6,0.022,12.422,,3,Seq Scan,Seq Scan on T,50,225,50,225,4775,981,0,0,,0,0,8,False,"{""jit"": ""off"", ""max_parallel_workers_per_gather"": ""0""}",measure,-,,,
I-0,default,2,C1d,jsonb,7,0.028,12.042,,3,Seq Scan,Seq Scan on T,50,225,50,225,4775,981,0,0,,0,0,8,False,"{""jit"": ""off"", ""max_parallel_workers_per_gather"": ""0""}",measure,-,,,
I-0,default,2,C1d,jsonb,8,0.027,11.83,,3,Seq Scan,Seq Scan on T,50,225,50,225,4775,981,0,0,,0,0,8,False,"{""jit"": ""off"", ""max_parallel_workers_per_gather"": ""0""}",measure,-,,,
I-0,default,2,C1d,jsonb,9,0.032,11.831,,3,Seq Scan,Seq Scan on T,50,225,50,225,4775,981,0,0,,0,0,8,False,"{""jit"": ""off"", ""max_parallel_workers_per_gather"": ""0""}",measure,-,,,
I-0,default,2,C1d,jsonb,10,0.022,10.951,,3,Seq Scan,Seq Scan on T,50,225,50,225,4775,981,0,0,,0,0,8,False,"{""jit"": ""off"", ""max_parallel_workers_per_gather"": ""0""}",measure,-,,,
I-0,default,2,C1d,jsonb,11,0.024,10.689,,3,Seq Scan,Seq Scan on T,50,225,50,225,4775,981,0,0,,0,0,8,False,"{""jit"": ""off"", ""max_parallel_workers_per_gather"": ""0""}",measure,-,,,
I-0,default,2,C1d,jsonb,12,0.022,10.948,,3,Seq Scan,Seq Scan on T,50,225,50,225,4775,981,0,0,,0,0,8,False,"{""jit"": ""off"", ""max_parallel_workers_per_gather"": ""0""}",measure,-,,,
I-0,default,2,C1d,jsonb,13,0.025,10.926,,3,Seq Scan,Seq Scan on T,50,225,50,225,4775,981,0,0,,0,0,8,False,"{""jit"": ""off"", ""max_parallel_workers_per_gather"": ""0""}",measure,-,,,
I-0,default,2,C1d,jsonb,14,0.024,11.078,,3,Seq Scan,Seq Scan on T,50,225,50,225,4775,981,0,0,,0,0,8,False,"{""jit"": ""off"", ""max_parallel_workers_per_gather"": ""0""}",measure,-,,,
I-0,default,2,C1d,jsonb,15,0.025,12.139,,3,Seq Scan,Seq Scan on T,50,225,50,225,4775,981,0,0,,0,0,8,False,"{""jit"": ""off"", ""max_parallel_workers_per_gather"": ""0""}",measure,-,,,
I-0,default,2,C1d,jsonb,1,0.034,12.184,0.018,3,Seq Scan,Seq Scan on T,50,225,50,225,4775,981,0,0,,0,0,8,False,"{""jit"": ""off"", ""max_parallel_workers_per_gather"": ""0""}",detail,-,,,
I-0,default,2,C2,jsonb,1,0.032,11.3,,1,Seq Scan,Seq Scan on T,50,3,50,3,4997,981,0,0,,0,0,8,False,"{""jit"": ""off"", ""max_parallel_workers_per_gather"": ""0""}",warmup,-,,,
I-0,default,2,C2,jsonb,2,0.027,10.574,,1,Seq Scan,Seq Scan on T,50,3,50,3,4997,981,0,0,,0,0,8,False,"{""jit"": ""off"", ""max_parallel_workers_per_gather"": ""0""}",warmup,-,,,
I-0,default,2,C2,jsonb,3,0.054,11.044,,1,Seq Scan,Seq Scan on T,50,3,50,3,4997,981,0,0,,0,0,8,False,"{""jit"": ""off"", ""max_parallel_workers_per_gather"": ""0""}",warmup,-,,,
I-0,default,2,C2,jsonb,1,0.027,10.038,,1,Seq Scan,Seq Scan on T,50,3,50,3,4997,981,0,0,,0,0,8,False,"{""jit"": ""off"", ""max_parallel_workers_per_gather"": ""0""}",measure,-,,,
I-0,default,2,C2,jsonb,2,0.022,10.593,,1,Seq Scan,Seq Scan on T,50,3,50,3,4997,981,0,0,,0,0,8,False,"{""jit"": ""off"", ""max_parallel_workers_per_gather"": ""0""}",measure,-,,,
I-0,default,2,C2,jsonb,3,0.032,9.982,,1,Seq Scan,Seq Scan on T,50,3,50,3,4997,981,0,0,,0,0,8,False,"{""jit"": ""off"", ""max_parallel_workers_per_gather"": ""0""}",measure,-,,,
I-0,default,2,C2,jsonb,4,0.023,10.136,,1,Seq Scan,Seq Scan on T,50,3,50,3,4997,981,0,0,,0,0,8,False,"{""jit"": ""off"", ""max_parallel_workers_per_gather"": ""0""}",measure,-,,,
I-0,default,2,C2,jsonb,5,0.027,9.796,,1,Seq Scan,Seq Scan on T,50,3,50,3,4997,981,0,0,,0,0,8,False,"{""jit"": ""off"", ""max_parallel_workers_per_gather"": ""0""}",measure,-,,,
I-0,default,2,C2,jsonb,6,0.023,9.767,,1,Seq Scan,Seq Scan on T,50,3,50,3,4997,981,0,0,,0,0,8,False,"{""jit"": ""off"", ""max_parallel_workers_per_gather"": ""0""}",measure,-,,,
I-0,default,2,C2,jsonb,7,0.025,9.896,,1,Seq Scan,Seq Scan on T,50,3,50,3,4997,981,0,0,,0,0,8,False,"{""jit"": ""off"", ""max_parallel_workers_per_gather"": ""0""}",measure,-,,,
I-0,default,2,C2,jsonb,8,0.023,10.825,,1,Seq Scan,Seq Scan on T,50,3,50,3,4997,981,0,0,,0,0,8,False,"{""jit"": ""off"", ""max_parallel_workers_per_gather"": ""0""}",measure,-,,,
I-0,default,2,C2,jsonb,9,0.028,9.823,,1,Seq Scan,Seq Scan on T,50,3,50,3,4997,981,0,0,,0,0,8,False,"{""jit"": ""off"", ""max_parallel_workers_per_gather"": ""0""}",measure,-,,,
I-0,default,2,C2,jsonb,10,0.022,9.864,,1,Seq Scan,Seq Scan on T,50,3,50,3,4997,981,0,0,,0,0,8,False,"{""jit"": ""off"", ""max_parallel_workers_per_gather"": ""0""}",measure,-,,,
I-0,default,2,C2,jsonb,11,0.025,10.245,,1,Seq Scan,Seq Scan on T,50,3,50,3,4997,981,0,0,,0,0,8,False,"{""jit"": ""off"", ""max_parallel_workers_per_gather"": ""0""}",measure,-,,,
I-0,default,2,C2,jsonb,12,0.029,10.403,,1,Seq Scan,Seq Scan on T,50,3,50,3,4997,981,0,0,,0,0,8,False,"{""jit"": ""off"", ""max_parallel_workers_per_gather"": ""0""}",measure,-,,,
I-0,default,2,C2,jsonb,13,0.024,10.045,,1,Seq Scan,Seq Scan on T,50,3,50,3,4997,981,0,0,,0,0,8,False,"{""jit"": ""off"", ""max_parallel_workers_per_gather"": ""0""}",measure,-,,,
I-0,default,2,C2,jsonb,14,0.023,9.673,,1,Seq Scan,Seq Scan on T,50,3,50,3,4997,981,0,0,,0,0,8,False,"{""jit"": ""off"", ""max_parallel_workers_per_gather"": ""0""}",measure,-,,,
I-0,default,2,C2,jsonb,15,0.022,9.618,,1,Seq Scan,Seq Scan on T,50,3,50,3,4997,981,0,0,,0,0,8,False,"{""jit"": ""off"", ""max_parallel_workers_per_gather"": ""0""}",measure,-,,,
I-0,default,2,C2,jsonb,1,0.024,12.105,0.003,1,Seq Scan,Seq Scan on T,50,3,50,3,4997,981,0,0,,0,0,8,False,"{""jit"": ""off"", ""max_parallel_workers_per_gather"": ""0""}",detail,-,,,
I-0,default,2,C3,jsonb,1,0.034,11.596,,1,Seq Scan,Seq Scan on T,50,30,50,30,4970,981,0,0,,0,0,8,False,"{""jit"": ""off"", ""max_parallel_workers_per_gather"": ""0""}",warmup,-,,,
I-0,default,2,C3,jsonb,2,0.024,11.191,,1,Seq Scan,Seq Scan on T,50,30,50,30,4970,981,0,0,,0,0,8,False,"{""jit"": ""off"", ""max_parallel_workers_per_gather"": ""0""}",warmup,-,,,
I-0,default,2,C3,jsonb,3,0.025,11.132,,1,Seq Scan,Seq Scan on T,50,30,50,30,4970,981,0,0,,0,0,8,False,"{""jit"": ""off"", ""max_parallel_workers_per_gather"": ""0""}",warmup,-,,,
I-0,default,2,C3,jsonb,1,0.025,16.498,,1,Seq Scan,Seq Scan on T,50,30,50,30,4970,981,0,0,,0,0,8,False,"{""jit"": ""off"", ""max_parallel_workers_per_gather"": ""0""}",measure,-,,,
I-0,default,2,C3,jsonb,2,0.029,12.942,,1,Seq Scan,Seq Scan on T,50,30,50,30,4970,981,0,0,,0,0,8,False,"{""jit"": ""off"", ""max_parallel_workers_per_gather"": ""0""}",measure,-,,,
I-0,default,2,C3,jsonb,3,0.027,12.165,,1,Seq Scan,Seq Scan on T,50,30,50,30,4970,981,0,0,,0,0,8,False,"{""jit"": ""off"", ""max_parallel_workers_per_gather"": ""0""}",measure,-,,,
I-0,default,2,C3,jsonb,4,0.023,11.332,,1,Seq Scan,Seq Scan on T,50,30,50,30,4970,981,0,0,,0,0,8,False,"{""jit"": ""off"", ""max_parallel_workers_per_gather"": ""0""}",measure,-,,,
I-0,default,2,C3,jsonb,5,0.025,10.756,,1,Seq Scan,Seq Scan on T,50,30,50,30,4970,981,0,0,,0,0,8,False,"{""jit"": ""off"", ""max_parallel_workers_per_gather"": ""0""}",measure,-,,,
I-0,default,2,C3,jsonb,6,0.023,10.987,,1,Seq Scan,Seq Scan on T,50,30,50,30,4970,981,0,0,,0,0,8,False,"{""jit"": ""off"", ""max_parallel_workers_per_gather"": ""0""}",measure,-,,,
I-0,default,2,C3,jsonb,7,0.025,11.394,,1,Seq Scan,Seq Scan on T,50,30,50,30,4970,981,0,0,,0,0,8,False,"{""jit"": ""off"", ""max_parallel_workers_per_gather"": ""0""}",measure,-,,,
I-0,default,2,C3,jsonb,8,0.027,11.175,,1,Seq Scan,Seq Scan on T,50,30,50,30,4970,981,0,0,,0,0,8,False,"{""jit"": ""off"", ""max_parallel_workers_per_gather"": ""0""}",measure,-,,,
I-0,default,2,C3,jsonb,9,0.025,12.599,,1,Seq Scan,Seq Scan on T,50,30,50,30,4970,981,0,0,,0,0,8,False,"{""jit"": ""off"", ""max_parallel_workers_per_gather"": ""0""}",measure,-,,,
I-0,default,2,C3,jsonb,10,0.031,11.244,,1,Seq Scan,Seq Scan on T,50,30,50,30,4970,981,0,0,,0,0,8,False,"{""jit"": ""off"", ""max_parallel_workers_per_gather"": ""0""}",measure,-,,,
I-0,default,2,C3,jsonb,11,0.024,11.036,,1,Seq Scan,Seq Scan on T,50,30,50,30,4970,981,0,0,,0,0,8,False,"{""jit"": ""off"", ""max_parallel_workers_per_gather"": ""0""}",measure,-,,,
I-0,default,2,C3,jsonb,12,0.024,10.79,,1,Seq Scan,Seq Scan on T,50,30,50,30,4970,981,0,0,,0,0,8,False,"{""jit"": ""off"", ""max_parallel_workers_per_gather"": ""0""}",measure,-,,,
I-0,default,2,C3,jsonb,13,0.025,10.286,,1,Seq Scan,Seq Scan on T,50,30,50,30,4970,981,0,0,,0,0,8,False,"{""jit"": ""off"", ""max_parallel_workers_per_gather"": ""0""}",measure,-,,,
I-0,default,2,C3,jsonb,14,0.021,10.583,,1,Seq Scan,Seq Scan on T,50,30,50,30,4970,981,0,0,,0,0,8,False,"{""jit"": ""off"", ""max_parallel_workers_per_gather"": ""0""}",measure,-,,,
I-0,default,2,C3,jsonb,15,0.023,10.943,,1,Seq Scan,Seq Scan on T,50,30,50,30,4970,981,0,0,,0,0,8,False,"{""jit"": ""off"", ""max_parallel_workers_per_gather"": ""0""}",measure,-,,,
I-0,default,2,C3,jsonb,1,0.045,12.771,0.005,1,Seq Scan,Seq Scan on T,50,30,50,30,4970,981,0,0,,0,0,8,False,"{""jit"": ""off"", ""max_parallel_workers_per_gather"": ""0""}",detail,-,,,
I-0,default,2,C3b,jsonb,1,0.027,10.56,,1,Seq Scan,Seq Scan on T,50,12,50,12,4988,981,0,0,,0,0,8,False,"{""jit"": ""off"", ""max_parallel_workers_per_gather"": ""0""}",warmup,-,,,
I-0,default,2,C3b,jsonb,2,0.023,10.104,,1,Seq Scan,Seq Scan on T,50,12,50,12,4988,981,0,0,,0,0,8,False,"{""jit"": ""off"", ""max_parallel_workers_per_gather"": ""0""}",warmup,-,,,
I-0,default,2,C3b,jsonb,3,0.023,10.153,,1,Seq Scan,Seq Scan on T,50,12,50,12,4988,981,0,0,,0,0,8,False,"{""jit"": ""off"", ""max_parallel_workers_per_gather"": ""0""}",warmup,-,,,
I-0,default,2,C3b,jsonb,1,0.022,13.278,,1,Seq Scan,Seq Scan on T,50,12,50,12,4988,981,0,0,,0,0,8,False,"{""jit"": ""off"", ""max_parallel_workers_per_gather"": ""0""}",measure,-,,,
I-0,default,2,C3b,jsonb,2,0.036,11.128,,1,Seq Scan,Seq Scan on T,50,12,50,12,4988,981,0,0,,0,0,8,False,"{""jit"": ""off"", ""max_parallel_workers_per_gather"": ""0""}",measure,-,,,
I-0,default,2,C3b,jsonb,3,0.031,17.76,,1,Seq Scan,Seq Scan on T,50,12,50,12,4988,981,0,0,,0,0,8,False,"{""jit"": ""off"", ""max_parallel_workers_per_gather"": ""0""}",measure,-,,,
I-0,default,2,C3b,jsonb,4,0.029,11.054,,1,Seq Scan,Seq Scan on T,50,12,50,12,4988,981,0,0,,0,0,8,False,"{""jit"": ""off"", ""max_parallel_workers_per_gather"": ""0""}",measure,-,,,
I-0,default,2,C3b,jsonb,5,0.024,13.101,,1,Seq Scan,Seq Scan on T,50,12,50,12,4988,981,0,0,,0,0,8,False,"{""jit"": ""off"", ""max_parallel_workers_per_gather"": ""0""}",measure,-,,,
I-0,default,2,C3b,jsonb,6,0.033,12.365,,1,Seq Scan,Seq Scan on T,50,12,50,12,4988,981,0,0,,0,0,8,False,"{""jit"": ""off"", ""max_parallel_workers_per_gather"": ""0""}",measure,-,,,
I-0,default,2,C3b,jsonb,7,0.028,11.533,,1,Seq Scan,Seq Scan on T,50,12,50,12,4988,981,0,0,,0,0,8,False,"{""jit"": ""off"", ""max_parallel_workers_per_gather"": ""0""}",measure,-,,,
I-0,default,2,C3b,jsonb,8,0.026,10.881,,1,Seq Scan,Seq Scan on T,50,12,50,12,4988,981,0,0,,0,0,8,False,"{""jit"": ""off"", ""max_parallel_workers_per_gather"": ""0""}",measure,-,,,
I-0,default,2,C3b,jsonb,9,0.023,10.763,,1,Seq Scan,Seq Scan on T,50,12,50,12,4988,981,0,0,,0,0,8,False,"{""jit"": ""off"", ""max_parallel_workers_per_gather"": ""0""}",measure,-,,,
I-0,default,2,C3b,jsonb,10,0.023,9.934,,1,Seq Scan,Seq Scan on T,50,12,50,12,4988,981,0,0,,0,0,8,False,"{""jit"": ""off"", ""max_parallel_workers_per_gather"": ""0""}",measure,-,,,
I-0,default,2,C3b,jsonb,11,0.023,10.498,,1,Seq Scan,Seq Scan on T,50,12,50,12,4988,981,0,0,,0,0,8,False,"{""jit"": ""off"", ""max_parallel_workers_per_gather"": ""0""}",measure,-,,,
I-0,default,2,C3b,jsonb,12,0.058,10.617,,1,Seq Scan,Seq Scan on T,50,12,50,12,4988,981,0,0,,0,0,8,False,"{""jit"": ""off"", ""max_parallel_workers_per_gather"": ""0""}",measure,-,,,
I-0,default,2,C3b,jsonb,13,0.028,11.952,,1,Seq Scan,Seq Scan on T,50,12,50,12,4988,981,0,0,,0,0,8,False,"{""jit"": ""off"", ""max_parallel_workers_per_gather"": ""0""}",measure,-,,,
I-0,default,2,C3b,jsonb,14,0.031,10.745,,1,Seq Scan,Seq Scan on T,50,12,50,12,4988,981,0,0,,0,0,8,False,"{""jit"": ""off"", ""max_parallel_workers_per_gather"": ""0""}",measure,-,,,
I-0,default,2,C3b,jsonb,15,0.025,10.536,,1,Seq Scan,Seq Scan on T,50,12,50,12,4988,981,0,0,,0,0,8,False,"{""jit"": ""off"", ""max_parallel_workers_per_gather"": ""0""}",measure,-,,,
I-0,default,2,C3b,jsonb,1,0.023,10.431,0.002,1,Seq Scan,Seq Scan on T,50,12,50,12,4988,981,0,0,,0,0,8,False,"{""jit"": ""off"", ""max_parallel_workers_per_gather"": ""0""}",detail,-,,,
I-0,default,2,Q21,jsonb,1,0.023,10.827,,1,Seq Scan,Seq Scan on T,2500,30,2500,30,4970,981,0,0,,0,0,8,False,"{""jit"": ""off"", ""max_parallel_workers_per_gather"": ""0""}",warmup,-,,,
I-0,default,2,Q21,jsonb,2,0.023,11.533,,1,Seq Scan,Seq Scan on T,2500,30,2500,30,4970,981,0,0,,0,0,8,False,"{""jit"": ""off"", ""max_parallel_workers_per_gather"": ""0""}",warmup,-,,,
I-0,default,2,Q21,jsonb,3,0.04,11.043,,1,Seq Scan,Seq Scan on T,2500,30,2500,30,4970,981,0,0,,0,0,8,False,"{""jit"": ""off"", ""max_parallel_workers_per_gather"": ""0""}",warmup,-,,,
I-0,default,2,Q21,jsonb,1,0.023,11.025,,1,Seq Scan,Seq Scan on T,2500,30,2500,30,4970,981,0,0,,0,0,8,False,"{""jit"": ""off"", ""max_parallel_workers_per_gather"": ""0""}",measure,-,,,
I-0,default,2,Q21,jsonb,2,0.023,11.151,,1,Seq Scan,Seq Scan on T,2500,30,2500,30,4970,981,0,0,,0,0,8,False,"{""jit"": ""off"", ""max_parallel_workers_per_gather"": ""0""}",measure,-,,,
I-0,default,2,Q21,jsonb,3,0.031,19.454,,1,Seq Scan,Seq Scan on T,2500,30,2500,30,4970,981,0,0,,0,0,8,False,"{""jit"": ""off"", ""max_parallel_workers_per_gather"": ""0""}",measure,-,,,
I-0,default,2,Q21,jsonb,4,0.043,11.992,,1,Seq Scan,Seq Scan on T,2500,30,2500,30,4970,981,0,0,,0,0,8,False,"{""jit"": ""off"", ""max_parallel_workers_per_gather"": ""0""}",measure,-,,,
I-0,default,2,Q21,jsonb,5,0.023,10.606,,1,Seq Scan,Seq Scan on T,2500,30,2500,30,4970,981,0,0,,0,0,8,False,"{""jit"": ""off"", ""max_parallel_workers_per_gather"": ""0""}",measure,-,,,
I-0,default,2,Q21,jsonb,6,0.022,13.407,,1,Seq Scan,Seq Scan on T,2500,30,2500,30,4970,981,0,0,,0,0,8,False,"{""jit"": ""off"", ""max_parallel_workers_per_gather"": ""0""}",measure,-,,,
I-0,default,2,Q21,jsonb,7,0.032,11.303,,1,Seq Scan,Seq Scan on T,2500,30,2500,30,4970,981,0,0,,0,0,8,False,"{""jit"": ""off"", ""max_parallel_workers_per_gather"": ""0""}",measure,-,,,
I-0,default,2,Q21,jsonb,8,0.024,11.115,,1,Seq Scan,Seq Scan on T,2500,30,2500,30,4970,981,0,0,,0,0,8,False,"{""jit"": ""off"", ""max_parallel_workers_per_gather"": ""0""}",measure,-,,,
I-0,default,2,Q21,jsonb,9,0.021,10.761,,1,Seq Scan,Seq Scan on T,2500,30,2500,30,4970,981,0,0,,0,0,8,False,"{""jit"": ""off"", ""max_parallel_workers_per_gather"": ""0""}",measure,-,,,
I-0,default,2,Q21,jsonb,10,0.023,10.416,,1,Seq Scan,Seq Scan on T,2500,30,2500,30,4970,981,0,0,,0,0,8,False,"{""jit"": ""off"", ""max_parallel_workers_per_gather"": ""0""}",measure,-,,,
I-0,default,2,Q21,jsonb,11,0.02,10.426,,1,Seq Scan,Seq Scan on T,2500,30,2500,30,4970,981,0,0,,0,0,8,False,"{""jit"": ""off"", ""max_parallel_workers_per_gather"": ""0""}",measure,-,,,
I-0,default,2,Q21,jsonb,12,0.022,10.68,,1,Seq Scan,Seq Scan on T,2500,30,2500,30,4970,981,0,0,,0,0,8,False,"{""jit"": ""off"", ""max_parallel_workers_per_gather"": ""0""}",measure,-,,,
I-0,default,2,Q21,jsonb,13,0.023,11.015,,1,Seq Scan,Seq Scan on T,2500,30,2500,30,4970,981,0,0,,0,0,8,False,"{""jit"": ""off"", ""max_parallel_workers_per_gather"": ""0""}",measure,-,,,
I-0,default,2,Q21,jsonb,14,0.02,11.389,,1,Seq Scan,Seq Scan on T,2500,30,2500,30,4970,981,0,0,,0,0,8,False,"{""jit"": ""off"", ""max_parallel_workers_per_gather"": ""0""}",measure,-,,,
I-0,default,2,Q21,jsonb,15,0.025,11.905,,1,Seq Scan,Seq Scan on T,2500,30,2500,30,4970,981,0,0,,0,0,8,False,"{""jit"": ""off"", ""max_parallel_workers_per_gather"": ""0""}",measure,-,,,
I-0,default,2,Q21,jsonb,1,0.024,11.423,0.004,1,Seq Scan,Seq Scan on T,2500,30,2500,30,4970,981,0,0,,0,0,8,False,"{""jit"": ""off"", ""max_parallel_workers_per_gather"": ""0""}",detail,-,,,
I-1,default,1,Q07,json,1,3.171,0.095,,1,Index Scan,Index Scan using T_i1a_record_validity,12,12,12,12,,14,0,0,,0,22,21,False,"{""jit"": ""off"", ""max_parallel_workers_per_gather"": ""0""}",warmup,T_i1a_record_validity,,,0
I-1,default,1,Q07,jsonb,1,3.08,0.062,,1,Index Scan,Index Scan using T_i1a_record_validity,12,12,12,12,,14,0,0,,0,19,21,False,"{""jit"": ""off"", ""max_parallel_workers_per_gather"": ""0""}",warmup,T_i1a_record_validity,,,0
I-1,default,1,Q07,json,2,0.044,0.017,,1,Index Scan,Index Scan using T_i1a_record_validity,12,12,12,12,,14,0,0,,0,0,17,False,"{""jit"": ""off"", ""max_parallel_workers_per_gather"": ""0""}",warmup,T_i1a_record_validity,,,0
I-1,default,1,Q07,jsonb,2,0.042,0.016,,1,Index Scan,Index Scan using T_i1a_record_validity,12,12,12,12,,14,0,0,,0,0,17,False,"{""jit"": ""off"", ""max_parallel_workers_per_gather"": ""0""}",warmup,T_i1a_record_validity,,,0
I-1,default,1,Q07,json,3,0.042,0.016,,1,Index Scan,Index Scan using T_i1a_record_validity,12,12,12,12,,14,0,0,,0,0,17,False,"{""jit"": ""off"", ""max_parallel_workers_per_gather"": ""0""}",warmup,T_i1a_record_validity,,,0
I-1,default,1,Q07,jsonb,3,0.041,0.015,,1,Index Scan,Index Scan using T_i1a_record_validity,12,12,12,12,,14,0,0,,0,0,17,False,"{""jit"": ""off"", ""max_parallel_workers_per_gather"": ""0""}",warmup,T_i1a_record_validity,,,0
I-1,default,1,Q07,json,1,0.041,0.015,,1,Index Scan,Index Scan using T_i1a_record_validity,12,12,12,12,,14,0,0,,0,0,17,False,"{""jit"": ""off"", ""max_parallel_workers_per_gather"": ""0""}",measure,T_i1a_record_validity,,,0
I-1,default,1,Q07,jsonb,1,0.041,0.015,,1,Index Scan,Index Scan using T_i1a_record_validity,12,12,12,12,,14,0,0,,0,0,17,False,"{""jit"": ""off"", ""max_parallel_workers_per_gather"": ""0""}",measure,T_i1a_record_validity,,,0
I-1,default,1,Q07,jsonb,2,0.04,0.015,,1,Index Scan,Index Scan using T_i1a_record_validity,12,12,12,12,,14,0,0,,0,0,17,False,"{""jit"": ""off"", ""max_parallel_workers_per_gather"": ""0""}",measure,T_i1a_record_validity,,,0
I-1,default,1,Q07,json,2,0.041,0.015,,1,Index Scan,Index Scan using T_i1a_record_validity,12,12,12,12,,14,0,0,,0,0,17,False,"{""jit"": ""off"", ""max_parallel_workers_per_gather"": ""0""}",measure,T_i1a_record_validity,,,0
I-1,default,1,Q07,json,3,0.041,0.015,,1,Index Scan,Index Scan using T_i1a_record_validity,12,12,12,12,,14,0,0,,0,0,17,False,"{""jit"": ""off"", ""max_parallel_workers_per_gather"": ""0""}",measure,T_i1a_record_validity,,,0
I-1,default,1,Q07,jsonb,3,0.041,0.015,,1,Index Scan,Index Scan using T_i1a_record_validity,12,12,12,12,,14,0,0,,0,0,17,False,"{""jit"": ""off"", ""max_parallel_workers_per_gather"": ""0""}",measure,T_i1a_record_validity,,,0
I-1,default,1,Q07,jsonb,4,0.04,0.015,,1,Index Scan,Index Scan using T_i1a_record_validity,12,12,12,12,,14,0,0,,0,0,17,False,"{""jit"": ""off"", ""max_parallel_workers_per_gather"": ""0""}",measure,T_i1a_record_validity,,,0
I-1,default,1,Q07,json,4,0.045,0.017,,1,Index Scan,Index Scan using T_i1a_record_validity,12,12,12,12,,14,0,0,,0,0,17,False,"{""jit"": ""off"", ""max_parallel_workers_per_gather"": ""0""}",measure,T_i1a_record_validity,,,0
I-1,default,1,Q07,json,5,0.042,0.015,,1,Index Scan,Index Scan using T_i1a_record_validity,12,12,12,12,,14,0,0,,0,0,17,False,"{""jit"": ""off"", ""max_parallel_workers_per_gather"": ""0""}",measure,T_i1a_record_validity,,,0
I-1,default,1,Q07,jsonb,5,0.041,0.015,,1,Index Scan,Index Scan using T_i1a_record_validity,12,12,12,12,,14,0,0,,0,0,17,False,"{""jit"": ""off"", ""max_parallel_workers_per_gather"": ""0""}",measure,T_i1a_record_validity,,,0
I-1,default,1,Q07,jsonb,6,0.04,0.015,,1,Index Scan,Index Scan using T_i1a_record_validity,12,12,12,12,,14,0,0,,0,0,17,False,"{""jit"": ""off"", ""max_parallel_workers_per_gather"": ""0""}",measure,T_i1a_record_validity,,,0
I-1,default,1,Q07,json,6,0.041,0.015,,1,Index Scan,Index Scan using T_i1a_record_validity,12,12,12,12,,14,0,0,,0,0,17,False,"{""jit"": ""off"", ""max_parallel_workers_per_gather"": ""0""}",measure,T_i1a_record_validity,,,0
I-1,default,1,Q07,json,7,0.041,0.015,,1,Index Scan,Index Scan using T_i1a_record_validity,12,12,12,12,,14,0,0,,0,0,17,False,"{""jit"": ""off"", ""max_parallel_workers_per_gather"": ""0""}",measure,T_i1a_record_validity,,,0
I-1,default,1,Q07,jsonb,7,0.04,0.015,,1,Index Scan,Index Scan using T_i1a_record_validity,12,12,12,12,,14,0,0,,0,0,17,False,"{""jit"": ""off"", ""max_parallel_workers_per_gather"": ""0""}",measure,T_i1a_record_validity,,,0
I-1,default,1,Q07,jsonb,8,0.04,0.014,,1,Index Scan,Index Scan using T_i1a_record_validity,12,12,12,12,,14,0,0,,0,0,17,False,"{""jit"": ""off"", ""max_parallel_workers_per_gather"": ""0""}",measure,T_i1a_record_validity,,,0
I-1,default,1,Q07,json,8,0.04,0.015,,1,Index Scan,Index Scan using T_i1a_record_validity,12,12,12,12,,14,0,0,,0,0,17,False,"{""jit"": ""off"", ""max_parallel_workers_per_gather"": ""0""}",measure,T_i1a_record_validity,,,0
I-1,default,1,Q07,json,9,0.04,0.015,,1,Index Scan,Index Scan using T_i1a_record_validity,12,12,12,12,,14,0,0,,0,0,17,False,"{""jit"": ""off"", ""max_parallel_workers_per_gather"": ""0""}",measure,T_i1a_record_validity,,,0
I-1,default,1,Q07,jsonb,9,0.04,0.015,,1,Index Scan,Index Scan using T_i1a_record_validity,12,12,12,12,,14,0,0,,0,0,17,False,"{""jit"": ""off"", ""max_parallel_workers_per_gather"": ""0""}",measure,T_i1a_record_validity,,,0
I-1,default,1,Q07,jsonb,10,0.045,0.017,,1,Index Scan,Index Scan using T_i1a_record_validity,12,12,12,12,,14,0,0,,0,0,17,False,"{""jit"": ""off"", ""max_parallel_workers_per_gather"": ""0""}",measure,T_i1a_record_validity,,,0
I-1,default,1,Q07,json,10,0.043,0.016,,1,Index Scan,Index Scan using T_i1a_record_validity,12,12,12,12,,14,0,0,,0,0,17,False,"{""jit"": ""off"", ""max_parallel_workers_per_gather"": ""0""}",measure,T_i1a_record_validity,,,0
I-1,default,1,Q07,json,11,0.042,0.016,,1,Index Scan,Index Scan using T_i1a_record_validity,12,12,12,12,,14,0,0,,0,0,17,False,"{""jit"": ""off"", ""max_parallel_workers_per_gather"": ""0""}",measure,T_i1a_record_validity,,,0
I-1,default,1,Q07,jsonb,11,0.041,0.015,,1,Index Scan,Index Scan using T_i1a_record_validity,12,12,12,12,,14,0,0,,0,0,17,False,"{""jit"": ""off"", ""max_parallel_workers_per_gather"": ""0""}",measure,T_i1a_record_validity,,,0
I-1,default,1,Q07,jsonb,12,0.04,0.015,,1,Index Scan,Index Scan using T_i1a_record_validity,12,12,12,12,,14,0,0,,0,0,17,False,"{""jit"": ""off"", ""max_parallel_workers_per_gather"": ""0""}",measure,T_i1a_record_validity,,,0
I-1,default,1,Q07,json,12,0.041,0.015,,1,Index Scan,Index Scan using T_i1a_record_validity,12,12,12,12,,14,0,0,,0,0,17,False,"{""jit"": ""off"", ""max_parallel_workers_per_gather"": ""0""}",measure,T_i1a_record_validity,,,0
I-1,default,1,Q07,json,13,0.085,0.015,,1,Index Scan,Index Scan using T_i1a_record_validity,12,12,12,12,,14,0,0,,0,0,17,False,"{""jit"": ""off"", ""max_parallel_workers_per_gather"": ""0""}",measure,T_i1a_record_validity,,,0
I-1,default,1,Q07,jsonb,13,0.04,0.015,,1,Index Scan,Index Scan using T_i1a_record_validity,12,12,12,12,,14,0,0,,0,0,17,False,"{""jit"": ""off"", ""max_parallel_workers_per_gather"": ""0""}",measure,T_i1a_record_validity,,,0
I-1,default,1,Q07,jsonb,14,0.041,0.015,,1,Index Scan,Index Scan using T_i1a_record_validity,12,12,12,12,,14,0,0,,0,0,17,False,"{""jit"": ""off"", ""max_parallel_workers_per_gather"": ""0""}",measure,T_i1a_record_validity,,,0
I-1,default,1,Q07,json,14,0.041,0.015,,1,Index Scan,Index Scan using T_i1a_record_validity,12,12,12,12,,14,0,0,,0,0,17,False,"{""jit"": ""off"", ""max_parallel_workers_per_gather"": ""0""}",measure,T_i1a_record_validity,,,0
I-1,default,1,Q07,json,15,0.041,0.015,,1,Index Scan,Index Scan using T_i1a_record_validity,12,12,12,12,,14,0,0,,0,0,17,False,"{""jit"": ""off"", ""max_parallel_workers_per_gather"": ""0""}",measure,T_i1a_record_validity,,,0
I-1,default,1,Q07,jsonb,15,0.044,0.017,,1,Index Scan,Index Scan using T_i1a_record_validity,12,12,12,12,,14,0,0,,0,0,17,False,"{""jit"": ""off"", ""max_parallel_workers_per_gather"": ""0""}",measure,T_i1a_record_validity,,,0
I-1,default,1,Q07,json,1,0.042,0.016,0.002,1,Index Scan,Index Scan using T_i1a_record_validity,12,12,12,12,,14,0,0,,0,0,17,False,"{""jit"": ""off"", ""max_parallel_workers_per_gather"": ""0""}",detail,T_i1a_record_validity,,,0
I-1,default,1,Q07,jsonb,1,0.041,0.016,0.001,1,Index Scan,Index Scan using T_i1a_record_validity,12,12,12,12,,14,0,0,,0,0,17,False,"{""jit"": ""off"", ""max_parallel_workers_per_gather"": ""0""}",detail,T_i1a_record_validity,,,0
I-1,default,1,Q08,json,1,0.066,0.689,,3,Bitmap Heap Scan,Bitmap Heap Scan on T [Bitmap Index Scan using T_i1b_entity_type_code],225,225,225,225,,207,0,0,,0,3,18,False,"{""jit"": ""off"", ""max_parallel_workers_per_gather"": ""0""}",warmup,T_i1b_entity_type_code,205,0,0
I-1,default,1,Q08,jsonb,1,0.052,0.635,,3,Bitmap Heap Scan,Bitmap Heap Scan on T [Bitmap Index Scan using T_i1b_entity_type_code],225,225,225,225,,200,0,0,,0,3,18,False,"{""jit"": ""off"", ""max_parallel_workers_per_gather"": ""0""}",warmup,T_i1b_entity_type_code,198,0,0
I-1,default,1,Q08,json,2,0.044,0.13,,3,Bitmap Heap Scan,Bitmap Heap Scan on T [Bitmap Index Scan using T_i1b_entity_type_code],225,225,225,225,,207,0,0,,0,0,18,False,"{""jit"": ""off"", ""max_parallel_workers_per_gather"": ""0""}",warmup,T_i1b_entity_type_code,205,0,0
I-1,default,1,Q08,jsonb,2,0.043,0.128,,3,Bitmap Heap Scan,Bitmap Heap Scan on T [Bitmap Index Scan using T_i1b_entity_type_code],225,225,225,225,,200,0,0,,0,0,18,False,"{""jit"": ""off"", ""max_parallel_workers_per_gather"": ""0""}",warmup,T_i1b_entity_type_code,198,0,0
I-1,default,1,Q08,json,3,0.043,0.117,,3,Bitmap Heap Scan,Bitmap Heap Scan on T [Bitmap Index Scan using T_i1b_entity_type_code],225,225,225,225,,207,0,0,,0,0,18,False,"{""jit"": ""off"", ""max_parallel_workers_per_gather"": ""0""}",warmup,T_i1b_entity_type_code,205,0,0
I-1,default,1,Q08,jsonb,3,0.043,0.109,,3,Bitmap Heap Scan,Bitmap Heap Scan on T [Bitmap Index Scan using T_i1b_entity_type_code],225,225,225,225,,200,0,0,,0,0,18,False,"{""jit"": ""off"", ""max_parallel_workers_per_gather"": ""0""}",warmup,T_i1b_entity_type_code,198,0,0
I-1,default,1,Q08,json,1,0.043,0.11,,3,Bitmap Heap Scan,Bitmap Heap Scan on T [Bitmap Index Scan using T_i1b_entity_type_code],225,225,225,225,,207,0,0,,0,0,18,False,"{""jit"": ""off"", ""max_parallel_workers_per_gather"": ""0""}",measure,T_i1b_entity_type_code,205,0,0
I-1,default,1,Q08,jsonb,1,0.043,0.109,,3,Bitmap Heap Scan,Bitmap Heap Scan on T [Bitmap Index Scan using T_i1b_entity_type_code],225,225,225,225,,200,0,0,,0,0,18,False,"{""jit"": ""off"", ""max_parallel_workers_per_gather"": ""0""}",measure,T_i1b_entity_type_code,198,0,0
I-1,default,1,Q08,jsonb,2,0.043,0.109,,3,Bitmap Heap Scan,Bitmap Heap Scan on T [Bitmap Index Scan using T_i1b_entity_type_code],225,225,225,225,,200,0,0,,0,0,18,False,"{""jit"": ""off"", ""max_parallel_workers_per_gather"": ""0""}",measure,T_i1b_entity_type_code,198,0,0
I-1,default,1,Q08,json,2,0.062,0.114,,3,Bitmap Heap Scan,Bitmap Heap Scan on T [Bitmap Index Scan using T_i1b_entity_type_code],225,225,225,225,,207,0,0,,0,0,18,False,"{""jit"": ""off"", ""max_parallel_workers_per_gather"": ""0""}",measure,T_i1b_entity_type_code,205,0,0
I-1,default,1,Q08,json,3,0.045,0.116,,3,Bitmap Heap Scan,Bitmap Heap Scan on T [Bitmap Index Scan using T_i1b_entity_type_code],225,225,225,225,,207,0,0,,0,0,18,False,"{""jit"": ""off"", ""max_parallel_workers_per_gather"": ""0""}",measure,T_i1b_entity_type_code,205,0,0
I-1,default,1,Q08,jsonb,3,0.044,0.111,,3,Bitmap Heap Scan,Bitmap Heap Scan on T [Bitmap Index Scan using T_i1b_entity_type_code],225,225,225,225,,200,0,0,,0,0,18,False,"{""jit"": ""off"", ""max_parallel_workers_per_gather"": ""0""}",measure,T_i1b_entity_type_code,198,0,0
I-1,default,1,Q08,jsonb,4,0.044,0.11,,3,Bitmap Heap Scan,Bitmap Heap Scan on T [Bitmap Index Scan using T_i1b_entity_type_code],225,225,225,225,,200,0,0,,0,0,18,False,"{""jit"": ""off"", ""max_parallel_workers_per_gather"": ""0""}",measure,T_i1b_entity_type_code,198,0,0
I-1,default,1,Q08,json,4,0.044,0.111,,3,Bitmap Heap Scan,Bitmap Heap Scan on T [Bitmap Index Scan using T_i1b_entity_type_code],225,225,225,225,,207,0,0,,0,0,18,False,"{""jit"": ""off"", ""max_parallel_workers_per_gather"": ""0""}",measure,T_i1b_entity_type_code,205,0,0
I-1,default,1,Q08,json,5,0.044,0.111,,3,Bitmap Heap Scan,Bitmap Heap Scan on T [Bitmap Index Scan using T_i1b_entity_type_code],225,225,225,225,,207,0,0,,0,0,18,False,"{""jit"": ""off"", ""max_parallel_workers_per_gather"": ""0""}",measure,T_i1b_entity_type_code,205,0,0
I-1,default,1,Q08,jsonb,5,0.044,0.11,,3,Bitmap Heap Scan,Bitmap Heap Scan on T [Bitmap Index Scan using T_i1b_entity_type_code],225,225,225,225,,200,0,0,,0,0,18,False,"{""jit"": ""off"", ""max_parallel_workers_per_gather"": ""0""}",measure,T_i1b_entity_type_code,198,0,0
I-1,default,1,Q08,jsonb,6,0.043,0.11,,3,Bitmap Heap Scan,Bitmap Heap Scan on T [Bitmap Index Scan using T_i1b_entity_type_code],225,225,225,225,,200,0,0,,0,0,18,False,"{""jit"": ""off"", ""max_parallel_workers_per_gather"": ""0""}",measure,T_i1b_entity_type_code,198,0,0
I-1,default,1,Q08,json,6,0.044,0.111,,3,Bitmap Heap Scan,Bitmap Heap Scan on T [Bitmap Index Scan using T_i1b_entity_type_code],225,225,225,225,,207,0,0,,0,0,18,False,"{""jit"": ""off"", ""max_parallel_workers_per_gather"": ""0""}",measure,T_i1b_entity_type_code,205,0,0
I-1,default,1,Q08,json,7,0.044,0.11,,3,Bitmap Heap Scan,Bitmap Heap Scan on T [Bitmap Index Scan using T_i1b_entity_type_code],225,225,225,225,,207,0,0,,0,0,18,False,"{""jit"": ""off"", ""max_parallel_workers_per_gather"": ""0""}",measure,T_i1b_entity_type_code,205,0,0
I-1,default,1,Q08,jsonb,7,0.043,0.109,,3,Bitmap Heap Scan,Bitmap Heap Scan on T [Bitmap Index Scan using T_i1b_entity_type_code],225,225,225,225,,200,0,0,,0,0,18,False,"{""jit"": ""off"", ""max_parallel_workers_per_gather"": ""0""}",measure,T_i1b_entity_type_code,198,0,0
I-1,default,1,Q08,jsonb,8,0.043,0.109,,3,Bitmap Heap Scan,Bitmap Heap Scan on T [Bitmap Index Scan using T_i1b_entity_type_code],225,225,225,225,,200,0,0,,0,0,18,False,"{""jit"": ""off"", ""max_parallel_workers_per_gather"": ""0""}",measure,T_i1b_entity_type_code,198,0,0
I-1,default,1,Q08,json,8,0.044,0.111,,3,Bitmap Heap Scan,Bitmap Heap Scan on T [Bitmap Index Scan using T_i1b_entity_type_code],225,225,225,225,,207,0,0,,0,0,18,False,"{""jit"": ""off"", ""max_parallel_workers_per_gather"": ""0""}",measure,T_i1b_entity_type_code,205,0,0
I-1,default,1,Q08,json,9,0.044,0.111,,3,Bitmap Heap Scan,Bitmap Heap Scan on T [Bitmap Index Scan using T_i1b_entity_type_code],225,225,225,225,,207,0,0,,0,0,18,False,"{""jit"": ""off"", ""max_parallel_workers_per_gather"": ""0""}",measure,T_i1b_entity_type_code,205,0,0
I-1,default,1,Q08,jsonb,9,0.043,0.109,,3,Bitmap Heap Scan,Bitmap Heap Scan on T [Bitmap Index Scan using T_i1b_entity_type_code],225,225,225,225,,200,0,0,,0,0,18,False,"{""jit"": ""off"", ""max_parallel_workers_per_gather"": ""0""}",measure,T_i1b_entity_type_code,198,0,0
I-1,default,1,Q08,jsonb,10,0.043,0.129,,3,Bitmap Heap Scan,Bitmap Heap Scan on T [Bitmap Index Scan using T_i1b_entity_type_code],225,225,225,225,,200,0,0,,0,0,18,False,"{""jit"": ""off"", ""max_parallel_workers_per_gather"": ""0""}",measure,T_i1b_entity_type_code,198,0,0
I-1,default,1,Q08,json,10,0.042,0.106,,3,Bitmap Heap Scan,Bitmap Heap Scan on T [Bitmap Index Scan using T_i1b_entity_type_code],225,225,225,225,,207,0,0,,0,0,18,False,"{""jit"": ""off"", ""max_parallel_workers_per_gather"": ""0""}",measure,T_i1b_entity_type_code,205,0,0
I-1,default,1,Q08,json,11,0.042,0.105,,3,Bitmap Heap Scan,Bitmap Heap Scan on T [Bitmap Index Scan using T_i1b_entity_type_code],225,225,225,225,,207,0,0,,0,0,18,False,"{""jit"": ""off"", ""max_parallel_workers_per_gather"": ""0""}",measure,T_i1b_entity_type_code,205,0,0
I-1,default,1,Q08,jsonb,11,0.041,0.105,,3,Bitmap Heap Scan,Bitmap Heap Scan on T [Bitmap Index Scan using T_i1b_entity_type_code],225,225,225,225,,200,0,0,,0,0,18,False,"{""jit"": ""off"", ""max_parallel_workers_per_gather"": ""0""}",measure,T_i1b_entity_type_code,198,0,0
I-1,default,1,Q08,jsonb,12,0.042,0.105,,3,Bitmap Heap Scan,Bitmap Heap Scan on T [Bitmap Index Scan using T_i1b_entity_type_code],225,225,225,225,,200,0,0,,0,0,18,False,"{""jit"": ""off"", ""max_parallel_workers_per_gather"": ""0""}",measure,T_i1b_entity_type_code,198,0,0
I-1,default,1,Q08,json,12,0.042,0.105,,3,Bitmap Heap Scan,Bitmap Heap Scan on T [Bitmap Index Scan using T_i1b_entity_type_code],225,225,225,225,,207,0,0,,0,0,18,False,"{""jit"": ""off"", ""max_parallel_workers_per_gather"": ""0""}",measure,T_i1b_entity_type_code,205,0,0
I-1,default,1,Q08,json,13,0.05,0.105,,3,Bitmap Heap Scan,Bitmap Heap Scan on T [Bitmap Index Scan using T_i1b_entity_type_code],225,225,225,225,,207,0,0,,0,0,18,False,"{""jit"": ""off"", ""max_parallel_workers_per_gather"": ""0""}",measure,T_i1b_entity_type_code,205,0,0
I-1,default,1,Q08,jsonb,13,0.041,0.105,,3,Bitmap Heap Scan,Bitmap Heap Scan on T [Bitmap Index Scan using T_i1b_entity_type_code],225,225,225,225,,200,0,0,,0,0,18,False,"{""jit"": ""off"", ""max_parallel_workers_per_gather"": ""0""}",measure,T_i1b_entity_type_code,198,0,0
I-1,default,1,Q08,jsonb,14,0.041,0.104,,3,Bitmap Heap Scan,Bitmap Heap Scan on T [Bitmap Index Scan using T_i1b_entity_type_code],225,225,225,225,,200,0,0,,0,0,18,False,"{""jit"": ""off"", ""max_parallel_workers_per_gather"": ""0""}",measure,T_i1b_entity_type_code,198,0,0
I-1,default,1,Q08,json,14,0.043,0.106,,3,Bitmap Heap Scan,Bitmap Heap Scan on T [Bitmap Index Scan using T_i1b_entity_type_code],225,225,225,225,,207,0,0,,0,0,18,False,"{""jit"": ""off"", ""max_parallel_workers_per_gather"": ""0""}",measure,T_i1b_entity_type_code,205,0,0
I-1,default,1,Q08,json,15,0.042,0.105,,3,Bitmap Heap Scan,Bitmap Heap Scan on T [Bitmap Index Scan using T_i1b_entity_type_code],225,225,225,225,,207,0,0,,0,0,18,False,"{""jit"": ""off"", ""max_parallel_workers_per_gather"": ""0""}",measure,T_i1b_entity_type_code,205,0,0
I-1,default,1,Q08,jsonb,15,0.041,0.105,,3,Bitmap Heap Scan,Bitmap Heap Scan on T [Bitmap Index Scan using T_i1b_entity_type_code],225,225,225,225,,200,0,0,,0,0,18,False,"{""jit"": ""off"", ""max_parallel_workers_per_gather"": ""0""}",measure,T_i1b_entity_type_code,198,0,0
I-1,default,1,Q08,json,1,0.042,0.114,0.013,3,Bitmap Heap Scan,Bitmap Heap Scan on T [Bitmap Index Scan using T_i1b_entity_type_code],225,225,225,225,,207,0,0,,0,0,18,False,"{""jit"": ""off"", ""max_parallel_workers_per_gather"": ""0""}",detail,T_i1b_entity_type_code,205,0,0
I-1,default,1,Q08,jsonb,1,0.041,0.113,0.014,3,Bitmap Heap Scan,Bitmap Heap Scan on T [Bitmap Index Scan using T_i1b_entity_type_code],225,225,225,225,,200,0,0,,0,0,18,False,"{""jit"": ""off"", ""max_parallel_workers_per_gather"": ""0""}",detail,T_i1b_entity_type_code,198,0,0
I-1,default,1,Q10,json,1,0.073,0.095,,1,Bitmap Heap Scan,Bitmap Heap Scan on T [Bitmap Index Scan using T_i1c_status_code],30,30,30,30,,32,0,0,,0,14,19,False,"{""jit"": ""off"", ""max_parallel_workers_per_gather"": ""0""}",warmup,T_i1c_status_code,30,0,0
I-1,default,1,Q10,jsonb,1,0.05,0.099,,1,Bitmap Heap Scan,Bitmap Heap Scan on T [Bitmap Index Scan using T_i1c_status_code],30,30,30,30,,32,0,0,,0,3,19,False,"{""jit"": ""off"", ""max_parallel_workers_per_gather"": ""0""}",warmup,T_i1c_status_code,30,0,0
I-1,default,1,Q10,json,2,0.042,0.03,,1,Bitmap Heap Scan,Bitmap Heap Scan on T [Bitmap Index Scan using T_i1c_status_code],30,30,30,30,,32,0,0,,0,0,19,False,"{""jit"": ""off"", ""max_parallel_workers_per_gather"": ""0""}",warmup,T_i1c_status_code,30,0,0
I-1,default,1,Q10,jsonb,2,0.041,0.03,,1,Bitmap Heap Scan,Bitmap Heap Scan on T [Bitmap Index Scan using T_i1c_status_code],30,30,30,30,,32,0,0,,0,0,19,False,"{""jit"": ""off"", ""max_parallel_workers_per_gather"": ""0""}",warmup,T_i1c_status_code,30,0,0
I-1,default,1,Q10,json,3,0.042,0.029,,1,Bitmap Heap Scan,Bitmap Heap Scan on T [Bitmap Index Scan using T_i1c_status_code],30,30,30,30,,32,0,0,,0,0,19,False,"{""jit"": ""off"", ""max_parallel_workers_per_gather"": ""0""}",warmup,T_i1c_status_code,30,0,0
I-1,default,1,Q10,jsonb,3,0.041,0.029,,1,Bitmap Heap Scan,Bitmap Heap Scan on T [Bitmap Index Scan using T_i1c_status_code],30,30,30,30,,32,0,0,,0,0,19,False,"{""jit"": ""off"", ""max_parallel_workers_per_gather"": ""0""}",warmup,T_i1c_status_code,30,0,0
I-1,default,1,Q10,json,1,0.045,0.031,,1,Bitmap Heap Scan,Bitmap Heap Scan on T [Bitmap Index Scan using T_i1c_status_code],30,30,30,30,,32,0,0,,0,0,19,False,"{""jit"": ""off"", ""max_parallel_workers_per_gather"": ""0""}",measure,T_i1c_status_code,30,0,0
I-1,default,1,Q10,jsonb,1,0.042,0.03,,1,Bitmap Heap Scan,Bitmap Heap Scan on T [Bitmap Index Scan using T_i1c_status_code],30,30,30,30,,32,0,0,,0,0,19,False,"{""jit"": ""off"", ""max_parallel_workers_per_gather"": ""0""}",measure,T_i1c_status_code,30,0,0
I-1,default,1,Q10,jsonb,2,0.041,0.029,,1,Bitmap Heap Scan,Bitmap Heap Scan on T [Bitmap Index Scan using T_i1c_status_code],30,30,30,30,,32,0,0,,0,0,19,False,"{""jit"": ""off"", ""max_parallel_workers_per_gather"": ""0""}",measure,T_i1c_status_code,30,0,0
I-1,default,1,Q10,json,2,0.041,0.029,,1,Bitmap Heap Scan,Bitmap Heap Scan on T [Bitmap Index Scan using T_i1c_status_code],30,30,30,30,,32,0,0,,0,0,19,False,"{""jit"": ""off"", ""max_parallel_workers_per_gather"": ""0""}",measure,T_i1c_status_code,30,0,0
I-1,default,1,Q10,json,3,0.041,0.029,,1,Bitmap Heap Scan,Bitmap Heap Scan on T [Bitmap Index Scan using T_i1c_status_code],30,30,30,30,,32,0,0,,0,0,19,False,"{""jit"": ""off"", ""max_parallel_workers_per_gather"": ""0""}",measure,T_i1c_status_code,30,0,0
I-1,default,1,Q10,jsonb,3,0.04,0.029,,1,Bitmap Heap Scan,Bitmap Heap Scan on T [Bitmap Index Scan using T_i1c_status_code],30,30,30,30,,32,0,0,,0,0,19,False,"{""jit"": ""off"", ""max_parallel_workers_per_gather"": ""0""}",measure,T_i1c_status_code,30,0,0
I-1,default,1,Q10,jsonb,4,0.041,0.029,,1,Bitmap Heap Scan,Bitmap Heap Scan on T [Bitmap Index Scan using T_i1c_status_code],30,30,30,30,,32,0,0,,0,0,19,False,"{""jit"": ""off"", ""max_parallel_workers_per_gather"": ""0""}",measure,T_i1c_status_code,30,0,0
I-1,default,1,Q10,json,4,0.041,0.029,,1,Bitmap Heap Scan,Bitmap Heap Scan on T [Bitmap Index Scan using T_i1c_status_code],30,30,30,30,,32,0,0,,0,0,19,False,"{""jit"": ""off"", ""max_parallel_workers_per_gather"": ""0""}",measure,T_i1c_status_code,30,0,0
I-1,default,1,Q10,json,5,0.041,0.028,,1,Bitmap Heap Scan,Bitmap Heap Scan on T [Bitmap Index Scan using T_i1c_status_code],30,30,30,30,,32,0,0,,0,0,19,False,"{""jit"": ""off"", ""max_parallel_workers_per_gather"": ""0""}",measure,T_i1c_status_code,30,0,0
I-1,default,1,Q10,jsonb,5,0.041,0.029,,1,Bitmap Heap Scan,Bitmap Heap Scan on T [Bitmap Index Scan using T_i1c_status_code],30,30,30,30,,32,0,0,,0,0,19,False,"{""jit"": ""off"", ""max_parallel_workers_per_gather"": ""0""}",measure,T_i1c_status_code,30,0,0
I-1,default,1,Q10,jsonb,6,0.041,0.029,,1,Bitmap Heap Scan,Bitmap Heap Scan on T [Bitmap Index Scan using T_i1c_status_code],30,30,30,30,,32,0,0,,0,0,19,False,"{""jit"": ""off"", ""max_parallel_workers_per_gather"": ""0""}",measure,T_i1c_status_code,30,0,0
I-1,default,1,Q10,json,6,0.058,0.04,,1,Bitmap Heap Scan,Bitmap Heap Scan on T [Bitmap Index Scan using T_i1c_status_code],30,30,30,30,,32,0,0,,0,0,19,False,"{""jit"": ""off"", ""max_parallel_workers_per_gather"": ""0""}",measure,T_i1c_status_code,30,0,0
I-1,default,1,Q10,json,7,0.054,0.037,,1,Bitmap Heap Scan,Bitmap Heap Scan on T [Bitmap Index Scan using T_i1c_status_code],30,30,30,30,,32,0,0,,0,0,19,False,"{""jit"": ""off"", ""max_parallel_workers_per_gather"": ""0""}",measure,T_i1c_status_code,30,0,0
I-1,default,1,Q10,jsonb,7,0.053,0.038,,1,Bitmap Heap Scan,Bitmap Heap Scan on T [Bitmap Index Scan using T_i1c_status_code],30,30,30,30,,32,0,0,,0,0,19,False,"{""jit"": ""off"", ""max_parallel_workers_per_gather"": ""0""}",measure,T_i1c_status_code,30,0,0
I-1,default,1,Q10,jsonb,8,0.052,0.037,,1,Bitmap Heap Scan,Bitmap Heap Scan on T [Bitmap Index Scan using T_i1c_status_code],30,30,30,30,,32,0,0,,0,0,19,False,"{""jit"": ""off"", ""max_parallel_workers_per_gather"": ""0""}",measure,T_i1c_status_code,30,0,0
I-1,default,1,Q10,json,8,0.065,0.037,,1,Bitmap Heap Scan,Bitmap Heap Scan on T [Bitmap Index Scan using T_i1c_status_code],30,30,30,30,,32,0,0,,0,0,19,False,"{""jit"": ""off"", ""max_parallel_workers_per_gather"": ""0""}",measure,T_i1c_status_code,30,0,0
I-1,default,1,Q10,json,9,0.053,0.036,,1,Bitmap Heap Scan,Bitmap Heap Scan on T [Bitmap Index Scan using T_i1c_status_code],30,30,30,30,,32,0,0,,0,0,19,False,"{""jit"": ""off"", ""max_parallel_workers_per_gather"": ""0""}",measure,T_i1c_status_code,30,0,0
I-1,default,1,Q10,jsonb,9,0.052,0.037,,1,Bitmap Heap Scan,Bitmap Heap Scan on T [Bitmap Index Scan using T_i1c_status_code],30,30,30,30,,32,0,0,,0,0,19,False,"{""jit"": ""off"", ""max_parallel_workers_per_gather"": ""0""}",measure,T_i1c_status_code,30,0,0
I-1,default,1,Q10,jsonb,10,0.052,0.037,,1,Bitmap Heap Scan,Bitmap Heap Scan on T [Bitmap Index Scan using T_i1c_status_code],30,30,30,30,,32,0,0,,0,0,19,False,"{""jit"": ""off"", ""max_parallel_workers_per_gather"": ""0""}",measure,T_i1c_status_code,30,0,0
I-1,default,1,Q10,json,10,0.053,0.037,,1,Bitmap Heap Scan,Bitmap Heap Scan on T [Bitmap Index Scan using T_i1c_status_code],30,30,30,30,,32,0,0,,0,0,19,False,"{""jit"": ""off"", ""max_parallel_workers_per_gather"": ""0""}",measure,T_i1c_status_code,30,0,0
I-1,default,1,Q10,json,11,0.053,0.036,,1,Bitmap Heap Scan,Bitmap Heap Scan on T [Bitmap Index Scan using T_i1c_status_code],30,30,30,30,,32,0,0,,0,0,19,False,"{""jit"": ""off"", ""max_parallel_workers_per_gather"": ""0""}",measure,T_i1c_status_code,30,0,0
I-1,default,1,Q10,jsonb,11,0.052,0.037,,1,Bitmap Heap Scan,Bitmap Heap Scan on T [Bitmap Index Scan using T_i1c_status_code],30,30,30,30,,32,0,0,,0,0,19,False,"{""jit"": ""off"", ""max_parallel_workers_per_gather"": ""0""}",measure,T_i1c_status_code,30,0,0
I-1,default,1,Q10,jsonb,12,0.052,0.037,,1,Bitmap Heap Scan,Bitmap Heap Scan on T [Bitmap Index Scan using T_i1c_status_code],30,30,30,30,,32,0,0,,0,0,19,False,"{""jit"": ""off"", ""max_parallel_workers_per_gather"": ""0""}",measure,T_i1c_status_code,30,0,0
I-1,default,1,Q10,json,12,0.052,0.036,,1,Bitmap Heap Scan,Bitmap Heap Scan on T [Bitmap Index Scan using T_i1c_status_code],30,30,30,30,,32,0,0,,0,0,19,False,"{""jit"": ""off"", ""max_parallel_workers_per_gather"": ""0""}",measure,T_i1c_status_code,30,0,0
I-1,default,1,Q10,json,13,0.053,0.036,,1,Bitmap Heap Scan,Bitmap Heap Scan on T [Bitmap Index Scan using T_i1c_status_code],30,30,30,30,,32,0,0,,0,0,19,False,"{""jit"": ""off"", ""max_parallel_workers_per_gather"": ""0""}",measure,T_i1c_status_code,30,0,0
I-1,default,1,Q10,jsonb,13,0.041,0.029,,1,Bitmap Heap Scan,Bitmap Heap Scan on T [Bitmap Index Scan using T_i1c_status_code],30,30,30,30,,32,0,0,,0,0,19,False,"{""jit"": ""off"", ""max_parallel_workers_per_gather"": ""0""}",measure,T_i1c_status_code,30,0,0
I-1,default,1,Q10,jsonb,14,0.059,0.029,,1,Bitmap Heap Scan,Bitmap Heap Scan on T [Bitmap Index Scan using T_i1c_status_code],30,30,30,30,,32,0,0,,0,0,19,False,"{""jit"": ""off"", ""max_parallel_workers_per_gather"": ""0""}",measure,T_i1c_status_code,30,0,0
I-1,default,1,Q10,json,14,0.042,0.029,,1,Bitmap Heap Scan,Bitmap Heap Scan on T [Bitmap Index Scan using T_i1c_status_code],30,30,30,30,,32,0,0,,0,0,19,False,"{""jit"": ""off"", ""max_parallel_workers_per_gather"": ""0""}",measure,T_i1c_status_code,30,0,0
I-1,default,1,Q10,json,15,0.041,0.029,,1,Bitmap Heap Scan,Bitmap Heap Scan on T [Bitmap Index Scan using T_i1c_status_code],30,30,30,30,,32,0,0,,0,0,19,False,"{""jit"": ""off"", ""max_parallel_workers_per_gather"": ""0""}",measure,T_i1c_status_code,30,0,0
I-1,default,1,Q10,jsonb,15,0.041,0.029,,1,Bitmap Heap Scan,Bitmap Heap Scan on T [Bitmap Index Scan using T_i1c_status_code],30,30,30,30,,32,0,0,,0,0,19,False,"{""jit"": ""off"", ""max_parallel_workers_per_gather"": ""0""}",measure,T_i1c_status_code,30,0,0
I-1,default,1,Q10,json,1,0.042,0.03,0.003,1,Bitmap Heap Scan,Bitmap Heap Scan on T [Bitmap Index Scan using T_i1c_status_code],30,30,30,30,,32,0,0,,0,0,19,False,"{""jit"": ""off"", ""max_parallel_workers_per_gather"": ""0""}",detail,T_i1c_status_code,30,0,0
I-1,default,1,Q10,jsonb,1,0.041,0.031,0.002,1,Bitmap Heap Scan,Bitmap Heap Scan on T [Bitmap Index Scan using T_i1c_status_code],30,30,30,30,,32,0,0,,0,0,19,False,"{""jit"": ""off"", ""max_parallel_workers_per_gather"": ""0""}",detail,T_i1c_status_code,30,0,0
I-1,default,1,Q11a,json,1,0.132,0.939,,5,Bitmap Heap Scan,Bitmap Heap Scan on T [Bitmap Index Scan using T_i1d_latitude_degrees],406,422,406,422,,365,0,0,,0,19,21,False,"{""jit"": ""off"", ""max_parallel_workers_per_gather"": ""0""}",warmup,T_i1d_latitude_degrees,362,0,0
I-1,default,1,Q11a,jsonb,1,0.079,0.827,,5,Bitmap Heap Scan,Bitmap Heap Scan on T [Bitmap Index Scan using T_i1d_latitude_degrees],406,422,406,422,,340,0,0,,0,3,21,False,"{""jit"": ""off"", ""max_parallel_workers_per_gather"": ""0""}",warmup,T_i1d_latitude_degrees,337,0,0
I-1,default,1,Q11a,json,2,0.068,0.247,,5,Bitmap Heap Scan,Bitmap Heap Scan on T [Bitmap Index Scan using T_i1d_latitude_degrees],406,422,406,422,,365,0,0,,0,0,21,False,"{""jit"": ""off"", ""max_parallel_workers_per_gather"": ""0""}",warmup,T_i1d_latitude_degrees,362,0,0
I-1,default,1,Q11a,jsonb,2,0.067,0.241,,5,Bitmap Heap Scan,Bitmap Heap Scan on T [Bitmap Index Scan using T_i1d_latitude_degrees],406,422,406,422,,340,0,0,,0,0,21,False,"{""jit"": ""off"", ""max_parallel_workers_per_gather"": ""0""}",warmup,T_i1d_latitude_degrees,337,0,0
I-1,default,1,Q11a,json,3,0.068,0.209,,5,Bitmap Heap Scan,Bitmap Heap Scan on T [Bitmap Index Scan using T_i1d_latitude_degrees],406,422,406,422,,365,0,0,,0,0,21,False,"{""jit"": ""off"", ""max_parallel_workers_per_gather"": ""0""}",warmup,T_i1d_latitude_degrees,362,0,0
I-1,default,1,Q11a,jsonb,3,0.066,0.211,,5,Bitmap Heap Scan,Bitmap Heap Scan on T [Bitmap Index Scan using T_i1d_latitude_degrees],406,422,406,422,,340,0,0,,0,0,21,False,"{""jit"": ""off"", ""max_parallel_workers_per_gather"": ""0""}",warmup,T_i1d_latitude_degrees,337,0,0
I-1,default,1,Q11a,json,1,0.067,0.215,,5,Bitmap Heap Scan,Bitmap Heap Scan on T [Bitmap Index Scan using T_i1d_latitude_degrees],406,422,406,422,,365,0,0,,0,0,21,False,"{""jit"": ""off"", ""max_parallel_workers_per_gather"": ""0""}",measure,T_i1d_latitude_degrees,362,0,0
I-1,default,1,Q11a,jsonb,1,0.066,0.203,,5,Bitmap Heap Scan,Bitmap Heap Scan on T [Bitmap Index Scan using T_i1d_latitude_degrees],406,422,406,422,,340,0,0,,0,0,21,False,"{""jit"": ""off"", ""max_parallel_workers_per_gather"": ""0""}",measure,T_i1d_latitude_degrees,337,0,0
I-1,default,1,Q11a,jsonb,2,0.066,0.211,,5,Bitmap Heap Scan,Bitmap Heap Scan on T [Bitmap Index Scan using T_i1d_latitude_degrees],406,422,406,422,,340,0,0,,0,0,21,False,"{""jit"": ""off"", ""max_parallel_workers_per_gather"": ""0""}",measure,T_i1d_latitude_degrees,337,0,0
I-1,default,1,Q11a,json,2,0.066,0.216,,5,Bitmap Heap Scan,Bitmap Heap Scan on T [Bitmap Index Scan using T_i1d_latitude_degrees],406,422,406,422,,365,0,0,,0,0,21,False,"{""jit"": ""off"", ""max_parallel_workers_per_gather"": ""0""}",measure,T_i1d_latitude_degrees,362,0,0
I-1,default,1,Q11a,json,3,0.066,0.216,,5,Bitmap Heap Scan,Bitmap Heap Scan on T [Bitmap Index Scan using T_i1d_latitude_degrees],406,422,406,422,,365,0,0,,0,0,21,False,"{""jit"": ""off"", ""max_parallel_workers_per_gather"": ""0""}",measure,T_i1d_latitude_degrees,362,0,0
I-1,default,1,Q11a,jsonb,3,0.066,0.203,,5,Bitmap Heap Scan,Bitmap Heap Scan on T [Bitmap Index Scan using T_i1d_latitude_degrees],406,422,406,422,,340,0,0,,0,0,21,False,"{""jit"": ""off"", ""max_parallel_workers_per_gather"": ""0""}",measure,T_i1d_latitude_degrees,337,0,0
I-1,default,1,Q11a,jsonb,4,0.066,0.21,,5,Bitmap Heap Scan,Bitmap Heap Scan on T [Bitmap Index Scan using T_i1d_latitude_degrees],406,422,406,422,,340,0,0,,0,0,21,False,"{""jit"": ""off"", ""max_parallel_workers_per_gather"": ""0""}",measure,T_i1d_latitude_degrees,337,0,0
I-1,default,1,Q11a,json,4,0.066,0.21,,5,Bitmap Heap Scan,Bitmap Heap Scan on T [Bitmap Index Scan using T_i1d_latitude_degrees],406,422,406,422,,365,0,0,,0,0,21,False,"{""jit"": ""off"", ""max_parallel_workers_per_gather"": ""0""}",measure,T_i1d_latitude_degrees,362,0,0
I-1,default,1,Q11a,json,5,0.184,0.278,,5,Bitmap Heap Scan,Bitmap Heap Scan on T [Bitmap Index Scan using T_i1d_latitude_degrees],406,422,406,422,,365,0,0,,0,0,21,False,"{""jit"": ""off"", ""max_parallel_workers_per_gather"": ""0""}",measure,T_i1d_latitude_degrees,362,0,0
I-1,default,1,Q11a,jsonb,5,0.086,0.231,,5,Bitmap Heap Scan,Bitmap Heap Scan on T [Bitmap Index Scan using T_i1d_latitude_degrees],406,422,406,422,,340,0,0,,0,0,21,False,"{""jit"": ""off"", ""max_parallel_workers_per_gather"": ""0""}",measure,T_i1d_latitude_degrees,337,0,0
I-1,default,1,Q11a,jsonb,6,0.112,0.345,,5,Bitmap Heap Scan,Bitmap Heap Scan on T [Bitmap Index Scan using T_i1d_latitude_degrees],406,422,406,422,,340,0,0,,0,0,21,False,"{""jit"": ""off"", ""max_parallel_workers_per_gather"": ""0""}",measure,T_i1d_latitude_degrees,337,0,0
I-1,default,1,Q11a,json,6,0.087,0.227,,5,Bitmap Heap Scan,Bitmap Heap Scan on T [Bitmap Index Scan using T_i1d_latitude_degrees],406,422,406,422,,365,0,0,,0,0,21,False,"{""jit"": ""off"", ""max_parallel_workers_per_gather"": ""0""}",measure,T_i1d_latitude_degrees,362,0,0
I-1,default,1,Q11a,json,7,0.138,0.208,,5,Bitmap Heap Scan,Bitmap Heap Scan on T [Bitmap Index Scan using T_i1d_latitude_degrees],406,422,406,422,,365,0,0,,0,0,21,False,"{""jit"": ""off"", ""max_parallel_workers_per_gather"": ""0""}",measure,T_i1d_latitude_degrees,362,0,0
I-1,default,1,Q11a,jsonb,7,0.067,0.207,,5,Bitmap Heap Scan,Bitmap Heap Scan on T [Bitmap Index Scan using T_i1d_latitude_degrees],406,422,406,422,,340,0,0,,0,0,21,False,"{""jit"": ""off"", ""max_parallel_workers_per_gather"": ""0""}",measure,T_i1d_latitude_degrees,337,0,0
I-1,default,1,Q11a,jsonb,8,0.066,0.203,,5,Bitmap Heap Scan,Bitmap Heap Scan on T [Bitmap Index Scan using T_i1d_latitude_degrees],406,422,406,422,,340,0,0,,0,0,21,False,"{""jit"": ""off"", ""max_parallel_workers_per_gather"": ""0""}",measure,T_i1d_latitude_degrees,337,0,0
I-1,default,1,Q11a,json,8,0.066,0.216,,5,Bitmap Heap Scan,Bitmap Heap Scan on T [Bitmap Index Scan using T_i1d_latitude_degrees],406,422,406,422,,365,0,0,,0,0,21,False,"{""jit"": ""off"", ""max_parallel_workers_per_gather"": ""0""}",measure,T_i1d_latitude_degrees,362,0,0
I-1,default,1,Q11a,json,9,0.066,0.206,,5,Bitmap Heap Scan,Bitmap Heap Scan on T [Bitmap Index Scan using T_i1d_latitude_degrees],406,422,406,422,,365,0,0,,0,0,21,False,"{""jit"": ""off"", ""max_parallel_workers_per_gather"": ""0""}",measure,T_i1d_latitude_degrees,362,0,0
I-1,default,1,Q11a,jsonb,9,0.065,0.267,,5,Bitmap Heap Scan,Bitmap Heap Scan on T [Bitmap Index Scan using T_i1d_latitude_degrees],406,422,406,422,,340,0,0,,0,0,21,False,"{""jit"": ""off"", ""max_parallel_workers_per_gather"": ""0""}",measure,T_i1d_latitude_degrees,337,0,0
I-1,default,1,Q11a,jsonb,10,0.071,0.206,,5,Bitmap Heap Scan,Bitmap Heap Scan on T [Bitmap Index Scan using T_i1d_latitude_degrees],406,422,406,422,,340,0,0,,0,0,21,False,"{""jit"": ""off"", ""max_parallel_workers_per_gather"": ""0""}",measure,T_i1d_latitude_degrees,337,0,0
I-1,default,1,Q11a,json,10,0.068,0.209,,5,Bitmap Heap Scan,Bitmap Heap Scan on T [Bitmap Index Scan using T_i1d_latitude_degrees],406,422,406,422,,365,0,0,,0,0,21,False,"{""jit"": ""off"", ""max_parallel_workers_per_gather"": ""0""}",measure,T_i1d_latitude_degrees,362,0,0
I-1,default,1,Q11a,json,11,0.067,0.208,,5,Bitmap Heap Scan,Bitmap Heap Scan on T [Bitmap Index Scan using T_i1d_latitude_degrees],406,422,406,422,,365,0,0,,0,0,21,False,"{""jit"": ""off"", ""max_parallel_workers_per_gather"": ""0""}",measure,T_i1d_latitude_degrees,362,0,0
I-1,default,1,Q11a,jsonb,11,0.066,0.213,,5,Bitmap Heap Scan,Bitmap Heap Scan on T [Bitmap Index Scan using T_i1d_latitude_degrees],406,422,406,422,,340,0,0,,0,0,21,False,"{""jit"": ""off"", ""max_parallel_workers_per_gather"": ""0""}",measure,T_i1d_latitude_degrees,337,0,0
I-1,default,1,Q11a,jsonb,12,0.066,0.21,,5,Bitmap Heap Scan,Bitmap Heap Scan on T [Bitmap Index Scan using T_i1d_latitude_degrees],406,422,406,422,,340,0,0,,0,0,21,False,"{""jit"": ""off"", ""max_parallel_workers_per_gather"": ""0""}",measure,T_i1d_latitude_degrees,337,0,0
I-1,default,1,Q11a,json,12,0.066,0.207,,5,Bitmap Heap Scan,Bitmap Heap Scan on T [Bitmap Index Scan using T_i1d_latitude_degrees],406,422,406,422,,365,0,0,,0,0,21,False,"{""jit"": ""off"", ""max_parallel_workers_per_gather"": ""0""}",measure,T_i1d_latitude_degrees,362,0,0
I-1,default,1,Q11a,json,13,0.066,0.207,,5,Bitmap Heap Scan,Bitmap Heap Scan on T [Bitmap Index Scan using T_i1d_latitude_degrees],406,422,406,422,,365,0,0,,0,0,21,False,"{""jit"": ""off"", ""max_parallel_workers_per_gather"": ""0""}",measure,T_i1d_latitude_degrees,362,0,0
I-1,default,1,Q11a,jsonb,13,0.065,0.202,,5,Bitmap Heap Scan,Bitmap Heap Scan on T [Bitmap Index Scan using T_i1d_latitude_degrees],406,422,406,422,,340,0,0,,0,0,21,False,"{""jit"": ""off"", ""max_parallel_workers_per_gather"": ""0""}",measure,T_i1d_latitude_degrees,337,0,0
I-1,default,1,Q11a,jsonb,14,0.067,0.212,,5,Bitmap Heap Scan,Bitmap Heap Scan on T [Bitmap Index Scan using T_i1d_latitude_degrees],406,422,406,422,,340,0,0,,0,0,21,False,"{""jit"": ""off"", ""max_parallel_workers_per_gather"": ""0""}",measure,T_i1d_latitude_degrees,337,0,0
I-1,default,1,Q11a,json,14,0.066,0.208,,5,Bitmap Heap Scan,Bitmap Heap Scan on T [Bitmap Index Scan using T_i1d_latitude_degrees],406,422,406,422,,365,0,0,,0,0,21,False,"{""jit"": ""off"", ""max_parallel_workers_per_gather"": ""0""}",measure,T_i1d_latitude_degrees,362,0,0
I-1,default,1,Q11a,json,15,0.067,0.216,,5,Bitmap Heap Scan,Bitmap Heap Scan on T [Bitmap Index Scan using T_i1d_latitude_degrees],406,422,406,422,,365,0,0,,0,0,21,False,"{""jit"": ""off"", ""max_parallel_workers_per_gather"": ""0""}",measure,T_i1d_latitude_degrees,362,0,0
I-1,default,1,Q11a,jsonb,15,0.066,0.202,,5,Bitmap Heap Scan,Bitmap Heap Scan on T [Bitmap Index Scan using T_i1d_latitude_degrees],406,422,406,422,,340,0,0,,0,0,21,False,"{""jit"": ""off"", ""max_parallel_workers_per_gather"": ""0""}",measure,T_i1d_latitude_degrees,337,0,0
I-1,default,1,Q11a,json,1,0.066,0.223,0.026,5,Bitmap Heap Scan,Bitmap Heap Scan on T [Bitmap Index Scan using T_i1d_latitude_degrees],406,422,406,422,,365,0,0,,0,0,21,False,"{""jit"": ""off"", ""max_parallel_workers_per_gather"": ""0""}",detail,T_i1d_latitude_degrees,362,0,0
I-1,default,1,Q11a,jsonb,1,0.066,0.218,0.025,5,Bitmap Heap Scan,Bitmap Heap Scan on T [Bitmap Index Scan using T_i1d_latitude_degrees],406,422,406,422,,340,0,0,,0,0,21,False,"{""jit"": ""off"", ""max_parallel_workers_per_gather"": ""0""}",detail,T_i1d_latitude_degrees,337,0,0
I-1,default,1,Q11b,json,1,0.065,181.213,,30,Seq Scan,Seq Scan on T,3086,3064,3086,3064,1936,1250,0,0,,0,0,19,False,"{""jit"": ""off"", ""max_parallel_workers_per_gather"": ""0""}",warmup,-,,,
I-1,default,1,Q11b,jsonb,1,0.116,20.653,,30,Seq Scan,Seq Scan on T,3086,3064,3086,3064,1936,981,0,0,,0,0,19,False,"{""jit"": ""off"", ""max_parallel_workers_per_gather"": ""0""}",warmup,-,,,
I-1,default,1,Q11b,json,2,0.078,186.62,,30,Seq Scan,Seq Scan on T,3086,3064,3086,3064,1936,1250,0,0,,0,0,19,False,"{""jit"": ""off"", ""max_parallel_workers_per_gather"": ""0""}",warmup,-,,,
I-1,default,1,Q11b,jsonb,2,0.117,23.834,,30,Seq Scan,Seq Scan on T,3086,3064,3086,3064,1936,981,0,0,,0,0,19,False,"{""jit"": ""off"", ""max_parallel_workers_per_gather"": ""0""}",warmup,-,,,
I-1,default,1,Q11b,json,3,0.099,182.04,,30,Seq Scan,Seq Scan on T,3086,3064,3086,3064,1936,1250,0,0,,0,0,19,False,"{""jit"": ""off"", ""max_parallel_workers_per_gather"": ""0""}",warmup,-,,,
I-1,default,1,Q11b,jsonb,3,0.111,20.607,,30,Seq Scan,Seq Scan on T,3086,3064,3086,3064,1936,981,0,0,,0,0,19,False,"{""jit"": ""off"", ""max_parallel_workers_per_gather"": ""0""}",warmup,-,,,
I-1,default,1,Q11b,json,1,0.094,190.964,,30,Seq Scan,Seq Scan on T,3086,3064,3086,3064,1936,1250,0,0,,0,0,19,False,"{""jit"": ""off"", ""max_parallel_workers_per_gather"": ""0""}",measure,-,,,
I-1,default,1,Q11b,jsonb,1,0.113,22.948,,30,Seq Scan,Seq Scan on T,3086,3064,3086,3064,1936,981,0,0,,0,0,19,False,"{""jit"": ""off"", ""max_parallel_workers_per_gather"": ""0""}",measure,-,,,
I-1,default,1,Q11b,jsonb,2,0.125,25.059,,30,Seq Scan,Seq Scan on T,3086,3064,3086,3064,1936,981,0,0,,0,0,19,False,"{""jit"": ""off"", ""max_parallel_workers_per_gather"": ""0""}",measure,-,,,
I-1,default,1,Q11b,json,2,0.121,194.592,,30,Seq Scan,Seq Scan on T,3086,3064,3086,3064,1936,1250,0,0,,0,0,19,False,"{""jit"": ""off"", ""max_parallel_workers_per_gather"": ""0""}",measure,-,,,
I-1,default,1,Q11b,json,3,0.113,184.045,,30,Seq Scan,Seq Scan on T,3086,3064,3086,3064,1936,1250,0,0,,0,0,19,False,"{""jit"": ""off"", ""max_parallel_workers_per_gather"": ""0""}",measure,-,,,
I-1,default,1,Q11b,jsonb,3,0.133,21.441,,30,Seq Scan,Seq Scan on T,3086,3064,3086,3064,1936,981,0,0,,0,0,19,False,"{""jit"": ""off"", ""max_parallel_workers_per_gather"": ""0""}",measure,-,,,
I-1,default,1,Q11b,jsonb,4,0.134,22.405,,30,Seq Scan,Seq Scan on T,3086,3064,3086,3064,1936,981,0,0,,0,0,19,False,"{""jit"": ""off"", ""max_parallel_workers_per_gather"": ""0""}",measure,-,,,
I-1,default,1,Q11b,json,4,0.117,227.105,,30,Seq Scan,Seq Scan on T,3086,3064,3086,3064,1936,1250,0,0,,0,0,19,False,"{""jit"": ""off"", ""max_parallel_workers_per_gather"": ""0""}",measure,-,,,
I-1,default,1,Q11b,json,5,0.12,199.561,,30,Seq Scan,Seq Scan on T,3086,3064,3086,3064,1936,1250,0,0,,0,0,19,False,"{""jit"": ""off"", ""max_parallel_workers_per_gather"": ""0""}",measure,-,,,
I-1,default,1,Q11b,jsonb,5,0.127,20.021,,30,Seq Scan,Seq Scan on T,3086,3064,3086,3064,1936,981,0,0,,0,0,19,False,"{""jit"": ""off"", ""max_parallel_workers_per_gather"": ""0""}",measure,-,,,
I-1,default,1,Q11b,jsonb,6,0.082,21.297,,30,Seq Scan,Seq Scan on T,3086,3064,3086,3064,1936,981,0,0,,0,0,19,False,"{""jit"": ""off"", ""max_parallel_workers_per_gather"": ""0""}",measure,-,,,
I-1,default,1,Q11b,json,6,0.098,187.254,,30,Seq Scan,Seq Scan on T,3086,3064,3086,3064,1936,1250,0,0,,0,0,19,False,"{""jit"": ""off"", ""max_parallel_workers_per_gather"": ""0""}",measure,-,,,
I-1,default,1,Q11b,json,7,0.116,164.168,,30,Seq Scan,Seq Scan on T,3086,3064,3086,3064,1936,1250,0,0,,0,0,19,False,"{""jit"": ""off"", ""max_parallel_workers_per_gather"": ""0""}",measure,-,,,
I-1,default,1,Q11b,jsonb,7,0.101,20.065,,30,Seq Scan,Seq Scan on T,3086,3064,3086,3064,1936,981,0,0,,0,0,19,False,"{""jit"": ""off"", ""max_parallel_workers_per_gather"": ""0""}",measure,-,,,
I-1,default,1,Q11b,jsonb,8,0.183,21.622,,30,Seq Scan,Seq Scan on T,3086,3064,3086,3064,1936,981,0,0,,0,0,19,False,"{""jit"": ""off"", ""max_parallel_workers_per_gather"": ""0""}",measure,-,,,
I-1,default,1,Q11b,json,8,0.108,172.907,,30,Seq Scan,Seq Scan on T,3086,3064,3086,3064,1936,1250,0,0,,0,0,19,False,"{""jit"": ""off"", ""max_parallel_workers_per_gather"": ""0""}",measure,-,,,
I-1,default,1,Q11b,json,9,0.116,177.665,,30,Seq Scan,Seq Scan on T,3086,3064,3086,3064,1936,1250,0,0,,0,0,19,False,"{""jit"": ""off"", ""max_parallel_workers_per_gather"": ""0""}",measure,-,,,
I-1,default,1,Q11b,jsonb,9,0.14,24.889,,30,Seq Scan,Seq Scan on T,3086,3064,3086,3064,1936,981,0,0,,0,0,19,False,"{""jit"": ""off"", ""max_parallel_workers_per_gather"": ""0""}",measure,-,,,
I-1,default,1,Q11b,jsonb,10,0.112,24.841,,30,Seq Scan,Seq Scan on T,3086,3064,3086,3064,1936,981,0,0,,0,0,19,False,"{""jit"": ""off"", ""max_parallel_workers_per_gather"": ""0""}",measure,-,,,
I-1,default,1,Q11b,json,10,0.123,197.179,,30,Seq Scan,Seq Scan on T,3086,3064,3086,3064,1936,1250,0,0,,0,0,19,False,"{""jit"": ""off"", ""max_parallel_workers_per_gather"": ""0""}",measure,-,,,
I-1,default,1,Q11b,json,11,0.131,174.814,,30,Seq Scan,Seq Scan on T,3086,3064,3086,3064,1936,1250,0,0,,0,0,19,False,"{""jit"": ""off"", ""max_parallel_workers_per_gather"": ""0""}",measure,-,,,
I-1,default,1,Q11b,jsonb,11,0.112,19.864,,30,Seq Scan,Seq Scan on T,3086,3064,3086,3064,1936,981,0,0,,0,0,19,False,"{""jit"": ""off"", ""max_parallel_workers_per_gather"": ""0""}",measure,-,,,
I-1,default,1,Q11b,jsonb,12,0.075,21.574,,30,Seq Scan,Seq Scan on T,3086,3064,3086,3064,1936,981,0,0,,0,0,19,False,"{""jit"": ""off"", ""max_parallel_workers_per_gather"": ""0""}",measure,-,,,
I-1,default,1,Q11b,json,12,0.122,177.712,,30,Seq Scan,Seq Scan on T,3086,3064,3086,3064,1936,1250,0,0,,0,0,19,False,"{""jit"": ""off"", ""max_parallel_workers_per_gather"": ""0""}",measure,-,,,
I-1,default,1,Q11b,json,13,0.096,175.327,,30,Seq Scan,Seq Scan on T,3086,3064,3086,3064,1936,1250,0,0,,0,0,19,False,"{""jit"": ""off"", ""max_parallel_workers_per_gather"": ""0""}",measure,-,,,
I-1,default,1,Q11b,jsonb,13,0.114,19.618,,30,Seq Scan,Seq Scan on T,3086,3064,3086,3064,1936,981,0,0,,0,0,19,False,"{""jit"": ""off"", ""max_parallel_workers_per_gather"": ""0""}",measure,-,,,
I-1,default,1,Q11b,jsonb,14,0.08,18.353,,30,Seq Scan,Seq Scan on T,3086,3064,3086,3064,1936,981,0,0,,0,0,19,False,"{""jit"": ""off"", ""max_parallel_workers_per_gather"": ""0""}",measure,-,,,
I-1,default,1,Q11b,json,14,0.084,184.202,,30,Seq Scan,Seq Scan on T,3086,3064,3086,3064,1936,1250,0,0,,0,0,19,False,"{""jit"": ""off"", ""max_parallel_workers_per_gather"": ""0""}",measure,-,,,
I-1,default,1,Q11b,json,15,0.118,176.432,,30,Seq Scan,Seq Scan on T,3086,3064,3086,3064,1936,1250,0,0,,0,0,19,False,"{""jit"": ""off"", ""max_parallel_workers_per_gather"": ""0""}",measure,-,,,
I-1,default,1,Q11b,jsonb,15,0.114,22.169,,30,Seq Scan,Seq Scan on T,3086,3064,3086,3064,1936,981,0,0,,0,0,19,False,"{""jit"": ""off"", ""max_parallel_workers_per_gather"": ""0""}",measure,-,,,
I-1,default,1,Q11b,json,1,0.091,173.127,0.404,30,Seq Scan,Seq Scan on T,3086,3064,3086,3064,1936,1250,0,0,,0,0,19,False,"{""jit"": ""off"", ""max_parallel_workers_per_gather"": ""0""}",detail,-,,,
I-1,default,1,Q11b,jsonb,1,0.11,23.592,0.249,30,Seq Scan,Seq Scan on T,3086,3064,3086,3064,1936,981,0,0,,0,0,19,False,"{""jit"": ""off"", ""max_parallel_workers_per_gather"": ""0""}",detail,-,,,
I-1,default,1,Q12a,json,1,0.11,0.031,,1,Index Scan,Index Scan using T_i1e_event_timestamp_utc,1,13,1,13,,15,0,0,,0,6,20,False,"{""jit"": ""off"", ""max_parallel_workers_per_gather"": ""0""}",warmup,T_i1e_event_timestamp_utc,,,0
I-1,default,1,Q12a,jsonb,1,0.078,0.031,,1,Index Scan,Index Scan using T_i1e_event_timestamp_utc,1,13,1,13,,15,0,0,,0,3,20,False,"{""jit"": ""off"", ""max_parallel_workers_per_gather"": ""0""}",warmup,T_i1e_event_timestamp_utc,,,0
I-1,default,1,Q12a,json,2,0.075,0.018,,1,Index Scan,Index Scan using T_i1e_event_timestamp_utc,1,13,1,13,,15,0,0,,0,0,20,False,"{""jit"": ""off"", ""max_parallel_workers_per_gather"": ""0""}",warmup,T_i1e_event_timestamp_utc,,,0
I-1,default,1,Q12a,jsonb,2,0.06,0.019,,1,Index Scan,Index Scan using T_i1e_event_timestamp_utc,1,13,1,13,,15,0,0,,0,0,20,False,"{""jit"": ""off"", ""max_parallel_workers_per_gather"": ""0""}",warmup,T_i1e_event_timestamp_utc,,,0
I-1,default,1,Q12a,json,3,0.059,0.018,,1,Index Scan,Index Scan using T_i1e_event_timestamp_utc,1,13,1,13,,15,0,0,,0,0,20,False,"{""jit"": ""off"", ""max_parallel_workers_per_gather"": ""0""}",warmup,T_i1e_event_timestamp_utc,,,0
I-1,default,1,Q12a,jsonb,3,0.059,0.019,,1,Index Scan,Index Scan using T_i1e_event_timestamp_utc,1,13,1,13,,15,0,0,,0,0,20,False,"{""jit"": ""off"", ""max_parallel_workers_per_gather"": ""0""}",warmup,T_i1e_event_timestamp_utc,,,0
I-1,default,1,Q12a,json,1,0.055,0.017,,1,Index Scan,Index Scan using T_i1e_event_timestamp_utc,1,13,1,13,,15,0,0,,0,0,20,False,"{""jit"": ""off"", ""max_parallel_workers_per_gather"": ""0""}",measure,T_i1e_event_timestamp_utc,,,0
I-1,default,1,Q12a,jsonb,1,0.054,0.017,,1,Index Scan,Index Scan using T_i1e_event_timestamp_utc,1,13,1,13,,15,0,0,,0,0,20,False,"{""jit"": ""off"", ""max_parallel_workers_per_gather"": ""0""}",measure,T_i1e_event_timestamp_utc,,,0
I-1,default,1,Q12a,jsonb,2,0.052,0.016,,1,Index Scan,Index Scan using T_i1e_event_timestamp_utc,1,13,1,13,,15,0,0,,0,0,20,False,"{""jit"": ""off"", ""max_parallel_workers_per_gather"": ""0""}",measure,T_i1e_event_timestamp_utc,,,0
I-1,default,1,Q12a,json,2,0.053,0.016,,1,Index Scan,Index Scan using T_i1e_event_timestamp_utc,1,13,1,13,,15,0,0,,0,0,20,False,"{""jit"": ""off"", ""max_parallel_workers_per_gather"": ""0""}",measure,T_i1e_event_timestamp_utc,,,0
I-1,default,1,Q12a,json,3,0.052,0.016,,1,Index Scan,Index Scan using T_i1e_event_timestamp_utc,1,13,1,13,,15,0,0,,0,0,20,False,"{""jit"": ""off"", ""max_parallel_workers_per_gather"": ""0""}",measure,T_i1e_event_timestamp_utc,,,0
I-1,default,1,Q12a,jsonb,3,0.059,0.019,,1,Index Scan,Index Scan using T_i1e_event_timestamp_utc,1,13,1,13,,15,0,0,,0,0,20,False,"{""jit"": ""off"", ""max_parallel_workers_per_gather"": ""0""}",measure,T_i1e_event_timestamp_utc,,,0
I-1,default,1,Q12a,jsonb,4,0.055,0.017,,1,Index Scan,Index Scan using T_i1e_event_timestamp_utc,1,13,1,13,,15,0,0,,0,0,20,False,"{""jit"": ""off"", ""max_parallel_workers_per_gather"": ""0""}",measure,T_i1e_event_timestamp_utc,,,0
I-1,default,1,Q12a,json,4,0.054,0.017,,1,Index Scan,Index Scan using T_i1e_event_timestamp_utc,1,13,1,13,,15,0,0,,0,0,20,False,"{""jit"": ""off"", ""max_parallel_workers_per_gather"": ""0""}",measure,T_i1e_event_timestamp_utc,,,0
I-1,default,1,Q12a,json,5,0.054,0.017,,1,Index Scan,Index Scan using T_i1e_event_timestamp_utc,1,13,1,13,,15,0,0,,0,0,20,False,"{""jit"": ""off"", ""max_parallel_workers_per_gather"": ""0""}",measure,T_i1e_event_timestamp_utc,,,0
I-1,default,1,Q12a,jsonb,5,0.053,0.017,,1,Index Scan,Index Scan using T_i1e_event_timestamp_utc,1,13,1,13,,15,0,0,,0,0,20,False,"{""jit"": ""off"", ""max_parallel_workers_per_gather"": ""0""}",measure,T_i1e_event_timestamp_utc,,,0
I-1,default,1,Q12a,jsonb,6,0.052,0.017,,1,Index Scan,Index Scan using T_i1e_event_timestamp_utc,1,13,1,13,,15,0,0,,0,0,20,False,"{""jit"": ""off"", ""max_parallel_workers_per_gather"": ""0""}",measure,T_i1e_event_timestamp_utc,,,0
I-1,default,1,Q12a,json,6,0.053,0.016,,1,Index Scan,Index Scan using T_i1e_event_timestamp_utc,1,13,1,13,,15,0,0,,0,0,20,False,"{""jit"": ""off"", ""max_parallel_workers_per_gather"": ""0""}",measure,T_i1e_event_timestamp_utc,,,0
I-1,default,1,Q12a,json,7,0.053,0.017,,1,Index Scan,Index Scan using T_i1e_event_timestamp_utc,1,13,1,13,,15,0,0,,0,0,20,False,"{""jit"": ""off"", ""max_parallel_workers_per_gather"": ""0""}",measure,T_i1e_event_timestamp_utc,,,0
I-1,default,1,Q12a,jsonb,7,0.053,0.016,,1,Index Scan,Index Scan using T_i1e_event_timestamp_utc,1,13,1,13,,15,0,0,,0,0,20,False,"{""jit"": ""off"", ""max_parallel_workers_per_gather"": ""0""}",measure,T_i1e_event_timestamp_utc,,,0
I-1,default,1,Q12a,jsonb,8,0.052,0.017,,1,Index Scan,Index Scan using T_i1e_event_timestamp_utc,1,13,1,13,,15,0,0,,0,0,20,False,"{""jit"": ""off"", ""max_parallel_workers_per_gather"": ""0""}",measure,T_i1e_event_timestamp_utc,,,0
I-1,default,1,Q12a,json,8,0.053,0.016,,1,Index Scan,Index Scan using T_i1e_event_timestamp_utc,1,13,1,13,,15,0,0,,0,0,20,False,"{""jit"": ""off"", ""max_parallel_workers_per_gather"": ""0""}",measure,T_i1e_event_timestamp_utc,,,0
I-1,default,1,Q12a,json,9,0.059,0.018,,1,Index Scan,Index Scan using T_i1e_event_timestamp_utc,1,13,1,13,,15,0,0,,0,0,20,False,"{""jit"": ""off"", ""max_parallel_workers_per_gather"": ""0""}",measure,T_i1e_event_timestamp_utc,,,0
I-1,default,1,Q12a,jsonb,9,0.054,0.017,,1,Index Scan,Index Scan using T_i1e_event_timestamp_utc,1,13,1,13,,15,0,0,,0,0,20,False,"{""jit"": ""off"", ""max_parallel_workers_per_gather"": ""0""}",measure,T_i1e_event_timestamp_utc,,,0
I-1,default,1,Q12a,jsonb,10,0.053,0.017,,1,Index Scan,Index Scan using T_i1e_event_timestamp_utc,1,13,1,13,,15,0,0,,0,0,20,False,"{""jit"": ""off"", ""max_parallel_workers_per_gather"": ""0""}",measure,T_i1e_event_timestamp_utc,,,0
I-1,default,1,Q12a,json,10,0.054,0.017,,1,Index Scan,Index Scan using T_i1e_event_timestamp_utc,1,13,1,13,,15,0,0,,0,0,20,False,"{""jit"": ""off"", ""max_parallel_workers_per_gather"": ""0""}",measure,T_i1e_event_timestamp_utc,,,0
I-1,default,1,Q12a,json,11,0.053,0.016,,1,Index Scan,Index Scan using T_i1e_event_timestamp_utc,1,13,1,13,,15,0,0,,0,0,20,False,"{""jit"": ""off"", ""max_parallel_workers_per_gather"": ""0""}",measure,T_i1e_event_timestamp_utc,,,0
I-1,default,1,Q12a,jsonb,11,0.052,0.016,,1,Index Scan,Index Scan using T_i1e_event_timestamp_utc,1,13,1,13,,15,0,0,,0,0,20,False,"{""jit"": ""off"", ""max_parallel_workers_per_gather"": ""0""}",measure,T_i1e_event_timestamp_utc,,,0
I-1,default,1,Q12a,jsonb,12,0.053,0.016,,1,Index Scan,Index Scan using T_i1e_event_timestamp_utc,1,13,1,13,,15,0,0,,0,0,20,False,"{""jit"": ""off"", ""max_parallel_workers_per_gather"": ""0""}",measure,T_i1e_event_timestamp_utc,,,0
I-1,default,1,Q12a,json,12,0.053,0.016,,1,Index Scan,Index Scan using T_i1e_event_timestamp_utc,1,13,1,13,,15,0,0,,0,0,20,False,"{""jit"": ""off"", ""max_parallel_workers_per_gather"": ""0""}",measure,T_i1e_event_timestamp_utc,,,0
I-1,default,1,Q12a,json,13,0.052,0.016,,1,Index Scan,Index Scan using T_i1e_event_timestamp_utc,1,13,1,13,,15,0,0,,0,0,20,False,"{""jit"": ""off"", ""max_parallel_workers_per_gather"": ""0""}",measure,T_i1e_event_timestamp_utc,,,0
I-1,default,1,Q12a,jsonb,13,0.052,0.016,,1,Index Scan,Index Scan using T_i1e_event_timestamp_utc,1,13,1,13,,15,0,0,,0,0,20,False,"{""jit"": ""off"", ""max_parallel_workers_per_gather"": ""0""}",measure,T_i1e_event_timestamp_utc,,,0
I-1,default,1,Q12a,jsonb,14,0.052,0.016,,1,Index Scan,Index Scan using T_i1e_event_timestamp_utc,1,13,1,13,,15,0,0,,0,0,20,False,"{""jit"": ""off"", ""max_parallel_workers_per_gather"": ""0""}",measure,T_i1e_event_timestamp_utc,,,0
I-1,default,1,Q12a,json,14,0.052,0.016,,1,Index Scan,Index Scan using T_i1e_event_timestamp_utc,1,13,1,13,,15,0,0,,0,0,20,False,"{""jit"": ""off"", ""max_parallel_workers_per_gather"": ""0""}",measure,T_i1e_event_timestamp_utc,,,0
I-1,default,1,Q12a,json,15,0.059,0.019,,1,Index Scan,Index Scan using T_i1e_event_timestamp_utc,1,13,1,13,,15,0,0,,0,0,20,False,"{""jit"": ""off"", ""max_parallel_workers_per_gather"": ""0""}",measure,T_i1e_event_timestamp_utc,,,0
I-1,default,1,Q12a,jsonb,15,0.055,0.017,,1,Index Scan,Index Scan using T_i1e_event_timestamp_utc,1,13,1,13,,15,0,0,,0,0,20,False,"{""jit"": ""off"", ""max_parallel_workers_per_gather"": ""0""}",measure,T_i1e_event_timestamp_utc,,,0
I-1,default,1,Q12a,json,1,0.054,0.017,0.001,1,Index Scan,Index Scan using T_i1e_event_timestamp_utc,1,13,1,13,,15,0,0,,0,0,20,False,"{""jit"": ""off"", ""max_parallel_workers_per_gather"": ""0""}",detail,T_i1e_event_timestamp_utc,,,0
I-1,default,1,Q12a,jsonb,1,0.053,0.017,0.001,1,Index Scan,Index Scan using T_i1e_event_timestamp_utc,1,13,1,13,,15,0,0,,0,0,20,False,"{""jit"": ""off"", ""max_parallel_workers_per_gather"": ""0""}",detail,T_i1e_event_timestamp_utc,,,0
I-1,default,1,Q12b,json,1,0.054,0.101,,2,Bitmap Heap Scan,Bitmap Heap Scan on T [Bitmap Index Scan using T_i1e_event_timestamp_utc],88,108,88,108,,105,0,0,,0,0,20,False,"{""jit"": ""off"", ""max_parallel_workers_per_gather"": ""0""}",warmup,T_i1e_event_timestamp_utc,102,0,0
I-1,default,1,Q12b,jsonb,1,0.056,0.154,,2,Bitmap Heap Scan,Bitmap Heap Scan on T [Bitmap Index Scan using T_i1e_event_timestamp_utc],88,108,88,108,,105,0,0,,0,0,20,False,"{""jit"": ""off"", ""max_parallel_workers_per_gather"": ""0""}",warmup,T_i1e_event_timestamp_utc,102,0,0
I-1,default,1,Q12b,json,2,0.056,0.078,,2,Bitmap Heap Scan,Bitmap Heap Scan on T [Bitmap Index Scan using T_i1e_event_timestamp_utc],88,108,88,108,,105,0,0,,0,0,20,False,"{""jit"": ""off"", ""max_parallel_workers_per_gather"": ""0""}",warmup,T_i1e_event_timestamp_utc,102,0,0
I-1,default,1,Q12b,jsonb,2,0.056,0.068,,2,Bitmap Heap Scan,Bitmap Heap Scan on T [Bitmap Index Scan using T_i1e_event_timestamp_utc],88,108,88,108,,105,0,0,,0,0,20,False,"{""jit"": ""off"", ""max_parallel_workers_per_gather"": ""0""}",warmup,T_i1e_event_timestamp_utc,102,0,0
I-1,default,1,Q12b,json,3,0.056,0.065,,2,Bitmap Heap Scan,Bitmap Heap Scan on T [Bitmap Index Scan using T_i1e_event_timestamp_utc],88,108,88,108,,105,0,0,,0,0,20,False,"{""jit"": ""off"", ""max_parallel_workers_per_gather"": ""0""}",warmup,T_i1e_event_timestamp_utc,102,0,0
I-1,default,1,Q12b,jsonb,3,0.056,0.066,,2,Bitmap Heap Scan,Bitmap Heap Scan on T [Bitmap Index Scan using T_i1e_event_timestamp_utc],88,108,88,108,,105,0,0,,0,0,20,False,"{""jit"": ""off"", ""max_parallel_workers_per_gather"": ""0""}",warmup,T_i1e_event_timestamp_utc,102,0,0
I-1,default,1,Q12b,json,1,0.056,0.065,,2,Bitmap Heap Scan,Bitmap Heap Scan on T [Bitmap Index Scan using T_i1e_event_timestamp_utc],88,108,88,108,,105,0,0,,0,0,20,False,"{""jit"": ""off"", ""max_parallel_workers_per_gather"": ""0""}",measure,T_i1e_event_timestamp_utc,102,0,0
I-1,default,1,Q12b,jsonb,1,0.057,0.066,,2,Bitmap Heap Scan,Bitmap Heap Scan on T [Bitmap Index Scan using T_i1e_event_timestamp_utc],88,108,88,108,,105,0,0,,0,0,20,False,"{""jit"": ""off"", ""max_parallel_workers_per_gather"": ""0""}",measure,T_i1e_event_timestamp_utc,102,0,0
I-1,default,1,Q12b,jsonb,2,0.056,0.069,,2,Bitmap Heap Scan,Bitmap Heap Scan on T [Bitmap Index Scan using T_i1e_event_timestamp_utc],88,108,88,108,,105,0,0,,0,0,20,False,"{""jit"": ""off"", ""max_parallel_workers_per_gather"": ""0""}",measure,T_i1e_event_timestamp_utc,102,0,0
I-1,default,1,Q12b,json,2,0.057,0.066,,2,Bitmap Heap Scan,Bitmap Heap Scan on T [Bitmap Index Scan using T_i1e_event_timestamp_utc],88,108,88,108,,105,0,0,,0,0,20,False,"{""jit"": ""off"", ""max_parallel_workers_per_gather"": ""0""}",measure,T_i1e_event_timestamp_utc,102,0,0
I-1,default,1,Q12b,json,3,0.056,0.065,,2,Bitmap Heap Scan,Bitmap Heap Scan on T [Bitmap Index Scan using T_i1e_event_timestamp_utc],88,108,88,108,,105,0,0,,0,0,20,False,"{""jit"": ""off"", ""max_parallel_workers_per_gather"": ""0""}",measure,T_i1e_event_timestamp_utc,102,0,0
I-1,default,1,Q12b,jsonb,3,0.056,0.066,,2,Bitmap Heap Scan,Bitmap Heap Scan on T [Bitmap Index Scan using T_i1e_event_timestamp_utc],88,108,88,108,,105,0,0,,0,0,20,False,"{""jit"": ""off"", ""max_parallel_workers_per_gather"": ""0""}",measure,T_i1e_event_timestamp_utc,102,0,0
I-1,default,1,Q12b,jsonb,4,0.056,0.066,,2,Bitmap Heap Scan,Bitmap Heap Scan on T [Bitmap Index Scan using T_i1e_event_timestamp_utc],88,108,88,108,,105,0,0,,0,0,20,False,"{""jit"": ""off"", ""max_parallel_workers_per_gather"": ""0""}",measure,T_i1e_event_timestamp_utc,102,0,0
I-1,default,1,Q12b,json,4,0.056,0.065,,2,Bitmap Heap Scan,Bitmap Heap Scan on T [Bitmap Index Scan using T_i1e_event_timestamp_utc],88,108,88,108,,105,0,0,,0,0,20,False,"{""jit"": ""off"", ""max_parallel_workers_per_gather"": ""0""}",measure,T_i1e_event_timestamp_utc,102,0,0
I-1,default,1,Q12b,json,5,0.056,0.065,,2,Bitmap Heap Scan,Bitmap Heap Scan on T [Bitmap Index Scan using T_i1e_event_timestamp_utc],88,108,88,108,,105,0,0,,0,0,20,False,"{""jit"": ""off"", ""max_parallel_workers_per_gather"": ""0""}",measure,T_i1e_event_timestamp_utc,102,0,0
I-1,default,1,Q12b,jsonb,5,0.055,0.066,,2,Bitmap Heap Scan,Bitmap Heap Scan on T [Bitmap Index Scan using T_i1e_event_timestamp_utc],88,108,88,108,,105,0,0,,0,0,20,False,"{""jit"": ""off"", ""max_parallel_workers_per_gather"": ""0""}",measure,T_i1e_event_timestamp_utc,102,0,0
I-1,default,1,Q12b,jsonb,6,0.056,0.066,,2,Bitmap Heap Scan,Bitmap Heap Scan on T [Bitmap Index Scan using T_i1e_event_timestamp_utc],88,108,88,108,,105,0,0,,0,0,20,False,"{""jit"": ""off"", ""max_parallel_workers_per_gather"": ""0""}",measure,T_i1e_event_timestamp_utc,102,0,0
I-1,default,1,Q12b,json,6,0.056,0.065,,2,Bitmap Heap Scan,Bitmap Heap Scan on T [Bitmap Index Scan using T_i1e_event_timestamp_utc],88,108,88,108,,105,0,0,,0,0,20,False,"{""jit"": ""off"", ""max_parallel_workers_per_gather"": ""0""}",measure,T_i1e_event_timestamp_utc,102,0,0
I-1,default,1,Q12b,json,7,0.057,0.067,,2,Bitmap Heap Scan,Bitmap Heap Scan on T [Bitmap Index Scan using T_i1e_event_timestamp_utc],88,108,88,108,,105,0,0,,0,0,20,False,"{""jit"": ""off"", ""max_parallel_workers_per_gather"": ""0""}",measure,T_i1e_event_timestamp_utc,102,0,0
I-1,default,1,Q12b,jsonb,7,0.092,0.088,,2,Bitmap Heap Scan,Bitmap Heap Scan on T [Bitmap Index Scan using T_i1e_event_timestamp_utc],88,108,88,108,,105,0,0,,0,0,20,False,"{""jit"": ""off"", ""max_parallel_workers_per_gather"": ""0""}",measure,T_i1e_event_timestamp_utc,102,0,0
I-1,default,1,Q12b,jsonb,8,0.061,0.073,,2,Bitmap Heap Scan,Bitmap Heap Scan on T [Bitmap Index Scan using T_i1e_event_timestamp_utc],88,108,88,108,,105,0,0,,0,0,20,False,"{""jit"": ""off"", ""max_parallel_workers_per_gather"": ""0""}",measure,T_i1e_event_timestamp_utc,102,0,0
I-1,default,1,Q12b,json,8,0.058,0.067,,2,Bitmap Heap Scan,Bitmap Heap Scan on T [Bitmap Index Scan using T_i1e_event_timestamp_utc],88,108,88,108,,105,0,0,,0,0,20,False,"{""jit"": ""off"", ""max_parallel_workers_per_gather"": ""0""}",measure,T_i1e_event_timestamp_utc,102,0,0
I-1,default,1,Q12b,json,9,0.057,0.067,,2,Bitmap Heap Scan,Bitmap Heap Scan on T [Bitmap Index Scan using T_i1e_event_timestamp_utc],88,108,88,108,,105,0,0,,0,0,20,False,"{""jit"": ""off"", ""max_parallel_workers_per_gather"": ""0""}",measure,T_i1e_event_timestamp_utc,102,0,0
I-1,default,1,Q12b,jsonb,9,0.056,0.07,,2,Bitmap Heap Scan,Bitmap Heap Scan on T [Bitmap Index Scan using T_i1e_event_timestamp_utc],88,108,88,108,,105,0,0,,0,0,20,False,"{""jit"": ""off"", ""max_parallel_workers_per_gather"": ""0""}",measure,T_i1e_event_timestamp_utc,102,0,0
I-1,default,1,Q12b,jsonb,10,0.056,0.067,,2,Bitmap Heap Scan,Bitmap Heap Scan on T [Bitmap Index Scan using T_i1e_event_timestamp_utc],88,108,88,108,,105,0,0,,0,0,20,False,"{""jit"": ""off"", ""max_parallel_workers_per_gather"": ""0""}",measure,T_i1e_event_timestamp_utc,102,0,0
I-1,default,1,Q12b,json,10,0.057,0.069,,2,Bitmap Heap Scan,Bitmap Heap Scan on T [Bitmap Index Scan using T_i1e_event_timestamp_utc],88,108,88,108,,105,0,0,,0,0,20,False,"{""jit"": ""off"", ""max_parallel_workers_per_gather"": ""0""}",measure,T_i1e_event_timestamp_utc,102,0,0
I-1,default,1,Q12b,json,11,0.057,0.069,,2,Bitmap Heap Scan,Bitmap Heap Scan on T [Bitmap Index Scan using T_i1e_event_timestamp_utc],88,108,88,108,,105,0,0,,0,0,20,False,"{""jit"": ""off"", ""max_parallel_workers_per_gather"": ""0""}",measure,T_i1e_event_timestamp_utc,102,0,0
I-1,default,1,Q12b,jsonb,11,0.056,0.067,,2,Bitmap Heap Scan,Bitmap Heap Scan on T [Bitmap Index Scan using T_i1e_event_timestamp_utc],88,108,88,108,,105,0,0,,0,0,20,False,"{""jit"": ""off"", ""max_parallel_workers_per_gather"": ""0""}",measure,T_i1e_event_timestamp_utc,102,0,0
I-1,default,1,Q12b,jsonb,12,0.056,0.067,,2,Bitmap Heap Scan,Bitmap Heap Scan on T [Bitmap Index Scan using T_i1e_event_timestamp_utc],88,108,88,108,,105,0,0,,0,0,20,False,"{""jit"": ""off"", ""max_parallel_workers_per_gather"": ""0""}",measure,T_i1e_event_timestamp_utc,102,0,0
I-1,default,1,Q12b,json,12,0.057,0.066,,2,Bitmap Heap Scan,Bitmap Heap Scan on T [Bitmap Index Scan using T_i1e_event_timestamp_utc],88,108,88,108,,105,0,0,,0,0,20,False,"{""jit"": ""off"", ""max_parallel_workers_per_gather"": ""0""}",measure,T_i1e_event_timestamp_utc,102,0,0
I-1,default,1,Q12b,json,13,0.056,0.066,,2,Bitmap Heap Scan,Bitmap Heap Scan on T [Bitmap Index Scan using T_i1e_event_timestamp_utc],88,108,88,108,,105,0,0,,0,0,20,False,"{""jit"": ""off"", ""max_parallel_workers_per_gather"": ""0""}",measure,T_i1e_event_timestamp_utc,102,0,0
I-1,default,1,Q12b,jsonb,13,0.056,0.067,,2,Bitmap Heap Scan,Bitmap Heap Scan on T [Bitmap Index Scan using T_i1e_event_timestamp_utc],88,108,88,108,,105,0,0,,0,0,20,False,"{""jit"": ""off"", ""max_parallel_workers_per_gather"": ""0""}",measure,T_i1e_event_timestamp_utc,102,0,0
I-1,default,1,Q12b,jsonb,14,0.056,0.067,,2,Bitmap Heap Scan,Bitmap Heap Scan on T [Bitmap Index Scan using T_i1e_event_timestamp_utc],88,108,88,108,,105,0,0,,0,0,20,False,"{""jit"": ""off"", ""max_parallel_workers_per_gather"": ""0""}",measure,T_i1e_event_timestamp_utc,102,0,0
I-1,default,1,Q12b,json,14,0.057,0.067,,2,Bitmap Heap Scan,Bitmap Heap Scan on T [Bitmap Index Scan using T_i1e_event_timestamp_utc],88,108,88,108,,105,0,0,,0,0,20,False,"{""jit"": ""off"", ""max_parallel_workers_per_gather"": ""0""}",measure,T_i1e_event_timestamp_utc,102,0,0
I-1,default,1,Q12b,json,15,0.057,0.066,,2,Bitmap Heap Scan,Bitmap Heap Scan on T [Bitmap Index Scan using T_i1e_event_timestamp_utc],88,108,88,108,,105,0,0,,0,0,20,False,"{""jit"": ""off"", ""max_parallel_workers_per_gather"": ""0""}",measure,T_i1e_event_timestamp_utc,102,0,0
I-1,default,1,Q12b,jsonb,15,0.056,0.067,,2,Bitmap Heap Scan,Bitmap Heap Scan on T [Bitmap Index Scan using T_i1e_event_timestamp_utc],88,108,88,108,,105,0,0,,0,0,20,False,"{""jit"": ""off"", ""max_parallel_workers_per_gather"": ""0""}",measure,T_i1e_event_timestamp_utc,102,0,0
I-1,default,1,Q12b,json,1,0.057,0.071,0.007,2,Bitmap Heap Scan,Bitmap Heap Scan on T [Bitmap Index Scan using T_i1e_event_timestamp_utc],88,108,88,108,,105,0,0,,0,0,20,False,"{""jit"": ""off"", ""max_parallel_workers_per_gather"": ""0""}",detail,T_i1e_event_timestamp_utc,102,0,0
I-1,default,1,Q12b,jsonb,1,0.056,0.071,0.006,2,Bitmap Heap Scan,Bitmap Heap Scan on T [Bitmap Index Scan using T_i1e_event_timestamp_utc],88,108,88,108,,105,0,0,,0,0,20,False,"{""jit"": ""off"", ""max_parallel_workers_per_gather"": ""0""}",detail,T_i1e_event_timestamp_utc,102,0,0
I-1,default,1,Q12c,json,1,0.056,0.323,,5,Bitmap Heap Scan,Bitmap Heap Scan on T [Bitmap Index Scan using T_i1e_event_timestamp_utc],500,498,500,498,,424,0,0,,0,0,20,False,"{""jit"": ""off"", ""max_parallel_workers_per_gather"": ""0""}",warmup,T_i1e_event_timestamp_utc,419,0,0
I-1,default,1,Q12c,jsonb,1,0.057,0.322,,5,Bitmap Heap Scan,Bitmap Heap Scan on T [Bitmap Index Scan using T_i1e_event_timestamp_utc],500,498,500,498,,408,0,0,,0,0,20,False,"{""jit"": ""off"", ""max_parallel_workers_per_gather"": ""0""}",warmup,T_i1e_event_timestamp_utc,403,0,0
I-1,default,1,Q12c,json,2,0.058,0.268,,5,Bitmap Heap Scan,Bitmap Heap Scan on T [Bitmap Index Scan using T_i1e_event_timestamp_utc],500,498,500,498,,424,0,0,,0,0,20,False,"{""jit"": ""off"", ""max_parallel_workers_per_gather"": ""0""}",warmup,T_i1e_event_timestamp_utc,419,0,0
I-1,default,1,Q12c,jsonb,2,0.064,0.255,,5,Bitmap Heap Scan,Bitmap Heap Scan on T [Bitmap Index Scan using T_i1e_event_timestamp_utc],500,498,500,498,,408,0,0,,0,0,20,False,"{""jit"": ""off"", ""max_parallel_workers_per_gather"": ""0""}",warmup,T_i1e_event_timestamp_utc,403,0,0
I-1,default,1,Q12c,json,3,0.06,0.23,,5,Bitmap Heap Scan,Bitmap Heap Scan on T [Bitmap Index Scan using T_i1e_event_timestamp_utc],500,498,500,498,,424,0,0,,0,0,20,False,"{""jit"": ""off"", ""max_parallel_workers_per_gather"": ""0""}",warmup,T_i1e_event_timestamp_utc,419,0,0
I-1,default,1,Q12c,jsonb,3,0.058,0.228,,5,Bitmap Heap Scan,Bitmap Heap Scan on T [Bitmap Index Scan using T_i1e_event_timestamp_utc],500,498,500,498,,408,0,0,,0,0,20,False,"{""jit"": ""off"", ""max_parallel_workers_per_gather"": ""0""}",warmup,T_i1e_event_timestamp_utc,403,0,0
I-1,default,1,Q12c,json,1,0.058,0.229,,5,Bitmap Heap Scan,Bitmap Heap Scan on T [Bitmap Index Scan using T_i1e_event_timestamp_utc],500,498,500,498,,424,0,0,,0,0,20,False,"{""jit"": ""off"", ""max_parallel_workers_per_gather"": ""0""}",measure,T_i1e_event_timestamp_utc,419,0,0
I-1,default,1,Q12c,jsonb,1,0.058,0.226,,5,Bitmap Heap Scan,Bitmap Heap Scan on T [Bitmap Index Scan using T_i1e_event_timestamp_utc],500,498,500,498,,408,0,0,,0,0,20,False,"{""jit"": ""off"", ""max_parallel_workers_per_gather"": ""0""}",measure,T_i1e_event_timestamp_utc,403,0,0
I-1,default,1,Q12c,jsonb,2,0.058,0.224,,5,Bitmap Heap Scan,Bitmap Heap Scan on T [Bitmap Index Scan using T_i1e_event_timestamp_utc],500,498,500,498,,408,0,0,,0,0,20,False,"{""jit"": ""off"", ""max_parallel_workers_per_gather"": ""0""}",measure,T_i1e_event_timestamp_utc,403,0,0
I-1,default,1,Q12c,json,2,0.058,0.239,,5,Bitmap Heap Scan,Bitmap Heap Scan on T [Bitmap Index Scan using T_i1e_event_timestamp_utc],500,498,500,498,,424,0,0,,0,0,20,False,"{""jit"": ""off"", ""max_parallel_workers_per_gather"": ""0""}",measure,T_i1e_event_timestamp_utc,419,0,0
I-1,default,1,Q12c,json,3,0.058,0.235,,5,Bitmap Heap Scan,Bitmap Heap Scan on T [Bitmap Index Scan using T_i1e_event_timestamp_utc],500,498,500,498,,424,0,0,,0,0,20,False,"{""jit"": ""off"", ""max_parallel_workers_per_gather"": ""0""}",measure,T_i1e_event_timestamp_utc,419,0,0
I-1,default,1,Q12c,jsonb,3,0.059,0.224,,5,Bitmap Heap Scan,Bitmap Heap Scan on T [Bitmap Index Scan using T_i1e_event_timestamp_utc],500,498,500,498,,408,0,0,,0,0,20,False,"{""jit"": ""off"", ""max_parallel_workers_per_gather"": ""0""}",measure,T_i1e_event_timestamp_utc,403,0,0
I-1,default,1,Q12c,jsonb,4,0.058,0.224,,5,Bitmap Heap Scan,Bitmap Heap Scan on T [Bitmap Index Scan using T_i1e_event_timestamp_utc],500,498,500,498,,408,0,0,,0,0,20,False,"{""jit"": ""off"", ""max_parallel_workers_per_gather"": ""0""}",measure,T_i1e_event_timestamp_utc,403,0,0
I-1,default,1,Q12c,json,4,0.058,0.228,,5,Bitmap Heap Scan,Bitmap Heap Scan on T [Bitmap Index Scan using T_i1e_event_timestamp_utc],500,498,500,498,,424,0,0,,0,0,20,False,"{""jit"": ""off"", ""max_parallel_workers_per_gather"": ""0""}",measure,T_i1e_event_timestamp_utc,419,0,0
I-1,default,1,Q12c,json,5,0.058,0.227,,5,Bitmap Heap Scan,Bitmap Heap Scan on T [Bitmap Index Scan using T_i1e_event_timestamp_utc],500,498,500,498,,424,0,0,,0,0,20,False,"{""jit"": ""off"", ""max_parallel_workers_per_gather"": ""0""}",measure,T_i1e_event_timestamp_utc,419,0,0
I-1,default,1,Q12c,jsonb,5,0.058,0.226,,5,Bitmap Heap Scan,Bitmap Heap Scan on T [Bitmap Index Scan using T_i1e_event_timestamp_utc],500,498,500,498,,408,0,0,,0,0,20,False,"{""jit"": ""off"", ""max_parallel_workers_per_gather"": ""0""}",measure,T_i1e_event_timestamp_utc,403,0,0
I-1,default,1,Q12c,jsonb,6,0.058,0.226,,5,Bitmap Heap Scan,Bitmap Heap Scan on T [Bitmap Index Scan using T_i1e_event_timestamp_utc],500,498,500,498,,408,0,0,,0,0,20,False,"{""jit"": ""off"", ""max_parallel_workers_per_gather"": ""0""}",measure,T_i1e_event_timestamp_utc,403,0,0
I-1,default,1,Q12c,json,6,0.059,0.259,,5,Bitmap Heap Scan,Bitmap Heap Scan on T [Bitmap Index Scan using T_i1e_event_timestamp_utc],500,498,500,498,,424,0,0,,0,0,20,False,"{""jit"": ""off"", ""max_parallel_workers_per_gather"": ""0""}",measure,T_i1e_event_timestamp_utc,419,0,0
I-1,default,1,Q12c,json,7,0.059,0.229,,5,Bitmap Heap Scan,Bitmap Heap Scan on T [Bitmap Index Scan using T_i1e_event_timestamp_utc],500,498,500,498,,424,0,0,,0,0,20,False,"{""jit"": ""off"", ""max_parallel_workers_per_gather"": ""0""}",measure,T_i1e_event_timestamp_utc,419,0,0
I-1,default,1,Q12c,jsonb,7,0.058,0.227,,5,Bitmap Heap Scan,Bitmap Heap Scan on T [Bitmap Index Scan using T_i1e_event_timestamp_utc],500,498,500,498,,408,0,0,,0,0,20,False,"{""jit"": ""off"", ""max_parallel_workers_per_gather"": ""0""}",measure,T_i1e_event_timestamp_utc,403,0,0
I-1,default,1,Q12c,jsonb,8,0.058,0.225,,5,Bitmap Heap Scan,Bitmap Heap Scan on T [Bitmap Index Scan using T_i1e_event_timestamp_utc],500,498,500,498,,408,0,0,,0,0,20,False,"{""jit"": ""off"", ""max_parallel_workers_per_gather"": ""0""}",measure,T_i1e_event_timestamp_utc,403,0,0
I-1,default,1,Q12c,json,8,0.058,0.237,,5,Bitmap Heap Scan,Bitmap Heap Scan on T [Bitmap Index Scan using T_i1e_event_timestamp_utc],500,498,500,498,,424,0,0,,0,0,20,False,"{""jit"": ""off"", ""max_parallel_workers_per_gather"": ""0""}",measure,T_i1e_event_timestamp_utc,419,0,0
I-1,default,1,Q12c,json,9,0.058,0.228,,5,Bitmap Heap Scan,Bitmap Heap Scan on T [Bitmap Index Scan using T_i1e_event_timestamp_utc],500,498,500,498,,424,0,0,,0,0,20,False,"{""jit"": ""off"", ""max_parallel_workers_per_gather"": ""0""}",measure,T_i1e_event_timestamp_utc,419,0,0
I-1,default,1,Q12c,jsonb,9,0.058,0.226,,5,Bitmap Heap Scan,Bitmap Heap Scan on T [Bitmap Index Scan using T_i1e_event_timestamp_utc],500,498,500,498,,408,0,0,,0,0,20,False,"{""jit"": ""off"", ""max_parallel_workers_per_gather"": ""0""}",measure,T_i1e_event_timestamp_utc,403,0,0
I-1,default,1,Q12c,jsonb,10,0.06,0.236,,5,Bitmap Heap Scan,Bitmap Heap Scan on T [Bitmap Index Scan using T_i1e_event_timestamp_utc],500,498,500,498,,408,0,0,,0,0,20,False,"{""jit"": ""off"", ""max_parallel_workers_per_gather"": ""0""}",measure,T_i1e_event_timestamp_utc,403,0,0
I-1,default,1,Q12c,json,10,0.061,0.238,,5,Bitmap Heap Scan,Bitmap Heap Scan on T [Bitmap Index Scan using T_i1e_event_timestamp_utc],500,498,500,498,,424,0,0,,0,0,20,False,"{""jit"": ""off"", ""max_parallel_workers_per_gather"": ""0""}",measure,T_i1e_event_timestamp_utc,419,0,0
I-1,default,1,Q12c,json,11,0.06,0.238,,5,Bitmap Heap Scan,Bitmap Heap Scan on T [Bitmap Index Scan using T_i1e_event_timestamp_utc],500,498,500,498,,424,0,0,,0,0,20,False,"{""jit"": ""off"", ""max_parallel_workers_per_gather"": ""0""}",measure,T_i1e_event_timestamp_utc,419,0,0
I-1,default,1,Q12c,jsonb,11,0.061,0.236,,5,Bitmap Heap Scan,Bitmap Heap Scan on T [Bitmap Index Scan using T_i1e_event_timestamp_utc],500,498,500,498,,408,0,0,,0,0,20,False,"{""jit"": ""off"", ""max_parallel_workers_per_gather"": ""0""}",measure,T_i1e_event_timestamp_utc,403,0,0
I-1,default,1,Q12c,jsonb,12,0.06,0.235,,5,Bitmap Heap Scan,Bitmap Heap Scan on T [Bitmap Index Scan using T_i1e_event_timestamp_utc],500,498,500,498,,408,0,0,,0,0,20,False,"{""jit"": ""off"", ""max_parallel_workers_per_gather"": ""0""}",measure,T_i1e_event_timestamp_utc,403,0,0
I-1,default,1,Q12c,json,12,0.061,0.25,,5,Bitmap Heap Scan,Bitmap Heap Scan on T [Bitmap Index Scan using T_i1e_event_timestamp_utc],500,498,500,498,,424,0,0,,0,0,20,False,"{""jit"": ""off"", ""max_parallel_workers_per_gather"": ""0""}",measure,T_i1e_event_timestamp_utc,419,0,0
I-1,default,1,Q12c,json,13,0.061,0.237,,5,Bitmap Heap Scan,Bitmap Heap Scan on T [Bitmap Index Scan using T_i1e_event_timestamp_utc],500,498,500,498,,424,0,0,,0,0,20,False,"{""jit"": ""off"", ""max_parallel_workers_per_gather"": ""0""}",measure,T_i1e_event_timestamp_utc,419,0,0
I-1,default,1,Q12c,jsonb,13,0.06,0.253,,5,Bitmap Heap Scan,Bitmap Heap Scan on T [Bitmap Index Scan using T_i1e_event_timestamp_utc],500,498,500,498,,408,0,0,,0,0,20,False,"{""jit"": ""off"", ""max_parallel_workers_per_gather"": ""0""}",measure,T_i1e_event_timestamp_utc,403,0,0
I-1,default,1,Q12c,jsonb,14,0.062,0.25,,5,Bitmap Heap Scan,Bitmap Heap Scan on T [Bitmap Index Scan using T_i1e_event_timestamp_utc],500,498,500,498,,408,0,0,,0,0,20,False,"{""jit"": ""off"", ""max_parallel_workers_per_gather"": ""0""}",measure,T_i1e_event_timestamp_utc,403,0,0
I-1,default,1,Q12c,json,14,0.062,0.244,,5,Bitmap Heap Scan,Bitmap Heap Scan on T [Bitmap Index Scan using T_i1e_event_timestamp_utc],500,498,500,498,,424,0,0,,0,0,20,False,"{""jit"": ""off"", ""max_parallel_workers_per_gather"": ""0""}",measure,T_i1e_event_timestamp_utc,419,0,0
I-1,default,1,Q12c,json,15,0.063,0.244,,5,Bitmap Heap Scan,Bitmap Heap Scan on T [Bitmap Index Scan using T_i1e_event_timestamp_utc],500,498,500,498,,424,0,0,,0,0,20,False,"{""jit"": ""off"", ""max_parallel_workers_per_gather"": ""0""}",measure,T_i1e_event_timestamp_utc,419,0,0
I-1,default,1,Q12c,jsonb,15,0.062,0.242,,5,Bitmap Heap Scan,Bitmap Heap Scan on T [Bitmap Index Scan using T_i1e_event_timestamp_utc],500,498,500,498,,408,0,0,,0,0,20,False,"{""jit"": ""off"", ""max_parallel_workers_per_gather"": ""0""}",measure,T_i1e_event_timestamp_utc,403,0,0
I-1,default,1,Q12c,json,1,0.063,0.264,0.032,5,Bitmap Heap Scan,Bitmap Heap Scan on T [Bitmap Index Scan using T_i1e_event_timestamp_utc],500,498,500,498,,424,0,0,,0,0,20,False,"{""jit"": ""off"", ""max_parallel_workers_per_gather"": ""0""}",detail,T_i1e_event_timestamp_utc,419,0,0
I-1,default,1,Q12c,jsonb,1,0.064,0.268,0.033,5,Bitmap Heap Scan,Bitmap Heap Scan on T [Bitmap Index Scan using T_i1e_event_timestamp_utc],500,498,500,498,,408,0,0,,0,0,20,False,"{""jit"": ""off"", ""max_parallel_workers_per_gather"": ""0""}",detail,T_i1e_event_timestamp_utc,403,0,0
I-1,default,1,Q16,json,1,0.057,5.725,,1,Bitmap Heap Scan,Bitmap Heap Scan on T [Bitmap Index Scan using T_i1c_status_code],2,78,2,78,408,429,0,0,,0,0,21,False,"{""jit"": ""off"", ""max_parallel_workers_per_gather"": ""0""}",warmup,T_i1c_status_code,427,0,0
I-1,default,1,Q16,jsonb,1,0.054,1.571,,1,Bitmap Heap Scan,Bitmap Heap Scan on T [Bitmap Index Scan using T_i1c_status_code],2,78,2,78,408,406,0,0,,0,0,21,False,"{""jit"": ""off"", ""max_parallel_workers_per_gather"": ""0""}",warmup,T_i1c_status_code,404,0,0
I-1,default,1,Q16,json,2,0.053,5.867,,1,Bitmap Heap Scan,Bitmap Heap Scan on T [Bitmap Index Scan using T_i1c_status_code],2,78,2,78,408,429,0,0,,0,0,21,False,"{""jit"": ""off"", ""max_parallel_workers_per_gather"": ""0""}",warmup,T_i1c_status_code,427,0,0
I-1,default,1,Q16,jsonb,2,0.058,1.548,,1,Bitmap Heap Scan,Bitmap Heap Scan on T [Bitmap Index Scan using T_i1c_status_code],2,78,2,78,408,406,0,0,,0,0,21,False,"{""jit"": ""off"", ""max_parallel_workers_per_gather"": ""0""}",warmup,T_i1c_status_code,404,0,0
I-1,default,1,Q16,json,3,0.05,5.141,,1,Bitmap Heap Scan,Bitmap Heap Scan on T [Bitmap Index Scan using T_i1c_status_code],2,78,2,78,408,429,0,0,,0,0,21,False,"{""jit"": ""off"", ""max_parallel_workers_per_gather"": ""0""}",warmup,T_i1c_status_code,427,0,0
I-1,default,1,Q16,jsonb,3,0.05,1.295,,1,Bitmap Heap Scan,Bitmap Heap Scan on T [Bitmap Index Scan using T_i1c_status_code],2,78,2,78,408,406,0,0,,0,0,21,False,"{""jit"": ""off"", ""max_parallel_workers_per_gather"": ""0""}",warmup,T_i1c_status_code,404,0,0
I-1,default,1,Q16,json,1,0.048,5.193,,1,Bitmap Heap Scan,Bitmap Heap Scan on T [Bitmap Index Scan using T_i1c_status_code],2,78,2,78,408,429,0,0,,0,0,21,False,"{""jit"": ""off"", ""max_parallel_workers_per_gather"": ""0""}",measure,T_i1c_status_code,427,0,0
I-1,default,1,Q16,jsonb,1,0.051,1.424,,1,Bitmap Heap Scan,Bitmap Heap Scan on T [Bitmap Index Scan using T_i1c_status_code],2,78,2,78,408,406,0,0,,0,0,21,False,"{""jit"": ""off"", ""max_parallel_workers_per_gather"": ""0""}",measure,T_i1c_status_code,404,0,0
I-1,default,1,Q16,jsonb,2,0.051,1.414,,1,Bitmap Heap Scan,Bitmap Heap Scan on T [Bitmap Index Scan using T_i1c_status_code],2,78,2,78,408,406,0,0,,0,0,21,False,"{""jit"": ""off"", ""max_parallel_workers_per_gather"": ""0""}",measure,T_i1c_status_code,404,0,0
I-1,default,1,Q16,json,2,0.052,5.743,,1,Bitmap Heap Scan,Bitmap Heap Scan on T [Bitmap Index Scan using T_i1c_status_code],2,78,2,78,408,429,0,0,,0,0,21,False,"{""jit"": ""off"", ""max_parallel_workers_per_gather"": ""0""}",measure,T_i1c_status_code,427,0,0
I-1,default,1,Q16,json,3,0.055,5.839,,1,Bitmap Heap Scan,Bitmap Heap Scan on T [Bitmap Index Scan using T_i1c_status_code],2,78,2,78,408,429,0,0,,0,0,21,False,"{""jit"": ""off"", ""max_parallel_workers_per_gather"": ""0""}",measure,T_i1c_status_code,427,0,0
I-1,default,1,Q16,jsonb,3,0.058,1.498,,1,Bitmap Heap Scan,Bitmap Heap Scan on T [Bitmap Index Scan using T_i1c_status_code],2,78,2,78,408,406,0,0,,0,0,21,False,"{""jit"": ""off"", ""max_parallel_workers_per_gather"": ""0""}",measure,T_i1c_status_code,404,0,0
I-1,default,1,Q16,jsonb,4,0.054,1.452,,1,Bitmap Heap Scan,Bitmap Heap Scan on T [Bitmap Index Scan using T_i1c_status_code],2,78,2,78,408,406,0,0,,0,0,21,False,"{""jit"": ""off"", ""max_parallel_workers_per_gather"": ""0""}",measure,T_i1c_status_code,404,0,0
I-1,default,1,Q16,json,4,0.051,5.993,,1,Bitmap Heap Scan,Bitmap Heap Scan on T [Bitmap Index Scan using T_i1c_status_code],2,78,2,78,408,429,0,0,,0,0,21,False,"{""jit"": ""off"", ""max_parallel_workers_per_gather"": ""0""}",measure,T_i1c_status_code,427,0,0
I-1,default,1,Q16,json,5,0.083,5.576,,1,Bitmap Heap Scan,Bitmap Heap Scan on T [Bitmap Index Scan using T_i1c_status_code],2,78,2,78,408,429,0,0,,0,0,21,False,"{""jit"": ""off"", ""max_parallel_workers_per_gather"": ""0""}",measure,T_i1c_status_code,427,0,0
I-1,default,1,Q16,jsonb,5,0.052,1.336,,1,Bitmap Heap Scan,Bitmap Heap Scan on T [Bitmap Index Scan using T_i1c_status_code],2,78,2,78,408,406,0,0,,0,0,21,False,"{""jit"": ""off"", ""max_parallel_workers_per_gather"": ""0""}",measure,T_i1c_status_code,404,0,0
I-1,default,1,Q16,jsonb,6,0.048,1.436,,1,Bitmap Heap Scan,Bitmap Heap Scan on T [Bitmap Index Scan using T_i1c_status_code],2,78,2,78,408,406,0,0,,0,0,21,False,"{""jit"": ""off"", ""max_parallel_workers_per_gather"": ""0""}",measure,T_i1c_status_code,404,0,0
I-1,default,1,Q16,json,6,0.048,5.563,,1,Bitmap Heap Scan,Bitmap Heap Scan on T [Bitmap Index Scan using T_i1c_status_code],2,78,2,78,408,429,0,0,,0,0,21,False,"{""jit"": ""off"", ""max_parallel_workers_per_gather"": ""0""}",measure,T_i1c_status_code,427,0,0
I-1,default,1,Q16,json,7,0.055,5.735,,1,Bitmap Heap Scan,Bitmap Heap Scan on T [Bitmap Index Scan using T_i1c_status_code],2,78,2,78,408,429,0,0,,0,0,21,False,"{""jit"": ""off"", ""max_parallel_workers_per_gather"": ""0""}",measure,T_i1c_status_code,427,0,0
I-1,default,1,Q16,jsonb,7,0.059,1.52,,1,Bitmap Heap Scan,Bitmap Heap Scan on T [Bitmap Index Scan using T_i1c_status_code],2,78,2,78,408,406,0,0,,0,0,21,False,"{""jit"": ""off"", ""max_parallel_workers_per_gather"": ""0""}",measure,T_i1c_status_code,404,0,0
I-1,default,1,Q16,jsonb,8,0.052,1.368,,1,Bitmap Heap Scan,Bitmap Heap Scan on T [Bitmap Index Scan using T_i1c_status_code],2,78,2,78,408,406,0,0,,0,0,21,False,"{""jit"": ""off"", ""max_parallel_workers_per_gather"": ""0""}",measure,T_i1c_status_code,404,0,0
I-1,default,1,Q16,json,8,0.06,5.882,,1,Bitmap Heap Scan,Bitmap Heap Scan on T [Bitmap Index Scan using T_i1c_status_code],2,78,2,78,408,429,0,0,,0,0,21,False,"{""jit"": ""off"", ""max_parallel_workers_per_gather"": ""0""}",measure,T_i1c_status_code,427,0,0
I-1,default,1,Q16,json,9,0.099,5.624,,1,Bitmap Heap Scan,Bitmap Heap Scan on T [Bitmap Index Scan using T_i1c_status_code],2,78,2,78,408,429,0,0,,0,0,21,False,"{""jit"": ""off"", ""max_parallel_workers_per_gather"": ""0""}",measure,T_i1c_status_code,427,0,0
I-1,default,1,Q16,jsonb,9,0.06,1.413,,1,Bitmap Heap Scan,Bitmap Heap Scan on T [Bitmap Index Scan using T_i1c_status_code],2,78,2,78,408,406,0,0,,0,0,21,False,"{""jit"": ""off"", ""max_parallel_workers_per_gather"": ""0""}",measure,T_i1c_status_code,404,0,0
I-1,default,1,Q16,jsonb,10,0.047,1.335,,1,Bitmap Heap Scan,Bitmap Heap Scan on T [Bitmap Index Scan using T_i1c_status_code],2,78,2,78,408,406,0,0,,0,0,21,False,"{""jit"": ""off"", ""max_parallel_workers_per_gather"": ""0""}",measure,T_i1c_status_code,404,0,0
I-1,default,1,Q16,json,10,0.052,5.894,,1,Bitmap Heap Scan,Bitmap Heap Scan on T [Bitmap Index Scan using T_i1c_status_code],2,78,2,78,408,429,0,0,,0,0,21,False,"{""jit"": ""off"", ""max_parallel_workers_per_gather"": ""0""}",measure,T_i1c_status_code,427,0,0
I-1,default,1,Q16,json,11,0.06,5.146,,1,Bitmap Heap Scan,Bitmap Heap Scan on T [Bitmap Index Scan using T_i1c_status_code],2,78,2,78,408,429,0,0,,0,0,21,False,"{""jit"": ""off"", ""max_parallel_workers_per_gather"": ""0""}",measure,T_i1c_status_code,427,0,0
I-1,default,1,Q16,jsonb,11,0.052,1.344,,1,Bitmap Heap Scan,Bitmap Heap Scan on T [Bitmap Index Scan using T_i1c_status_code],2,78,2,78,408,406,0,0,,0,0,21,False,"{""jit"": ""off"", ""max_parallel_workers_per_gather"": ""0""}",measure,T_i1c_status_code,404,0,0
I-1,default,1,Q16,jsonb,12,0.057,1.331,,1,Bitmap Heap Scan,Bitmap Heap Scan on T [Bitmap Index Scan using T_i1c_status_code],2,78,2,78,408,406,0,0,,0,0,21,False,"{""jit"": ""off"", ""max_parallel_workers_per_gather"": ""0""}",measure,T_i1c_status_code,404,0,0
I-1,default,1,Q16,json,12,0.049,5.651,,1,Bitmap Heap Scan,Bitmap Heap Scan on T [Bitmap Index Scan using T_i1c_status_code],2,78,2,78,408,429,0,0,,0,0,21,False,"{""jit"": ""off"", ""max_parallel_workers_per_gather"": ""0""}",measure,T_i1c_status_code,427,0,0
I-1,default,1,Q16,json,13,0.055,5.681,,1,Bitmap Heap Scan,Bitmap Heap Scan on T [Bitmap Index Scan using T_i1c_status_code],2,78,2,78,408,429,0,0,,0,0,21,False,"{""jit"": ""off"", ""max_parallel_workers_per_gather"": ""0""}",measure,T_i1c_status_code,427,0,0
I-1,default,1,Q16,jsonb,13,0.06,1.54,,1,Bitmap Heap Scan,Bitmap Heap Scan on T [Bitmap Index Scan using T_i1c_status_code],2,78,2,78,408,406,0,0,,0,0,21,False,"{""jit"": ""off"", ""max_parallel_workers_per_gather"": ""0""}",measure,T_i1c_status_code,404,0,0
I-1,default,1,Q16,jsonb,14,0.053,1.42,,1,Bitmap Heap Scan,Bitmap Heap Scan on T [Bitmap Index Scan using T_i1c_status_code],2,78,2,78,408,406,0,0,,0,0,21,False,"{""jit"": ""off"", ""max_parallel_workers_per_gather"": ""0""}",measure,T_i1c_status_code,404,0,0
I-1,default,1,Q16,json,14,0.052,5.872,,1,Bitmap Heap Scan,Bitmap Heap Scan on T [Bitmap Index Scan using T_i1c_status_code],2,78,2,78,408,429,0,0,,0,0,21,False,"{""jit"": ""off"", ""max_parallel_workers_per_gather"": ""0""}",measure,T_i1c_status_code,427,0,0
I-1,default,1,Q16,json,15,0.088,9.895,,1,Bitmap Heap Scan,Bitmap Heap Scan on T [Bitmap Index Scan using T_i1c_status_code],2,78,2,78,408,429,0,0,,0,0,21,False,"{""jit"": ""off"", ""max_parallel_workers_per_gather"": ""0""}",measure,T_i1c_status_code,427,0,0
I-1,default,1,Q16,jsonb,15,0.058,1.471,,1,Bitmap Heap Scan,Bitmap Heap Scan on T [Bitmap Index Scan using T_i1c_status_code],2,78,2,78,408,406,0,0,,0,0,21,False,"{""jit"": ""off"", ""max_parallel_workers_per_gather"": ""0""}",measure,T_i1c_status_code,404,0,0
I-1,default,1,Q16,json,1,0.073,11.071,0.017,1,Bitmap Heap Scan,Bitmap Heap Scan on T [Bitmap Index Scan using T_i1c_status_code],2,78,2,78,408,429,0,0,,0,0,21,False,"{""jit"": ""off"", ""max_parallel_workers_per_gather"": ""0""}",detail,T_i1c_status_code,427,0,0
I-1,default,1,Q16,jsonb,1,0.067,1.665,0.006,1,Bitmap Heap Scan,Bitmap Heap Scan on T [Bitmap Index Scan using T_i1c_status_code],2,78,2,78,408,406,0,0,,0,0,21,False,"{""jit"": ""off"", ""max_parallel_workers_per_gather"": ""0""}",detail,T_i1c_status_code,404,0,0
I-1,default,1,Q17,json,1,0.106,111.085,,1,Aggregate,Aggregate [Seq Scan on T],7,8,5000,5000,,1250,0,0,,0,15,21,False,"{""jit"": ""off"", ""max_parallel_workers_per_gather"": ""0""}",warmup,-,,,
I-1,default,1,Q17,jsonb,1,0.119,11.797,,1,Aggregate,Aggregate [Seq Scan on T],7,8,5000,5000,,981,0,0,,0,3,21,False,"{""jit"": ""off"", ""max_parallel_workers_per_gather"": ""0""}",warmup,-,,,
I-1,default,1,Q17,json,2,0.058,103.057,,1,Aggregate,Aggregate [Seq Scan on T],7,8,5000,5000,,1250,0,0,,0,0,21,False,"{""jit"": ""off"", ""max_parallel_workers_per_gather"": ""0""}",warmup,-,,,
I-1,default,1,Q17,jsonb,2,0.096,11.672,,1,Aggregate,Aggregate [Seq Scan on T],7,8,5000,5000,,981,0,0,,0,0,21,False,"{""jit"": ""off"", ""max_parallel_workers_per_gather"": ""0""}",warmup,-,,,
I-1,default,1,Q17,json,3,0.057,102.327,,1,Aggregate,Aggregate [Seq Scan on T],7,8,5000,5000,,1250,0,0,,0,0,21,False,"{""jit"": ""off"", ""max_parallel_workers_per_gather"": ""0""}",warmup,-,,,
I-1,default,1,Q17,jsonb,3,0.1,12.719,,1,Aggregate,Aggregate [Seq Scan on T],7,8,5000,5000,,981,0,0,,0,0,21,False,"{""jit"": ""off"", ""max_parallel_workers_per_gather"": ""0""}",warmup,-,,,
I-1,default,1,Q17,json,1,0.068,104.126,,1,Aggregate,Aggregate [Seq Scan on T],7,8,5000,5000,,1250,0,0,,0,0,21,False,"{""jit"": ""off"", ""max_parallel_workers_per_gather"": ""0""}",measure,-,,,
I-1,default,1,Q17,jsonb,1,0.081,12.118,,1,Aggregate,Aggregate [Seq Scan on T],7,8,5000,5000,,981,0,0,,0,0,21,False,"{""jit"": ""off"", ""max_parallel_workers_per_gather"": ""0""}",measure,-,,,
I-1,default,1,Q17,jsonb,2,0.057,11.345,,1,Aggregate,Aggregate [Seq Scan on T],7,8,5000,5000,,981,0,0,,0,0,21,False,"{""jit"": ""off"", ""max_parallel_workers_per_gather"": ""0""}",measure,-,,,
I-1,default,1,Q17,json,2,0.065,106.646,,1,Aggregate,Aggregate [Seq Scan on T],7,8,5000,5000,,1250,0,0,,0,0,21,False,"{""jit"": ""off"", ""max_parallel_workers_per_gather"": ""0""}",measure,-,,,
I-1,default,1,Q17,json,3,0.087,97.007,,1,Aggregate,Aggregate [Seq Scan on T],7,8,5000,5000,,1250,0,0,,0,0,21,False,"{""jit"": ""off"", ""max_parallel_workers_per_gather"": ""0""}",measure,-,,,
I-1,default,1,Q17,jsonb,3,0.111,17.767,,1,Aggregate,Aggregate [Seq Scan on T],7,8,5000,5000,,981,0,0,,0,0,21,False,"{""jit"": ""off"", ""max_parallel_workers_per_gather"": ""0""}",measure,-,,,
I-1,default,1,Q17,jsonb,4,0.06,11.357,,1,Aggregate,Aggregate [Seq Scan on T],7,8,5000,5000,,981,0,0,,0,0,21,False,"{""jit"": ""off"", ""max_parallel_workers_per_gather"": ""0""}",measure,-,,,
I-1,default,1,Q17,json,4,0.06,106.341,,1,Aggregate,Aggregate [Seq Scan on T],7,8,5000,5000,,1250,0,0,,0,0,21,False,"{""jit"": ""off"", ""max_parallel_workers_per_gather"": ""0""}",measure,-,,,
I-1,default,1,Q17,json,5,0.086,109.897,,1,Aggregate,Aggregate [Seq Scan on T],7,8,5000,5000,,1250,0,0,,0,0,21,False,"{""jit"": ""off"", ""max_parallel_workers_per_gather"": ""0""}",measure,-,,,
I-1,default,1,Q17,jsonb,5,0.084,11.413,,1,Aggregate,Aggregate [Seq Scan on T],7,8,5000,5000,,981,0,0,,0,0,21,False,"{""jit"": ""off"", ""max_parallel_workers_per_gather"": ""0""}",measure,-,,,
I-1,default,1,Q17,jsonb,6,0.051,11.149,,1,Aggregate,Aggregate [Seq Scan on T],7,8,5000,5000,,981,0,0,,0,0,21,False,"{""jit"": ""off"", ""max_parallel_workers_per_gather"": ""0""}",measure,-,,,
I-1,default,1,Q17,json,6,0.06,99.275,,1,Aggregate,Aggregate [Seq Scan on T],7,8,5000,5000,,1250,0,0,,0,0,21,False,"{""jit"": ""off"", ""max_parallel_workers_per_gather"": ""0""}",measure,-,,,
I-1,default,1,Q17,json,7,0.082,104.423,,1,Aggregate,Aggregate [Seq Scan on T],7,8,5000,5000,,1250,0,0,,0,0,21,False,"{""jit"": ""off"", ""max_parallel_workers_per_gather"": ""0""}",measure,-,,,
I-1,default,1,Q17,jsonb,7,0.082,12.123,,1,Aggregate,Aggregate [Seq Scan on T],7,8,5000,5000,,981,0,0,,0,0,21,False,"{""jit"": ""off"", ""max_parallel_workers_per_gather"": ""0""}",measure,-,,,
I-1,default,1,Q17,jsonb,8,0.052,11.397,,1,Aggregate,Aggregate [Seq Scan on T],7,8,5000,5000,,981,0,0,,0,0,21,False,"{""jit"": ""off"", ""max_parallel_workers_per_gather"": ""0""}",measure,-,,,
I-1,default,1,Q17,json,8,0.065,102.694,,1,Aggregate,Aggregate [Seq Scan on T],7,8,5000,5000,,1250,0,0,,0,0,21,False,"{""jit"": ""off"", ""max_parallel_workers_per_gather"": ""0""}",measure,-,,,
I-1,default,1,Q17,json,9,0.085,104.302,,1,Aggregate,Aggregate [Seq Scan on T],7,8,5000,5000,,1250,0,0,,0,0,21,False,"{""jit"": ""off"", ""max_parallel_workers_per_gather"": ""0""}",measure,-,,,
I-1,default,1,Q17,jsonb,9,0.087,17.381,,1,Aggregate,Aggregate [Seq Scan on T],7,8,5000,5000,,981,0,0,,0,0,21,False,"{""jit"": ""off"", ""max_parallel_workers_per_gather"": ""0""}",measure,-,,,
I-1,default,1,Q17,jsonb,10,0.065,12.122,,1,Aggregate,Aggregate [Seq Scan on T],7,8,5000,5000,,981,0,0,,0,0,21,False,"{""jit"": ""off"", ""max_parallel_workers_per_gather"": ""0""}",measure,-,,,
I-1,default,1,Q17,json,10,0.07,101.563,,1,Aggregate,Aggregate [Seq Scan on T],7,8,5000,5000,,1250,0,0,,0,0,21,False,"{""jit"": ""off"", ""max_parallel_workers_per_gather"": ""0""}",measure,-,,,
I-1,default,1,Q17,json,11,0.086,116.866,,1,Aggregate,Aggregate [Seq Scan on T],7,8,5000,5000,,1250,0,0,,0,0,21,False,"{""jit"": ""off"", ""max_parallel_workers_per_gather"": ""0""}",measure,-,,,
I-1,default,1,Q17,jsonb,11,0.091,13.458,,1,Aggregate,Aggregate [Seq Scan on T],7,8,5000,5000,,981,0,0,,0,0,21,False,"{""jit"": ""off"", ""max_parallel_workers_per_gather"": ""0""}",measure,-,,,
I-1,default,1,Q17,jsonb,12,0.055,11.201,,1,Aggregate,Aggregate [Seq Scan on T],7,8,5000,5000,,981,0,0,,0,0,21,False,"{""jit"": ""off"", ""max_parallel_workers_per_gather"": ""0""}",measure,-,,,
I-1,default,1,Q17,json,12,0.101,102.926,,1,Aggregate,Aggregate [Seq Scan on T],7,8,5000,5000,,1250,0,0,,0,0,21,False,"{""jit"": ""off"", ""max_parallel_workers_per_gather"": ""0""}",measure,-,,,
I-1,default,1,Q17,json,13,0.083,103.709,,1,Aggregate,Aggregate [Seq Scan on T],7,8,5000,5000,,1250,0,0,,0,0,21,False,"{""jit"": ""off"", ""max_parallel_workers_per_gather"": ""0""}",measure,-,,,
I-1,default,1,Q17,jsonb,13,0.081,11.597,,1,Aggregate,Aggregate [Seq Scan on T],7,8,5000,5000,,981,0,0,,0,0,21,False,"{""jit"": ""off"", ""max_parallel_workers_per_gather"": ""0""}",measure,-,,,
I-1,default,1,Q17,jsonb,14,0.049,11.395,,1,Aggregate,Aggregate [Seq Scan on T],7,8,5000,5000,,981,0,0,,0,0,21,False,"{""jit"": ""off"", ""max_parallel_workers_per_gather"": ""0""}",measure,-,,,
I-1,default,1,Q17,json,14,0.069,106.179,,1,Aggregate,Aggregate [Seq Scan on T],7,8,5000,5000,,1250,0,0,,0,0,21,False,"{""jit"": ""off"", ""max_parallel_workers_per_gather"": ""0""}",measure,-,,,
I-1,default,1,Q17,json,15,0.082,105.057,,1,Aggregate,Aggregate [Seq Scan on T],7,8,5000,5000,,1250,0,0,,0,0,21,False,"{""jit"": ""off"", ""max_parallel_workers_per_gather"": ""0""}",measure,-,,,
I-1,default,1,Q17,jsonb,15,0.088,12.264,,1,Aggregate,Aggregate [Seq Scan on T],7,8,5000,5000,,981,0,0,,0,0,21,False,"{""jit"": ""off"", ""max_parallel_workers_per_gather"": ""0""}",measure,-,,,
I-1,default,1,Q17,json,1,0.058,127.137,0.004,1,Aggregate,Aggregate [Seq Scan on T],7,8,5000,5000,,1250,0,0,,0,0,21,False,"{""jit"": ""off"", ""max_parallel_workers_per_gather"": ""0""}",detail,-,,,
I-1,default,1,Q17,jsonb,1,0.08,11.618,0.003,1,Aggregate,Aggregate [Seq Scan on T],7,8,5000,5000,,981,0,0,,0,0,21,False,"{""jit"": ""off"", ""max_parallel_workers_per_gather"": ""0""}",detail,-,,,
I-1,default,1,Q09,json,1,0.053,57.803,,15,Seq Scan,Seq Scan on T,25,1528,25,1528,3472,1250,0,0,,0,0,16,False,"{""jit"": ""off"", ""max_parallel_workers_per_gather"": ""0""}",warmup,-,,,
I-1,default,1,Q09,jsonb,1,0.072,11.854,,15,Seq Scan,Seq Scan on T,25,1528,25,1528,3472,981,0,0,,0,0,16,False,"{""jit"": ""off"", ""max_parallel_workers_per_gather"": ""0""}",warmup,-,,,
I-1,default,1,Q09,json,2,0.057,60.692,,15,Seq Scan,Seq Scan on T,25,1528,25,1528,3472,1250,0,0,,0,0,16,False,"{""jit"": ""off"", ""max_parallel_workers_per_gather"": ""0""}",warmup,-,,,
I-1,default,1,Q09,jsonb,2,0.06,10.883,,15,Seq Scan,Seq Scan on T,25,1528,25,1528,3472,981,0,0,,0,0,16,False,"{""jit"": ""off"", ""max_parallel_workers_per_gather"": ""0""}",warmup,-,,,
I-1,default,1,Q09,json,3,0.047,59.865,,15,Seq Scan,Seq Scan on T,25,1528,25,1528,3472,1250,0,0,,0,0,16,False,"{""jit"": ""off"", ""max_parallel_workers_per_gather"": ""0""}",warmup,-,,,
I-1,default,1,Q09,jsonb,3,0.071,11.109,,15,Seq Scan,Seq Scan on T,25,1528,25,1528,3472,981,0,0,,0,0,16,False,"{""jit"": ""off"", ""max_parallel_workers_per_gather"": ""0""}",warmup,-,,,
I-1,default,1,Q09,json,1,0.047,59.813,,15,Seq Scan,Seq Scan on T,25,1528,25,1528,3472,1250,0,0,,0,0,16,False,"{""jit"": ""off"", ""max_parallel_workers_per_gather"": ""0""}",measure,-,,,
I-1,default,1,Q09,jsonb,1,0.067,10.907,,15,Seq Scan,Seq Scan on T,25,1528,25,1528,3472,981,0,0,,0,0,16,False,"{""jit"": ""off"", ""max_parallel_workers_per_gather"": ""0""}",measure,-,,,
I-1,default,1,Q09,jsonb,2,0.042,13.054,,15,Seq Scan,Seq Scan on T,25,1528,25,1528,3472,981,0,0,,0,0,16,False,"{""jit"": ""off"", ""max_parallel_workers_per_gather"": ""0""}",measure,-,,,
I-1,default,1,Q09,json,2,0.059,58.528,,15,Seq Scan,Seq Scan on T,25,1528,25,1528,3472,1250,0,0,,0,0,16,False,"{""jit"": ""off"", ""max_parallel_workers_per_gather"": ""0""}",measure,-,,,
I-1,default,1,Q09,json,3,0.068,56.141,,15,Seq Scan,Seq Scan on T,25,1528,25,1528,3472,1250,0,0,,0,0,16,False,"{""jit"": ""off"", ""max_parallel_workers_per_gather"": ""0""}",measure,-,,,
I-1,default,1,Q09,jsonb,3,0.062,10.559,,15,Seq Scan,Seq Scan on T,25,1528,25,1528,3472,981,0,0,,0,0,16,False,"{""jit"": ""off"", ""max_parallel_workers_per_gather"": ""0""}",measure,-,,,
I-1,default,1,Q09,jsonb,4,0.039,10.355,,15,Seq Scan,Seq Scan on T,25,1528,25,1528,3472,981,0,0,,0,0,16,False,"{""jit"": ""off"", ""max_parallel_workers_per_gather"": ""0""}",measure,-,,,
I-1,default,1,Q09,json,4,0.049,57.047,,15,Seq Scan,Seq Scan on T,25,1528,25,1528,3472,1250,0,0,,0,0,16,False,"{""jit"": ""off"", ""max_parallel_workers_per_gather"": ""0""}",measure,-,,,
I-1,default,1,Q09,json,5,0.062,71.871,,15,Seq Scan,Seq Scan on T,25,1528,25,1528,3472,1250,0,0,,0,0,16,False,"{""jit"": ""off"", ""max_parallel_workers_per_gather"": ""0""}",measure,-,,,
I-1,default,1,Q09,jsonb,5,0.075,17.465,,15,Seq Scan,Seq Scan on T,25,1528,25,1528,3472,981,0,0,,0,0,16,False,"{""jit"": ""off"", ""max_parallel_workers_per_gather"": ""0""}",measure,-,,,
I-1,default,1,Q09,jsonb,6,0.063,16.547,,15,Seq Scan,Seq Scan on T,25,1528,25,1528,3472,981,0,0,,0,0,16,False,"{""jit"": ""off"", ""max_parallel_workers_per_gather"": ""0""}",measure,-,,,
I-1,default,1,Q09,json,6,0.066,64.219,,15,Seq Scan,Seq Scan on T,25,1528,25,1528,3472,1250,0,0,,0,0,16,False,"{""jit"": ""off"", ""max_parallel_workers_per_gather"": ""0""}",measure,-,,,
I-1,default,1,Q09,json,7,0.073,63.51,,15,Seq Scan,Seq Scan on T,25,1528,25,1528,3472,1250,0,0,,0,0,16,False,"{""jit"": ""off"", ""max_parallel_workers_per_gather"": ""0""}",measure,-,,,
I-1,default,1,Q09,jsonb,7,0.065,12.47,,15,Seq Scan,Seq Scan on T,25,1528,25,1528,3472,981,0,0,,0,0,16,False,"{""jit"": ""off"", ""max_parallel_workers_per_gather"": ""0""}",measure,-,,,
I-1,default,1,Q09,jsonb,8,0.064,12.149,,15,Seq Scan,Seq Scan on T,25,1528,25,1528,3472,981,0,0,,0,0,16,False,"{""jit"": ""off"", ""max_parallel_workers_per_gather"": ""0""}",measure,-,,,
I-1,default,1,Q09,json,8,0.16,70.505,,15,Seq Scan,Seq Scan on T,25,1528,25,1528,3472,1250,0,0,,0,0,16,False,"{""jit"": ""off"", ""max_parallel_workers_per_gather"": ""0""}",measure,-,,,
I-1,default,1,Q09,json,9,0.067,60.14,,15,Seq Scan,Seq Scan on T,25,1528,25,1528,3472,1250,0,0,,0,0,16,False,"{""jit"": ""off"", ""max_parallel_workers_per_gather"": ""0""}",measure,-,,,
I-1,default,1,Q09,jsonb,9,0.074,12.51,,15,Seq Scan,Seq Scan on T,25,1528,25,1528,3472,981,0,0,,0,0,16,False,"{""jit"": ""off"", ""max_parallel_workers_per_gather"": ""0""}",measure,-,,,
I-1,default,1,Q09,jsonb,10,0.063,13.279,,15,Seq Scan,Seq Scan on T,25,1528,25,1528,3472,981,0,0,,0,0,16,False,"{""jit"": ""off"", ""max_parallel_workers_per_gather"": ""0""}",measure,-,,,
I-1,default,1,Q09,json,10,0.082,59.612,,15,Seq Scan,Seq Scan on T,25,1528,25,1528,3472,1250,0,0,,0,0,16,False,"{""jit"": ""off"", ""max_parallel_workers_per_gather"": ""0""}",measure,-,,,
I-1,default,1,Q09,json,11,0.067,60.333,,15,Seq Scan,Seq Scan on T,25,1528,25,1528,3472,1250,0,0,,0,0,16,False,"{""jit"": ""off"", ""max_parallel_workers_per_gather"": ""0""}",measure,-,,,
I-1,default,1,Q09,jsonb,11,0.066,12.514,,15,Seq Scan,Seq Scan on T,25,1528,25,1528,3472,981,0,0,,0,0,16,False,"{""jit"": ""off"", ""max_parallel_workers_per_gather"": ""0""}",measure,-,,,
I-1,default,1,Q09,jsonb,12,0.088,12.499,,15,Seq Scan,Seq Scan on T,25,1528,25,1528,3472,981,0,0,,0,0,16,False,"{""jit"": ""off"", ""max_parallel_workers_per_gather"": ""0""}",measure,-,,,
I-1,default,1,Q09,json,12,0.066,63.706,,15,Seq Scan,Seq Scan on T,25,1528,25,1528,3472,1250,0,0,,0,0,16,False,"{""jit"": ""off"", ""max_parallel_workers_per_gather"": ""0""}",measure,-,,,
I-1,default,1,Q09,json,13,0.073,67.129,,15,Seq Scan,Seq Scan on T,25,1528,25,1528,3472,1250,0,0,,0,0,16,False,"{""jit"": ""off"", ""max_parallel_workers_per_gather"": ""0""}",measure,-,,,
I-1,default,1,Q09,jsonb,13,0.074,12.263,,15,Seq Scan,Seq Scan on T,25,1528,25,1528,3472,981,0,0,,0,0,16,False,"{""jit"": ""off"", ""max_parallel_workers_per_gather"": ""0""}",measure,-,,,
I-1,default,1,Q09,jsonb,14,0.059,12.516,,15,Seq Scan,Seq Scan on T,25,1528,25,1528,3472,981,0,0,,0,0,16,False,"{""jit"": ""off"", ""max_parallel_workers_per_gather"": ""0""}",measure,-,,,
I-1,default,1,Q09,json,14,0.064,80.855,,15,Seq Scan,Seq Scan on T,25,1528,25,1528,3472,1250,0,0,,0,0,16,False,"{""jit"": ""off"", ""max_parallel_workers_per_gather"": ""0""}",measure,-,,,
I-1,default,1,Q09,json,15,0.077,59.202,,15,Seq Scan,Seq Scan on T,25,1528,25,1528,3472,1250,0,0,,0,0,16,False,"{""jit"": ""off"", ""max_parallel_workers_per_gather"": ""0""}",measure,-,,,
I-1,default,1,Q09,jsonb,15,0.07,12.523,,15,Seq Scan,Seq Scan on T,25,1528,25,1528,3472,981,0,0,,0,0,16,False,"{""jit"": ""off"", ""max_parallel_workers_per_gather"": ""0""}",measure,-,,,
I-1,default,1,Q09,json,1,0.063,61.574,0.121,15,Seq Scan,Seq Scan on T,25,1528,25,1528,3472,1250,0,0,,0,0,16,False,"{""jit"": ""off"", ""max_parallel_workers_per_gather"": ""0""}",detail,-,,,
I-1,default,1,Q09,jsonb,1,0.072,12.453,0.113,15,Seq Scan,Seq Scan on T,25,1528,25,1528,3472,981,0,0,,0,0,16,False,"{""jit"": ""off"", ""max_parallel_workers_per_gather"": ""0""}",detail,-,,,
I-1,forced,1,Q07,json,1,0.065,0.03,,1,Index Scan,Index Scan using T_i1a_record_validity,12,12,12,12,,14,0,0,,0,0,17,False,"{""enable_seqscan"": ""off"", ""jit"": ""off"", ""max_parallel_workers_per_gather"": ""0""}",warmup,T_i1a_record_validity,,,0
I-1,forced,1,Q07,jsonb,1,0.053,0.022,,1,Index Scan,Index Scan using T_i1a_record_validity,12,12,12,12,,14,0,0,,0,0,17,False,"{""enable_seqscan"": ""off"", ""jit"": ""off"", ""max_parallel_workers_per_gather"": ""0""}",warmup,T_i1a_record_validity,,,0
I-1,forced,1,Q07,json,2,0.05,0.019,,1,Index Scan,Index Scan using T_i1a_record_validity,12,12,12,12,,14,0,0,,0,0,17,False,"{""enable_seqscan"": ""off"", ""jit"": ""off"", ""max_parallel_workers_per_gather"": ""0""}",warmup,T_i1a_record_validity,,,0
I-1,forced,1,Q07,jsonb,2,0.046,0.017,,1,Index Scan,Index Scan using T_i1a_record_validity,12,12,12,12,,14,0,0,,0,0,17,False,"{""enable_seqscan"": ""off"", ""jit"": ""off"", ""max_parallel_workers_per_gather"": ""0""}",warmup,T_i1a_record_validity,,,0
I-1,forced,1,Q07,json,3,0.045,0.017,,1,Index Scan,Index Scan using T_i1a_record_validity,12,12,12,12,,14,0,0,,0,0,17,False,"{""enable_seqscan"": ""off"", ""jit"": ""off"", ""max_parallel_workers_per_gather"": ""0""}",warmup,T_i1a_record_validity,,,0
I-1,forced,1,Q07,jsonb,3,0.044,0.017,,1,Index Scan,Index Scan using T_i1a_record_validity,12,12,12,12,,14,0,0,,0,0,17,False,"{""enable_seqscan"": ""off"", ""jit"": ""off"", ""max_parallel_workers_per_gather"": ""0""}",warmup,T_i1a_record_validity,,,0
I-1,forced,1,Q07,json,1,0.078,0.018,,1,Index Scan,Index Scan using T_i1a_record_validity,12,12,12,12,,14,0,0,,0,0,17,False,"{""enable_seqscan"": ""off"", ""jit"": ""off"", ""max_parallel_workers_per_gather"": ""0""}",measure,T_i1a_record_validity,,,0
I-1,forced,1,Q07,jsonb,1,0.044,0.017,,1,Index Scan,Index Scan using T_i1a_record_validity,12,12,12,12,,14,0,0,,0,0,17,False,"{""enable_seqscan"": ""off"", ""jit"": ""off"", ""max_parallel_workers_per_gather"": ""0""}",measure,T_i1a_record_validity,,,0
I-1,forced,1,Q07,jsonb,2,0.044,0.017,,1,Index Scan,Index Scan using T_i1a_record_validity,12,12,12,12,,14,0,0,,0,0,17,False,"{""enable_seqscan"": ""off"", ""jit"": ""off"", ""max_parallel_workers_per_gather"": ""0""}",measure,T_i1a_record_validity,,,0
I-1,forced,1,Q07,json,2,0.044,0.017,,1,Index Scan,Index Scan using T_i1a_record_validity,12,12,12,12,,14,0,0,,0,0,17,False,"{""enable_seqscan"": ""off"", ""jit"": ""off"", ""max_parallel_workers_per_gather"": ""0""}",measure,T_i1a_record_validity,,,0
I-1,forced,1,Q07,json,3,0.044,0.017,,1,Index Scan,Index Scan using T_i1a_record_validity,12,12,12,12,,14,0,0,,0,0,17,False,"{""enable_seqscan"": ""off"", ""jit"": ""off"", ""max_parallel_workers_per_gather"": ""0""}",measure,T_i1a_record_validity,,,0
I-1,forced,1,Q07,jsonb,3,0.044,0.017,,1,Index Scan,Index Scan using T_i1a_record_validity,12,12,12,12,,14,0,0,,0,0,17,False,"{""enable_seqscan"": ""off"", ""jit"": ""off"", ""max_parallel_workers_per_gather"": ""0""}",measure,T_i1a_record_validity,,,0
I-1,forced,1,Q07,jsonb,4,0.057,0.016,,1,Index Scan,Index Scan using T_i1a_record_validity,12,12,12,12,,14,0,0,,0,0,17,False,"{""enable_seqscan"": ""off"", ""jit"": ""off"", ""max_parallel_workers_per_gather"": ""0""}",measure,T_i1a_record_validity,,,0
I-1,forced,1,Q07,json,4,0.043,0.016,,1,Index Scan,Index Scan using T_i1a_record_validity,12,12,12,12,,14,0,0,,0,0,17,False,"{""enable_seqscan"": ""off"", ""jit"": ""off"", ""max_parallel_workers_per_gather"": ""0""}",measure,T_i1a_record_validity,,,0
I-1,forced,1,Q07,json,5,0.043,0.016,,1,Index Scan,Index Scan using T_i1a_record_validity,12,12,12,12,,14,0,0,,0,0,17,False,"{""enable_seqscan"": ""off"", ""jit"": ""off"", ""max_parallel_workers_per_gather"": ""0""}",measure,T_i1a_record_validity,,,0
I-1,forced,1,Q07,jsonb,5,0.048,0.018,,1,Index Scan,Index Scan using T_i1a_record_validity,12,12,12,12,,14,0,0,,0,0,17,False,"{""enable_seqscan"": ""off"", ""jit"": ""off"", ""max_parallel_workers_per_gather"": ""0""}",measure,T_i1a_record_validity,,,0
I-1,forced,1,Q07,jsonb,6,0.044,0.017,,1,Index Scan,Index Scan using T_i1a_record_validity,12,12,12,12,,14,0,0,,0,0,17,False,"{""enable_seqscan"": ""off"", ""jit"": ""off"", ""max_parallel_workers_per_gather"": ""0""}",measure,T_i1a_record_validity,,,0
I-1,forced,1,Q07,json,6,0.044,0.017,,1,Index Scan,Index Scan using T_i1a_record_validity,12,12,12,12,,14,0,0,,0,0,17,False,"{""enable_seqscan"": ""off"", ""jit"": ""off"", ""max_parallel_workers_per_gather"": ""0""}",measure,T_i1a_record_validity,,,0
I-1,forced,1,Q07,json,7,0.043,0.017,,1,Index Scan,Index Scan using T_i1a_record_validity,12,12,12,12,,14,0,0,,0,0,17,False,"{""enable_seqscan"": ""off"", ""jit"": ""off"", ""max_parallel_workers_per_gather"": ""0""}",measure,T_i1a_record_validity,,,0
I-1,forced,1,Q07,jsonb,7,0.056,0.016,,1,Index Scan,Index Scan using T_i1a_record_validity,12,12,12,12,,14,0,0,,0,0,17,False,"{""enable_seqscan"": ""off"", ""jit"": ""off"", ""max_parallel_workers_per_gather"": ""0""}",measure,T_i1a_record_validity,,,0
I-1,forced,1,Q07,jsonb,8,0.041,0.016,,1,Index Scan,Index Scan using T_i1a_record_validity,12,12,12,12,,14,0,0,,0,0,17,False,"{""enable_seqscan"": ""off"", ""jit"": ""off"", ""max_parallel_workers_per_gather"": ""0""}",measure,T_i1a_record_validity,,,0
I-1,forced,1,Q07,json,8,0.042,0.016,,1,Index Scan,Index Scan using T_i1a_record_validity,12,12,12,12,,14,0,0,,0,0,17,False,"{""enable_seqscan"": ""off"", ""jit"": ""off"", ""max_parallel_workers_per_gather"": ""0""}",measure,T_i1a_record_validity,,,0
I-1,forced,1,Q07,json,9,0.042,0.016,,1,Index Scan,Index Scan using T_i1a_record_validity,12,12,12,12,,14,0,0,,0,0,17,False,"{""enable_seqscan"": ""off"", ""jit"": ""off"", ""max_parallel_workers_per_gather"": ""0""}",measure,T_i1a_record_validity,,,0
I-1,forced,1,Q07,jsonb,9,0.039,0.015,,1,Index Scan,Index Scan using T_i1a_record_validity,12,12,12,12,,14,0,0,,0,0,17,False,"{""enable_seqscan"": ""off"", ""jit"": ""off"", ""max_parallel_workers_per_gather"": ""0""}",measure,T_i1a_record_validity,,,0
I-1,forced,1,Q07,jsonb,10,0.039,0.015,,1,Index Scan,Index Scan using T_i1a_record_validity,12,12,12,12,,14,0,0,,0,0,17,False,"{""enable_seqscan"": ""off"", ""jit"": ""off"", ""max_parallel_workers_per_gather"": ""0""}",measure,T_i1a_record_validity,,,0
I-1,forced,1,Q07,json,10,0.04,0.015,,1,Index Scan,Index Scan using T_i1a_record_validity,12,12,12,12,,14,0,0,,0,0,17,False,"{""enable_seqscan"": ""off"", ""jit"": ""off"", ""max_parallel_workers_per_gather"": ""0""}",measure,T_i1a_record_validity,,,0
I-1,forced,1,Q07,json,11,0.04,0.015,,1,Index Scan,Index Scan using T_i1a_record_validity,12,12,12,12,,14,0,0,,0,0,17,False,"{""enable_seqscan"": ""off"", ""jit"": ""off"", ""max_parallel_workers_per_gather"": ""0""}",measure,T_i1a_record_validity,,,0
I-1,forced,1,Q07,jsonb,11,0.061,0.018,,1,Index Scan,Index Scan using T_i1a_record_validity,12,12,12,12,,14,0,0,,0,0,17,False,"{""enable_seqscan"": ""off"", ""jit"": ""off"", ""max_parallel_workers_per_gather"": ""0""}",measure,T_i1a_record_validity,,,0
I-1,forced,1,Q07,jsonb,12,0.113,0.032,,1,Index Scan,Index Scan using T_i1a_record_validity,12,12,12,12,,14,0,0,,0,0,17,False,"{""enable_seqscan"": ""off"", ""jit"": ""off"", ""max_parallel_workers_per_gather"": ""0""}",measure,T_i1a_record_validity,,,0
I-1,forced,1,Q07,json,12,0.11,0.034,,1,Index Scan,Index Scan using T_i1a_record_validity,12,12,12,12,,14,0,0,,0,0,17,False,"{""enable_seqscan"": ""off"", ""jit"": ""off"", ""max_parallel_workers_per_gather"": ""0""}",measure,T_i1a_record_validity,,,0
I-1,forced,1,Q07,json,13,0.056,0.023,,1,Index Scan,Index Scan using T_i1a_record_validity,12,12,12,12,,14,0,0,,0,0,17,False,"{""enable_seqscan"": ""off"", ""jit"": ""off"", ""max_parallel_workers_per_gather"": ""0""}",measure,T_i1a_record_validity,,,0
I-1,forced,1,Q07,jsonb,13,0.056,0.022,,1,Index Scan,Index Scan using T_i1a_record_validity,12,12,12,12,,14,0,0,,0,0,17,False,"{""enable_seqscan"": ""off"", ""jit"": ""off"", ""max_parallel_workers_per_gather"": ""0""}",measure,T_i1a_record_validity,,,0
I-1,forced,1,Q07,jsonb,14,0.06,0.024,,1,Index Scan,Index Scan using T_i1a_record_validity,12,12,12,12,,14,0,0,,0,0,17,False,"{""enable_seqscan"": ""off"", ""jit"": ""off"", ""max_parallel_workers_per_gather"": ""0""}",measure,T_i1a_record_validity,,,0
I-1,forced,1,Q07,json,14,0.057,0.022,,1,Index Scan,Index Scan using T_i1a_record_validity,12,12,12,12,,14,0,0,,0,0,17,False,"{""enable_seqscan"": ""off"", ""jit"": ""off"", ""max_parallel_workers_per_gather"": ""0""}",measure,T_i1a_record_validity,,,0
I-1,forced,1,Q07,json,15,0.073,0.027,,1,Index Scan,Index Scan using T_i1a_record_validity,12,12,12,12,,14,0,0,,0,0,17,False,"{""enable_seqscan"": ""off"", ""jit"": ""off"", ""max_parallel_workers_per_gather"": ""0""}",measure,T_i1a_record_validity,,,0
I-1,forced,1,Q07,jsonb,15,0.06,0.023,,1,Index Scan,Index Scan using T_i1a_record_validity,12,12,12,12,,14,0,0,,0,0,17,False,"{""enable_seqscan"": ""off"", ""jit"": ""off"", ""max_parallel_workers_per_gather"": ""0""}",measure,T_i1a_record_validity,,,0
I-1,forced,1,Q07,json,1,0.056,0.022,0.002,1,Index Scan,Index Scan using T_i1a_record_validity,12,12,12,12,,14,0,0,,0,0,17,False,"{""enable_seqscan"": ""off"", ""jit"": ""off"", ""max_parallel_workers_per_gather"": ""0""}",detail,T_i1a_record_validity,,,0
I-1,forced,1,Q07,jsonb,1,0.053,0.021,0.002,1,Index Scan,Index Scan using T_i1a_record_validity,12,12,12,12,,14,0,0,,0,0,17,False,"{""enable_seqscan"": ""off"", ""jit"": ""off"", ""max_parallel_workers_per_gather"": ""0""}",detail,T_i1a_record_validity,,,0
I-1,forced,1,Q08,json,1,0.056,0.211,,3,Bitmap Heap Scan,Bitmap Heap Scan on T [Bitmap Index Scan using T_i1b_entity_type_code],225,225,225,225,,207,0,0,,0,0,18,False,"{""enable_seqscan"": ""off"", ""jit"": ""off"", ""max_parallel_workers_per_gather"": ""0""}",warmup,T_i1b_entity_type_code,205,0,0
I-1,forced,1,Q08,jsonb,1,0.056,0.205,,3,Bitmap Heap Scan,Bitmap Heap Scan on T [Bitmap Index Scan using T_i1b_entity_type_code],225,225,225,225,,200,0,0,,0,0,18,False,"{""enable_seqscan"": ""off"", ""jit"": ""off"", ""max_parallel_workers_per_gather"": ""0""}",warmup,T_i1b_entity_type_code,198,0,0
I-1,forced,1,Q08,json,2,0.056,0.185,,3,Bitmap Heap Scan,Bitmap Heap Scan on T [Bitmap Index Scan using T_i1b_entity_type_code],225,225,225,225,,207,0,0,,0,0,18,False,"{""enable_seqscan"": ""off"", ""jit"": ""off"", ""max_parallel_workers_per_gather"": ""0""}",warmup,T_i1b_entity_type_code,205,0,0
I-1,forced,1,Q08,jsonb,2,0.049,0.153,,3,Bitmap Heap Scan,Bitmap Heap Scan on T [Bitmap Index Scan using T_i1b_entity_type_code],225,225,225,225,,200,0,0,,0,0,18,False,"{""enable_seqscan"": ""off"", ""jit"": ""off"", ""max_parallel_workers_per_gather"": ""0""}",warmup,T_i1b_entity_type_code,198,0,0
I-1,forced,1,Q08,json,3,0.051,0.127,,3,Bitmap Heap Scan,Bitmap Heap Scan on T [Bitmap Index Scan using T_i1b_entity_type_code],225,225,225,225,,207,0,0,,0,0,18,False,"{""enable_seqscan"": ""off"", ""jit"": ""off"", ""max_parallel_workers_per_gather"": ""0""}",warmup,T_i1b_entity_type_code,205,0,0
I-1,forced,1,Q08,jsonb,3,0.05,0.126,,3,Bitmap Heap Scan,Bitmap Heap Scan on T [Bitmap Index Scan using T_i1b_entity_type_code],225,225,225,225,,200,0,0,,0,0,18,False,"{""enable_seqscan"": ""off"", ""jit"": ""off"", ""max_parallel_workers_per_gather"": ""0""}",warmup,T_i1b_entity_type_code,198,0,0
I-1,forced,1,Q08,json,1,0.05,0.126,,3,Bitmap Heap Scan,Bitmap Heap Scan on T [Bitmap Index Scan using T_i1b_entity_type_code],225,225,225,225,,207,0,0,,0,0,18,False,"{""enable_seqscan"": ""off"", ""jit"": ""off"", ""max_parallel_workers_per_gather"": ""0""}",measure,T_i1b_entity_type_code,205,0,0
I-1,forced,1,Q08,jsonb,1,0.049,0.125,,3,Bitmap Heap Scan,Bitmap Heap Scan on T [Bitmap Index Scan using T_i1b_entity_type_code],225,225,225,225,,200,0,0,,0,0,18,False,"{""enable_seqscan"": ""off"", ""jit"": ""off"", ""max_parallel_workers_per_gather"": ""0""}",measure,T_i1b_entity_type_code,198,0,0
I-1,forced,1,Q08,jsonb,2,0.049,0.125,,3,Bitmap Heap Scan,Bitmap Heap Scan on T [Bitmap Index Scan using T_i1b_entity_type_code],225,225,225,225,,200,0,0,,0,0,18,False,"{""enable_seqscan"": ""off"", ""jit"": ""off"", ""max_parallel_workers_per_gather"": ""0""}",measure,T_i1b_entity_type_code,198,0,0
I-1,forced,1,Q08,json,2,0.049,0.126,,3,Bitmap Heap Scan,Bitmap Heap Scan on T [Bitmap Index Scan using T_i1b_entity_type_code],225,225,225,225,,207,0,0,,0,0,18,False,"{""enable_seqscan"": ""off"", ""jit"": ""off"", ""max_parallel_workers_per_gather"": ""0""}",measure,T_i1b_entity_type_code,205,0,0
I-1,forced,1,Q08,json,3,0.049,0.126,,3,Bitmap Heap Scan,Bitmap Heap Scan on T [Bitmap Index Scan using T_i1b_entity_type_code],225,225,225,225,,207,0,0,,0,0,18,False,"{""enable_seqscan"": ""off"", ""jit"": ""off"", ""max_parallel_workers_per_gather"": ""0""}",measure,T_i1b_entity_type_code,205,0,0
I-1,forced,1,Q08,jsonb,3,0.049,0.125,,3,Bitmap Heap Scan,Bitmap Heap Scan on T [Bitmap Index Scan using T_i1b_entity_type_code],225,225,225,225,,200,0,0,,0,0,18,False,"{""enable_seqscan"": ""off"", ""jit"": ""off"", ""max_parallel_workers_per_gather"": ""0""}",measure,T_i1b_entity_type_code,198,0,0
I-1,forced,1,Q08,jsonb,4,0.049,0.125,,3,Bitmap Heap Scan,Bitmap Heap Scan on T [Bitmap Index Scan using T_i1b_entity_type_code],225,225,225,225,,200,0,0,,0,0,18,False,"{""enable_seqscan"": ""off"", ""jit"": ""off"", ""max_parallel_workers_per_gather"": ""0""}",measure,T_i1b_entity_type_code,198,0,0
I-1,forced,1,Q08,json,4,0.049,0.126,,3,Bitmap Heap Scan,Bitmap Heap Scan on T [Bitmap Index Scan using T_i1b_entity_type_code],225,225,225,225,,207,0,0,,0,0,18,False,"{""enable_seqscan"": ""off"", ""jit"": ""off"", ""max_parallel_workers_per_gather"": ""0""}",measure,T_i1b_entity_type_code,205,0,0
I-1,forced,1,Q08,json,5,0.049,0.147,,3,Bitmap Heap Scan,Bitmap Heap Scan on T [Bitmap Index Scan using T_i1b_entity_type_code],225,225,225,225,,207,0,0,,0,0,18,False,"{""enable_seqscan"": ""off"", ""jit"": ""off"", ""max_parallel_workers_per_gather"": ""0""}",measure,T_i1b_entity_type_code,205,0,0
I-1,forced,1,Q08,jsonb,5,0.044,0.113,,3,Bitmap Heap Scan,Bitmap Heap Scan on T [Bitmap Index Scan using T_i1b_entity_type_code],225,225,225,225,,200,0,0,,0,0,18,False,"{""enable_seqscan"": ""off"", ""jit"": ""off"", ""max_parallel_workers_per_gather"": ""0""}",measure,T_i1b_entity_type_code,198,0,0
I-1,forced,1,Q08,jsonb,6,0.044,0.112,,3,Bitmap Heap Scan,Bitmap Heap Scan on T [Bitmap Index Scan using T_i1b_entity_type_code],225,225,225,225,,200,0,0,,0,0,18,False,"{""enable_seqscan"": ""off"", ""jit"": ""off"", ""max_parallel_workers_per_gather"": ""0""}",measure,T_i1b_entity_type_code,198,0,0
I-1,forced,1,Q08,json,6,0.044,0.113,,3,Bitmap Heap Scan,Bitmap Heap Scan on T [Bitmap Index Scan using T_i1b_entity_type_code],225,225,225,225,,207,0,0,,0,0,18,False,"{""enable_seqscan"": ""off"", ""jit"": ""off"", ""max_parallel_workers_per_gather"": ""0""}",measure,T_i1b_entity_type_code,205,0,0
I-1,forced,1,Q08,json,7,0.045,0.113,,3,Bitmap Heap Scan,Bitmap Heap Scan on T [Bitmap Index Scan using T_i1b_entity_type_code],225,225,225,225,,207,0,0,,0,0,18,False,"{""enable_seqscan"": ""off"", ""jit"": ""off"", ""max_parallel_workers_per_gather"": ""0""}",measure,T_i1b_entity_type_code,205,0,0
I-1,forced,1,Q08,jsonb,7,0.043,0.114,,3,Bitmap Heap Scan,Bitmap Heap Scan on T [Bitmap Index Scan using T_i1b_entity_type_code],225,225,225,225,,200,0,0,,0,0,18,False,"{""enable_seqscan"": ""off"", ""jit"": ""off"", ""max_parallel_workers_per_gather"": ""0""}",measure,T_i1b_entity_type_code,198,0,0
I-1,forced,1,Q08,jsonb,8,0.044,0.113,,3,Bitmap Heap Scan,Bitmap Heap Scan on T [Bitmap Index Scan using T_i1b_entity_type_code],225,225,225,225,,200,0,0,,0,0,18,False,"{""enable_seqscan"": ""off"", ""jit"": ""off"", ""max_parallel_workers_per_gather"": ""0""}",measure,T_i1b_entity_type_code,198,0,0
I-1,forced,1,Q08,json,8,0.044,0.114,,3,Bitmap Heap Scan,Bitmap Heap Scan on T [Bitmap Index Scan using T_i1b_entity_type_code],225,225,225,225,,207,0,0,,0,0,18,False,"{""enable_seqscan"": ""off"", ""jit"": ""off"", ""max_parallel_workers_per_gather"": ""0""}",measure,T_i1b_entity_type_code,205,0,0
I-1,forced,1,Q08,json,9,0.044,0.113,,3,Bitmap Heap Scan,Bitmap Heap Scan on T [Bitmap Index Scan using T_i1b_entity_type_code],225,225,225,225,,207,0,0,,0,0,18,False,"{""enable_seqscan"": ""off"", ""jit"": ""off"", ""max_parallel_workers_per_gather"": ""0""}",measure,T_i1b_entity_type_code,205,0,0
I-1,forced,1,Q08,jsonb,9,0.044,0.113,,3,Bitmap Heap Scan,Bitmap Heap Scan on T [Bitmap Index Scan using T_i1b_entity_type_code],225,225,225,225,,200,0,0,,0,0,18,False,"{""enable_seqscan"": ""off"", ""jit"": ""off"", ""max_parallel_workers_per_gather"": ""0""}",measure,T_i1b_entity_type_code,198,0,0
I-1,forced,1,Q08,jsonb,10,0.044,0.112,,3,Bitmap Heap Scan,Bitmap Heap Scan on T [Bitmap Index Scan using T_i1b_entity_type_code],225,225,225,225,,200,0,0,,0,0,18,False,"{""enable_seqscan"": ""off"", ""jit"": ""off"", ""max_parallel_workers_per_gather"": ""0""}",measure,T_i1b_entity_type_code,198,0,0
I-1,forced,1,Q08,json,10,0.044,0.113,,3,Bitmap Heap Scan,Bitmap Heap Scan on T [Bitmap Index Scan using T_i1b_entity_type_code],225,225,225,225,,207,0,0,,0,0,18,False,"{""enable_seqscan"": ""off"", ""jit"": ""off"", ""max_parallel_workers_per_gather"": ""0""}",measure,T_i1b_entity_type_code,205,0,0
I-1,forced,1,Q08,json,11,0.044,0.113,,3,Bitmap Heap Scan,Bitmap Heap Scan on T [Bitmap Index Scan using T_i1b_entity_type_code],225,225,225,225,,207,0,0,,0,0,18,False,"{""enable_seqscan"": ""off"", ""jit"": ""off"", ""max_parallel_workers_per_gather"": ""0""}",measure,T_i1b_entity_type_code,205,0,0
I-1,forced,1,Q08,jsonb,11,0.044,0.112,,3,Bitmap Heap Scan,Bitmap Heap Scan on T [Bitmap Index Scan using T_i1b_entity_type_code],225,225,225,225,,200,0,0,,0,0,18,False,"{""enable_seqscan"": ""off"", ""jit"": ""off"", ""max_parallel_workers_per_gather"": ""0""}",measure,T_i1b_entity_type_code,198,0,0
I-1,forced,1,Q08,jsonb,12,0.064,0.152,,3,Bitmap Heap Scan,Bitmap Heap Scan on T [Bitmap Index Scan using T_i1b_entity_type_code],225,225,225,225,,200,0,0,,0,0,18,False,"{""enable_seqscan"": ""off"", ""jit"": ""off"", ""max_parallel_workers_per_gather"": ""0""}",measure,T_i1b_entity_type_code,198,0,0
I-1,forced,1,Q08,json,12,0.042,0.108,,3,Bitmap Heap Scan,Bitmap Heap Scan on T [Bitmap Index Scan using T_i1b_entity_type_code],225,225,225,225,,207,0,0,,0,0,18,False,"{""enable_seqscan"": ""off"", ""jit"": ""off"", ""max_parallel_workers_per_gather"": ""0""}",measure,T_i1b_entity_type_code,205,0,0
I-1,forced,1,Q08,json,13,0.042,0.108,,3,Bitmap Heap Scan,Bitmap Heap Scan on T [Bitmap Index Scan using T_i1b_entity_type_code],225,225,225,225,,207,0,0,,0,0,18,False,"{""enable_seqscan"": ""off"", ""jit"": ""off"", ""max_parallel_workers_per_gather"": ""0""}",measure,T_i1b_entity_type_code,205,0,0
I-1,forced,1,Q08,jsonb,13,0.042,0.108,,3,Bitmap Heap Scan,Bitmap Heap Scan on T [Bitmap Index Scan using T_i1b_entity_type_code],225,225,225,225,,200,0,0,,0,0,18,False,"{""enable_seqscan"": ""off"", ""jit"": ""off"", ""max_parallel_workers_per_gather"": ""0""}",measure,T_i1b_entity_type_code,198,0,0
I-1,forced,1,Q08,jsonb,14,0.042,0.107,,3,Bitmap Heap Scan,Bitmap Heap Scan on T [Bitmap Index Scan using T_i1b_entity_type_code],225,225,225,225,,200,0,0,,0,0,18,False,"{""enable_seqscan"": ""off"", ""jit"": ""off"", ""max_parallel_workers_per_gather"": ""0""}",measure,T_i1b_entity_type_code,198,0,0
I-1,forced,1,Q08,json,14,0.042,0.108,,3,Bitmap Heap Scan,Bitmap Heap Scan on T [Bitmap Index Scan using T_i1b_entity_type_code],225,225,225,225,,207,0,0,,0,0,18,False,"{""enable_seqscan"": ""off"", ""jit"": ""off"", ""max_parallel_workers_per_gather"": ""0""}",measure,T_i1b_entity_type_code,205,0,0
I-1,forced,1,Q08,json,15,0.042,0.107,,3,Bitmap Heap Scan,Bitmap Heap Scan on T [Bitmap Index Scan using T_i1b_entity_type_code],225,225,225,225,,207,0,0,,0,0,18,False,"{""enable_seqscan"": ""off"", ""jit"": ""off"", ""max_parallel_workers_per_gather"": ""0""}",measure,T_i1b_entity_type_code,205,0,0
I-1,forced,1,Q08,jsonb,15,0.042,0.114,,3,Bitmap Heap Scan,Bitmap Heap Scan on T [Bitmap Index Scan using T_i1b_entity_type_code],225,225,225,225,,200,0,0,,0,0,18,False,"{""enable_seqscan"": ""off"", ""jit"": ""off"", ""max_parallel_workers_per_gather"": ""0""}",measure,T_i1b_entity_type_code,198,0,0
I-1,forced,1,Q08,json,1,0.042,0.117,0.014,3,Bitmap Heap Scan,Bitmap Heap Scan on T [Bitmap Index Scan using T_i1b_entity_type_code],225,225,225,225,,207,0,0,,0,0,18,False,"{""enable_seqscan"": ""off"", ""jit"": ""off"", ""max_parallel_workers_per_gather"": ""0""}",detail,T_i1b_entity_type_code,205,0,0
I-1,forced,1,Q08,jsonb,1,0.042,0.117,0.014,3,Bitmap Heap Scan,Bitmap Heap Scan on T [Bitmap Index Scan using T_i1b_entity_type_code],225,225,225,225,,200,0,0,,0,0,18,False,"{""enable_seqscan"": ""off"", ""jit"": ""off"", ""max_parallel_workers_per_gather"": ""0""}",detail,T_i1b_entity_type_code,198,0,0
I-1,forced,1,Q10,json,1,0.045,0.038,,1,Bitmap Heap Scan,Bitmap Heap Scan on T [Bitmap Index Scan using T_i1c_status_code],30,30,30,30,,32,0,0,,0,0,19,False,"{""enable_seqscan"": ""off"", ""jit"": ""off"", ""max_parallel_workers_per_gather"": ""0""}",warmup,T_i1c_status_code,30,0,0
I-1,forced,1,Q10,jsonb,1,0.042,0.04,,1,Bitmap Heap Scan,Bitmap Heap Scan on T [Bitmap Index Scan using T_i1c_status_code],30,30,30,30,,32,0,0,,0,0,19,False,"{""enable_seqscan"": ""off"", ""jit"": ""off"", ""max_parallel_workers_per_gather"": ""0""}",warmup,T_i1c_status_code,30,0,0
I-1,forced,1,Q10,json,2,0.043,0.03,,1,Bitmap Heap Scan,Bitmap Heap Scan on T [Bitmap Index Scan using T_i1c_status_code],30,30,30,30,,32,0,0,,0,0,19,False,"{""enable_seqscan"": ""off"", ""jit"": ""off"", ""max_parallel_workers_per_gather"": ""0""}",warmup,T_i1c_status_code,30,0,0
I-1,forced,1,Q10,jsonb,2,0.047,0.043,,1,Bitmap Heap Scan,Bitmap Heap Scan on T [Bitmap Index Scan using T_i1c_status_code],30,30,30,30,,32,0,0,,0,0,19,False,"{""enable_seqscan"": ""off"", ""jit"": ""off"", ""max_parallel_workers_per_gather"": ""0""}",warmup,T_i1c_status_code,30,0,0
I-1,forced,1,Q10,json,3,0.043,0.031,,1,Bitmap Heap Scan,Bitmap Heap Scan on T [Bitmap Index Scan using T_i1c_status_code],30,30,30,30,,32,0,0,,0,0,19,False,"{""enable_seqscan"": ""off"", ""jit"": ""off"", ""max_parallel_workers_per_gather"": ""0""}",warmup,T_i1c_status_code,30,0,0
I-1,forced,1,Q10,jsonb,3,0.042,0.031,,1,Bitmap Heap Scan,Bitmap Heap Scan on T [Bitmap Index Scan using T_i1c_status_code],30,30,30,30,,32,0,0,,0,0,19,False,"{""enable_seqscan"": ""off"", ""jit"": ""off"", ""max_parallel_workers_per_gather"": ""0""}",warmup,T_i1c_status_code,30,0,0
I-1,forced,1,Q10,json,1,0.042,0.03,,1,Bitmap Heap Scan,Bitmap Heap Scan on T [Bitmap Index Scan using T_i1c_status_code],30,30,30,30,,32,0,0,,0,0,19,False,"{""enable_seqscan"": ""off"", ""jit"": ""off"", ""max_parallel_workers_per_gather"": ""0""}",measure,T_i1c_status_code,30,0,0
I-1,forced,1,Q10,jsonb,1,0.041,0.03,,1,Bitmap Heap Scan,Bitmap Heap Scan on T [Bitmap Index Scan using T_i1c_status_code],30,30,30,30,,32,0,0,,0,0,19,False,"{""enable_seqscan"": ""off"", ""jit"": ""off"", ""max_parallel_workers_per_gather"": ""0""}",measure,T_i1c_status_code,30,0,0
I-1,forced,1,Q10,jsonb,2,0.052,0.03,,1,Bitmap Heap Scan,Bitmap Heap Scan on T [Bitmap Index Scan using T_i1c_status_code],30,30,30,30,,32,0,0,,0,0,19,False,"{""enable_seqscan"": ""off"", ""jit"": ""off"", ""max_parallel_workers_per_gather"": ""0""}",measure,T_i1c_status_code,30,0,0
I-1,forced,1,Q10,json,2,0.042,0.03,,1,Bitmap Heap Scan,Bitmap Heap Scan on T [Bitmap Index Scan using T_i1c_status_code],30,30,30,30,,32,0,0,,0,0,19,False,"{""enable_seqscan"": ""off"", ""jit"": ""off"", ""max_parallel_workers_per_gather"": ""0""}",measure,T_i1c_status_code,30,0,0
I-1,forced,1,Q10,json,3,0.041,0.03,,1,Bitmap Heap Scan,Bitmap Heap Scan on T [Bitmap Index Scan using T_i1c_status_code],30,30,30,30,,32,0,0,,0,0,19,False,"{""enable_seqscan"": ""off"", ""jit"": ""off"", ""max_parallel_workers_per_gather"": ""0""}",measure,T_i1c_status_code,30,0,0
I-1,forced,1,Q10,jsonb,3,0.041,0.03,,1,Bitmap Heap Scan,Bitmap Heap Scan on T [Bitmap Index Scan using T_i1c_status_code],30,30,30,30,,32,0,0,,0,0,19,False,"{""enable_seqscan"": ""off"", ""jit"": ""off"", ""max_parallel_workers_per_gather"": ""0""}",measure,T_i1c_status_code,30,0,0
I-1,forced,1,Q10,jsonb,4,0.056,0.051,,1,Bitmap Heap Scan,Bitmap Heap Scan on T [Bitmap Index Scan using T_i1c_status_code],30,30,30,30,,32,0,0,,0,0,19,False,"{""enable_seqscan"": ""off"", ""jit"": ""off"", ""max_parallel_workers_per_gather"": ""0""}",measure,T_i1c_status_code,30,0,0
I-1,forced,1,Q10,json,4,0.042,0.03,,1,Bitmap Heap Scan,Bitmap Heap Scan on T [Bitmap Index Scan using T_i1c_status_code],30,30,30,30,,32,0,0,,0,0,19,False,"{""enable_seqscan"": ""off"", ""jit"": ""off"", ""max_parallel_workers_per_gather"": ""0""}",measure,T_i1c_status_code,30,0,0
I-1,forced,1,Q10,json,5,0.041,0.03,,1,Bitmap Heap Scan,Bitmap Heap Scan on T [Bitmap Index Scan using T_i1c_status_code],30,30,30,30,,32,0,0,,0,0,19,False,"{""enable_seqscan"": ""off"", ""jit"": ""off"", ""max_parallel_workers_per_gather"": ""0""}",measure,T_i1c_status_code,30,0,0
I-1,forced,1,Q10,jsonb,5,0.041,0.03,,1,Bitmap Heap Scan,Bitmap Heap Scan on T [Bitmap Index Scan using T_i1c_status_code],30,30,30,30,,32,0,0,,0,0,19,False,"{""enable_seqscan"": ""off"", ""jit"": ""off"", ""max_parallel_workers_per_gather"": ""0""}",measure,T_i1c_status_code,30,0,0
I-1,forced,1,Q10,jsonb,6,0.041,0.03,,1,Bitmap Heap Scan,Bitmap Heap Scan on T [Bitmap Index Scan using T_i1c_status_code],30,30,30,30,,32,0,0,,0,0,19,False,"{""enable_seqscan"": ""off"", ""jit"": ""off"", ""max_parallel_workers_per_gather"": ""0""}",measure,T_i1c_status_code,30,0,0
I-1,forced,1,Q10,json,6,0.046,0.033,,1,Bitmap Heap Scan,Bitmap Heap Scan on T [Bitmap Index Scan using T_i1c_status_code],30,30,30,30,,32,0,0,,0,0,19,False,"{""enable_seqscan"": ""off"", ""jit"": ""off"", ""max_parallel_workers_per_gather"": ""0""}",measure,T_i1c_status_code,30,0,0
I-1,forced,1,Q10,json,7,0.043,0.03,,1,Bitmap Heap Scan,Bitmap Heap Scan on T [Bitmap Index Scan using T_i1c_status_code],30,30,30,30,,32,0,0,,0,0,19,False,"{""enable_seqscan"": ""off"", ""jit"": ""off"", ""max_parallel_workers_per_gather"": ""0""}",measure,T_i1c_status_code,30,0,0
I-1,forced,1,Q10,jsonb,7,0.042,0.031,,1,Bitmap Heap Scan,Bitmap Heap Scan on T [Bitmap Index Scan using T_i1c_status_code],30,30,30,30,,32,0,0,,0,0,19,False,"{""enable_seqscan"": ""off"", ""jit"": ""off"", ""max_parallel_workers_per_gather"": ""0""}",measure,T_i1c_status_code,30,0,0
I-1,forced,1,Q10,jsonb,8,0.042,0.031,,1,Bitmap Heap Scan,Bitmap Heap Scan on T [Bitmap Index Scan using T_i1c_status_code],30,30,30,30,,32,0,0,,0,0,19,False,"{""enable_seqscan"": ""off"", ""jit"": ""off"", ""max_parallel_workers_per_gather"": ""0""}",measure,T_i1c_status_code,30,0,0
I-1,forced,1,Q10,json,8,0.042,0.03,,1,Bitmap Heap Scan,Bitmap Heap Scan on T [Bitmap Index Scan using T_i1c_status_code],30,30,30,30,,32,0,0,,0,0,19,False,"{""enable_seqscan"": ""off"", ""jit"": ""off"", ""max_parallel_workers_per_gather"": ""0""}",measure,T_i1c_status_code,30,0,0
I-1,forced,1,Q10,json,9,0.042,0.029,,1,Bitmap Heap Scan,Bitmap Heap Scan on T [Bitmap Index Scan using T_i1c_status_code],30,30,30,30,,32,0,0,,0,0,19,False,"{""enable_seqscan"": ""off"", ""jit"": ""off"", ""max_parallel_workers_per_gather"": ""0""}",measure,T_i1c_status_code,30,0,0
I-1,forced,1,Q10,jsonb,9,0.042,0.03,,1,Bitmap Heap Scan,Bitmap Heap Scan on T [Bitmap Index Scan using T_i1c_status_code],30,30,30,30,,32,0,0,,0,0,19,False,"{""enable_seqscan"": ""off"", ""jit"": ""off"", ""max_parallel_workers_per_gather"": ""0""}",measure,T_i1c_status_code,30,0,0
I-1,forced,1,Q10,jsonb,10,0.042,0.03,,1,Bitmap Heap Scan,Bitmap Heap Scan on T [Bitmap Index Scan using T_i1c_status_code],30,30,30,30,,32,0,0,,0,0,19,False,"{""enable_seqscan"": ""off"", ""jit"": ""off"", ""max_parallel_workers_per_gather"": ""0""}",measure,T_i1c_status_code,30,0,0
I-1,forced,1,Q10,json,10,0.042,0.03,,1,Bitmap Heap Scan,Bitmap Heap Scan on T [Bitmap Index Scan using T_i1c_status_code],30,30,30,30,,32,0,0,,0,0,19,False,"{""enable_seqscan"": ""off"", ""jit"": ""off"", ""max_parallel_workers_per_gather"": ""0""}",measure,T_i1c_status_code,30,0,0
I-1,forced,1,Q10,json,11,0.042,0.03,,1,Bitmap Heap Scan,Bitmap Heap Scan on T [Bitmap Index Scan using T_i1c_status_code],30,30,30,30,,32,0,0,,0,0,19,False,"{""enable_seqscan"": ""off"", ""jit"": ""off"", ""max_parallel_workers_per_gather"": ""0""}",measure,T_i1c_status_code,30,0,0
I-1,forced,1,Q10,jsonb,11,0.042,0.03,,1,Bitmap Heap Scan,Bitmap Heap Scan on T [Bitmap Index Scan using T_i1c_status_code],30,30,30,30,,32,0,0,,0,0,19,False,"{""enable_seqscan"": ""off"", ""jit"": ""off"", ""max_parallel_workers_per_gather"": ""0""}",measure,T_i1c_status_code,30,0,0
I-1,forced,1,Q10,jsonb,12,0.042,0.03,,1,Bitmap Heap Scan,Bitmap Heap Scan on T [Bitmap Index Scan using T_i1c_status_code],30,30,30,30,,32,0,0,,0,0,19,False,"{""enable_seqscan"": ""off"", ""jit"": ""off"", ""max_parallel_workers_per_gather"": ""0""}",measure,T_i1c_status_code,30,0,0
I-1,forced,1,Q10,json,12,0.042,0.03,,1,Bitmap Heap Scan,Bitmap Heap Scan on T [Bitmap Index Scan using T_i1c_status_code],30,30,30,30,,32,0,0,,0,0,19,False,"{""enable_seqscan"": ""off"", ""jit"": ""off"", ""max_parallel_workers_per_gather"": ""0""}",measure,T_i1c_status_code,30,0,0
I-1,forced,1,Q10,json,13,0.045,0.032,,1,Bitmap Heap Scan,Bitmap Heap Scan on T [Bitmap Index Scan using T_i1c_status_code],30,30,30,30,,32,0,0,,0,0,19,False,"{""enable_seqscan"": ""off"", ""jit"": ""off"", ""max_parallel_workers_per_gather"": ""0""}",measure,T_i1c_status_code,30,0,0
I-1,forced,1,Q10,jsonb,13,0.042,0.031,,1,Bitmap Heap Scan,Bitmap Heap Scan on T [Bitmap Index Scan using T_i1c_status_code],30,30,30,30,,32,0,0,,0,0,19,False,"{""enable_seqscan"": ""off"", ""jit"": ""off"", ""max_parallel_workers_per_gather"": ""0""}",measure,T_i1c_status_code,30,0,0
I-1,forced,1,Q10,jsonb,14,0.045,0.033,,1,Bitmap Heap Scan,Bitmap Heap Scan on T [Bitmap Index Scan using T_i1c_status_code],30,30,30,30,,32,0,0,,0,0,19,False,"{""enable_seqscan"": ""off"", ""jit"": ""off"", ""max_parallel_workers_per_gather"": ""0""}",measure,T_i1c_status_code,30,0,0
I-1,forced,1,Q10,json,14,0.043,0.031,,1,Bitmap Heap Scan,Bitmap Heap Scan on T [Bitmap Index Scan using T_i1c_status_code],30,30,30,30,,32,0,0,,0,0,19,False,"{""enable_seqscan"": ""off"", ""jit"": ""off"", ""max_parallel_workers_per_gather"": ""0""}",measure,T_i1c_status_code,30,0,0
I-1,forced,1,Q10,json,15,0.043,0.03,,1,Bitmap Heap Scan,Bitmap Heap Scan on T [Bitmap Index Scan using T_i1c_status_code],30,30,30,30,,32,0,0,,0,0,19,False,"{""enable_seqscan"": ""off"", ""jit"": ""off"", ""max_parallel_workers_per_gather"": ""0""}",measure,T_i1c_status_code,30,0,0
I-1,forced,1,Q10,jsonb,15,0.042,0.03,,1,Bitmap Heap Scan,Bitmap Heap Scan on T [Bitmap Index Scan using T_i1c_status_code],30,30,30,30,,32,0,0,,0,0,19,False,"{""enable_seqscan"": ""off"", ""jit"": ""off"", ""max_parallel_workers_per_gather"": ""0""}",measure,T_i1c_status_code,30,0,0
I-1,forced,1,Q10,json,1,0.042,0.031,0.002,1,Bitmap Heap Scan,Bitmap Heap Scan on T [Bitmap Index Scan using T_i1c_status_code],30,30,30,30,,32,0,0,,0,0,19,False,"{""enable_seqscan"": ""off"", ""jit"": ""off"", ""max_parallel_workers_per_gather"": ""0""}",detail,T_i1c_status_code,30,0,0
I-1,forced,1,Q10,jsonb,1,0.072,0.061,0.003,1,Bitmap Heap Scan,Bitmap Heap Scan on T [Bitmap Index Scan using T_i1c_status_code],30,30,30,30,,32,0,0,,0,0,19,False,"{""enable_seqscan"": ""off"", ""jit"": ""off"", ""max_parallel_workers_per_gather"": ""0""}",detail,T_i1c_status_code,30,0,0
I-1,forced,1,Q11a,json,1,0.071,0.306,,5,Bitmap Heap Scan,Bitmap Heap Scan on T [Bitmap Index Scan using T_i1d_latitude_degrees],406,422,406,422,,365,0,0,,0,0,21,False,"{""enable_seqscan"": ""off"", ""jit"": ""off"", ""max_parallel_workers_per_gather"": ""0""}",warmup,T_i1d_latitude_degrees,362,0,0
I-1,forced,1,Q11a,jsonb,1,0.088,0.358,,5,Bitmap Heap Scan,Bitmap Heap Scan on T [Bitmap Index Scan using T_i1d_latitude_degrees],406,422,406,422,,340,0,0,,0,0,21,False,"{""enable_seqscan"": ""off"", ""jit"": ""off"", ""max_parallel_workers_per_gather"": ""0""}",warmup,T_i1d_latitude_degrees,337,0,0
I-1,forced,1,Q11a,json,2,0.093,0.306,,5,Bitmap Heap Scan,Bitmap Heap Scan on T [Bitmap Index Scan using T_i1d_latitude_degrees],406,422,406,422,,365,0,0,,0,0,21,False,"{""enable_seqscan"": ""off"", ""jit"": ""off"", ""max_parallel_workers_per_gather"": ""0""}",warmup,T_i1d_latitude_degrees,362,0,0
I-1,forced,1,Q11a,jsonb,2,0.098,0.253,,5,Bitmap Heap Scan,Bitmap Heap Scan on T [Bitmap Index Scan using T_i1d_latitude_degrees],406,422,406,422,,340,0,0,,0,0,21,False,"{""enable_seqscan"": ""off"", ""jit"": ""off"", ""max_parallel_workers_per_gather"": ""0""}",warmup,T_i1d_latitude_degrees,337,0,0
I-1,forced,1,Q11a,json,3,0.067,0.225,,5,Bitmap Heap Scan,Bitmap Heap Scan on T [Bitmap Index Scan using T_i1d_latitude_degrees],406,422,406,422,,365,0,0,,0,0,21,False,"{""enable_seqscan"": ""off"", ""jit"": ""off"", ""max_parallel_workers_per_gather"": ""0""}",warmup,T_i1d_latitude_degrees,362,0,0
I-1,forced,1,Q11a,jsonb,3,0.08,0.206,,5,Bitmap Heap Scan,Bitmap Heap Scan on T [Bitmap Index Scan using T_i1d_latitude_degrees],406,422,406,422,,340,0,0,,0,0,21,False,"{""enable_seqscan"": ""off"", ""jit"": ""off"", ""max_parallel_workers_per_gather"": ""0""}",warmup,T_i1d_latitude_degrees,337,0,0
I-1,forced,1,Q11a,json,1,0.109,0.412,,5,Bitmap Heap Scan,Bitmap Heap Scan on T [Bitmap Index Scan using T_i1d_latitude_degrees],406,422,406,422,,365,0,0,,0,0,21,False,"{""enable_seqscan"": ""off"", ""jit"": ""off"", ""max_parallel_workers_per_gather"": ""0""}",measure,T_i1d_latitude_degrees,362,0,0
I-1,forced,1,Q11a,jsonb,1,0.067,0.216,,5,Bitmap Heap Scan,Bitmap Heap Scan on T [Bitmap Index Scan using T_i1d_latitude_degrees],406,422,406,422,,340,0,0,,0,0,21,False,"{""enable_seqscan"": ""off"", ""jit"": ""off"", ""max_parallel_workers_per_gather"": ""0""}",measure,T_i1d_latitude_degrees,337,0,0
I-1,forced,1,Q11a,jsonb,2,0.081,0.215,,5,Bitmap Heap Scan,Bitmap Heap Scan on T [Bitmap Index Scan using T_i1d_latitude_degrees],406,422,406,422,,340,0,0,,0,0,21,False,"{""enable_seqscan"": ""off"", ""jit"": ""off"", ""max_parallel_workers_per_gather"": ""0""}",measure,T_i1d_latitude_degrees,337,0,0
I-1,forced,1,Q11a,json,2,0.08,0.213,,5,Bitmap Heap Scan,Bitmap Heap Scan on T [Bitmap Index Scan using T_i1d_latitude_degrees],406,422,406,422,,365,0,0,,0,0,21,False,"{""enable_seqscan"": ""off"", ""jit"": ""off"", ""max_parallel_workers_per_gather"": ""0""}",measure,T_i1d_latitude_degrees,362,0,0
I-1,forced,1,Q11a,json,3,0.102,0.526,,5,Bitmap Heap Scan,Bitmap Heap Scan on T [Bitmap Index Scan using T_i1d_latitude_degrees],406,422,406,422,,365,0,0,,0,0,21,False,"{""enable_seqscan"": ""off"", ""jit"": ""off"", ""max_parallel_workers_per_gather"": ""0""}",measure,T_i1d_latitude_degrees,362,0,0
I-1,forced,1,Q11a,jsonb,3,0.088,0.225,,5,Bitmap Heap Scan,Bitmap Heap Scan on T [Bitmap Index Scan using T_i1d_latitude_degrees],406,422,406,422,,340,0,0,,0,0,21,False,"{""enable_seqscan"": ""off"", ""jit"": ""off"", ""max_parallel_workers_per_gather"": ""0""}",measure,T_i1d_latitude_degrees,337,0,0
I-1,forced,1,Q11a,jsonb,4,0.08,0.207,,5,Bitmap Heap Scan,Bitmap Heap Scan on T [Bitmap Index Scan using T_i1d_latitude_degrees],406,422,406,422,,340,0,0,,0,0,21,False,"{""enable_seqscan"": ""off"", ""jit"": ""off"", ""max_parallel_workers_per_gather"": ""0""}",measure,T_i1d_latitude_degrees,337,0,0
I-1,forced,1,Q11a,json,4,0.102,0.373,,5,Bitmap Heap Scan,Bitmap Heap Scan on T [Bitmap Index Scan using T_i1d_latitude_degrees],406,422,406,422,,365,0,0,,0,0,21,False,"{""enable_seqscan"": ""off"", ""jit"": ""off"", ""max_parallel_workers_per_gather"": ""0""}",measure,T_i1d_latitude_degrees,362,0,0
I-1,forced,1,Q11a,json,5,0.067,0.216,,5,Bitmap Heap Scan,Bitmap Heap Scan on T [Bitmap Index Scan using T_i1d_latitude_degrees],406,422,406,422,,365,0,0,,0,0,21,False,"{""enable_seqscan"": ""off"", ""jit"": ""off"", ""max_parallel_workers_per_gather"": ""0""}",measure,T_i1d_latitude_degrees,362,0,0
I-1,forced,1,Q11a,jsonb,5,0.081,0.207,,5,Bitmap Heap Scan,Bitmap Heap Scan on T [Bitmap Index Scan using T_i1d_latitude_degrees],406,422,406,422,,340,0,0,,0,0,21,False,"{""enable_seqscan"": ""off"", ""jit"": ""off"", ""max_parallel_workers_per_gather"": ""0""}",measure,T_i1d_latitude_degrees,337,0,0
I-1,forced,1,Q11a,jsonb,6,0.08,0.216,,5,Bitmap Heap Scan,Bitmap Heap Scan on T [Bitmap Index Scan using T_i1d_latitude_degrees],406,422,406,422,,340,0,0,,0,0,21,False,"{""enable_seqscan"": ""off"", ""jit"": ""off"", ""max_parallel_workers_per_gather"": ""0""}",measure,T_i1d_latitude_degrees,337,0,0
I-1,forced,1,Q11a,json,6,0.101,0.375,,5,Bitmap Heap Scan,Bitmap Heap Scan on T [Bitmap Index Scan using T_i1d_latitude_degrees],406,422,406,422,,365,0,0,,0,0,21,False,"{""enable_seqscan"": ""off"", ""jit"": ""off"", ""max_parallel_workers_per_gather"": ""0""}",measure,T_i1d_latitude_degrees,362,0,0
I-1,forced,1,Q11a,json,7,0.067,0.214,,5,Bitmap Heap Scan,Bitmap Heap Scan on T [Bitmap Index Scan using T_i1d_latitude_degrees],406,422,406,422,,365,0,0,,0,0,21,False,"{""enable_seqscan"": ""off"", ""jit"": ""off"", ""max_parallel_workers_per_gather"": ""0""}",measure,T_i1d_latitude_degrees,362,0,0
I-1,forced,1,Q11a,jsonb,7,0.141,0.229,,5,Bitmap Heap Scan,Bitmap Heap Scan on T [Bitmap Index Scan using T_i1d_latitude_degrees],406,422,406,422,,340,0,0,,0,0,21,False,"{""enable_seqscan"": ""off"", ""jit"": ""off"", ""max_parallel_workers_per_gather"": ""0""}",measure,T_i1d_latitude_degrees,337,0,0
I-1,forced,1,Q11a,jsonb,8,0.08,0.206,,5,Bitmap Heap Scan,Bitmap Heap Scan on T [Bitmap Index Scan using T_i1d_latitude_degrees],406,422,406,422,,340,0,0,,0,0,21,False,"{""enable_seqscan"": ""off"", ""jit"": ""off"", ""max_parallel_workers_per_gather"": ""0""}",measure,T_i1d_latitude_degrees,337,0,0
I-1,forced,1,Q11a,json,8,0.1,0.391,,5,Bitmap Heap Scan,Bitmap Heap Scan on T [Bitmap Index Scan using T_i1d_latitude_degrees],406,422,406,422,,365,0,0,,0,0,21,False,"{""enable_seqscan"": ""off"", ""jit"": ""off"", ""max_parallel_workers_per_gather"": ""0""}",measure,T_i1d_latitude_degrees,362,0,0
I-1,forced,1,Q11a,json,9,0.076,0.242,,5,Bitmap Heap Scan,Bitmap Heap Scan on T [Bitmap Index Scan using T_i1d_latitude_degrees],406,422,406,422,,365,0,0,,0,0,21,False,"{""enable_seqscan"": ""off"", ""jit"": ""off"", ""max_parallel_workers_per_gather"": ""0""}",measure,T_i1d_latitude_degrees,362,0,0
I-1,forced,1,Q11a,jsonb,9,0.075,0.236,,5,Bitmap Heap Scan,Bitmap Heap Scan on T [Bitmap Index Scan using T_i1d_latitude_degrees],406,422,406,422,,340,0,0,,0,0,21,False,"{""enable_seqscan"": ""off"", ""jit"": ""off"", ""max_parallel_workers_per_gather"": ""0""}",measure,T_i1d_latitude_degrees,337,0,0
I-1,forced,1,Q11a,jsonb,10,0.114,0.431,,5,Bitmap Heap Scan,Bitmap Heap Scan on T [Bitmap Index Scan using T_i1d_latitude_degrees],406,422,406,422,,340,0,0,,0,0,21,False,"{""enable_seqscan"": ""off"", ""jit"": ""off"", ""max_parallel_workers_per_gather"": ""0""}",measure,T_i1d_latitude_degrees,337,0,0
I-1,forced,1,Q11a,json,10,0.077,0.255,,5,Bitmap Heap Scan,Bitmap Heap Scan on T [Bitmap Index Scan using T_i1d_latitude_degrees],406,422,406,422,,365,0,0,,0,0,21,False,"{""enable_seqscan"": ""off"", ""jit"": ""off"", ""max_parallel_workers_per_gather"": ""0""}",measure,T_i1d_latitude_degrees,362,0,0
I-1,forced,1,Q11a,json,11,0.076,0.252,,5,Bitmap Heap Scan,Bitmap Heap Scan on T [Bitmap Index Scan using T_i1d_latitude_degrees],406,422,406,422,,365,0,0,,0,0,21,False,"{""enable_seqscan"": ""off"", ""jit"": ""off"", ""max_parallel_workers_per_gather"": ""0""}",measure,T_i1d_latitude_degrees,362,0,0
I-1,forced,1,Q11a,jsonb,11,0.076,0.247,,5,Bitmap Heap Scan,Bitmap Heap Scan on T [Bitmap Index Scan using T_i1d_latitude_degrees],406,422,406,422,,340,0,0,,0,0,21,False,"{""enable_seqscan"": ""off"", ""jit"": ""off"", ""max_parallel_workers_per_gather"": ""0""}",measure,T_i1d_latitude_degrees,337,0,0
I-1,forced,1,Q11a,jsonb,12,0.076,0.236,,5,Bitmap Heap Scan,Bitmap Heap Scan on T [Bitmap Index Scan using T_i1d_latitude_degrees],406,422,406,422,,340,0,0,,0,0,21,False,"{""enable_seqscan"": ""off"", ""jit"": ""off"", ""max_parallel_workers_per_gather"": ""0""}",measure,T_i1d_latitude_degrees,337,0,0
I-1,forced,1,Q11a,json,12,0.077,0.243,,5,Bitmap Heap Scan,Bitmap Heap Scan on T [Bitmap Index Scan using T_i1d_latitude_degrees],406,422,406,422,,365,0,0,,0,0,21,False,"{""enable_seqscan"": ""off"", ""jit"": ""off"", ""max_parallel_workers_per_gather"": ""0""}",measure,T_i1d_latitude_degrees,362,0,0
I-1,forced,1,Q11a,json,13,0.069,0.225,,5,Bitmap Heap Scan,Bitmap Heap Scan on T [Bitmap Index Scan using T_i1d_latitude_degrees],406,422,406,422,,365,0,0,,0,0,21,False,"{""enable_seqscan"": ""off"", ""jit"": ""off"", ""max_parallel_workers_per_gather"": ""0""}",measure,T_i1d_latitude_degrees,362,0,0
I-1,forced,1,Q11a,jsonb,13,0.077,0.215,,5,Bitmap Heap Scan,Bitmap Heap Scan on T [Bitmap Index Scan using T_i1d_latitude_degrees],406,422,406,422,,340,0,0,,0,0,21,False,"{""enable_seqscan"": ""off"", ""jit"": ""off"", ""max_parallel_workers_per_gather"": ""0""}",measure,T_i1d_latitude_degrees,337,0,0
I-1,forced,1,Q11a,jsonb,14,0.068,0.221,,5,Bitmap Heap Scan,Bitmap Heap Scan on T [Bitmap Index Scan using T_i1d_latitude_degrees],406,422,406,422,,340,0,0,,0,0,21,False,"{""enable_seqscan"": ""off"", ""jit"": ""off"", ""max_parallel_workers_per_gather"": ""0""}",measure,T_i1d_latitude_degrees,337,0,0
I-1,forced,1,Q11a,json,14,0.069,0.227,,5,Bitmap Heap Scan,Bitmap Heap Scan on T [Bitmap Index Scan using T_i1d_latitude_degrees],406,422,406,422,,365,0,0,,0,0,21,False,"{""enable_seqscan"": ""off"", ""jit"": ""off"", ""max_parallel_workers_per_gather"": ""0""}",measure,T_i1d_latitude_degrees,362,0,0
I-1,forced,1,Q11a,json,15,0.069,0.228,,5,Bitmap Heap Scan,Bitmap Heap Scan on T [Bitmap Index Scan using T_i1d_latitude_degrees],406,422,406,422,,365,0,0,,0,0,21,False,"{""enable_seqscan"": ""off"", ""jit"": ""off"", ""max_parallel_workers_per_gather"": ""0""}",measure,T_i1d_latitude_degrees,362,0,0
I-1,forced,1,Q11a,jsonb,15,0.068,0.214,,5,Bitmap Heap Scan,Bitmap Heap Scan on T [Bitmap Index Scan using T_i1d_latitude_degrees],406,422,406,422,,340,0,0,,0,0,21,False,"{""enable_seqscan"": ""off"", ""jit"": ""off"", ""max_parallel_workers_per_gather"": ""0""}",measure,T_i1d_latitude_degrees,337,0,0
I-1,forced,1,Q11a,json,1,0.068,0.234,0.026,5,Bitmap Heap Scan,Bitmap Heap Scan on T [Bitmap Index Scan using T_i1d_latitude_degrees],406,422,406,422,,365,0,0,,0,0,21,False,"{""enable_seqscan"": ""off"", ""jit"": ""off"", ""max_parallel_workers_per_gather"": ""0""}",detail,T_i1d_latitude_degrees,362,0,0
I-1,forced,1,Q11a,jsonb,1,0.068,0.239,0.025,5,Bitmap Heap Scan,Bitmap Heap Scan on T [Bitmap Index Scan using T_i1d_latitude_degrees],406,422,406,422,,340,0,0,,0,0,21,False,"{""enable_seqscan"": ""off"", ""jit"": ""off"", ""max_parallel_workers_per_gather"": ""0""}",detail,T_i1d_latitude_degrees,337,0,0
I-1,forced,1,Q11b,json,1,0.069,1.322,,30,Bitmap Heap Scan,Bitmap Heap Scan on T [Bitmap Index Scan using T_i1d_latitude_degrees],3086,3064,3086,3064,,1233,0,0,,0,0,21,False,"{""enable_seqscan"": ""off"", ""jit"": ""off"", ""max_parallel_workers_per_gather"": ""0""}",warmup,T_i1d_latitude_degrees,1222,0,0
I-1,forced,1,Q11b,jsonb,1,0.069,1.194,,30,Bitmap Heap Scan,Bitmap Heap Scan on T [Bitmap Index Scan using T_i1d_latitude_degrees],3086,3064,3086,3064,,980,0,0,,0,0,21,False,"{""enable_seqscan"": ""off"", ""jit"": ""off"", ""max_parallel_workers_per_gather"": ""0""}",warmup,T_i1d_latitude_degrees,969,0,0
I-1,forced,1,Q11b,json,2,0.08,1.24,,30,Bitmap Heap Scan,Bitmap Heap Scan on T [Bitmap Index Scan using T_i1d_latitude_degrees],3086,3064,3086,3064,,1233,0,0,,0,0,21,False,"{""enable_seqscan"": ""off"", ""jit"": ""off"", ""max_parallel_workers_per_gather"": ""0""}",warmup,T_i1d_latitude_degrees,1222,0,0
I-1,forced,1,Q11b,jsonb,2,0.18,1.097,,30,Bitmap Heap Scan,Bitmap Heap Scan on T [Bitmap Index Scan using T_i1d_latitude_degrees],3086,3064,3086,3064,,980,0,0,,0,0,21,False,"{""enable_seqscan"": ""off"", ""jit"": ""off"", ""max_parallel_workers_per_gather"": ""0""}",warmup,T_i1d_latitude_degrees,969,0,0
I-1,forced,1,Q11b,json,3,0.069,1.12,,30,Bitmap Heap Scan,Bitmap Heap Scan on T [Bitmap Index Scan using T_i1d_latitude_degrees],3086,3064,3086,3064,,1233,0,0,,0,0,21,False,"{""enable_seqscan"": ""off"", ""jit"": ""off"", ""max_parallel_workers_per_gather"": ""0""}",warmup,T_i1d_latitude_degrees,1222,0,0
I-1,forced,1,Q11b,jsonb,3,0.068,1.481,,30,Bitmap Heap Scan,Bitmap Heap Scan on T [Bitmap Index Scan using T_i1d_latitude_degrees],3086,3064,3086,3064,,980,0,0,,0,0,21,False,"{""enable_seqscan"": ""off"", ""jit"": ""off"", ""max_parallel_workers_per_gather"": ""0""}",warmup,T_i1d_latitude_degrees,969,0,0
I-1,forced,1,Q11b,json,1,0.143,1.248,,30,Bitmap Heap Scan,Bitmap Heap Scan on T [Bitmap Index Scan using T_i1d_latitude_degrees],3086,3064,3086,3064,,1233,0,0,,0,0,21,False,"{""enable_seqscan"": ""off"", ""jit"": ""off"", ""max_parallel_workers_per_gather"": ""0""}",measure,T_i1d_latitude_degrees,1222,0,0
I-1,forced,1,Q11b,jsonb,1,0.08,1.085,,30,Bitmap Heap Scan,Bitmap Heap Scan on T [Bitmap Index Scan using T_i1d_latitude_degrees],3086,3064,3086,3064,,980,0,0,,0,0,21,False,"{""enable_seqscan"": ""off"", ""jit"": ""off"", ""max_parallel_workers_per_gather"": ""0""}",measure,T_i1d_latitude_degrees,969,0,0
I-1,forced,1,Q11b,jsonb,2,0.073,1.019,,30,Bitmap Heap Scan,Bitmap Heap Scan on T [Bitmap Index Scan using T_i1d_latitude_degrees],3086,3064,3086,3064,,980,0,0,,0,0,21,False,"{""enable_seqscan"": ""off"", ""jit"": ""off"", ""max_parallel_workers_per_gather"": ""0""}",measure,T_i1d_latitude_degrees,969,0,0
I-1,forced,1,Q11b,json,2,0.077,1.216,,30,Bitmap Heap Scan,Bitmap Heap Scan on T [Bitmap Index Scan using T_i1d_latitude_degrees],3086,3064,3086,3064,,1233,0,0,,0,0,21,False,"{""enable_seqscan"": ""off"", ""jit"": ""off"", ""max_parallel_workers_per_gather"": ""0""}",measure,T_i1d_latitude_degrees,1222,0,0
I-1,forced,1,Q11b,json,3,0.09,1.111,,30,Bitmap Heap Scan,Bitmap Heap Scan on T [Bitmap Index Scan using T_i1d_latitude_degrees],3086,3064,3086,3064,,1233,0,0,,0,0,21,False,"{""enable_seqscan"": ""off"", ""jit"": ""off"", ""max_parallel_workers_per_gather"": ""0""}",measure,T_i1d_latitude_degrees,1222,0,0
I-1,forced,1,Q11b,jsonb,3,0.103,1.172,,30,Bitmap Heap Scan,Bitmap Heap Scan on T [Bitmap Index Scan using T_i1d_latitude_degrees],3086,3064,3086,3064,,980,0,0,,0,0,21,False,"{""enable_seqscan"": ""off"", ""jit"": ""off"", ""max_parallel_workers_per_gather"": ""0""}",measure,T_i1d_latitude_degrees,969,0,0
I-1,forced,1,Q11b,jsonb,4,0.089,1.095,,30,Bitmap Heap Scan,Bitmap Heap Scan on T [Bitmap Index Scan using T_i1d_latitude_degrees],3086,3064,3086,3064,,980,0,0,,0,0,21,False,"{""enable_seqscan"": ""off"", ""jit"": ""off"", ""max_parallel_workers_per_gather"": ""0""}",measure,T_i1d_latitude_degrees,969,0,0
I-1,forced,1,Q11b,json,4,0.08,1.205,,30,Bitmap Heap Scan,Bitmap Heap Scan on T [Bitmap Index Scan using T_i1d_latitude_degrees],3086,3064,3086,3064,,1233,0,0,,0,0,21,False,"{""enable_seqscan"": ""off"", ""jit"": ""off"", ""max_parallel_workers_per_gather"": ""0""}",measure,T_i1d_latitude_degrees,1222,0,0
I-1,forced,1,Q11b,json,5,0.095,1.28,,30,Bitmap Heap Scan,Bitmap Heap Scan on T [Bitmap Index Scan using T_i1d_latitude_degrees],3086,3064,3086,3064,,1233,0,0,,0,0,21,False,"{""enable_seqscan"": ""off"", ""jit"": ""off"", ""max_parallel_workers_per_gather"": ""0""}",measure,T_i1d_latitude_degrees,1222,0,0
I-1,forced,1,Q11b,jsonb,5,0.091,1.129,,30,Bitmap Heap Scan,Bitmap Heap Scan on T [Bitmap Index Scan using T_i1d_latitude_degrees],3086,3064,3086,3064,,980,0,0,,0,0,21,False,"{""enable_seqscan"": ""off"", ""jit"": ""off"", ""max_parallel_workers_per_gather"": ""0""}",measure,T_i1d_latitude_degrees,969,0,0
I-1,forced,1,Q11b,jsonb,6,0.091,1.203,,30,Bitmap Heap Scan,Bitmap Heap Scan on T [Bitmap Index Scan using T_i1d_latitude_degrees],3086,3064,3086,3064,,980,0,0,,0,0,21,False,"{""enable_seqscan"": ""off"", ""jit"": ""off"", ""max_parallel_workers_per_gather"": ""0""}",measure,T_i1d_latitude_degrees,969,0,0
I-1,forced,1,Q11b,json,6,0.077,1.134,,30,Bitmap Heap Scan,Bitmap Heap Scan on T [Bitmap Index Scan using T_i1d_latitude_degrees],3086,3064,3086,3064,,1233,0,0,,0,0,21,False,"{""enable_seqscan"": ""off"", ""jit"": ""off"", ""max_parallel_workers_per_gather"": ""0""}",measure,T_i1d_latitude_degrees,1222,0,0
I-1,forced,1,Q11b,json,7,0.078,1.159,,30,Bitmap Heap Scan,Bitmap Heap Scan on T [Bitmap Index Scan using T_i1d_latitude_degrees],3086,3064,3086,3064,,1233,0,0,,0,0,21,False,"{""enable_seqscan"": ""off"", ""jit"": ""off"", ""max_parallel_workers_per_gather"": ""0""}",measure,T_i1d_latitude_degrees,1222,0,0
I-1,forced,1,Q11b,jsonb,7,0.077,1.128,,30,Bitmap Heap Scan,Bitmap Heap Scan on T [Bitmap Index Scan using T_i1d_latitude_degrees],3086,3064,3086,3064,,980,0,0,,0,0,21,False,"{""enable_seqscan"": ""off"", ""jit"": ""off"", ""max_parallel_workers_per_gather"": ""0""}",measure,T_i1d_latitude_degrees,969,0,0
I-1,forced,1,Q11b,jsonb,8,0.078,1.095,,30,Bitmap Heap Scan,Bitmap Heap Scan on T [Bitmap Index Scan using T_i1d_latitude_degrees],3086,3064,3086,3064,,980,0,0,,0,0,21,False,"{""enable_seqscan"": ""off"", ""jit"": ""off"", ""max_parallel_workers_per_gather"": ""0""}",measure,T_i1d_latitude_degrees,969,0,0
I-1,forced,1,Q11b,json,8,0.083,1.241,,30,Bitmap Heap Scan,Bitmap Heap Scan on T [Bitmap Index Scan using T_i1d_latitude_degrees],3086,3064,3086,3064,,1233,0,0,,0,0,21,False,"{""enable_seqscan"": ""off"", ""jit"": ""off"", ""max_parallel_workers_per_gather"": ""0""}",measure,T_i1d_latitude_degrees,1222,0,0
I-1,forced,1,Q11b,json,9,0.083,1.227,,30,Bitmap Heap Scan,Bitmap Heap Scan on T [Bitmap Index Scan using T_i1d_latitude_degrees],3086,3064,3086,3064,,1233,0,0,,0,0,21,False,"{""enable_seqscan"": ""off"", ""jit"": ""off"", ""max_parallel_workers_per_gather"": ""0""}",measure,T_i1d_latitude_degrees,1222,0,0
I-1,forced,1,Q11b,jsonb,9,0.082,1.169,,30,Bitmap Heap Scan,Bitmap Heap Scan on T [Bitmap Index Scan using T_i1d_latitude_degrees],3086,3064,3086,3064,,980,0,0,,0,0,21,False,"{""enable_seqscan"": ""off"", ""jit"": ""off"", ""max_parallel_workers_per_gather"": ""0""}",measure,T_i1d_latitude_degrees,969,0,0
I-1,forced,1,Q11b,jsonb,10,0.081,1.145,,30,Bitmap Heap Scan,Bitmap Heap Scan on T [Bitmap Index Scan using T_i1d_latitude_degrees],3086,3064,3086,3064,,980,0,0,,0,0,21,False,"{""enable_seqscan"": ""off"", ""jit"": ""off"", ""max_parallel_workers_per_gather"": ""0""}",measure,T_i1d_latitude_degrees,969,0,0
I-1,forced,1,Q11b,json,10,0.082,1.236,,30,Bitmap Heap Scan,Bitmap Heap Scan on T [Bitmap Index Scan using T_i1d_latitude_degrees],3086,3064,3086,3064,,1233,0,0,,0,0,21,False,"{""enable_seqscan"": ""off"", ""jit"": ""off"", ""max_parallel_workers_per_gather"": ""0""}",measure,T_i1d_latitude_degrees,1222,0,0
I-1,forced,1,Q11b,json,11,0.082,1.182,,30,Bitmap Heap Scan,Bitmap Heap Scan on T [Bitmap Index Scan using T_i1d_latitude_degrees],3086,3064,3086,3064,,1233,0,0,,0,0,21,False,"{""enable_seqscan"": ""off"", ""jit"": ""off"", ""max_parallel_workers_per_gather"": ""0""}",measure,T_i1d_latitude_degrees,1222,0,0
I-1,forced,1,Q11b,jsonb,11,0.081,1.137,,30,Bitmap Heap Scan,Bitmap Heap Scan on T [Bitmap Index Scan using T_i1d_latitude_degrees],3086,3064,3086,3064,,980,0,0,,0,0,21,False,"{""enable_seqscan"": ""off"", ""jit"": ""off"", ""max_parallel_workers_per_gather"": ""0""}",measure,T_i1d_latitude_degrees,969,0,0
I-1,forced,1,Q11b,jsonb,12,0.08,1.127,,30,Bitmap Heap Scan,Bitmap Heap Scan on T [Bitmap Index Scan using T_i1d_latitude_degrees],3086,3064,3086,3064,,980,0,0,,0,0,21,False,"{""enable_seqscan"": ""off"", ""jit"": ""off"", ""max_parallel_workers_per_gather"": ""0""}",measure,T_i1d_latitude_degrees,969,0,0
I-1,forced,1,Q11b,json,12,0.082,1.27,,30,Bitmap Heap Scan,Bitmap Heap Scan on T [Bitmap Index Scan using T_i1d_latitude_degrees],3086,3064,3086,3064,,1233,0,0,,0,0,21,False,"{""enable_seqscan"": ""off"", ""jit"": ""off"", ""max_parallel_workers_per_gather"": ""0""}",measure,T_i1d_latitude_degrees,1222,0,0
I-1,forced,1,Q11b,json,13,0.08,1.256,,30,Bitmap Heap Scan,Bitmap Heap Scan on T [Bitmap Index Scan using T_i1d_latitude_degrees],3086,3064,3086,3064,,1233,0,0,,0,0,21,False,"{""enable_seqscan"": ""off"", ""jit"": ""off"", ""max_parallel_workers_per_gather"": ""0""}",measure,T_i1d_latitude_degrees,1222,0,0
I-1,forced,1,Q11b,jsonb,13,0.08,1.216,,30,Bitmap Heap Scan,Bitmap Heap Scan on T [Bitmap Index Scan using T_i1d_latitude_degrees],3086,3064,3086,3064,,980,0,0,,0,0,21,False,"{""enable_seqscan"": ""off"", ""jit"": ""off"", ""max_parallel_workers_per_gather"": ""0""}",measure,T_i1d_latitude_degrees,969,0,0
I-1,forced,1,Q11b,jsonb,14,0.083,1.163,,30,Bitmap Heap Scan,Bitmap Heap Scan on T [Bitmap Index Scan using T_i1d_latitude_degrees],3086,3064,3086,3064,,980,0,0,,0,0,21,False,"{""enable_seqscan"": ""off"", ""jit"": ""off"", ""max_parallel_workers_per_gather"": ""0""}",measure,T_i1d_latitude_degrees,969,0,0
I-1,forced,1,Q11b,json,14,0.084,1.253,,30,Bitmap Heap Scan,Bitmap Heap Scan on T [Bitmap Index Scan using T_i1d_latitude_degrees],3086,3064,3086,3064,,1233,0,0,,0,0,21,False,"{""enable_seqscan"": ""off"", ""jit"": ""off"", ""max_parallel_workers_per_gather"": ""0""}",measure,T_i1d_latitude_degrees,1222,0,0
I-1,forced,1,Q11b,json,15,0.083,1.278,,30,Bitmap Heap Scan,Bitmap Heap Scan on T [Bitmap Index Scan using T_i1d_latitude_degrees],3086,3064,3086,3064,,1233,0,0,,0,0,21,False,"{""enable_seqscan"": ""off"", ""jit"": ""off"", ""max_parallel_workers_per_gather"": ""0""}",measure,T_i1d_latitude_degrees,1222,0,0
I-1,forced,1,Q11b,jsonb,15,0.091,1.246,,30,Bitmap Heap Scan,Bitmap Heap Scan on T [Bitmap Index Scan using T_i1d_latitude_degrees],3086,3064,3086,3064,,980,0,0,,0,0,21,False,"{""enable_seqscan"": ""off"", ""jit"": ""off"", ""max_parallel_workers_per_gather"": ""0""}",measure,T_i1d_latitude_degrees,969,0,0
I-1,forced,1,Q11b,json,1,0.077,1.254,0.195,30,Bitmap Heap Scan,Bitmap Heap Scan on T [Bitmap Index Scan using T_i1d_latitude_degrees],3086,3064,3086,3064,,1233,0,0,,0,0,21,False,"{""enable_seqscan"": ""off"", ""jit"": ""off"", ""max_parallel_workers_per_gather"": ""0""}",detail,T_i1d_latitude_degrees,1222,0,0
I-1,forced,1,Q11b,jsonb,1,0.077,1.199,0.196,30,Bitmap Heap Scan,Bitmap Heap Scan on T [Bitmap Index Scan using T_i1d_latitude_degrees],3086,3064,3086,3064,,980,0,0,,0,0,21,False,"{""enable_seqscan"": ""off"", ""jit"": ""off"", ""max_parallel_workers_per_gather"": ""0""}",detail,T_i1d_latitude_degrees,969,0,0
I-1,forced,1,Q12a,json,1,0.07,0.024,,1,Index Scan,Index Scan using T_i1e_event_timestamp_utc,1,13,1,13,,15,0,0,,0,0,20,False,"{""enable_seqscan"": ""off"", ""jit"": ""off"", ""max_parallel_workers_per_gather"": ""0""}",warmup,T_i1e_event_timestamp_utc,,,0
I-1,forced,1,Q12a,jsonb,1,0.074,0.022,,1,Index Scan,Index Scan using T_i1e_event_timestamp_utc,1,13,1,13,,15,0,0,,0,0,20,False,"{""enable_seqscan"": ""off"", ""jit"": ""off"", ""max_parallel_workers_per_gather"": ""0""}",warmup,T_i1e_event_timestamp_utc,,,0
I-1,forced,1,Q12a,json,2,0.066,0.02,,1,Index Scan,Index Scan using T_i1e_event_timestamp_utc,1,13,1,13,,15,0,0,,0,0,20,False,"{""enable_seqscan"": ""off"", ""jit"": ""off"", ""max_parallel_workers_per_gather"": ""0""}",warmup,T_i1e_event_timestamp_utc,,,0
I-1,forced,1,Q12a,jsonb,2,0.064,0.02,,1,Index Scan,Index Scan using T_i1e_event_timestamp_utc,1,13,1,13,,15,0,0,,0,0,20,False,"{""enable_seqscan"": ""off"", ""jit"": ""off"", ""max_parallel_workers_per_gather"": ""0""}",warmup,T_i1e_event_timestamp_utc,,,0
I-1,forced,1,Q12a,json,3,0.077,0.019,,1,Index Scan,Index Scan using T_i1e_event_timestamp_utc,1,13,1,13,,15,0,0,,0,0,20,False,"{""enable_seqscan"": ""off"", ""jit"": ""off"", ""max_parallel_workers_per_gather"": ""0""}",warmup,T_i1e_event_timestamp_utc,,,0
I-1,forced,1,Q12a,jsonb,3,0.062,0.019,,1,Index Scan,Index Scan using T_i1e_event_timestamp_utc,1,13,1,13,,15,0,0,,0,0,20,False,"{""enable_seqscan"": ""off"", ""jit"": ""off"", ""max_parallel_workers_per_gather"": ""0""}",warmup,T_i1e_event_timestamp_utc,,,0
I-1,forced,1,Q12a,json,1,0.063,0.019,,1,Index Scan,Index Scan using T_i1e_event_timestamp_utc,1,13,1,13,,15,0,0,,0,0,20,False,"{""enable_seqscan"": ""off"", ""jit"": ""off"", ""max_parallel_workers_per_gather"": ""0""}",measure,T_i1e_event_timestamp_utc,,,0
I-1,forced,1,Q12a,jsonb,1,0.062,0.02,,1,Index Scan,Index Scan using T_i1e_event_timestamp_utc,1,13,1,13,,15,0,0,,0,0,20,False,"{""enable_seqscan"": ""off"", ""jit"": ""off"", ""max_parallel_workers_per_gather"": ""0""}",measure,T_i1e_event_timestamp_utc,,,0
I-1,forced,1,Q12a,jsonb,2,0.061,0.019,,1,Index Scan,Index Scan using T_i1e_event_timestamp_utc,1,13,1,13,,15,0,0,,0,0,20,False,"{""enable_seqscan"": ""off"", ""jit"": ""off"", ""max_parallel_workers_per_gather"": ""0""}",measure,T_i1e_event_timestamp_utc,,,0
I-1,forced,1,Q12a,json,2,0.062,0.019,,1,Index Scan,Index Scan using T_i1e_event_timestamp_utc,1,13,1,13,,15,0,0,,0,0,20,False,"{""enable_seqscan"": ""off"", ""jit"": ""off"", ""max_parallel_workers_per_gather"": ""0""}",measure,T_i1e_event_timestamp_utc,,,0
I-1,forced,1,Q12a,json,3,0.062,0.019,,1,Index Scan,Index Scan using T_i1e_event_timestamp_utc,1,13,1,13,,15,0,0,,0,0,20,False,"{""enable_seqscan"": ""off"", ""jit"": ""off"", ""max_parallel_workers_per_gather"": ""0""}",measure,T_i1e_event_timestamp_utc,,,0
I-1,forced,1,Q12a,jsonb,3,0.062,0.019,,1,Index Scan,Index Scan using T_i1e_event_timestamp_utc,1,13,1,13,,15,0,0,,0,0,20,False,"{""enable_seqscan"": ""off"", ""jit"": ""off"", ""max_parallel_workers_per_gather"": ""0""}",measure,T_i1e_event_timestamp_utc,,,0
I-1,forced,1,Q12a,jsonb,4,0.062,0.019,,1,Index Scan,Index Scan using T_i1e_event_timestamp_utc,1,13,1,13,,15,0,0,,0,0,20,False,"{""enable_seqscan"": ""off"", ""jit"": ""off"", ""max_parallel_workers_per_gather"": ""0""}",measure,T_i1e_event_timestamp_utc,,,0
I-1,forced,1,Q12a,json,4,0.062,0.019,,1,Index Scan,Index Scan using T_i1e_event_timestamp_utc,1,13,1,13,,15,0,0,,0,0,20,False,"{""enable_seqscan"": ""off"", ""jit"": ""off"", ""max_parallel_workers_per_gather"": ""0""}",measure,T_i1e_event_timestamp_utc,,,0
I-1,forced,1,Q12a,json,5,0.062,0.019,,1,Index Scan,Index Scan using T_i1e_event_timestamp_utc,1,13,1,13,,15,0,0,,0,0,20,False,"{""enable_seqscan"": ""off"", ""jit"": ""off"", ""max_parallel_workers_per_gather"": ""0""}",measure,T_i1e_event_timestamp_utc,,,0
I-1,forced,1,Q12a,jsonb,5,0.062,0.019,,1,Index Scan,Index Scan using T_i1e_event_timestamp_utc,1,13,1,13,,15,0,0,,0,0,20,False,"{""enable_seqscan"": ""off"", ""jit"": ""off"", ""max_parallel_workers_per_gather"": ""0""}",measure,T_i1e_event_timestamp_utc,,,0
I-1,forced,1,Q12a,jsonb,6,0.062,0.019,,1,Index Scan,Index Scan using T_i1e_event_timestamp_utc,1,13,1,13,,15,0,0,,0,0,20,False,"{""enable_seqscan"": ""off"", ""jit"": ""off"", ""max_parallel_workers_per_gather"": ""0""}",measure,T_i1e_event_timestamp_utc,,,0
I-1,forced,1,Q12a,json,6,0.061,0.019,,1,Index Scan,Index Scan using T_i1e_event_timestamp_utc,1,13,1,13,,15,0,0,,0,0,20,False,"{""enable_seqscan"": ""off"", ""jit"": ""off"", ""max_parallel_workers_per_gather"": ""0""}",measure,T_i1e_event_timestamp_utc,,,0
I-1,forced,1,Q12a,json,7,0.062,0.019,,1,Index Scan,Index Scan using T_i1e_event_timestamp_utc,1,13,1,13,,15,0,0,,0,0,20,False,"{""enable_seqscan"": ""off"", ""jit"": ""off"", ""max_parallel_workers_per_gather"": ""0""}",measure,T_i1e_event_timestamp_utc,,,0
I-1,forced,1,Q12a,jsonb,7,0.062,0.019,,1,Index Scan,Index Scan using T_i1e_event_timestamp_utc,1,13,1,13,,15,0,0,,0,0,20,False,"{""enable_seqscan"": ""off"", ""jit"": ""off"", ""max_parallel_workers_per_gather"": ""0""}",measure,T_i1e_event_timestamp_utc,,,0
I-1,forced,1,Q12a,jsonb,8,0.062,0.02,,1,Index Scan,Index Scan using T_i1e_event_timestamp_utc,1,13,1,13,,15,0,0,,0,0,20,False,"{""enable_seqscan"": ""off"", ""jit"": ""off"", ""max_parallel_workers_per_gather"": ""0""}",measure,T_i1e_event_timestamp_utc,,,0
I-1,forced,1,Q12a,json,8,0.061,0.019,,1,Index Scan,Index Scan using T_i1e_event_timestamp_utc,1,13,1,13,,15,0,0,,0,0,20,False,"{""enable_seqscan"": ""off"", ""jit"": ""off"", ""max_parallel_workers_per_gather"": ""0""}",measure,T_i1e_event_timestamp_utc,,,0
I-1,forced,1,Q12a,json,9,0.062,0.019,,1,Index Scan,Index Scan using T_i1e_event_timestamp_utc,1,13,1,13,,15,0,0,,0,0,20,False,"{""enable_seqscan"": ""off"", ""jit"": ""off"", ""max_parallel_workers_per_gather"": ""0""}",measure,T_i1e_event_timestamp_utc,,,0
I-1,forced,1,Q12a,jsonb,9,0.061,0.02,,1,Index Scan,Index Scan using T_i1e_event_timestamp_utc,1,13,1,13,,15,0,0,,0,0,20,False,"{""enable_seqscan"": ""off"", ""jit"": ""off"", ""max_parallel_workers_per_gather"": ""0""}",measure,T_i1e_event_timestamp_utc,,,0
I-1,forced,1,Q12a,jsonb,10,0.061,0.019,,1,Index Scan,Index Scan using T_i1e_event_timestamp_utc,1,13,1,13,,15,0,0,,0,0,20,False,"{""enable_seqscan"": ""off"", ""jit"": ""off"", ""max_parallel_workers_per_gather"": ""0""}",measure,T_i1e_event_timestamp_utc,,,0
I-1,forced,1,Q12a,json,10,0.061,0.019,,1,Index Scan,Index Scan using T_i1e_event_timestamp_utc,1,13,1,13,,15,0,0,,0,0,20,False,"{""enable_seqscan"": ""off"", ""jit"": ""off"", ""max_parallel_workers_per_gather"": ""0""}",measure,T_i1e_event_timestamp_utc,,,0
I-1,forced,1,Q12a,json,11,0.062,0.019,,1,Index Scan,Index Scan using T_i1e_event_timestamp_utc,1,13,1,13,,15,0,0,,0,0,20,False,"{""enable_seqscan"": ""off"", ""jit"": ""off"", ""max_parallel_workers_per_gather"": ""0""}",measure,T_i1e_event_timestamp_utc,,,0
I-1,forced,1,Q12a,jsonb,11,0.061,0.019,,1,Index Scan,Index Scan using T_i1e_event_timestamp_utc,1,13,1,13,,15,0,0,,0,0,20,False,"{""enable_seqscan"": ""off"", ""jit"": ""off"", ""max_parallel_workers_per_gather"": ""0""}",measure,T_i1e_event_timestamp_utc,,,0
I-1,forced,1,Q12a,jsonb,12,0.06,0.019,,1,Index Scan,Index Scan using T_i1e_event_timestamp_utc,1,13,1,13,,15,0,0,,0,0,20,False,"{""enable_seqscan"": ""off"", ""jit"": ""off"", ""max_parallel_workers_per_gather"": ""0""}",measure,T_i1e_event_timestamp_utc,,,0
I-1,forced,1,Q12a,json,12,0.06,0.019,,1,Index Scan,Index Scan using T_i1e_event_timestamp_utc,1,13,1,13,,15,0,0,,0,0,20,False,"{""enable_seqscan"": ""off"", ""jit"": ""off"", ""max_parallel_workers_per_gather"": ""0""}",measure,T_i1e_event_timestamp_utc,,,0
I-1,forced,1,Q12a,json,13,0.074,0.018,,1,Index Scan,Index Scan using T_i1e_event_timestamp_utc,1,13,1,13,,15,0,0,,0,0,20,False,"{""enable_seqscan"": ""off"", ""jit"": ""off"", ""max_parallel_workers_per_gather"": ""0""}",measure,T_i1e_event_timestamp_utc,,,0
I-1,forced,1,Q12a,jsonb,13,0.073,0.019,,1,Index Scan,Index Scan using T_i1e_event_timestamp_utc,1,13,1,13,,15,0,0,,0,0,20,False,"{""enable_seqscan"": ""off"", ""jit"": ""off"", ""max_parallel_workers_per_gather"": ""0""}",measure,T_i1e_event_timestamp_utc,,,0
I-1,forced,1,Q12a,jsonb,14,0.058,0.019,,1,Index Scan,Index Scan using T_i1e_event_timestamp_utc,1,13,1,13,,15,0,0,,0,0,20,False,"{""enable_seqscan"": ""off"", ""jit"": ""off"", ""max_parallel_workers_per_gather"": ""0""}",measure,T_i1e_event_timestamp_utc,,,0
I-1,forced,1,Q12a,json,14,0.072,0.019,,1,Index Scan,Index Scan using T_i1e_event_timestamp_utc,1,13,1,13,,15,0,0,,0,0,20,False,"{""enable_seqscan"": ""off"", ""jit"": ""off"", ""max_parallel_workers_per_gather"": ""0""}",measure,T_i1e_event_timestamp_utc,,,0
I-1,forced,1,Q12a,json,15,0.059,0.019,,1,Index Scan,Index Scan using T_i1e_event_timestamp_utc,1,13,1,13,,15,0,0,,0,0,20,False,"{""enable_seqscan"": ""off"", ""jit"": ""off"", ""max_parallel_workers_per_gather"": ""0""}",measure,T_i1e_event_timestamp_utc,,,0
I-1,forced,1,Q12a,jsonb,15,0.058,0.019,,1,Index Scan,Index Scan using T_i1e_event_timestamp_utc,1,13,1,13,,15,0,0,,0,0,20,False,"{""enable_seqscan"": ""off"", ""jit"": ""off"", ""max_parallel_workers_per_gather"": ""0""}",measure,T_i1e_event_timestamp_utc,,,0
I-1,forced,1,Q12a,json,1,0.06,0.02,0.001,1,Index Scan,Index Scan using T_i1e_event_timestamp_utc,1,13,1,13,,15,0,0,,0,0,20,False,"{""enable_seqscan"": ""off"", ""jit"": ""off"", ""max_parallel_workers_per_gather"": ""0""}",detail,T_i1e_event_timestamp_utc,,,0
I-1,forced,1,Q12a,jsonb,1,0.086,0.023,0.002,1,Index Scan,Index Scan using T_i1e_event_timestamp_utc,1,13,1,13,,15,0,0,,0,0,20,False,"{""enable_seqscan"": ""off"", ""jit"": ""off"", ""max_parallel_workers_per_gather"": ""0""}",detail,T_i1e_event_timestamp_utc,,,0
I-1,forced,1,Q12b,json,1,0.06,0.083,,2,Bitmap Heap Scan,Bitmap Heap Scan on T [Bitmap Index Scan using T_i1e_event_timestamp_utc],88,108,88,108,,105,0,0,,0,0,20,False,"{""enable_seqscan"": ""off"", ""jit"": ""off"", ""max_parallel_workers_per_gather"": ""0""}",warmup,T_i1e_event_timestamp_utc,102,0,0
I-1,forced,1,Q12b,jsonb,1,0.062,0.082,,2,Bitmap Heap Scan,Bitmap Heap Scan on T [Bitmap Index Scan using T_i1e_event_timestamp_utc],88,108,88,108,,105,0,0,,0,0,20,False,"{""enable_seqscan"": ""off"", ""jit"": ""off"", ""max_parallel_workers_per_gather"": ""0""}",warmup,T_i1e_event_timestamp_utc,102,0,0
I-1,forced,1,Q12b,json,2,0.063,0.075,,2,Bitmap Heap Scan,Bitmap Heap Scan on T [Bitmap Index Scan using T_i1e_event_timestamp_utc],88,108,88,108,,105,0,0,,0,0,20,False,"{""enable_seqscan"": ""off"", ""jit"": ""off"", ""max_parallel_workers_per_gather"": ""0""}",warmup,T_i1e_event_timestamp_utc,102,0,0
I-1,forced,1,Q12b,jsonb,2,0.062,0.075,,2,Bitmap Heap Scan,Bitmap Heap Scan on T [Bitmap Index Scan using T_i1e_event_timestamp_utc],88,108,88,108,,105,0,0,,0,0,20,False,"{""enable_seqscan"": ""off"", ""jit"": ""off"", ""max_parallel_workers_per_gather"": ""0""}",warmup,T_i1e_event_timestamp_utc,102,0,0
I-1,forced,1,Q12b,json,3,0.078,0.087,,2,Bitmap Heap Scan,Bitmap Heap Scan on T [Bitmap Index Scan using T_i1e_event_timestamp_utc],88,108,88,108,,105,0,0,,0,0,20,False,"{""enable_seqscan"": ""off"", ""jit"": ""off"", ""max_parallel_workers_per_gather"": ""0""}",warmup,T_i1e_event_timestamp_utc,102,0,0
I-1,forced,1,Q12b,jsonb,3,0.064,0.076,,2,Bitmap Heap Scan,Bitmap Heap Scan on T [Bitmap Index Scan using T_i1e_event_timestamp_utc],88,108,88,108,,105,0,0,,0,0,20,False,"{""enable_seqscan"": ""off"", ""jit"": ""off"", ""max_parallel_workers_per_gather"": ""0""}",warmup,T_i1e_event_timestamp_utc,102,0,0
I-1,forced,1,Q12b,json,1,0.065,0.076,,2,Bitmap Heap Scan,Bitmap Heap Scan on T [Bitmap Index Scan using T_i1e_event_timestamp_utc],88,108,88,108,,105,0,0,,0,0,20,False,"{""enable_seqscan"": ""off"", ""jit"": ""off"", ""max_parallel_workers_per_gather"": ""0""}",measure,T_i1e_event_timestamp_utc,102,0,0
I-1,forced,1,Q12b,jsonb,1,0.065,0.079,,2,Bitmap Heap Scan,Bitmap Heap Scan on T [Bitmap Index Scan using T_i1e_event_timestamp_utc],88,108,88,108,,105,0,0,,0,0,20,False,"{""enable_seqscan"": ""off"", ""jit"": ""off"", ""max_parallel_workers_per_gather"": ""0""}",measure,T_i1e_event_timestamp_utc,102,0,0
I-1,forced,1,Q12b,jsonb,2,0.064,0.076,,2,Bitmap Heap Scan,Bitmap Heap Scan on T [Bitmap Index Scan using T_i1e_event_timestamp_utc],88,108,88,108,,105,0,0,,0,0,20,False,"{""enable_seqscan"": ""off"", ""jit"": ""off"", ""max_parallel_workers_per_gather"": ""0""}",measure,T_i1e_event_timestamp_utc,102,0,0
I-1,forced,1,Q12b,json,2,0.064,0.086,,2,Bitmap Heap Scan,Bitmap Heap Scan on T [Bitmap Index Scan using T_i1e_event_timestamp_utc],88,108,88,108,,105,0,0,,0,0,20,False,"{""enable_seqscan"": ""off"", ""jit"": ""off"", ""max_parallel_workers_per_gather"": ""0""}",measure,T_i1e_event_timestamp_utc,102,0,0
I-1,forced,1,Q12b,json,3,0.065,0.075,,2,Bitmap Heap Scan,Bitmap Heap Scan on T [Bitmap Index Scan using T_i1e_event_timestamp_utc],88,108,88,108,,105,0,0,,0,0,20,False,"{""enable_seqscan"": ""off"", ""jit"": ""off"", ""max_parallel_workers_per_gather"": ""0""}",measure,T_i1e_event_timestamp_utc,102,0,0
I-1,forced,1,Q12b,jsonb,3,0.064,0.077,,2,Bitmap Heap Scan,Bitmap Heap Scan on T [Bitmap Index Scan using T_i1e_event_timestamp_utc],88,108,88,108,,105,0,0,,0,0,20,False,"{""enable_seqscan"": ""off"", ""jit"": ""off"", ""max_parallel_workers_per_gather"": ""0""}",measure,T_i1e_event_timestamp_utc,102,0,0
I-1,forced,1,Q12b,jsonb,4,0.064,0.08,,2,Bitmap Heap Scan,Bitmap Heap Scan on T [Bitmap Index Scan using T_i1e_event_timestamp_utc],88,108,88,108,,105,0,0,,0,0,20,False,"{""enable_seqscan"": ""off"", ""jit"": ""off"", ""max_parallel_workers_per_gather"": ""0""}",measure,T_i1e_event_timestamp_utc,102,0,0
I-1,forced,1,Q12b,json,4,0.065,0.079,,2,Bitmap Heap Scan,Bitmap Heap Scan on T [Bitmap Index Scan using T_i1e_event_timestamp_utc],88,108,88,108,,105,0,0,,0,0,20,False,"{""enable_seqscan"": ""off"", ""jit"": ""off"", ""max_parallel_workers_per_gather"": ""0""}",measure,T_i1e_event_timestamp_utc,102,0,0
I-1,forced,1,Q12b,json,5,0.064,0.078,,2,Bitmap Heap Scan,Bitmap Heap Scan on T [Bitmap Index Scan using T_i1e_event_timestamp_utc],88,108,88,108,,105,0,0,,0,0,20,False,"{""enable_seqscan"": ""off"", ""jit"": ""off"", ""max_parallel_workers_per_gather"": ""0""}",measure,T_i1e_event_timestamp_utc,102,0,0
I-1,forced,1,Q12b,jsonb,5,0.064,0.076,,2,Bitmap Heap Scan,Bitmap Heap Scan on T [Bitmap Index Scan using T_i1e_event_timestamp_utc],88,108,88,108,,105,0,0,,0,0,20,False,"{""enable_seqscan"": ""off"", ""jit"": ""off"", ""max_parallel_workers_per_gather"": ""0""}",measure,T_i1e_event_timestamp_utc,102,0,0
I-1,forced,1,Q12b,jsonb,6,0.063,0.076,,2,Bitmap Heap Scan,Bitmap Heap Scan on T [Bitmap Index Scan using T_i1e_event_timestamp_utc],88,108,88,108,,105,0,0,,0,0,20,False,"{""enable_seqscan"": ""off"", ""jit"": ""off"", ""max_parallel_workers_per_gather"": ""0""}",measure,T_i1e_event_timestamp_utc,102,0,0
I-1,forced,1,Q12b,json,6,0.061,0.076,,2,Bitmap Heap Scan,Bitmap Heap Scan on T [Bitmap Index Scan using T_i1e_event_timestamp_utc],88,108,88,108,,105,0,0,,0,0,20,False,"{""enable_seqscan"": ""off"", ""jit"": ""off"", ""max_parallel_workers_per_gather"": ""0""}",measure,T_i1e_event_timestamp_utc,102,0,0
I-1,forced,1,Q12b,json,7,0.063,0.075,,2,Bitmap Heap Scan,Bitmap Heap Scan on T [Bitmap Index Scan using T_i1e_event_timestamp_utc],88,108,88,108,,105,0,0,,0,0,20,False,"{""enable_seqscan"": ""off"", ""jit"": ""off"", ""max_parallel_workers_per_gather"": ""0""}",measure,T_i1e_event_timestamp_utc,102,0,0
I-1,forced,1,Q12b,jsonb,7,0.062,0.077,,2,Bitmap Heap Scan,Bitmap Heap Scan on T [Bitmap Index Scan using T_i1e_event_timestamp_utc],88,108,88,108,,105,0,0,,0,0,20,False,"{""enable_seqscan"": ""off"", ""jit"": ""off"", ""max_parallel_workers_per_gather"": ""0""}",measure,T_i1e_event_timestamp_utc,102,0,0
I-1,forced,1,Q12b,jsonb,8,0.062,0.074,,2,Bitmap Heap Scan,Bitmap Heap Scan on T [Bitmap Index Scan using T_i1e_event_timestamp_utc],88,108,88,108,,105,0,0,,0,0,20,False,"{""enable_seqscan"": ""off"", ""jit"": ""off"", ""max_parallel_workers_per_gather"": ""0""}",measure,T_i1e_event_timestamp_utc,102,0,0
I-1,forced,1,Q12b,json,8,0.063,0.076,,2,Bitmap Heap Scan,Bitmap Heap Scan on T [Bitmap Index Scan using T_i1e_event_timestamp_utc],88,108,88,108,,105,0,0,,0,0,20,False,"{""enable_seqscan"": ""off"", ""jit"": ""off"", ""max_parallel_workers_per_gather"": ""0""}",measure,T_i1e_event_timestamp_utc,102,0,0
I-1,forced,1,Q12b,json,9,0.079,0.076,,2,Bitmap Heap Scan,Bitmap Heap Scan on T [Bitmap Index Scan using T_i1e_event_timestamp_utc],88,108,88,108,,105,0,0,,0,0,20,False,"{""enable_seqscan"": ""off"", ""jit"": ""off"", ""max_parallel_workers_per_gather"": ""0""}",measure,T_i1e_event_timestamp_utc,102,0,0
I-1,forced,1,Q12b,jsonb,9,0.065,0.173,,2,Bitmap Heap Scan,Bitmap Heap Scan on T [Bitmap Index Scan using T_i1e_event_timestamp_utc],88,108,88,108,,105,0,0,,0,0,20,False,"{""enable_seqscan"": ""off"", ""jit"": ""off"", ""max_parallel_workers_per_gather"": ""0""}",measure,T_i1e_event_timestamp_utc,102,0,0
I-1,forced,1,Q12b,jsonb,10,0.062,0.074,,2,Bitmap Heap Scan,Bitmap Heap Scan on T [Bitmap Index Scan using T_i1e_event_timestamp_utc],88,108,88,108,,105,0,0,,0,0,20,False,"{""enable_seqscan"": ""off"", ""jit"": ""off"", ""max_parallel_workers_per_gather"": ""0""}",measure,T_i1e_event_timestamp_utc,102,0,0
I-1,forced,1,Q12b,json,10,0.063,0.074,,2,Bitmap Heap Scan,Bitmap Heap Scan on T [Bitmap Index Scan using T_i1e_event_timestamp_utc],88,108,88,108,,105,0,0,,0,0,20,False,"{""enable_seqscan"": ""off"", ""jit"": ""off"", ""max_parallel_workers_per_gather"": ""0""}",measure,T_i1e_event_timestamp_utc,102,0,0
I-1,forced,1,Q12b,json,11,0.062,0.074,,2,Bitmap Heap Scan,Bitmap Heap Scan on T [Bitmap Index Scan using T_i1e_event_timestamp_utc],88,108,88,108,,105,0,0,,0,0,20,False,"{""enable_seqscan"": ""off"", ""jit"": ""off"", ""max_parallel_workers_per_gather"": ""0""}",measure,T_i1e_event_timestamp_utc,102,0,0
I-1,forced,1,Q12b,jsonb,11,0.062,0.074,,2,Bitmap Heap Scan,Bitmap Heap Scan on T [Bitmap Index Scan using T_i1e_event_timestamp_utc],88,108,88,108,,105,0,0,,0,0,20,False,"{""enable_seqscan"": ""off"", ""jit"": ""off"", ""max_parallel_workers_per_gather"": ""0""}",measure,T_i1e_event_timestamp_utc,102,0,0
I-1,forced,1,Q12b,jsonb,12,0.062,0.077,,2,Bitmap Heap Scan,Bitmap Heap Scan on T [Bitmap Index Scan using T_i1e_event_timestamp_utc],88,108,88,108,,105,0,0,,0,0,20,False,"{""enable_seqscan"": ""off"", ""jit"": ""off"", ""max_parallel_workers_per_gather"": ""0""}",measure,T_i1e_event_timestamp_utc,102,0,0
I-1,forced,1,Q12b,json,12,0.062,0.088,,2,Bitmap Heap Scan,Bitmap Heap Scan on T [Bitmap Index Scan using T_i1e_event_timestamp_utc],88,108,88,108,,105,0,0,,0,0,20,False,"{""enable_seqscan"": ""off"", ""jit"": ""off"", ""max_parallel_workers_per_gather"": ""0""}",measure,T_i1e_event_timestamp_utc,102,0,0
I-1,forced,1,Q12b,json,13,0.064,0.078,,2,Bitmap Heap Scan,Bitmap Heap Scan on T [Bitmap Index Scan using T_i1e_event_timestamp_utc],88,108,88,108,,105,0,0,,0,0,20,False,"{""enable_seqscan"": ""off"", ""jit"": ""off"", ""max_parallel_workers_per_gather"": ""0""}",measure,T_i1e_event_timestamp_utc,102,0,0
I-1,forced,1,Q12b,jsonb,13,0.072,0.077,,2,Bitmap Heap Scan,Bitmap Heap Scan on T [Bitmap Index Scan using T_i1e_event_timestamp_utc],88,108,88,108,,105,0,0,,0,0,20,False,"{""enable_seqscan"": ""off"", ""jit"": ""off"", ""max_parallel_workers_per_gather"": ""0""}",measure,T_i1e_event_timestamp_utc,102,0,0
I-1,forced,1,Q12b,jsonb,14,0.064,0.076,,2,Bitmap Heap Scan,Bitmap Heap Scan on T [Bitmap Index Scan using T_i1e_event_timestamp_utc],88,108,88,108,,105,0,0,,0,0,20,False,"{""enable_seqscan"": ""off"", ""jit"": ""off"", ""max_parallel_workers_per_gather"": ""0""}",measure,T_i1e_event_timestamp_utc,102,0,0
I-1,forced,1,Q12b,json,14,0.064,0.078,,2,Bitmap Heap Scan,Bitmap Heap Scan on T [Bitmap Index Scan using T_i1e_event_timestamp_utc],88,108,88,108,,105,0,0,,0,0,20,False,"{""enable_seqscan"": ""off"", ""jit"": ""off"", ""max_parallel_workers_per_gather"": ""0""}",measure,T_i1e_event_timestamp_utc,102,0,0
I-1,forced,1,Q12b,json,15,0.065,0.078,,2,Bitmap Heap Scan,Bitmap Heap Scan on T [Bitmap Index Scan using T_i1e_event_timestamp_utc],88,108,88,108,,105,0,0,,0,0,20,False,"{""enable_seqscan"": ""off"", ""jit"": ""off"", ""max_parallel_workers_per_gather"": ""0""}",measure,T_i1e_event_timestamp_utc,102,0,0
I-1,forced,1,Q12b,jsonb,15,0.064,0.076,,2,Bitmap Heap Scan,Bitmap Heap Scan on T [Bitmap Index Scan using T_i1e_event_timestamp_utc],88,108,88,108,,105,0,0,,0,0,20,False,"{""enable_seqscan"": ""off"", ""jit"": ""off"", ""max_parallel_workers_per_gather"": ""0""}",measure,T_i1e_event_timestamp_utc,102,0,0
I-1,forced,1,Q12b,json,1,0.065,0.089,0.008,2,Bitmap Heap Scan,Bitmap Heap Scan on T [Bitmap Index Scan using T_i1e_event_timestamp_utc],88,108,88,108,,105,0,0,,0,0,20,False,"{""enable_seqscan"": ""off"", ""jit"": ""off"", ""max_parallel_workers_per_gather"": ""0""}",detail,T_i1e_event_timestamp_utc,102,0,0
I-1,forced,1,Q12b,jsonb,1,0.064,0.08,0.007,2,Bitmap Heap Scan,Bitmap Heap Scan on T [Bitmap Index Scan using T_i1e_event_timestamp_utc],88,108,88,108,,105,0,0,,0,0,20,False,"{""enable_seqscan"": ""off"", ""jit"": ""off"", ""max_parallel_workers_per_gather"": ""0""}",detail,T_i1e_event_timestamp_utc,102,0,0
I-1,forced,1,Q12c,json,1,0.065,0.31,,5,Bitmap Heap Scan,Bitmap Heap Scan on T [Bitmap Index Scan using T_i1e_event_timestamp_utc],500,498,500,498,,424,0,0,,0,0,20,False,"{""enable_seqscan"": ""off"", ""jit"": ""off"", ""max_parallel_workers_per_gather"": ""0""}",warmup,T_i1e_event_timestamp_utc,419,0,0
I-1,forced,1,Q12c,jsonb,1,0.065,0.292,,5,Bitmap Heap Scan,Bitmap Heap Scan on T [Bitmap Index Scan using T_i1e_event_timestamp_utc],500,498,500,498,,408,0,0,,0,0,20,False,"{""enable_seqscan"": ""off"", ""jit"": ""off"", ""max_parallel_workers_per_gather"": ""0""}",warmup,T_i1e_event_timestamp_utc,403,0,0
I-1,forced,1,Q12c,json,2,0.073,0.295,,5,Bitmap Heap Scan,Bitmap Heap Scan on T [Bitmap Index Scan using T_i1e_event_timestamp_utc],500,498,500,498,,424,0,0,,0,0,20,False,"{""enable_seqscan"": ""off"", ""jit"": ""off"", ""max_parallel_workers_per_gather"": ""0""}",warmup,T_i1e_event_timestamp_utc,419,0,0
I-1,forced,1,Q12c,jsonb,2,0.067,0.28,,5,Bitmap Heap Scan,Bitmap Heap Scan on T [Bitmap Index Scan using T_i1e_event_timestamp_utc],500,498,500,498,,408,0,0,,0,0,20,False,"{""enable_seqscan"": ""off"", ""jit"": ""off"", ""max_parallel_workers_per_gather"": ""0""}",warmup,T_i1e_event_timestamp_utc,403,0,0
I-1,forced,1,Q12c,json,3,0.067,0.265,,5,Bitmap Heap Scan,Bitmap Heap Scan on T [Bitmap Index Scan using T_i1e_event_timestamp_utc],500,498,500,498,,424,0,0,,0,0,20,False,"{""enable_seqscan"": ""off"", ""jit"": ""off"", ""max_parallel_workers_per_gather"": ""0""}",warmup,T_i1e_event_timestamp_utc,419,0,0
I-1,forced,1,Q12c,jsonb,3,0.067,0.276,,5,Bitmap Heap Scan,Bitmap Heap Scan on T [Bitmap Index Scan using T_i1e_event_timestamp_utc],500,498,500,498,,408,0,0,,0,0,20,False,"{""enable_seqscan"": ""off"", ""jit"": ""off"", ""max_parallel_workers_per_gather"": ""0""}",warmup,T_i1e_event_timestamp_utc,403,0,0
I-1,forced,1,Q12c,json,1,0.067,0.275,,5,Bitmap Heap Scan,Bitmap Heap Scan on T [Bitmap Index Scan using T_i1e_event_timestamp_utc],500,498,500,498,,424,0,0,,0,0,20,False,"{""enable_seqscan"": ""off"", ""jit"": ""off"", ""max_parallel_workers_per_gather"": ""0""}",measure,T_i1e_event_timestamp_utc,419,0,0
I-1,forced,1,Q12c,jsonb,1,0.067,0.283,,5,Bitmap Heap Scan,Bitmap Heap Scan on T [Bitmap Index Scan using T_i1e_event_timestamp_utc],500,498,500,498,,408,0,0,,0,0,20,False,"{""enable_seqscan"": ""off"", ""jit"": ""off"", ""max_parallel_workers_per_gather"": ""0""}",measure,T_i1e_event_timestamp_utc,403,0,0
I-1,forced,1,Q12c,jsonb,2,0.068,0.284,,5,Bitmap Heap Scan,Bitmap Heap Scan on T [Bitmap Index Scan using T_i1e_event_timestamp_utc],500,498,500,498,,408,0,0,,0,0,20,False,"{""enable_seqscan"": ""off"", ""jit"": ""off"", ""max_parallel_workers_per_gather"": ""0""}",measure,T_i1e_event_timestamp_utc,403,0,0
I-1,forced,1,Q12c,json,2,0.067,0.264,,5,Bitmap Heap Scan,Bitmap Heap Scan on T [Bitmap Index Scan using T_i1e_event_timestamp_utc],500,498,500,498,,424,0,0,,0,0,20,False,"{""enable_seqscan"": ""off"", ""jit"": ""off"", ""max_parallel_workers_per_gather"": ""0""}",measure,T_i1e_event_timestamp_utc,419,0,0
I-1,forced,1,Q12c,json,3,0.068,0.264,,5,Bitmap Heap Scan,Bitmap Heap Scan on T [Bitmap Index Scan using T_i1e_event_timestamp_utc],500,498,500,498,,424,0,0,,0,0,20,False,"{""enable_seqscan"": ""off"", ""jit"": ""off"", ""max_parallel_workers_per_gather"": ""0""}",measure,T_i1e_event_timestamp_utc,419,0,0
I-1,forced,1,Q12c,jsonb,3,0.066,0.264,,5,Bitmap Heap Scan,Bitmap Heap Scan on T [Bitmap Index Scan using T_i1e_event_timestamp_utc],500,498,500,498,,408,0,0,,0,0,20,False,"{""enable_seqscan"": ""off"", ""jit"": ""off"", ""max_parallel_workers_per_gather"": ""0""}",measure,T_i1e_event_timestamp_utc,403,0,0
I-1,forced,1,Q12c,jsonb,4,0.067,0.275,,5,Bitmap Heap Scan,Bitmap Heap Scan on T [Bitmap Index Scan using T_i1e_event_timestamp_utc],500,498,500,498,,408,0,0,,0,0,20,False,"{""enable_seqscan"": ""off"", ""jit"": ""off"", ""max_parallel_workers_per_gather"": ""0""}",measure,T_i1e_event_timestamp_utc,403,0,0
I-1,forced,1,Q12c,json,4,0.112,0.292,,5,Bitmap Heap Scan,Bitmap Heap Scan on T [Bitmap Index Scan using T_i1e_event_timestamp_utc],500,498,500,498,,424,0,0,,0,0,20,False,"{""enable_seqscan"": ""off"", ""jit"": ""off"", ""max_parallel_workers_per_gather"": ""0""}",measure,T_i1e_event_timestamp_utc,419,0,0
I-1,forced,1,Q12c,json,5,0.068,0.265,,5,Bitmap Heap Scan,Bitmap Heap Scan on T [Bitmap Index Scan using T_i1e_event_timestamp_utc],500,498,500,498,,424,0,0,,0,0,20,False,"{""enable_seqscan"": ""off"", ""jit"": ""off"", ""max_parallel_workers_per_gather"": ""0""}",measure,T_i1e_event_timestamp_utc,419,0,0
I-1,forced,1,Q12c,jsonb,5,0.068,0.276,,5,Bitmap Heap Scan,Bitmap Heap Scan on T [Bitmap Index Scan using T_i1e_event_timestamp_utc],500,498,500,498,,408,0,0,,0,0,20,False,"{""enable_seqscan"": ""off"", ""jit"": ""off"", ""max_parallel_workers_per_gather"": ""0""}",measure,T_i1e_event_timestamp_utc,403,0,0
I-1,forced,1,Q12c,jsonb,6,0.112,0.281,,5,Bitmap Heap Scan,Bitmap Heap Scan on T [Bitmap Index Scan using T_i1e_event_timestamp_utc],500,498,500,498,,408,0,0,,0,0,20,False,"{""enable_seqscan"": ""off"", ""jit"": ""off"", ""max_parallel_workers_per_gather"": ""0""}",measure,T_i1e_event_timestamp_utc,403,0,0
I-1,forced,1,Q12c,json,6,0.068,0.412,,5,Bitmap Heap Scan,Bitmap Heap Scan on T [Bitmap Index Scan using T_i1e_event_timestamp_utc],500,498,500,498,,424,0,0,,0,0,20,False,"{""enable_seqscan"": ""off"", ""jit"": ""off"", ""max_parallel_workers_per_gather"": ""0""}",measure,T_i1e_event_timestamp_utc,419,0,0
I-1,forced,1,Q12c,json,7,0.068,0.435,,5,Bitmap Heap Scan,Bitmap Heap Scan on T [Bitmap Index Scan using T_i1e_event_timestamp_utc],500,498,500,498,,424,0,0,,0,0,20,False,"{""enable_seqscan"": ""off"", ""jit"": ""off"", ""max_parallel_workers_per_gather"": ""0""}",measure,T_i1e_event_timestamp_utc,419,0,0
I-1,forced,1,Q12c,jsonb,7,0.068,0.307,,5,Bitmap Heap Scan,Bitmap Heap Scan on T [Bitmap Index Scan using T_i1e_event_timestamp_utc],500,498,500,498,,408,0,0,,0,0,20,False,"{""enable_seqscan"": ""off"", ""jit"": ""off"", ""max_parallel_workers_per_gather"": ""0""}",measure,T_i1e_event_timestamp_utc,403,0,0
I-1,forced,1,Q12c,jsonb,8,0.065,0.277,,5,Bitmap Heap Scan,Bitmap Heap Scan on T [Bitmap Index Scan using T_i1e_event_timestamp_utc],500,498,500,498,,408,0,0,,0,0,20,False,"{""enable_seqscan"": ""off"", ""jit"": ""off"", ""max_parallel_workers_per_gather"": ""0""}",measure,T_i1e_event_timestamp_utc,403,0,0
I-1,forced,1,Q12c,json,8,0.066,0.324,,5,Bitmap Heap Scan,Bitmap Heap Scan on T [Bitmap Index Scan using T_i1e_event_timestamp_utc],500,498,500,498,,424,0,0,,0,0,20,False,"{""enable_seqscan"": ""off"", ""jit"": ""off"", ""max_parallel_workers_per_gather"": ""0""}",measure,T_i1e_event_timestamp_utc,419,0,0
I-1,forced,1,Q12c,json,9,0.065,0.284,,5,Bitmap Heap Scan,Bitmap Heap Scan on T [Bitmap Index Scan using T_i1e_event_timestamp_utc],500,498,500,498,,424,0,0,,0,0,20,False,"{""enable_seqscan"": ""off"", ""jit"": ""off"", ""max_parallel_workers_per_gather"": ""0""}",measure,T_i1e_event_timestamp_utc,419,0,0
I-1,forced,1,Q12c,jsonb,9,0.066,0.274,,5,Bitmap Heap Scan,Bitmap Heap Scan on T [Bitmap Index Scan using T_i1e_event_timestamp_utc],500,498,500,498,,408,0,0,,0,0,20,False,"{""enable_seqscan"": ""off"", ""jit"": ""off"", ""max_parallel_workers_per_gather"": ""0""}",measure,T_i1e_event_timestamp_utc,403,0,0
I-1,forced,1,Q12c,jsonb,10,0.066,0.26,,5,Bitmap Heap Scan,Bitmap Heap Scan on T [Bitmap Index Scan using T_i1e_event_timestamp_utc],500,498,500,498,,408,0,0,,0,0,20,False,"{""enable_seqscan"": ""off"", ""jit"": ""off"", ""max_parallel_workers_per_gather"": ""0""}",measure,T_i1e_event_timestamp_utc,403,0,0
I-1,forced,1,Q12c,json,10,0.065,0.283,,5,Bitmap Heap Scan,Bitmap Heap Scan on T [Bitmap Index Scan using T_i1e_event_timestamp_utc],500,498,500,498,,424,0,0,,0,0,20,False,"{""enable_seqscan"": ""off"", ""jit"": ""off"", ""max_parallel_workers_per_gather"": ""0""}",measure,T_i1e_event_timestamp_utc,419,0,0
I-1,forced,1,Q12c,json,11,0.067,0.262,,5,Bitmap Heap Scan,Bitmap Heap Scan on T [Bitmap Index Scan using T_i1e_event_timestamp_utc],500,498,500,498,,424,0,0,,0,0,20,False,"{""enable_seqscan"": ""off"", ""jit"": ""off"", ""max_parallel_workers_per_gather"": ""0""}",measure,T_i1e_event_timestamp_utc,419,0,0
I-1,forced,1,Q12c,jsonb,11,0.066,0.262,,5,Bitmap Heap Scan,Bitmap Heap Scan on T [Bitmap Index Scan using T_i1e_event_timestamp_utc],500,498,500,498,,408,0,0,,0,0,20,False,"{""enable_seqscan"": ""off"", ""jit"": ""off"", ""max_parallel_workers_per_gather"": ""0""}",measure,T_i1e_event_timestamp_utc,403,0,0
I-1,forced,1,Q12c,jsonb,12,0.067,0.261,,5,Bitmap Heap Scan,Bitmap Heap Scan on T [Bitmap Index Scan using T_i1e_event_timestamp_utc],500,498,500,498,,408,0,0,,0,0,20,False,"{""enable_seqscan"": ""off"", ""jit"": ""off"", ""max_parallel_workers_per_gather"": ""0""}",measure,T_i1e_event_timestamp_utc,403,0,0
I-1,forced,1,Q12c,json,12,0.067,0.276,,5,Bitmap Heap Scan,Bitmap Heap Scan on T [Bitmap Index Scan using T_i1e_event_timestamp_utc],500,498,500,498,,424,0,0,,0,0,20,False,"{""enable_seqscan"": ""off"", ""jit"": ""off"", ""max_parallel_workers_per_gather"": ""0""}",measure,T_i1e_event_timestamp_utc,419,0,0
I-1,forced,1,Q12c,json,13,0.068,0.264,,5,Bitmap Heap Scan,Bitmap Heap Scan on T [Bitmap Index Scan using T_i1e_event_timestamp_utc],500,498,500,498,,424,0,0,,0,0,20,False,"{""enable_seqscan"": ""off"", ""jit"": ""off"", ""max_parallel_workers_per_gather"": ""0""}",measure,T_i1e_event_timestamp_utc,419,0,0
I-1,forced,1,Q12c,jsonb,13,0.067,0.262,,5,Bitmap Heap Scan,Bitmap Heap Scan on T [Bitmap Index Scan using T_i1e_event_timestamp_utc],500,498,500,498,,408,0,0,,0,0,20,False,"{""enable_seqscan"": ""off"", ""jit"": ""off"", ""max_parallel_workers_per_gather"": ""0""}",measure,T_i1e_event_timestamp_utc,403,0,0
I-1,forced,1,Q12c,jsonb,14,0.082,0.281,,5,Bitmap Heap Scan,Bitmap Heap Scan on T [Bitmap Index Scan using T_i1e_event_timestamp_utc],500,498,500,498,,408,0,0,,0,0,20,False,"{""enable_seqscan"": ""off"", ""jit"": ""off"", ""max_parallel_workers_per_gather"": ""0""}",measure,T_i1e_event_timestamp_utc,403,0,0
I-1,forced,1,Q12c,json,14,0.07,0.272,,5,Bitmap Heap Scan,Bitmap Heap Scan on T [Bitmap Index Scan using T_i1e_event_timestamp_utc],500,498,500,498,,424,0,0,,0,0,20,False,"{""enable_seqscan"": ""off"", ""jit"": ""off"", ""max_parallel_workers_per_gather"": ""0""}",measure,T_i1e_event_timestamp_utc,419,0,0
I-1,forced,1,Q12c,json,15,0.067,0.264,,5,Bitmap Heap Scan,Bitmap Heap Scan on T [Bitmap Index Scan using T_i1e_event_timestamp_utc],500,498,500,498,,424,0,0,,0,0,20,False,"{""enable_seqscan"": ""off"", ""jit"": ""off"", ""max_parallel_workers_per_gather"": ""0""}",measure,T_i1e_event_timestamp_utc,419,0,0
I-1,forced,1,Q12c,jsonb,15,0.075,0.278,,5,Bitmap Heap Scan,Bitmap Heap Scan on T [Bitmap Index Scan using T_i1e_event_timestamp_utc],500,498,500,498,,408,0,0,,0,0,20,False,"{""enable_seqscan"": ""off"", ""jit"": ""off"", ""max_parallel_workers_per_gather"": ""0""}",measure,T_i1e_event_timestamp_utc,403,0,0
I-1,forced,1,Q12c,json,1,0.069,0.292,0.034,5,Bitmap Heap Scan,Bitmap Heap Scan on T [Bitmap Index Scan using T_i1e_event_timestamp_utc],500,498,500,498,,424,0,0,,0,0,20,False,"{""enable_seqscan"": ""off"", ""jit"": ""off"", ""max_parallel_workers_per_gather"": ""0""}",detail,T_i1e_event_timestamp_utc,419,0,0
I-1,forced,1,Q12c,jsonb,1,0.068,0.291,0.034,5,Bitmap Heap Scan,Bitmap Heap Scan on T [Bitmap Index Scan using T_i1e_event_timestamp_utc],500,498,500,498,,408,0,0,,0,0,20,False,"{""enable_seqscan"": ""off"", ""jit"": ""off"", ""max_parallel_workers_per_gather"": ""0""}",detail,T_i1e_event_timestamp_utc,403,0,0
I-1,forced,1,Q16,json,1,0.057,6.09,,1,Bitmap Heap Scan,Bitmap Heap Scan on T [Bitmap Index Scan using T_i1c_status_code],2,78,2,78,408,429,0,0,,0,0,21,False,"{""enable_seqscan"": ""off"", ""jit"": ""off"", ""max_parallel_workers_per_gather"": ""0""}",warmup,T_i1c_status_code,427,0,0
I-1,forced,1,Q16,jsonb,1,0.06,1.698,,1,Bitmap Heap Scan,Bitmap Heap Scan on T [Bitmap Index Scan using T_i1c_status_code],2,78,2,78,408,406,0,0,,0,0,21,False,"{""enable_seqscan"": ""off"", ""jit"": ""off"", ""max_parallel_workers_per_gather"": ""0""}",warmup,T_i1c_status_code,404,0,0
I-1,forced,1,Q16,json,2,0.058,6.092,,1,Bitmap Heap Scan,Bitmap Heap Scan on T [Bitmap Index Scan using T_i1c_status_code],2,78,2,78,408,429,0,0,,0,0,21,False,"{""enable_seqscan"": ""off"", ""jit"": ""off"", ""max_parallel_workers_per_gather"": ""0""}",warmup,T_i1c_status_code,427,0,0
I-1,forced,1,Q16,jsonb,2,0.068,1.818,,1,Bitmap Heap Scan,Bitmap Heap Scan on T [Bitmap Index Scan using T_i1c_status_code],2,78,2,78,408,406,0,0,,0,0,21,False,"{""enable_seqscan"": ""off"", ""jit"": ""off"", ""max_parallel_workers_per_gather"": ""0""}",warmup,T_i1c_status_code,404,0,0
I-1,forced,1,Q16,json,3,0.056,5.77,,1,Bitmap Heap Scan,Bitmap Heap Scan on T [Bitmap Index Scan using T_i1c_status_code],2,78,2,78,408,429,0,0,,0,0,21,False,"{""enable_seqscan"": ""off"", ""jit"": ""off"", ""max_parallel_workers_per_gather"": ""0""}",warmup,T_i1c_status_code,427,0,0
I-1,forced,1,Q16,jsonb,3,0.062,1.611,,1,Bitmap Heap Scan,Bitmap Heap Scan on T [Bitmap Index Scan using T_i1c_status_code],2,78,2,78,408,406,0,0,,0,0,21,False,"{""enable_seqscan"": ""off"", ""jit"": ""off"", ""max_parallel_workers_per_gather"": ""0""}",warmup,T_i1c_status_code,404,0,0
I-1,forced,1,Q16,json,1,0.053,5.742,,1,Bitmap Heap Scan,Bitmap Heap Scan on T [Bitmap Index Scan using T_i1c_status_code],2,78,2,78,408,429,0,0,,0,0,21,False,"{""enable_seqscan"": ""off"", ""jit"": ""off"", ""max_parallel_workers_per_gather"": ""0""}",measure,T_i1c_status_code,427,0,0
I-1,forced,1,Q16,jsonb,1,0.063,1.732,,1,Bitmap Heap Scan,Bitmap Heap Scan on T [Bitmap Index Scan using T_i1c_status_code],2,78,2,78,408,406,0,0,,0,0,21,False,"{""enable_seqscan"": ""off"", ""jit"": ""off"", ""max_parallel_workers_per_gather"": ""0""}",measure,T_i1c_status_code,404,0,0
I-1,forced,1,Q16,jsonb,2,0.102,1.513,,1,Bitmap Heap Scan,Bitmap Heap Scan on T [Bitmap Index Scan using T_i1c_status_code],2,78,2,78,408,406,0,0,,0,0,21,False,"{""enable_seqscan"": ""off"", ""jit"": ""off"", ""max_parallel_workers_per_gather"": ""0""}",measure,T_i1c_status_code,404,0,0
I-1,forced,1,Q16,json,2,0.052,5.711,,1,Bitmap Heap Scan,Bitmap Heap Scan on T [Bitmap Index Scan using T_i1c_status_code],2,78,2,78,408,429,0,0,,0,0,21,False,"{""enable_seqscan"": ""off"", ""jit"": ""off"", ""max_parallel_workers_per_gather"": ""0""}",measure,T_i1c_status_code,427,0,0
I-1,forced,1,Q16,json,3,0.066,5.53,,1,Bitmap Heap Scan,Bitmap Heap Scan on T [Bitmap Index Scan using T_i1c_status_code],2,78,2,78,408,429,0,0,,0,0,21,False,"{""enable_seqscan"": ""off"", ""jit"": ""off"", ""max_parallel_workers_per_gather"": ""0""}",measure,T_i1c_status_code,427,0,0
I-1,forced,1,Q16,jsonb,3,0.051,1.483,,1,Bitmap Heap Scan,Bitmap Heap Scan on T [Bitmap Index Scan using T_i1c_status_code],2,78,2,78,408,406,0,0,,0,0,21,False,"{""enable_seqscan"": ""off"", ""jit"": ""off"", ""max_parallel_workers_per_gather"": ""0""}",measure,T_i1c_status_code,404,0,0
I-1,forced,1,Q16,jsonb,4,0.098,1.514,,1,Bitmap Heap Scan,Bitmap Heap Scan on T [Bitmap Index Scan using T_i1c_status_code],2,78,2,78,408,406,0,0,,0,0,21,False,"{""enable_seqscan"": ""off"", ""jit"": ""off"", ""max_parallel_workers_per_gather"": ""0""}",measure,T_i1c_status_code,404,0,0
I-1,forced,1,Q16,json,4,0.049,5.176,,1,Bitmap Heap Scan,Bitmap Heap Scan on T [Bitmap Index Scan using T_i1c_status_code],2,78,2,78,408,429,0,0,,0,0,21,False,"{""enable_seqscan"": ""off"", ""jit"": ""off"", ""max_parallel_workers_per_gather"": ""0""}",measure,T_i1c_status_code,427,0,0
I-1,forced,1,Q16,json,5,0.052,5.608,,1,Bitmap Heap Scan,Bitmap Heap Scan on T [Bitmap Index Scan using T_i1c_status_code],2,78,2,78,408,429,0,0,,0,0,21,False,"{""enable_seqscan"": ""off"", ""jit"": ""off"", ""max_parallel_workers_per_gather"": ""0""}",measure,T_i1c_status_code,427,0,0
I-1,forced,1,Q16,jsonb,5,0.06,1.533,,1,Bitmap Heap Scan,Bitmap Heap Scan on T [Bitmap Index Scan using T_i1c_status_code],2,78,2,78,408,406,0,0,,0,0,21,False,"{""enable_seqscan"": ""off"", ""jit"": ""off"", ""max_parallel_workers_per_gather"": ""0""}",measure,T_i1c_status_code,404,0,0
I-1,forced,1,Q16,jsonb,6,0.052,1.588,,1,Bitmap Heap Scan,Bitmap Heap Scan on T [Bitmap Index Scan using T_i1c_status_code],2,78,2,78,408,406,0,0,,0,0,21,False,"{""enable_seqscan"": ""off"", ""jit"": ""off"", ""max_parallel_workers_per_gather"": ""0""}",measure,T_i1c_status_code,404,0,0
I-1,forced,1,Q16,json,6,0.055,5.803,,1,Bitmap Heap Scan,Bitmap Heap Scan on T [Bitmap Index Scan using T_i1c_status_code],2,78,2,78,408,429,0,0,,0,0,21,False,"{""enable_seqscan"": ""off"", ""jit"": ""off"", ""max_parallel_workers_per_gather"": ""0""}",measure,T_i1c_status_code,427,0,0
I-1,forced,1,Q16,json,7,0.065,5.64,,1,Bitmap Heap Scan,Bitmap Heap Scan on T [Bitmap Index Scan using T_i1c_status_code],2,78,2,78,408,429,0,0,,0,0,21,False,"{""enable_seqscan"": ""off"", ""jit"": ""off"", ""max_parallel_workers_per_gather"": ""0""}",measure,T_i1c_status_code,427,0,0
I-1,forced,1,Q16,jsonb,7,0.051,1.316,,1,Bitmap Heap Scan,Bitmap Heap Scan on T [Bitmap Index Scan using T_i1c_status_code],2,78,2,78,408,406,0,0,,0,0,21,False,"{""enable_seqscan"": ""off"", ""jit"": ""off"", ""max_parallel_workers_per_gather"": ""0""}",measure,T_i1c_status_code,404,0,0
I-1,forced,1,Q16,jsonb,8,0.046,1.458,,1,Bitmap Heap Scan,Bitmap Heap Scan on T [Bitmap Index Scan using T_i1c_status_code],2,78,2,78,408,406,0,0,,0,0,21,False,"{""enable_seqscan"": ""off"", ""jit"": ""off"", ""max_parallel_workers_per_gather"": ""0""}",measure,T_i1c_status_code,404,0,0
I-1,forced,1,Q16,json,8,0.047,5.265,,1,Bitmap Heap Scan,Bitmap Heap Scan on T [Bitmap Index Scan using T_i1c_status_code],2,78,2,78,408,429,0,0,,0,0,21,False,"{""enable_seqscan"": ""off"", ""jit"": ""off"", ""max_parallel_workers_per_gather"": ""0""}",measure,T_i1c_status_code,427,0,0
I-1,forced,1,Q16,json,9,0.053,5.746,,1,Bitmap Heap Scan,Bitmap Heap Scan on T [Bitmap Index Scan using T_i1c_status_code],2,78,2,78,408,429,0,0,,0,0,21,False,"{""enable_seqscan"": ""off"", ""jit"": ""off"", ""max_parallel_workers_per_gather"": ""0""}",measure,T_i1c_status_code,427,0,0
I-1,forced,1,Q16,jsonb,9,0.065,1.595,,1,Bitmap Heap Scan,Bitmap Heap Scan on T [Bitmap Index Scan using T_i1c_status_code],2,78,2,78,408,406,0,0,,0,0,21,False,"{""enable_seqscan"": ""off"", ""jit"": ""off"", ""max_parallel_workers_per_gather"": ""0""}",measure,T_i1c_status_code,404,0,0
I-1,forced,1,Q16,jsonb,10,0.052,1.527,,1,Bitmap Heap Scan,Bitmap Heap Scan on T [Bitmap Index Scan using T_i1c_status_code],2,78,2,78,408,406,0,0,,0,0,21,False,"{""enable_seqscan"": ""off"", ""jit"": ""off"", ""max_parallel_workers_per_gather"": ""0""}",measure,T_i1c_status_code,404,0,0
I-1,forced,1,Q16,json,10,0.052,5.946,,1,Bitmap Heap Scan,Bitmap Heap Scan on T [Bitmap Index Scan using T_i1c_status_code],2,78,2,78,408,429,0,0,,0,0,21,False,"{""enable_seqscan"": ""off"", ""jit"": ""off"", ""max_parallel_workers_per_gather"": ""0""}",measure,T_i1c_status_code,427,0,0
I-1,forced,1,Q16,json,11,0.08,5.829,,1,Bitmap Heap Scan,Bitmap Heap Scan on T [Bitmap Index Scan using T_i1c_status_code],2,78,2,78,408,429,0,0,,0,0,21,False,"{""enable_seqscan"": ""off"", ""jit"": ""off"", ""max_parallel_workers_per_gather"": ""0""}",measure,T_i1c_status_code,427,0,0
I-1,forced,1,Q16,jsonb,11,0.057,1.458,,1,Bitmap Heap Scan,Bitmap Heap Scan on T [Bitmap Index Scan using T_i1c_status_code],2,78,2,78,408,406,0,0,,0,0,21,False,"{""enable_seqscan"": ""off"", ""jit"": ""off"", ""max_parallel_workers_per_gather"": ""0""}",measure,T_i1c_status_code,404,0,0
I-1,forced,1,Q16,jsonb,12,0.072,2.385,,1,Bitmap Heap Scan,Bitmap Heap Scan on T [Bitmap Index Scan using T_i1c_status_code],2,78,2,78,408,406,0,0,,0,0,21,False,"{""enable_seqscan"": ""off"", ""jit"": ""off"", ""max_parallel_workers_per_gather"": ""0""}",measure,T_i1c_status_code,404,0,0
I-1,forced,1,Q16,json,12,0.065,4.966,,1,Bitmap Heap Scan,Bitmap Heap Scan on T [Bitmap Index Scan using T_i1c_status_code],2,78,2,78,408,429,0,0,,0,0,21,False,"{""enable_seqscan"": ""off"", ""jit"": ""off"", ""max_parallel_workers_per_gather"": ""0""}",measure,T_i1c_status_code,427,0,0
I-1,forced,1,Q16,json,13,0.083,5.532,,1,Bitmap Heap Scan,Bitmap Heap Scan on T [Bitmap Index Scan using T_i1c_status_code],2,78,2,78,408,429,0,0,,0,0,21,False,"{""enable_seqscan"": ""off"", ""jit"": ""off"", ""max_parallel_workers_per_gather"": ""0""}",measure,T_i1c_status_code,427,0,0
I-1,forced,1,Q16,jsonb,13,0.059,1.588,,1,Bitmap Heap Scan,Bitmap Heap Scan on T [Bitmap Index Scan using T_i1c_status_code],2,78,2,78,408,406,0,0,,0,0,21,False,"{""enable_seqscan"": ""off"", ""jit"": ""off"", ""max_parallel_workers_per_gather"": ""0""}",measure,T_i1c_status_code,404,0,0
I-1,forced,1,Q16,jsonb,14,0.119,3.036,,1,Bitmap Heap Scan,Bitmap Heap Scan on T [Bitmap Index Scan using T_i1c_status_code],2,78,2,78,408,406,0,0,,0,0,21,False,"{""enable_seqscan"": ""off"", ""jit"": ""off"", ""max_parallel_workers_per_gather"": ""0""}",measure,T_i1c_status_code,404,0,0
I-1,forced,1,Q16,json,14,0.139,5.391,,1,Bitmap Heap Scan,Bitmap Heap Scan on T [Bitmap Index Scan using T_i1c_status_code],2,78,2,78,408,429,0,0,,0,0,21,False,"{""enable_seqscan"": ""off"", ""jit"": ""off"", ""max_parallel_workers_per_gather"": ""0""}",measure,T_i1c_status_code,427,0,0
I-1,forced,1,Q16,json,15,0.063,5.452,,1,Bitmap Heap Scan,Bitmap Heap Scan on T [Bitmap Index Scan using T_i1c_status_code],2,78,2,78,408,429,0,0,,0,0,21,False,"{""enable_seqscan"": ""off"", ""jit"": ""off"", ""max_parallel_workers_per_gather"": ""0""}",measure,T_i1c_status_code,427,0,0
I-1,forced,1,Q16,jsonb,15,0.058,1.644,,1,Bitmap Heap Scan,Bitmap Heap Scan on T [Bitmap Index Scan using T_i1c_status_code],2,78,2,78,408,406,0,0,,0,0,21,False,"{""enable_seqscan"": ""off"", ""jit"": ""off"", ""max_parallel_workers_per_gather"": ""0""}",measure,T_i1c_status_code,404,0,0
I-1,forced,1,Q16,json,1,0.049,5.062,0.006,1,Bitmap Heap Scan,Bitmap Heap Scan on T [Bitmap Index Scan using T_i1c_status_code],2,78,2,78,408,429,0,0,,0,0,21,False,"{""enable_seqscan"": ""off"", ""jit"": ""off"", ""max_parallel_workers_per_gather"": ""0""}",detail,T_i1c_status_code,427,0,0
I-1,forced,1,Q16,jsonb,1,0.055,1.568,0.007,1,Bitmap Heap Scan,Bitmap Heap Scan on T [Bitmap Index Scan using T_i1c_status_code],2,78,2,78,408,406,0,0,,0,0,21,False,"{""enable_seqscan"": ""off"", ""jit"": ""off"", ""max_parallel_workers_per_gather"": ""0""}",detail,T_i1c_status_code,404,0,0
I-1,forced,1,Q17,json,1,0.054,111.251,,1,Aggregate,Aggregate [Index Scan using T_i1b_entity_type_code],7,8,5000,5000,,3755,0,0,,0,0,21,False,"{""enable_seqscan"": ""off"", ""jit"": ""off"", ""max_parallel_workers_per_gather"": ""0""}",warmup,T_i1b_entity_type_code,,,
I-1,forced,1,Q17,jsonb,1,0.089,14.725,,1,Aggregate,Aggregate [Index Scan using T_i1b_entity_type_code],7,8,5000,5000,,3446,0,0,,0,0,21,False,"{""enable_seqscan"": ""off"", ""jit"": ""off"", ""max_parallel_workers_per_gather"": ""0""}",warmup,T_i1b_entity_type_code,,,
I-1,forced,1,Q17,json,2,0.094,115.931,,1,Aggregate,Aggregate [Index Scan using T_i1b_entity_type_code],7,8,5000,5000,,3755,0,0,,0,0,21,False,"{""enable_seqscan"": ""off"", ""jit"": ""off"", ""max_parallel_workers_per_gather"": ""0""}",warmup,T_i1b_entity_type_code,,,
I-1,forced,1,Q17,jsonb,2,0.089,14.321,,1,Aggregate,Aggregate [Index Scan using T_i1b_entity_type_code],7,8,5000,5000,,3446,0,0,,0,0,21,False,"{""enable_seqscan"": ""off"", ""jit"": ""off"", ""max_parallel_workers_per_gather"": ""0""}",warmup,T_i1b_entity_type_code,,,
I-1,forced,1,Q17,json,3,0.082,111.318,,1,Aggregate,Aggregate [Index Scan using T_i1b_entity_type_code],7,8,5000,5000,,3755,0,0,,0,0,21,False,"{""enable_seqscan"": ""off"", ""jit"": ""off"", ""max_parallel_workers_per_gather"": ""0""}",warmup,T_i1b_entity_type_code,,,
I-1,forced,1,Q17,jsonb,3,0.095,14.98,,1,Aggregate,Aggregate [Index Scan using T_i1b_entity_type_code],7,8,5000,5000,,3446,0,0,,0,0,21,False,"{""enable_seqscan"": ""off"", ""jit"": ""off"", ""max_parallel_workers_per_gather"": ""0""}",warmup,T_i1b_entity_type_code,,,
I-1,forced,1,Q17,json,1,0.12,122.094,,1,Aggregate,Aggregate [Index Scan using T_i1b_entity_type_code],7,8,5000,5000,,3755,0,0,,0,0,21,False,"{""enable_seqscan"": ""off"", ""jit"": ""off"", ""max_parallel_workers_per_gather"": ""0""}",measure,T_i1b_entity_type_code,,,
I-1,forced,1,Q17,jsonb,1,0.089,14.237,,1,Aggregate,Aggregate [Index Scan using T_i1b_entity_type_code],7,8,5000,5000,,3446,0,0,,0,0,21,False,"{""enable_seqscan"": ""off"", ""jit"": ""off"", ""max_parallel_workers_per_gather"": ""0""}",measure,T_i1b_entity_type_code,,,
I-1,forced,1,Q17,jsonb,2,0.084,14.061,,1,Aggregate,Aggregate [Index Scan using T_i1b_entity_type_code],7,8,5000,5000,,3446,0,0,,0,0,21,False,"{""enable_seqscan"": ""off"", ""jit"": ""off"", ""max_parallel_workers_per_gather"": ""0""}",measure,T_i1b_entity_type_code,,,
I-1,forced,1,Q17,json,2,0.106,109.446,,1,Aggregate,Aggregate [Index Scan using T_i1b_entity_type_code],7,8,5000,5000,,3755,0,0,,0,0,21,False,"{""enable_seqscan"": ""off"", ""jit"": ""off"", ""max_parallel_workers_per_gather"": ""0""}",measure,T_i1b_entity_type_code,,,
I-1,forced,1,Q17,json,3,0.078,122.508,,1,Aggregate,Aggregate [Index Scan using T_i1b_entity_type_code],7,8,5000,5000,,3755,0,0,,0,0,21,False,"{""enable_seqscan"": ""off"", ""jit"": ""off"", ""max_parallel_workers_per_gather"": ""0""}",measure,T_i1b_entity_type_code,,,
I-1,forced,1,Q17,jsonb,3,0.078,13.466,,1,Aggregate,Aggregate [Index Scan using T_i1b_entity_type_code],7,8,5000,5000,,3446,0,0,,0,0,21,False,"{""enable_seqscan"": ""off"", ""jit"": ""off"", ""max_parallel_workers_per_gather"": ""0""}",measure,T_i1b_entity_type_code,,,
I-1,forced,1,Q17,jsonb,4,0.075,15.42,,1,Aggregate,Aggregate [Index Scan using T_i1b_entity_type_code],7,8,5000,5000,,3446,0,0,,0,0,21,False,"{""enable_seqscan"": ""off"", ""jit"": ""off"", ""max_parallel_workers_per_gather"": ""0""}",measure,T_i1b_entity_type_code,,,
I-1,forced,1,Q17,json,4,0.091,110.453,,1,Aggregate,Aggregate [Index Scan using T_i1b_entity_type_code],7,8,5000,5000,,3755,0,0,,0,0,21,False,"{""enable_seqscan"": ""off"", ""jit"": ""off"", ""max_parallel_workers_per_gather"": ""0""}",measure,T_i1b_entity_type_code,,,
I-1,forced,1,Q17,json,5,0.121,129.641,,1,Aggregate,Aggregate [Index Scan using T_i1b_entity_type_code],7,8,5000,5000,,3755,0,0,,0,0,21,False,"{""enable_seqscan"": ""off"", ""jit"": ""off"", ""max_parallel_workers_per_gather"": ""0""}",measure,T_i1b_entity_type_code,,,
I-1,forced,1,Q17,jsonb,5,0.086,13.437,,1,Aggregate,Aggregate [Index Scan using T_i1b_entity_type_code],7,8,5000,5000,,3446,0,0,,0,0,21,False,"{""enable_seqscan"": ""off"", ""jit"": ""off"", ""max_parallel_workers_per_gather"": ""0""}",measure,T_i1b_entity_type_code,,,
I-1,forced,1,Q17,jsonb,6,0.074,11.589,,1,Aggregate,Aggregate [Index Scan using T_i1b_entity_type_code],7,8,5000,5000,,3446,0,0,,0,0,21,False,"{""enable_seqscan"": ""off"", ""jit"": ""off"", ""max_parallel_workers_per_gather"": ""0""}",measure,T_i1b_entity_type_code,,,
I-1,forced,1,Q17,json,6,0.068,124.745,,1,Aggregate,Aggregate [Index Scan using T_i1b_entity_type_code],7,8,5000,5000,,3755,0,0,,0,0,21,False,"{""enable_seqscan"": ""off"", ""jit"": ""off"", ""max_parallel_workers_per_gather"": ""0""}",measure,T_i1b_entity_type_code,,,
I-1,forced,1,Q17,json,7,0.09,102.695,,1,Aggregate,Aggregate [Index Scan using T_i1b_entity_type_code],7,8,5000,5000,,3755,0,0,,0,0,21,False,"{""enable_seqscan"": ""off"", ""jit"": ""off"", ""max_parallel_workers_per_gather"": ""0""}",measure,T_i1b_entity_type_code,,,
I-1,forced,1,Q17,jsonb,7,0.083,11.889,,1,Aggregate,Aggregate [Index Scan using T_i1b_entity_type_code],7,8,5000,5000,,3446,0,0,,0,0,21,False,"{""enable_seqscan"": ""off"", ""jit"": ""off"", ""max_parallel_workers_per_gather"": ""0""}",measure,T_i1b_entity_type_code,,,
I-1,forced,1,Q17,jsonb,8,0.073,12.577,,1,Aggregate,Aggregate [Index Scan using T_i1b_entity_type_code],7,8,5000,5000,,3446,0,0,,0,0,21,False,"{""enable_seqscan"": ""off"", ""jit"": ""off"", ""max_parallel_workers_per_gather"": ""0""}",measure,T_i1b_entity_type_code,,,
I-1,forced,1,Q17,json,8,0.065,139.807,,1,Aggregate,Aggregate [Index Scan using T_i1b_entity_type_code],7,8,5000,5000,,3755,0,0,,0,0,21,False,"{""enable_seqscan"": ""off"", ""jit"": ""off"", ""max_parallel_workers_per_gather"": ""0""}",measure,T_i1b_entity_type_code,,,
I-1,forced,1,Q17,json,9,0.102,124.662,,1,Aggregate,Aggregate [Index Scan using T_i1b_entity_type_code],7,8,5000,5000,,3755,0,0,,0,0,21,False,"{""enable_seqscan"": ""off"", ""jit"": ""off"", ""max_parallel_workers_per_gather"": ""0""}",measure,T_i1b_entity_type_code,,,
I-1,forced,1,Q17,jsonb,9,0.087,13.937,,1,Aggregate,Aggregate [Index Scan using T_i1b_entity_type_code],7,8,5000,5000,,3446,0,0,,0,0,21,False,"{""enable_seqscan"": ""off"", ""jit"": ""off"", ""max_parallel_workers_per_gather"": ""0""}",measure,T_i1b_entity_type_code,,,
I-1,forced,1,Q17,jsonb,10,0.071,12.497,,1,Aggregate,Aggregate [Index Scan using T_i1b_entity_type_code],7,8,5000,5000,,3446,0,0,,0,0,21,False,"{""enable_seqscan"": ""off"", ""jit"": ""off"", ""max_parallel_workers_per_gather"": ""0""}",measure,T_i1b_entity_type_code,,,
I-1,forced,1,Q17,json,10,0.084,122.426,,1,Aggregate,Aggregate [Index Scan using T_i1b_entity_type_code],7,8,5000,5000,,3755,0,0,,0,0,21,False,"{""enable_seqscan"": ""off"", ""jit"": ""off"", ""max_parallel_workers_per_gather"": ""0""}",measure,T_i1b_entity_type_code,,,
I-1,forced,1,Q17,json,11,0.124,109.979,,1,Aggregate,Aggregate [Index Scan using T_i1b_entity_type_code],7,8,5000,5000,,3755,0,0,,0,0,21,False,"{""enable_seqscan"": ""off"", ""jit"": ""off"", ""max_parallel_workers_per_gather"": ""0""}",measure,T_i1b_entity_type_code,,,
I-1,forced,1,Q17,jsonb,11,0.088,13.66,,1,Aggregate,Aggregate [Index Scan using T_i1b_entity_type_code],7,8,5000,5000,,3446,0,0,,0,0,21,False,"{""enable_seqscan"": ""off"", ""jit"": ""off"", ""max_parallel_workers_per_gather"": ""0""}",measure,T_i1b_entity_type_code,,,
I-1,forced,1,Q17,jsonb,12,0.075,13.296,,1,Aggregate,Aggregate [Index Scan using T_i1b_entity_type_code],7,8,5000,5000,,3446,0,0,,0,0,21,False,"{""enable_seqscan"": ""off"", ""jit"": ""off"", ""max_parallel_workers_per_gather"": ""0""}",measure,T_i1b_entity_type_code,,,
I-1,forced,1,Q17,json,12,0.173,112.836,,1,Aggregate,Aggregate [Index Scan using T_i1b_entity_type_code],7,8,5000,5000,,3755,0,0,,0,0,21,False,"{""enable_seqscan"": ""off"", ""jit"": ""off"", ""max_parallel_workers_per_gather"": ""0""}",measure,T_i1b_entity_type_code,,,
I-1,forced,1,Q17,json,13,0.09,105.657,,1,Aggregate,Aggregate [Index Scan using T_i1b_entity_type_code],7,8,5000,5000,,3755,0,0,,0,0,21,False,"{""enable_seqscan"": ""off"", ""jit"": ""off"", ""max_parallel_workers_per_gather"": ""0""}",measure,T_i1b_entity_type_code,,,
I-1,forced,1,Q17,jsonb,13,0.089,12.909,,1,Aggregate,Aggregate [Index Scan using T_i1b_entity_type_code],7,8,5000,5000,,3446,0,0,,0,0,21,False,"{""enable_seqscan"": ""off"", ""jit"": ""off"", ""max_parallel_workers_per_gather"": ""0""}",measure,T_i1b_entity_type_code,,,
I-1,forced,1,Q17,jsonb,14,0.075,17.683,,1,Aggregate,Aggregate [Index Scan using T_i1b_entity_type_code],7,8,5000,5000,,3446,0,0,,0,0,21,False,"{""enable_seqscan"": ""off"", ""jit"": ""off"", ""max_parallel_workers_per_gather"": ""0""}",measure,T_i1b_entity_type_code,,,
I-1,forced,1,Q17,json,14,0.074,103.994,,1,Aggregate,Aggregate [Index Scan using T_i1b_entity_type_code],7,8,5000,5000,,3755,0,0,,0,0,21,False,"{""enable_seqscan"": ""off"", ""jit"": ""off"", ""max_parallel_workers_per_gather"": ""0""}",measure,T_i1b_entity_type_code,,,
I-1,forced,1,Q17,json,15,0.088,104.104,,1,Aggregate,Aggregate [Index Scan using T_i1b_entity_type_code],7,8,5000,5000,,3755,0,0,,0,0,21,False,"{""enable_seqscan"": ""off"", ""jit"": ""off"", ""max_parallel_workers_per_gather"": ""0""}",measure,T_i1b_entity_type_code,,,
I-1,forced,1,Q17,jsonb,15,0.085,15.982,,1,Aggregate,Aggregate [Index Scan using T_i1b_entity_type_code],7,8,5000,5000,,3446,0,0,,0,0,21,False,"{""enable_seqscan"": ""off"", ""jit"": ""off"", ""max_parallel_workers_per_gather"": ""0""}",measure,T_i1b_entity_type_code,,,
I-1,forced,1,Q17,json,1,0.075,107.539,0.009,1,Aggregate,Aggregate [Index Scan using T_i1b_entity_type_code],7,8,5000,5000,,3755,0,0,,0,0,21,False,"{""enable_seqscan"": ""off"", ""jit"": ""off"", ""max_parallel_workers_per_gather"": ""0""}",detail,T_i1b_entity_type_code,,,
I-1,forced,1,Q17,jsonb,1,0.092,14.169,0.005,1,Aggregate,Aggregate [Index Scan using T_i1b_entity_type_code],7,8,5000,5000,,3446,0,0,,0,0,21,False,"{""enable_seqscan"": ""off"", ""jit"": ""off"", ""max_parallel_workers_per_gather"": ""0""}",detail,T_i1b_entity_type_code,,,
I-1,forced,1,Q09,json,1,0.073,59.033,,15,Seq Scan,Seq Scan on T,25,1528,25,1528,3472,1250,0,0,,0,0,16,False,"{""enable_seqscan"": ""off"", ""jit"": ""off"", ""max_parallel_workers_per_gather"": ""0""}",warmup,-,,,
I-1,forced,1,Q09,jsonb,1,0.071,11.671,,15,Seq Scan,Seq Scan on T,25,1528,25,1528,3472,981,0,0,,0,0,16,False,"{""enable_seqscan"": ""off"", ""jit"": ""off"", ""max_parallel_workers_per_gather"": ""0""}",warmup,-,,,
I-1,forced,1,Q09,json,2,0.056,77.71,,15,Seq Scan,Seq Scan on T,25,1528,25,1528,3472,1250,0,0,,0,0,16,False,"{""enable_seqscan"": ""off"", ""jit"": ""off"", ""max_parallel_workers_per_gather"": ""0""}",warmup,-,,,
I-1,forced,1,Q09,jsonb,2,0.067,11.704,,15,Seq Scan,Seq Scan on T,25,1528,25,1528,3472,981,0,0,,0,0,16,False,"{""enable_seqscan"": ""off"", ""jit"": ""off"", ""max_parallel_workers_per_gather"": ""0""}",warmup,-,,,
I-1,forced,1,Q09,json,3,0.056,64.669,,15,Seq Scan,Seq Scan on T,25,1528,25,1528,3472,1250,0,0,,0,0,16,False,"{""enable_seqscan"": ""off"", ""jit"": ""off"", ""max_parallel_workers_per_gather"": ""0""}",warmup,-,,,
I-1,forced,1,Q09,jsonb,3,0.077,11.78,,15,Seq Scan,Seq Scan on T,25,1528,25,1528,3472,981,0,0,,0,0,16,False,"{""enable_seqscan"": ""off"", ""jit"": ""off"", ""max_parallel_workers_per_gather"": ""0""}",warmup,-,,,
I-1,forced,1,Q09,json,1,0.055,58.242,,15,Seq Scan,Seq Scan on T,25,1528,25,1528,3472,1250,0,0,,0,0,16,False,"{""enable_seqscan"": ""off"", ""jit"": ""off"", ""max_parallel_workers_per_gather"": ""0""}",measure,-,,,
I-1,forced,1,Q09,jsonb,1,0.07,12.632,,15,Seq Scan,Seq Scan on T,25,1528,25,1528,3472,981,0,0,,0,0,16,False,"{""enable_seqscan"": ""off"", ""jit"": ""off"", ""max_parallel_workers_per_gather"": ""0""}",measure,-,,,
I-1,forced,1,Q09,jsonb,2,0.071,11.52,,15,Seq Scan,Seq Scan on T,25,1528,25,1528,3472,981,0,0,,0,0,16,False,"{""enable_seqscan"": ""off"", ""jit"": ""off"", ""max_parallel_workers_per_gather"": ""0""}",measure,-,,,
I-1,forced,1,Q09,json,2,0.054,69.373,,15,Seq Scan,Seq Scan on T,25,1528,25,1528,3472,1250,0,0,,0,0,16,False,"{""enable_seqscan"": ""off"", ""jit"": ""off"", ""max_parallel_workers_per_gather"": ""0""}",measure,-,,,
I-1,forced,1,Q09,json,3,0.073,60.0,,15,Seq Scan,Seq Scan on T,25,1528,25,1528,3472,1250,0,0,,0,0,16,False,"{""enable_seqscan"": ""off"", ""jit"": ""off"", ""max_parallel_workers_per_gather"": ""0""}",measure,-,,,
I-1,forced,1,Q09,jsonb,3,0.062,14.579,,15,Seq Scan,Seq Scan on T,25,1528,25,1528,3472,981,0,0,,0,0,16,False,"{""enable_seqscan"": ""off"", ""jit"": ""off"", ""max_parallel_workers_per_gather"": ""0""}",measure,-,,,
I-1,forced,1,Q09,jsonb,4,0.068,13.66,,15,Seq Scan,Seq Scan on T,25,1528,25,1528,3472,981,0,0,,0,0,16,False,"{""enable_seqscan"": ""off"", ""jit"": ""off"", ""max_parallel_workers_per_gather"": ""0""}",measure,-,,,
I-1,forced,1,Q09,json,4,0.097,57.873,,15,Seq Scan,Seq Scan on T,25,1528,25,1528,3472,1250,0,0,,0,0,16,False,"{""enable_seqscan"": ""off"", ""jit"": ""off"", ""max_parallel_workers_per_gather"": ""0""}",measure,-,,,
I-1,forced,1,Q09,json,5,0.07,68.551,,15,Seq Scan,Seq Scan on T,25,1528,25,1528,3472,1250,0,0,,0,0,16,False,"{""enable_seqscan"": ""off"", ""jit"": ""off"", ""max_parallel_workers_per_gather"": ""0""}",measure,-,,,
I-1,forced,1,Q09,jsonb,5,0.098,12.742,,15,Seq Scan,Seq Scan on T,25,1528,25,1528,3472,981,0,0,,0,0,16,False,"{""enable_seqscan"": ""off"", ""jit"": ""off"", ""max_parallel_workers_per_gather"": ""0""}",measure,-,,,
I-1,forced,1,Q09,jsonb,6,0.06,12.368,,15,Seq Scan,Seq Scan on T,25,1528,25,1528,3472,981,0,0,,0,0,16,False,"{""enable_seqscan"": ""off"", ""jit"": ""off"", ""max_parallel_workers_per_gather"": ""0""}",measure,-,,,
I-1,forced,1,Q09,json,6,0.058,57.508,,15,Seq Scan,Seq Scan on T,25,1528,25,1528,3472,1250,0,0,,0,0,16,False,"{""enable_seqscan"": ""off"", ""jit"": ""off"", ""max_parallel_workers_per_gather"": ""0""}",measure,-,,,
I-1,forced,1,Q09,json,7,0.101,65.199,,15,Seq Scan,Seq Scan on T,25,1528,25,1528,3472,1250,0,0,,0,0,16,False,"{""enable_seqscan"": ""off"", ""jit"": ""off"", ""max_parallel_workers_per_gather"": ""0""}",measure,-,,,
I-1,forced,1,Q09,jsonb,7,0.07,12.098,,15,Seq Scan,Seq Scan on T,25,1528,25,1528,3472,981,0,0,,0,0,16,False,"{""enable_seqscan"": ""off"", ""jit"": ""off"", ""max_parallel_workers_per_gather"": ""0""}",measure,-,,,
I-1,forced,1,Q09,jsonb,8,0.057,12.664,,15,Seq Scan,Seq Scan on T,25,1528,25,1528,3472,981,0,0,,0,0,16,False,"{""enable_seqscan"": ""off"", ""jit"": ""off"", ""max_parallel_workers_per_gather"": ""0""}",measure,-,,,
I-1,forced,1,Q09,json,8,0.064,77.729,,15,Seq Scan,Seq Scan on T,25,1528,25,1528,3472,1250,0,0,,0,0,16,False,"{""enable_seqscan"": ""off"", ""jit"": ""off"", ""max_parallel_workers_per_gather"": ""0""}",measure,-,,,
I-1,forced,1,Q09,json,9,0.077,67.936,,15,Seq Scan,Seq Scan on T,25,1528,25,1528,3472,1250,0,0,,0,0,16,False,"{""enable_seqscan"": ""off"", ""jit"": ""off"", ""max_parallel_workers_per_gather"": ""0""}",measure,-,,,
I-1,forced,1,Q09,jsonb,9,0.079,17.559,,15,Seq Scan,Seq Scan on T,25,1528,25,1528,3472,981,0,0,,0,0,16,False,"{""enable_seqscan"": ""off"", ""jit"": ""off"", ""max_parallel_workers_per_gather"": ""0""}",measure,-,,,
I-1,forced,1,Q09,jsonb,10,0.076,12.616,,15,Seq Scan,Seq Scan on T,25,1528,25,1528,3472,981,0,0,,0,0,16,False,"{""enable_seqscan"": ""off"", ""jit"": ""off"", ""max_parallel_workers_per_gather"": ""0""}",measure,-,,,
I-1,forced,1,Q09,json,10,0.107,62.761,,15,Seq Scan,Seq Scan on T,25,1528,25,1528,3472,1250,0,0,,0,0,16,False,"{""enable_seqscan"": ""off"", ""jit"": ""off"", ""max_parallel_workers_per_gather"": ""0""}",measure,-,,,
I-1,forced,1,Q09,json,11,0.077,67.603,,15,Seq Scan,Seq Scan on T,25,1528,25,1528,3472,1250,0,0,,0,0,16,False,"{""enable_seqscan"": ""off"", ""jit"": ""off"", ""max_parallel_workers_per_gather"": ""0""}",measure,-,,,
I-1,forced,1,Q09,jsonb,11,0.101,15.688,,15,Seq Scan,Seq Scan on T,25,1528,25,1528,3472,981,0,0,,0,0,16,False,"{""enable_seqscan"": ""off"", ""jit"": ""off"", ""max_parallel_workers_per_gather"": ""0""}",measure,-,,,
I-1,forced,1,Q09,jsonb,12,0.065,11.285,,15,Seq Scan,Seq Scan on T,25,1528,25,1528,3472,981,0,0,,0,0,16,False,"{""enable_seqscan"": ""off"", ""jit"": ""off"", ""max_parallel_workers_per_gather"": ""0""}",measure,-,,,
I-1,forced,1,Q09,json,12,0.057,61.444,,15,Seq Scan,Seq Scan on T,25,1528,25,1528,3472,1250,0,0,,0,0,16,False,"{""enable_seqscan"": ""off"", ""jit"": ""off"", ""max_parallel_workers_per_gather"": ""0""}",measure,-,,,
I-1,forced,1,Q09,json,13,0.073,59.307,,15,Seq Scan,Seq Scan on T,25,1528,25,1528,3472,1250,0,0,,0,0,16,False,"{""enable_seqscan"": ""off"", ""jit"": ""off"", ""max_parallel_workers_per_gather"": ""0""}",measure,-,,,
I-1,forced,1,Q09,jsonb,13,0.072,12.421,,15,Seq Scan,Seq Scan on T,25,1528,25,1528,3472,981,0,0,,0,0,16,False,"{""enable_seqscan"": ""off"", ""jit"": ""off"", ""max_parallel_workers_per_gather"": ""0""}",measure,-,,,
I-1,forced,1,Q09,jsonb,14,0.052,11.311,,15,Seq Scan,Seq Scan on T,25,1528,25,1528,3472,981,0,0,,0,0,16,False,"{""enable_seqscan"": ""off"", ""jit"": ""off"", ""max_parallel_workers_per_gather"": ""0""}",measure,-,,,
I-1,forced,1,Q09,json,14,0.056,62.736,,15,Seq Scan,Seq Scan on T,25,1528,25,1528,3472,1250,0,0,,0,0,16,False,"{""enable_seqscan"": ""off"", ""jit"": ""off"", ""max_parallel_workers_per_gather"": ""0""}",measure,-,,,
I-1,forced,1,Q09,json,15,0.078,64.423,,15,Seq Scan,Seq Scan on T,25,1528,25,1528,3472,1250,0,0,,0,0,16,False,"{""enable_seqscan"": ""off"", ""jit"": ""off"", ""max_parallel_workers_per_gather"": ""0""}",measure,-,,,
I-1,forced,1,Q09,jsonb,15,0.075,12.454,,15,Seq Scan,Seq Scan on T,25,1528,25,1528,3472,981,0,0,,0,0,16,False,"{""enable_seqscan"": ""off"", ""jit"": ""off"", ""max_parallel_workers_per_gather"": ""0""}",measure,-,,,
I-1,forced,1,Q09,json,1,0.069,60.424,0.163,15,Seq Scan,Seq Scan on T,25,1528,25,1528,3472,1250,0,0,,0,0,16,False,"{""enable_seqscan"": ""off"", ""jit"": ""off"", ""max_parallel_workers_per_gather"": ""0""}",detail,-,,,
I-1,forced,1,Q09,jsonb,1,0.065,10.8,0.095,15,Seq Scan,Seq Scan on T,25,1528,25,1528,3472,981,0,0,,0,0,16,False,"{""enable_seqscan"": ""off"", ""jit"": ""off"", ""max_parallel_workers_per_gather"": ""0""}",detail,-,,,
I-1,default,2,Q07,json,1,4.003,0.111,,1,Index Scan,Index Scan using T_i1a_record_validity,12,12,12,12,,14,0,0,,0,22,21,False,"{""jit"": ""off"", ""max_parallel_workers_per_gather"": ""0""}",warmup,T_i1a_record_validity,,,0
I-1,default,2,Q07,jsonb,1,3.686,0.078,,1,Index Scan,Index Scan using T_i1a_record_validity,12,12,12,12,,14,0,0,,0,19,21,False,"{""jit"": ""off"", ""max_parallel_workers_per_gather"": ""0""}",warmup,T_i1a_record_validity,,,0
I-1,default,2,Q07,json,2,0.059,0.025,,1,Index Scan,Index Scan using T_i1a_record_validity,12,12,12,12,,14,0,0,,0,0,17,False,"{""jit"": ""off"", ""max_parallel_workers_per_gather"": ""0""}",warmup,T_i1a_record_validity,,,0
I-1,default,2,Q07,jsonb,2,0.054,0.022,,1,Index Scan,Index Scan using T_i1a_record_validity,12,12,12,12,,14,0,0,,0,0,17,False,"{""jit"": ""off"", ""max_parallel_workers_per_gather"": ""0""}",warmup,T_i1a_record_validity,,,0
I-1,default,2,Q07,json,3,0.053,0.02,,1,Index Scan,Index Scan using T_i1a_record_validity,12,12,12,12,,14,0,0,,0,0,17,False,"{""jit"": ""off"", ""max_parallel_workers_per_gather"": ""0""}",warmup,T_i1a_record_validity,,,0
I-1,default,2,Q07,jsonb,3,0.056,0.02,,1,Index Scan,Index Scan using T_i1a_record_validity,12,12,12,12,,14,0,0,,0,0,17,False,"{""jit"": ""off"", ""max_parallel_workers_per_gather"": ""0""}",warmup,T_i1a_record_validity,,,0
I-1,default,2,Q07,json,1,0.051,0.019,,1,Index Scan,Index Scan using T_i1a_record_validity,12,12,12,12,,14,0,0,,0,0,17,False,"{""jit"": ""off"", ""max_parallel_workers_per_gather"": ""0""}",measure,T_i1a_record_validity,,,0
I-1,default,2,Q07,jsonb,1,0.051,0.019,,1,Index Scan,Index Scan using T_i1a_record_validity,12,12,12,12,,14,0,0,,0,0,17,False,"{""jit"": ""off"", ""max_parallel_workers_per_gather"": ""0""}",measure,T_i1a_record_validity,,,0
I-1,default,2,Q07,jsonb,2,0.051,0.019,,1,Index Scan,Index Scan using T_i1a_record_validity,12,12,12,12,,14,0,0,,0,0,17,False,"{""jit"": ""off"", ""max_parallel_workers_per_gather"": ""0""}",measure,T_i1a_record_validity,,,0
I-1,default,2,Q07,json,2,0.051,0.019,,1,Index Scan,Index Scan using T_i1a_record_validity,12,12,12,12,,14,0,0,,0,0,17,False,"{""jit"": ""off"", ""max_parallel_workers_per_gather"": ""0""}",measure,T_i1a_record_validity,,,0
I-1,default,2,Q07,json,3,0.051,0.019,,1,Index Scan,Index Scan using T_i1a_record_validity,12,12,12,12,,14,0,0,,0,0,17,False,"{""jit"": ""off"", ""max_parallel_workers_per_gather"": ""0""}",measure,T_i1a_record_validity,,,0
I-1,default,2,Q07,jsonb,3,0.05,0.019,,1,Index Scan,Index Scan using T_i1a_record_validity,12,12,12,12,,14,0,0,,0,0,17,False,"{""jit"": ""off"", ""max_parallel_workers_per_gather"": ""0""}",measure,T_i1a_record_validity,,,0
I-1,default,2,Q07,jsonb,4,0.05,0.019,,1,Index Scan,Index Scan using T_i1a_record_validity,12,12,12,12,,14,0,0,,0,0,17,False,"{""jit"": ""off"", ""max_parallel_workers_per_gather"": ""0""}",measure,T_i1a_record_validity,,,0
I-1,default,2,Q07,json,4,0.051,0.019,,1,Index Scan,Index Scan using T_i1a_record_validity,12,12,12,12,,14,0,0,,0,0,17,False,"{""jit"": ""off"", ""max_parallel_workers_per_gather"": ""0""}",measure,T_i1a_record_validity,,,0
I-1,default,2,Q07,json,5,0.051,0.019,,1,Index Scan,Index Scan using T_i1a_record_validity,12,12,12,12,,14,0,0,,0,0,17,False,"{""jit"": ""off"", ""max_parallel_workers_per_gather"": ""0""}",measure,T_i1a_record_validity,,,0
I-1,default,2,Q07,jsonb,5,0.05,0.019,,1,Index Scan,Index Scan using T_i1a_record_validity,12,12,12,12,,14,0,0,,0,0,17,False,"{""jit"": ""off"", ""max_parallel_workers_per_gather"": ""0""}",measure,T_i1a_record_validity,,,0
I-1,default,2,Q07,jsonb,6,0.05,0.019,,1,Index Scan,Index Scan using T_i1a_record_validity,12,12,12,12,,14,0,0,,0,0,17,False,"{""jit"": ""off"", ""max_parallel_workers_per_gather"": ""0""}",measure,T_i1a_record_validity,,,0
I-1,default,2,Q07,json,6,0.051,0.019,,1,Index Scan,Index Scan using T_i1a_record_validity,12,12,12,12,,14,0,0,,0,0,17,False,"{""jit"": ""off"", ""max_parallel_workers_per_gather"": ""0""}",measure,T_i1a_record_validity,,,0
I-1,default,2,Q07,json,7,0.051,0.019,,1,Index Scan,Index Scan using T_i1a_record_validity,12,12,12,12,,14,0,0,,0,0,17,False,"{""jit"": ""off"", ""max_parallel_workers_per_gather"": ""0""}",measure,T_i1a_record_validity,,,0
I-1,default,2,Q07,jsonb,7,0.06,0.019,,1,Index Scan,Index Scan using T_i1a_record_validity,12,12,12,12,,14,0,0,,0,0,17,False,"{""jit"": ""off"", ""max_parallel_workers_per_gather"": ""0""}",measure,T_i1a_record_validity,,,0
I-1,default,2,Q07,jsonb,8,0.057,0.022,,1,Index Scan,Index Scan using T_i1a_record_validity,12,12,12,12,,14,0,0,,0,0,17,False,"{""jit"": ""off"", ""max_parallel_workers_per_gather"": ""0""}",measure,T_i1a_record_validity,,,0
I-1,default,2,Q07,json,8,0.053,0.02,,1,Index Scan,Index Scan using T_i1a_record_validity,12,12,12,12,,14,0,0,,0,0,17,False,"{""jit"": ""off"", ""max_parallel_workers_per_gather"": ""0""}",measure,T_i1a_record_validity,,,0
I-1,default,2,Q07,json,9,0.059,0.023,,1,Index Scan,Index Scan using T_i1a_record_validity,12,12,12,12,,14,0,0,,0,0,17,False,"{""jit"": ""off"", ""max_parallel_workers_per_gather"": ""0""}",measure,T_i1a_record_validity,,,0
I-1,default,2,Q07,jsonb,9,0.054,0.02,,1,Index Scan,Index Scan using T_i1a_record_validity,12,12,12,12,,14,0,0,,0,0,17,False,"{""jit"": ""off"", ""max_parallel_workers_per_gather"": ""0""}",measure,T_i1a_record_validity,,,0
I-1,default,2,Q07,jsonb,10,0.053,0.02,,1,Index Scan,Index Scan using T_i1a_record_validity,12,12,12,12,,14,0,0,,0,0,17,False,"{""jit"": ""off"", ""max_parallel_workers_per_gather"": ""0""}",measure,T_i1a_record_validity,,,0
I-1,default,2,Q07,json,10,0.053,0.02,,1,Index Scan,Index Scan using T_i1a_record_validity,12,12,12,12,,14,0,0,,0,0,17,False,"{""jit"": ""off"", ""max_parallel_workers_per_gather"": ""0""}",measure,T_i1a_record_validity,,,0
I-1,default,2,Q07,json,11,0.058,0.023,,1,Index Scan,Index Scan using T_i1a_record_validity,12,12,12,12,,14,0,0,,0,0,17,False,"{""jit"": ""off"", ""max_parallel_workers_per_gather"": ""0""}",measure,T_i1a_record_validity,,,0
I-1,default,2,Q07,jsonb,11,0.054,0.021,,1,Index Scan,Index Scan using T_i1a_record_validity,12,12,12,12,,14,0,0,,0,0,17,False,"{""jit"": ""off"", ""max_parallel_workers_per_gather"": ""0""}",measure,T_i1a_record_validity,,,0
I-1,default,2,Q07,jsonb,12,0.053,0.02,,1,Index Scan,Index Scan using T_i1a_record_validity,12,12,12,12,,14,0,0,,0,0,17,False,"{""jit"": ""off"", ""max_parallel_workers_per_gather"": ""0""}",measure,T_i1a_record_validity,,,0
I-1,default,2,Q07,json,12,0.056,0.016,,1,Index Scan,Index Scan using T_i1a_record_validity,12,12,12,12,,14,0,0,,0,0,17,False,"{""jit"": ""off"", ""max_parallel_workers_per_gather"": ""0""}",measure,T_i1a_record_validity,,,0
I-1,default,2,Q07,json,13,0.042,0.016,,1,Index Scan,Index Scan using T_i1a_record_validity,12,12,12,12,,14,0,0,,0,0,17,False,"{""jit"": ""off"", ""max_parallel_workers_per_gather"": ""0""}",measure,T_i1a_record_validity,,,0
I-1,default,2,Q07,jsonb,13,0.041,0.015,,1,Index Scan,Index Scan using T_i1a_record_validity,12,12,12,12,,14,0,0,,0,0,17,False,"{""jit"": ""off"", ""max_parallel_workers_per_gather"": ""0""}",measure,T_i1a_record_validity,,,0
I-1,default,2,Q07,jsonb,14,0.04,0.015,,1,Index Scan,Index Scan using T_i1a_record_validity,12,12,12,12,,14,0,0,,0,0,17,False,"{""jit"": ""off"", ""max_parallel_workers_per_gather"": ""0""}",measure,T_i1a_record_validity,,,0
I-1,default,2,Q07,json,14,0.041,0.015,,1,Index Scan,Index Scan using T_i1a_record_validity,12,12,12,12,,14,0,0,,0,0,17,False,"{""jit"": ""off"", ""max_parallel_workers_per_gather"": ""0""}",measure,T_i1a_record_validity,,,0
I-1,default,2,Q07,json,15,0.041,0.015,,1,Index Scan,Index Scan using T_i1a_record_validity,12,12,12,12,,14,0,0,,0,0,17,False,"{""jit"": ""off"", ""max_parallel_workers_per_gather"": ""0""}",measure,T_i1a_record_validity,,,0
I-1,default,2,Q07,jsonb,15,0.04,0.015,,1,Index Scan,Index Scan using T_i1a_record_validity,12,12,12,12,,14,0,0,,0,0,17,False,"{""jit"": ""off"", ""max_parallel_workers_per_gather"": ""0""}",measure,T_i1a_record_validity,,,0
I-1,default,2,Q07,json,1,0.041,0.016,0.001,1,Index Scan,Index Scan using T_i1a_record_validity,12,12,12,12,,14,0,0,,0,0,17,False,"{""jit"": ""off"", ""max_parallel_workers_per_gather"": ""0""}",detail,T_i1a_record_validity,,,0
I-1,default,2,Q07,jsonb,1,0.04,0.015,0.002,1,Index Scan,Index Scan using T_i1a_record_validity,12,12,12,12,,14,0,0,,0,0,17,False,"{""jit"": ""off"", ""max_parallel_workers_per_gather"": ""0""}",detail,T_i1a_record_validity,,,0
I-1,default,2,Q08,json,1,0.065,0.692,,3,Bitmap Heap Scan,Bitmap Heap Scan on T [Bitmap Index Scan using T_i1b_entity_type_code],225,225,225,225,,207,0,0,,0,3,18,False,"{""jit"": ""off"", ""max_parallel_workers_per_gather"": ""0""}",warmup,T_i1b_entity_type_code,205,0,0
I-1,default,2,Q08,jsonb,1,0.053,0.655,,3,Bitmap Heap Scan,Bitmap Heap Scan on T [Bitmap Index Scan using T_i1b_entity_type_code],225,225,225,225,,200,0,0,,0,3,18,False,"{""jit"": ""off"", ""max_parallel_workers_per_gather"": ""0""}",warmup,T_i1b_entity_type_code,198,0,0
I-1,default,2,Q08,json,2,0.044,0.127,,3,Bitmap Heap Scan,Bitmap Heap Scan on T [Bitmap Index Scan using T_i1b_entity_type_code],225,225,225,225,,207,0,0,,0,0,18,False,"{""jit"": ""off"", ""max_parallel_workers_per_gather"": ""0""}",warmup,T_i1b_entity_type_code,205,0,0
I-1,default,2,Q08,jsonb,2,0.043,0.13,,3,Bitmap Heap Scan,Bitmap Heap Scan on T [Bitmap Index Scan using T_i1b_entity_type_code],225,225,225,225,,200,0,0,,0,0,18,False,"{""jit"": ""off"", ""max_parallel_workers_per_gather"": ""0""}",warmup,T_i1b_entity_type_code,198,0,0
I-1,default,2,Q08,json,3,0.044,0.111,,3,Bitmap Heap Scan,Bitmap Heap Scan on T [Bitmap Index Scan using T_i1b_entity_type_code],225,225,225,225,,207,0,0,,0,0,18,False,"{""jit"": ""off"", ""max_parallel_workers_per_gather"": ""0""}",warmup,T_i1b_entity_type_code,205,0,0
I-1,default,2,Q08,jsonb,3,0.043,0.11,,3,Bitmap Heap Scan,Bitmap Heap Scan on T [Bitmap Index Scan using T_i1b_entity_type_code],225,225,225,225,,200,0,0,,0,0,18,False,"{""jit"": ""off"", ""max_parallel_workers_per_gather"": ""0""}",warmup,T_i1b_entity_type_code,198,0,0
I-1,default,2,Q08,json,1,0.043,0.111,,3,Bitmap Heap Scan,Bitmap Heap Scan on T [Bitmap Index Scan using T_i1b_entity_type_code],225,225,225,225,,207,0,0,,0,0,18,False,"{""jit"": ""off"", ""max_parallel_workers_per_gather"": ""0""}",measure,T_i1b_entity_type_code,205,0,0
I-1,default,2,Q08,jsonb,1,0.043,0.11,,3,Bitmap Heap Scan,Bitmap Heap Scan on T [Bitmap Index Scan using T_i1b_entity_type_code],225,225,225,225,,200,0,0,,0,0,18,False,"{""jit"": ""off"", ""max_parallel_workers_per_gather"": ""0""}",measure,T_i1b_entity_type_code,198,0,0
I-1,default,2,Q08,jsonb,2,0.044,0.11,,3,Bitmap Heap Scan,Bitmap Heap Scan on T [Bitmap Index Scan using T_i1b_entity_type_code],225,225,225,225,,200,0,0,,0,0,18,False,"{""jit"": ""off"", ""max_parallel_workers_per_gather"": ""0""}",measure,T_i1b_entity_type_code,198,0,0
I-1,default,2,Q08,json,2,0.044,0.111,,3,Bitmap Heap Scan,Bitmap Heap Scan on T [Bitmap Index Scan using T_i1b_entity_type_code],225,225,225,225,,207,0,0,,0,0,18,False,"{""jit"": ""off"", ""max_parallel_workers_per_gather"": ""0""}",measure,T_i1b_entity_type_code,205,0,0
I-1,default,2,Q08,json,3,0.044,0.11,,3,Bitmap Heap Scan,Bitmap Heap Scan on T [Bitmap Index Scan using T_i1b_entity_type_code],225,225,225,225,,207,0,0,,0,0,18,False,"{""jit"": ""off"", ""max_parallel_workers_per_gather"": ""0""}",measure,T_i1b_entity_type_code,205,0,0
I-1,default,2,Q08,jsonb,3,0.043,0.11,,3,Bitmap Heap Scan,Bitmap Heap Scan on T [Bitmap Index Scan using T_i1b_entity_type_code],225,225,225,225,,200,0,0,,0,0,18,False,"{""jit"": ""off"", ""max_parallel_workers_per_gather"": ""0""}",measure,T_i1b_entity_type_code,198,0,0
I-1,default,2,Q08,jsonb,4,0.044,0.11,,3,Bitmap Heap Scan,Bitmap Heap Scan on T [Bitmap Index Scan using T_i1b_entity_type_code],225,225,225,225,,200,0,0,,0,0,18,False,"{""jit"": ""off"", ""max_parallel_workers_per_gather"": ""0""}",measure,T_i1b_entity_type_code,198,0,0
I-1,default,2,Q08,json,4,0.044,0.11,,3,Bitmap Heap Scan,Bitmap Heap Scan on T [Bitmap Index Scan using T_i1b_entity_type_code],225,225,225,225,,207,0,0,,0,0,18,False,"{""jit"": ""off"", ""max_parallel_workers_per_gather"": ""0""}",measure,T_i1b_entity_type_code,205,0,0
I-1,default,2,Q08,json,5,0.043,0.11,,3,Bitmap Heap Scan,Bitmap Heap Scan on T [Bitmap Index Scan using T_i1b_entity_type_code],225,225,225,225,,207,0,0,,0,0,18,False,"{""jit"": ""off"", ""max_parallel_workers_per_gather"": ""0""}",measure,T_i1b_entity_type_code,205,0,0
I-1,default,2,Q08,jsonb,5,0.043,0.11,,3,Bitmap Heap Scan,Bitmap Heap Scan on T [Bitmap Index Scan using T_i1b_entity_type_code],225,225,225,225,,200,0,0,,0,0,18,False,"{""jit"": ""off"", ""max_parallel_workers_per_gather"": ""0""}",measure,T_i1b_entity_type_code,198,0,0
I-1,default,2,Q08,jsonb,6,0.043,0.117,,3,Bitmap Heap Scan,Bitmap Heap Scan on T [Bitmap Index Scan using T_i1b_entity_type_code],225,225,225,225,,200,0,0,,0,0,18,False,"{""jit"": ""off"", ""max_parallel_workers_per_gather"": ""0""}",measure,T_i1b_entity_type_code,198,0,0
I-1,default,2,Q08,json,6,0.043,0.11,,3,Bitmap Heap Scan,Bitmap Heap Scan on T [Bitmap Index Scan using T_i1b_entity_type_code],225,225,225,225,,207,0,0,,0,0,18,False,"{""jit"": ""off"", ""max_parallel_workers_per_gather"": ""0""}",measure,T_i1b_entity_type_code,205,0,0
I-1,default,2,Q08,json,7,0.043,0.11,,3,Bitmap Heap Scan,Bitmap Heap Scan on T [Bitmap Index Scan using T_i1b_entity_type_code],225,225,225,225,,207,0,0,,0,0,18,False,"{""jit"": ""off"", ""max_parallel_workers_per_gather"": ""0""}",measure,T_i1b_entity_type_code,205,0,0
I-1,default,2,Q08,jsonb,7,0.043,0.11,,3,Bitmap Heap Scan,Bitmap Heap Scan on T [Bitmap Index Scan using T_i1b_entity_type_code],225,225,225,225,,200,0,0,,0,0,18,False,"{""jit"": ""off"", ""max_parallel_workers_per_gather"": ""0""}",measure,T_i1b_entity_type_code,198,0,0
I-1,default,2,Q08,jsonb,8,0.043,0.11,,3,Bitmap Heap Scan,Bitmap Heap Scan on T [Bitmap Index Scan using T_i1b_entity_type_code],225,225,225,225,,200,0,0,,0,0,18,False,"{""jit"": ""off"", ""max_parallel_workers_per_gather"": ""0""}",measure,T_i1b_entity_type_code,198,0,0
I-1,default,2,Q08,json,8,0.043,0.111,,3,Bitmap Heap Scan,Bitmap Heap Scan on T [Bitmap Index Scan using T_i1b_entity_type_code],225,225,225,225,,207,0,0,,0,0,18,False,"{""jit"": ""off"", ""max_parallel_workers_per_gather"": ""0""}",measure,T_i1b_entity_type_code,205,0,0
I-1,default,2,Q08,json,9,0.043,0.11,,3,Bitmap Heap Scan,Bitmap Heap Scan on T [Bitmap Index Scan using T_i1b_entity_type_code],225,225,225,225,,207,0,0,,0,0,18,False,"{""jit"": ""off"", ""max_parallel_workers_per_gather"": ""0""}",measure,T_i1b_entity_type_code,205,0,0
I-1,default,2,Q08,jsonb,9,0.043,0.11,,3,Bitmap Heap Scan,Bitmap Heap Scan on T [Bitmap Index Scan using T_i1b_entity_type_code],225,225,225,225,,200,0,0,,0,0,18,False,"{""jit"": ""off"", ""max_parallel_workers_per_gather"": ""0""}",measure,T_i1b_entity_type_code,198,0,0
I-1,default,2,Q08,jsonb,10,0.043,0.109,,3,Bitmap Heap Scan,Bitmap Heap Scan on T [Bitmap Index Scan using T_i1b_entity_type_code],225,225,225,225,,200,0,0,,0,0,18,False,"{""jit"": ""off"", ""max_parallel_workers_per_gather"": ""0""}",measure,T_i1b_entity_type_code,198,0,0
I-1,default,2,Q08,json,10,0.043,0.11,,3,Bitmap Heap Scan,Bitmap Heap Scan on T [Bitmap Index Scan using T_i1b_entity_type_code],225,225,225,225,,207,0,0,,0,0,18,False,"{""jit"": ""off"", ""max_parallel_workers_per_gather"": ""0""}",measure,T_i1b_entity_type_code,205,0,0
I-1,default,2,Q08,json,11,0.044,0.11,,3,Bitmap Heap Scan,Bitmap Heap Scan on T [Bitmap Index Scan using T_i1b_entity_type_code],225,225,225,225,,207,0,0,,0,0,18,False,"{""jit"": ""off"", ""max_parallel_workers_per_gather"": ""0""}",measure,T_i1b_entity_type_code,205,0,0
I-1,default,2,Q08,jsonb,11,0.043,0.118,,3,Bitmap Heap Scan,Bitmap Heap Scan on T [Bitmap Index Scan using T_i1b_entity_type_code],225,225,225,225,,200,0,0,,0,0,18,False,"{""jit"": ""off"", ""max_parallel_workers_per_gather"": ""0""}",measure,T_i1b_entity_type_code,198,0,0
I-1,default,2,Q08,jsonb,12,0.043,0.11,,3,Bitmap Heap Scan,Bitmap Heap Scan on T [Bitmap Index Scan using T_i1b_entity_type_code],225,225,225,225,,200,0,0,,0,0,18,False,"{""jit"": ""off"", ""max_parallel_workers_per_gather"": ""0""}",measure,T_i1b_entity_type_code,198,0,0
I-1,default,2,Q08,json,12,0.043,0.11,,3,Bitmap Heap Scan,Bitmap Heap Scan on T [Bitmap Index Scan using T_i1b_entity_type_code],225,225,225,225,,207,0,0,,0,0,18,False,"{""jit"": ""off"", ""max_parallel_workers_per_gather"": ""0""}",measure,T_i1b_entity_type_code,205,0,0
I-1,default,2,Q08,json,13,0.043,0.11,,3,Bitmap Heap Scan,Bitmap Heap Scan on T [Bitmap Index Scan using T_i1b_entity_type_code],225,225,225,225,,207,0,0,,0,0,18,False,"{""jit"": ""off"", ""max_parallel_workers_per_gather"": ""0""}",measure,T_i1b_entity_type_code,205,0,0
I-1,default,2,Q08,jsonb,13,0.097,0.193,,3,Bitmap Heap Scan,Bitmap Heap Scan on T [Bitmap Index Scan using T_i1b_entity_type_code],225,225,225,225,,200,0,0,,0,0,18,False,"{""jit"": ""off"", ""max_parallel_workers_per_gather"": ""0""}",measure,T_i1b_entity_type_code,198,0,0
I-1,default,2,Q08,jsonb,14,0.051,0.111,,3,Bitmap Heap Scan,Bitmap Heap Scan on T [Bitmap Index Scan using T_i1b_entity_type_code],225,225,225,225,,200,0,0,,0,0,18,False,"{""jit"": ""off"", ""max_parallel_workers_per_gather"": ""0""}",measure,T_i1b_entity_type_code,198,0,0
I-1,default,2,Q08,json,14,0.043,0.111,,3,Bitmap Heap Scan,Bitmap Heap Scan on T [Bitmap Index Scan using T_i1b_entity_type_code],225,225,225,225,,207,0,0,,0,0,18,False,"{""jit"": ""off"", ""max_parallel_workers_per_gather"": ""0""}",measure,T_i1b_entity_type_code,205,0,0
I-1,default,2,Q08,json,15,0.043,0.111,,3,Bitmap Heap Scan,Bitmap Heap Scan on T [Bitmap Index Scan using T_i1b_entity_type_code],225,225,225,225,,207,0,0,,0,0,18,False,"{""jit"": ""off"", ""max_parallel_workers_per_gather"": ""0""}",measure,T_i1b_entity_type_code,205,0,0
I-1,default,2,Q08,jsonb,15,0.043,0.11,,3,Bitmap Heap Scan,Bitmap Heap Scan on T [Bitmap Index Scan using T_i1b_entity_type_code],225,225,225,225,,200,0,0,,0,0,18,False,"{""jit"": ""off"", ""max_parallel_workers_per_gather"": ""0""}",measure,T_i1b_entity_type_code,198,0,0
I-1,default,2,Q08,json,1,0.043,0.12,0.013,3,Bitmap Heap Scan,Bitmap Heap Scan on T [Bitmap Index Scan using T_i1b_entity_type_code],225,225,225,225,,207,0,0,,0,0,18,False,"{""jit"": ""off"", ""max_parallel_workers_per_gather"": ""0""}",detail,T_i1b_entity_type_code,205,0,0
I-1,default,2,Q08,jsonb,1,0.043,0.126,0.02,3,Bitmap Heap Scan,Bitmap Heap Scan on T [Bitmap Index Scan using T_i1b_entity_type_code],225,225,225,225,,200,0,0,,0,0,18,False,"{""jit"": ""off"", ""max_parallel_workers_per_gather"": ""0""}",detail,T_i1b_entity_type_code,198,0,0
I-1,default,2,Q10,json,1,0.077,0.097,,1,Bitmap Heap Scan,Bitmap Heap Scan on T [Bitmap Index Scan using T_i1c_status_code],30,30,30,30,,32,0,0,,0,14,19,False,"{""jit"": ""off"", ""max_parallel_workers_per_gather"": ""0""}",warmup,T_i1c_status_code,30,0,0
I-1,default,2,Q10,jsonb,1,0.053,0.102,,1,Bitmap Heap Scan,Bitmap Heap Scan on T [Bitmap Index Scan using T_i1c_status_code],30,30,30,30,,32,0,0,,0,3,19,False,"{""jit"": ""off"", ""max_parallel_workers_per_gather"": ""0""}",warmup,T_i1c_status_code,30,0,0
I-1,default,2,Q10,json,2,0.044,0.032,,1,Bitmap Heap Scan,Bitmap Heap Scan on T [Bitmap Index Scan using T_i1c_status_code],30,30,30,30,,32,0,0,,0,0,19,False,"{""jit"": ""off"", ""max_parallel_workers_per_gather"": ""0""}",warmup,T_i1c_status_code,30,0,0
I-1,default,2,Q10,jsonb,2,0.043,0.032,,1,Bitmap Heap Scan,Bitmap Heap Scan on T [Bitmap Index Scan using T_i1c_status_code],30,30,30,30,,32,0,0,,0,0,19,False,"{""jit"": ""off"", ""max_parallel_workers_per_gather"": ""0""}",warmup,T_i1c_status_code,30,0,0
I-1,default,2,Q10,json,3,0.044,0.031,,1,Bitmap Heap Scan,Bitmap Heap Scan on T [Bitmap Index Scan using T_i1c_status_code],30,30,30,30,,32,0,0,,0,0,19,False,"{""jit"": ""off"", ""max_parallel_workers_per_gather"": ""0""}",warmup,T_i1c_status_code,30,0,0
I-1,default,2,Q10,jsonb,3,0.05,0.032,,1,Bitmap Heap Scan,Bitmap Heap Scan on T [Bitmap Index Scan using T_i1c_status_code],30,30,30,30,,32,0,0,,0,0,19,False,"{""jit"": ""off"", ""max_parallel_workers_per_gather"": ""0""}",warmup,T_i1c_status_code,30,0,0
I-1,default,2,Q10,json,1,0.043,0.031,,1,Bitmap Heap Scan,Bitmap Heap Scan on T [Bitmap Index Scan using T_i1c_status_code],30,30,30,30,,32,0,0,,0,0,19,False,"{""jit"": ""off"", ""max_parallel_workers_per_gather"": ""0""}",measure,T_i1c_status_code,30,0,0
I-1,default,2,Q10,jsonb,1,0.043,0.031,,1,Bitmap Heap Scan,Bitmap Heap Scan on T [Bitmap Index Scan using T_i1c_status_code],30,30,30,30,,32,0,0,,0,0,19,False,"{""jit"": ""off"", ""max_parallel_workers_per_gather"": ""0""}",measure,T_i1c_status_code,30,0,0
I-1,default,2,Q10,jsonb,2,0.043,0.031,,1,Bitmap Heap Scan,Bitmap Heap Scan on T [Bitmap Index Scan using T_i1c_status_code],30,30,30,30,,32,0,0,,0,0,19,False,"{""jit"": ""off"", ""max_parallel_workers_per_gather"": ""0""}",measure,T_i1c_status_code,30,0,0
I-1,default,2,Q10,json,2,0.043,0.03,,1,Bitmap Heap Scan,Bitmap Heap Scan on T [Bitmap Index Scan using T_i1c_status_code],30,30,30,30,,32,0,0,,0,0,19,False,"{""jit"": ""off"", ""max_parallel_workers_per_gather"": ""0""}",measure,T_i1c_status_code,30,0,0
I-1,default,2,Q10,json,3,0.047,0.034,,1,Bitmap Heap Scan,Bitmap Heap Scan on T [Bitmap Index Scan using T_i1c_status_code],30,30,30,30,,32,0,0,,0,0,19,False,"{""jit"": ""off"", ""max_parallel_workers_per_gather"": ""0""}",measure,T_i1c_status_code,30,0,0
I-1,default,2,Q10,jsonb,3,0.043,0.032,,1,Bitmap Heap Scan,Bitmap Heap Scan on T [Bitmap Index Scan using T_i1c_status_code],30,30,30,30,,32,0,0,,0,0,19,False,"{""jit"": ""off"", ""max_parallel_workers_per_gather"": ""0""}",measure,T_i1c_status_code,30,0,0
I-1,default,2,Q10,jsonb,4,0.043,0.031,,1,Bitmap Heap Scan,Bitmap Heap Scan on T [Bitmap Index Scan using T_i1c_status_code],30,30,30,30,,32,0,0,,0,0,19,False,"{""jit"": ""off"", ""max_parallel_workers_per_gather"": ""0""}",measure,T_i1c_status_code,30,0,0
I-1,default,2,Q10,json,4,0.043,0.03,,1,Bitmap Heap Scan,Bitmap Heap Scan on T [Bitmap Index Scan using T_i1c_status_code],30,30,30,30,,32,0,0,,0,0,19,False,"{""jit"": ""off"", ""max_parallel_workers_per_gather"": ""0""}",measure,T_i1c_status_code,30,0,0
I-1,default,2,Q10,json,5,0.043,0.03,,1,Bitmap Heap Scan,Bitmap Heap Scan on T [Bitmap Index Scan using T_i1c_status_code],30,30,30,30,,32,0,0,,0,0,19,False,"{""jit"": ""off"", ""max_parallel_workers_per_gather"": ""0""}",measure,T_i1c_status_code,30,0,0
I-1,default,2,Q10,jsonb,5,0.042,0.031,,1,Bitmap Heap Scan,Bitmap Heap Scan on T [Bitmap Index Scan using T_i1c_status_code],30,30,30,30,,32,0,0,,0,0,19,False,"{""jit"": ""off"", ""max_parallel_workers_per_gather"": ""0""}",measure,T_i1c_status_code,30,0,0
I-1,default,2,Q10,jsonb,6,0.042,0.031,,1,Bitmap Heap Scan,Bitmap Heap Scan on T [Bitmap Index Scan using T_i1c_status_code],30,30,30,30,,32,0,0,,0,0,19,False,"{""jit"": ""off"", ""max_parallel_workers_per_gather"": ""0""}",measure,T_i1c_status_code,30,0,0
I-1,default,2,Q10,json,6,0.042,0.03,,1,Bitmap Heap Scan,Bitmap Heap Scan on T [Bitmap Index Scan using T_i1c_status_code],30,30,30,30,,32,0,0,,0,0,19,False,"{""jit"": ""off"", ""max_parallel_workers_per_gather"": ""0""}",measure,T_i1c_status_code,30,0,0
I-1,default,2,Q10,json,7,0.043,0.03,,1,Bitmap Heap Scan,Bitmap Heap Scan on T [Bitmap Index Scan using T_i1c_status_code],30,30,30,30,,32,0,0,,0,0,19,False,"{""jit"": ""off"", ""max_parallel_workers_per_gather"": ""0""}",measure,T_i1c_status_code,30,0,0
I-1,default,2,Q10,jsonb,7,0.042,0.03,,1,Bitmap Heap Scan,Bitmap Heap Scan on T [Bitmap Index Scan using T_i1c_status_code],30,30,30,30,,32,0,0,,0,0,19,False,"{""jit"": ""off"", ""max_parallel_workers_per_gather"": ""0""}",measure,T_i1c_status_code,30,0,0
I-1,default,2,Q10,jsonb,8,0.043,0.03,,1,Bitmap Heap Scan,Bitmap Heap Scan on T [Bitmap Index Scan using T_i1c_status_code],30,30,30,30,,32,0,0,,0,0,19,False,"{""jit"": ""off"", ""max_parallel_workers_per_gather"": ""0""}",measure,T_i1c_status_code,30,0,0
I-1,default,2,Q10,json,8,0.043,0.03,,1,Bitmap Heap Scan,Bitmap Heap Scan on T [Bitmap Index Scan using T_i1c_status_code],30,30,30,30,,32,0,0,,0,0,19,False,"{""jit"": ""off"", ""max_parallel_workers_per_gather"": ""0""}",measure,T_i1c_status_code,30,0,0
I-1,default,2,Q10,json,9,0.043,0.03,,1,Bitmap Heap Scan,Bitmap Heap Scan on T [Bitmap Index Scan using T_i1c_status_code],30,30,30,30,,32,0,0,,0,0,19,False,"{""jit"": ""off"", ""max_parallel_workers_per_gather"": ""0""}",measure,T_i1c_status_code,30,0,0
I-1,default,2,Q10,jsonb,9,0.043,0.031,,1,Bitmap Heap Scan,Bitmap Heap Scan on T [Bitmap Index Scan using T_i1c_status_code],30,30,30,30,,32,0,0,,0,0,19,False,"{""jit"": ""off"", ""max_parallel_workers_per_gather"": ""0""}",measure,T_i1c_status_code,30,0,0
I-1,default,2,Q10,jsonb,10,0.047,0.034,,1,Bitmap Heap Scan,Bitmap Heap Scan on T [Bitmap Index Scan using T_i1c_status_code],30,30,30,30,,32,0,0,,0,0,19,False,"{""jit"": ""off"", ""max_parallel_workers_per_gather"": ""0""}",measure,T_i1c_status_code,30,0,0
I-1,default,2,Q10,json,10,0.044,0.031,,1,Bitmap Heap Scan,Bitmap Heap Scan on T [Bitmap Index Scan using T_i1c_status_code],30,30,30,30,,32,0,0,,0,0,19,False,"{""jit"": ""off"", ""max_parallel_workers_per_gather"": ""0""}",measure,T_i1c_status_code,30,0,0
I-1,default,2,Q10,json,11,0.055,0.031,,1,Bitmap Heap Scan,Bitmap Heap Scan on T [Bitmap Index Scan using T_i1c_status_code],30,30,30,30,,32,0,0,,0,0,19,False,"{""jit"": ""off"", ""max_parallel_workers_per_gather"": ""0""}",measure,T_i1c_status_code,30,0,0
I-1,default,2,Q10,jsonb,11,0.043,0.032,,1,Bitmap Heap Scan,Bitmap Heap Scan on T [Bitmap Index Scan using T_i1c_status_code],30,30,30,30,,32,0,0,,0,0,19,False,"{""jit"": ""off"", ""max_parallel_workers_per_gather"": ""0""}",measure,T_i1c_status_code,30,0,0
I-1,default,2,Q10,jsonb,12,0.043,0.031,,1,Bitmap Heap Scan,Bitmap Heap Scan on T [Bitmap Index Scan using T_i1c_status_code],30,30,30,30,,32,0,0,,0,0,19,False,"{""jit"": ""off"", ""max_parallel_workers_per_gather"": ""0""}",measure,T_i1c_status_code,30,0,0
I-1,default,2,Q10,json,12,0.043,0.031,,1,Bitmap Heap Scan,Bitmap Heap Scan on T [Bitmap Index Scan using T_i1c_status_code],30,30,30,30,,32,0,0,,0,0,19,False,"{""jit"": ""off"", ""max_parallel_workers_per_gather"": ""0""}",measure,T_i1c_status_code,30,0,0
I-1,default,2,Q10,json,13,0.043,0.031,,1,Bitmap Heap Scan,Bitmap Heap Scan on T [Bitmap Index Scan using T_i1c_status_code],30,30,30,30,,32,0,0,,0,0,19,False,"{""jit"": ""off"", ""max_parallel_workers_per_gather"": ""0""}",measure,T_i1c_status_code,30,0,0
I-1,default,2,Q10,jsonb,13,0.043,0.031,,1,Bitmap Heap Scan,Bitmap Heap Scan on T [Bitmap Index Scan using T_i1c_status_code],30,30,30,30,,32,0,0,,0,0,19,False,"{""jit"": ""off"", ""max_parallel_workers_per_gather"": ""0""}",measure,T_i1c_status_code,30,0,0
I-1,default,2,Q10,jsonb,14,0.043,0.031,,1,Bitmap Heap Scan,Bitmap Heap Scan on T [Bitmap Index Scan using T_i1c_status_code],30,30,30,30,,32,0,0,,0,0,19,False,"{""jit"": ""off"", ""max_parallel_workers_per_gather"": ""0""}",measure,T_i1c_status_code,30,0,0
I-1,default,2,Q10,json,14,0.043,0.03,,1,Bitmap Heap Scan,Bitmap Heap Scan on T [Bitmap Index Scan using T_i1c_status_code],30,30,30,30,,32,0,0,,0,0,19,False,"{""jit"": ""off"", ""max_parallel_workers_per_gather"": ""0""}",measure,T_i1c_status_code,30,0,0
I-1,default,2,Q10,json,15,0.043,0.03,,1,Bitmap Heap Scan,Bitmap Heap Scan on T [Bitmap Index Scan using T_i1c_status_code],30,30,30,30,,32,0,0,,0,0,19,False,"{""jit"": ""off"", ""max_parallel_workers_per_gather"": ""0""}",measure,T_i1c_status_code,30,0,0
I-1,default,2,Q10,jsonb,15,0.042,0.031,,1,Bitmap Heap Scan,Bitmap Heap Scan on T [Bitmap Index Scan using T_i1c_status_code],30,30,30,30,,32,0,0,,0,0,19,False,"{""jit"": ""off"", ""max_parallel_workers_per_gather"": ""0""}",measure,T_i1c_status_code,30,0,0
I-1,default,2,Q10,json,1,0.043,0.032,0.002,1,Bitmap Heap Scan,Bitmap Heap Scan on T [Bitmap Index Scan using T_i1c_status_code],30,30,30,30,,32,0,0,,0,0,19,False,"{""jit"": ""off"", ""max_parallel_workers_per_gather"": ""0""}",detail,T_i1c_status_code,30,0,0
I-1,default,2,Q10,jsonb,1,0.043,0.032,0.002,1,Bitmap Heap Scan,Bitmap Heap Scan on T [Bitmap Index Scan using T_i1c_status_code],30,30,30,30,,32,0,0,,0,0,19,False,"{""jit"": ""off"", ""max_parallel_workers_per_gather"": ""0""}",detail,T_i1c_status_code,30,0,0
I-1,default,2,Q11a,json,1,0.143,0.944,,5,Bitmap Heap Scan,Bitmap Heap Scan on T [Bitmap Index Scan using T_i1d_latitude_degrees],406,422,406,422,,365,0,0,,0,19,21,False,"{""jit"": ""off"", ""max_parallel_workers_per_gather"": ""0""}",warmup,T_i1d_latitude_degrees,362,0,0
I-1,default,2,Q11a,jsonb,1,0.086,1.476,,5,Bitmap Heap Scan,Bitmap Heap Scan on T [Bitmap Index Scan using T_i1d_latitude_degrees],406,422,406,422,,340,0,0,,0,3,21,False,"{""jit"": ""off"", ""max_parallel_workers_per_gather"": ""0""}",warmup,T_i1d_latitude_degrees,337,0,0
I-1,default,2,Q11a,json,2,0.211,0.371,,5,Bitmap Heap Scan,Bitmap Heap Scan on T [Bitmap Index Scan using T_i1d_latitude_degrees],406,422,406,422,,365,0,0,,0,0,21,False,"{""jit"": ""off"", ""max_parallel_workers_per_gather"": ""0""}",warmup,T_i1d_latitude_degrees,362,0,0
I-1,default,2,Q11a,jsonb,2,0.103,0.452,,5,Bitmap Heap Scan,Bitmap Heap Scan on T [Bitmap Index Scan using T_i1d_latitude_degrees],406,422,406,422,,340,0,0,,0,0,21,False,"{""jit"": ""off"", ""max_parallel_workers_per_gather"": ""0""}",warmup,T_i1d_latitude_degrees,337,0,0
I-1,default,2,Q11a,json,3,0.097,0.354,,5,Bitmap Heap Scan,Bitmap Heap Scan on T [Bitmap Index Scan using T_i1d_latitude_degrees],406,422,406,422,,365,0,0,,0,0,21,False,"{""jit"": ""off"", ""max_parallel_workers_per_gather"": ""0""}",warmup,T_i1d_latitude_degrees,362,0,0
I-1,default,2,Q11a,jsonb,3,0.092,0.314,,5,Bitmap Heap Scan,Bitmap Heap Scan on T [Bitmap Index Scan using T_i1d_latitude_degrees],406,422,406,422,,340,0,0,,0,0,21,False,"{""jit"": ""off"", ""max_parallel_workers_per_gather"": ""0""}",warmup,T_i1d_latitude_degrees,337,0,0
I-1,default,2,Q11a,json,1,0.09,0.287,,5,Bitmap Heap Scan,Bitmap Heap Scan on T [Bitmap Index Scan using T_i1d_latitude_degrees],406,422,406,422,,365,0,0,,0,0,21,False,"{""jit"": ""off"", ""max_parallel_workers_per_gather"": ""0""}",measure,T_i1d_latitude_degrees,362,0,0
I-1,default,2,Q11a,jsonb,1,0.088,0.269,,5,Bitmap Heap Scan,Bitmap Heap Scan on T [Bitmap Index Scan using T_i1d_latitude_degrees],406,422,406,422,,340,0,0,,0,0,21,False,"{""jit"": ""off"", ""max_parallel_workers_per_gather"": ""0""}",measure,T_i1d_latitude_degrees,337,0,0
I-1,default,2,Q11a,jsonb,2,0.088,0.282,,5,Bitmap Heap Scan,Bitmap Heap Scan on T [Bitmap Index Scan using T_i1d_latitude_degrees],406,422,406,422,,340,0,0,,0,0,21,False,"{""jit"": ""off"", ""max_parallel_workers_per_gather"": ""0""}",measure,T_i1d_latitude_degrees,337,0,0
I-1,default,2,Q11a,json,2,0.078,0.246,,5,Bitmap Heap Scan,Bitmap Heap Scan on T [Bitmap Index Scan using T_i1d_latitude_degrees],406,422,406,422,,365,0,0,,0,0,21,False,"{""jit"": ""off"", ""max_parallel_workers_per_gather"": ""0""}",measure,T_i1d_latitude_degrees,362,0,0
I-1,default,2,Q11a,json,3,0.078,0.257,,5,Bitmap Heap Scan,Bitmap Heap Scan on T [Bitmap Index Scan using T_i1d_latitude_degrees],406,422,406,422,,365,0,0,,0,0,21,False,"{""jit"": ""off"", ""max_parallel_workers_per_gather"": ""0""}",measure,T_i1d_latitude_degrees,362,0,0
I-1,default,2,Q11a,jsonb,3,0.079,0.251,,5,Bitmap Heap Scan,Bitmap Heap Scan on T [Bitmap Index Scan using T_i1d_latitude_degrees],406,422,406,422,,340,0,0,,0,0,21,False,"{""jit"": ""off"", ""max_parallel_workers_per_gather"": ""0""}",measure,T_i1d_latitude_degrees,337,0,0
I-1,default,2,Q11a,jsonb,4,0.078,0.241,,5,Bitmap Heap Scan,Bitmap Heap Scan on T [Bitmap Index Scan using T_i1d_latitude_degrees],406,422,406,422,,340,0,0,,0,0,21,False,"{""jit"": ""off"", ""max_parallel_workers_per_gather"": ""0""}",measure,T_i1d_latitude_degrees,337,0,0
I-1,default,2,Q11a,json,4,0.079,0.258,,5,Bitmap Heap Scan,Bitmap Heap Scan on T [Bitmap Index Scan using T_i1d_latitude_degrees],406,422,406,422,,365,0,0,,0,0,21,False,"{""jit"": ""off"", ""max_parallel_workers_per_gather"": ""0""}",measure,T_i1d_latitude_degrees,362,0,0
I-1,default,2,Q11a,json,5,0.078,0.256,,5,Bitmap Heap Scan,Bitmap Heap Scan on T [Bitmap Index Scan using T_i1d_latitude_degrees],406,422,406,422,,365,0,0,,0,0,21,False,"{""jit"": ""off"", ""max_parallel_workers_per_gather"": ""0""}",measure,T_i1d_latitude_degrees,362,0,0
I-1,default,2,Q11a,jsonb,5,0.078,0.251,,5,Bitmap Heap Scan,Bitmap Heap Scan on T [Bitmap Index Scan using T_i1d_latitude_degrees],406,422,406,422,,340,0,0,,0,0,21,False,"{""jit"": ""off"", ""max_parallel_workers_per_gather"": ""0""}",measure,T_i1d_latitude_degrees,337,0,0
I-1,default,2,Q11a,jsonb,6,0.079,0.251,,5,Bitmap Heap Scan,Bitmap Heap Scan on T [Bitmap Index Scan using T_i1d_latitude_degrees],406,422,406,422,,340,0,0,,0,0,21,False,"{""jit"": ""off"", ""max_parallel_workers_per_gather"": ""0""}",measure,T_i1d_latitude_degrees,337,0,0
I-1,default,2,Q11a,json,6,0.088,0.222,,5,Bitmap Heap Scan,Bitmap Heap Scan on T [Bitmap Index Scan using T_i1d_latitude_degrees],406,422,406,422,,365,0,0,,0,0,21,False,"{""jit"": ""off"", ""max_parallel_workers_per_gather"": ""0""}",measure,T_i1d_latitude_degrees,362,0,0
I-1,default,2,Q11a,json,7,0.071,0.231,,5,Bitmap Heap Scan,Bitmap Heap Scan on T [Bitmap Index Scan using T_i1d_latitude_degrees],406,422,406,422,,365,0,0,,0,0,21,False,"{""jit"": ""off"", ""max_parallel_workers_per_gather"": ""0""}",measure,T_i1d_latitude_degrees,362,0,0
I-1,default,2,Q11a,jsonb,7,0.071,0.226,,5,Bitmap Heap Scan,Bitmap Heap Scan on T [Bitmap Index Scan using T_i1d_latitude_degrees],406,422,406,422,,340,0,0,,0,0,21,False,"{""jit"": ""off"", ""max_parallel_workers_per_gather"": ""0""}",measure,T_i1d_latitude_degrees,337,0,0
I-1,default,2,Q11a,jsonb,8,0.07,0.217,,5,Bitmap Heap Scan,Bitmap Heap Scan on T [Bitmap Index Scan using T_i1d_latitude_degrees],406,422,406,422,,340,0,0,,0,0,21,False,"{""jit"": ""off"", ""max_parallel_workers_per_gather"": ""0""}",measure,T_i1d_latitude_degrees,337,0,0
I-1,default,2,Q11a,json,8,0.071,0.229,,5,Bitmap Heap Scan,Bitmap Heap Scan on T [Bitmap Index Scan using T_i1d_latitude_degrees],406,422,406,422,,365,0,0,,0,0,21,False,"{""jit"": ""off"", ""max_parallel_workers_per_gather"": ""0""}",measure,T_i1d_latitude_degrees,362,0,0
I-1,default,2,Q11a,json,9,0.071,0.221,,5,Bitmap Heap Scan,Bitmap Heap Scan on T [Bitmap Index Scan using T_i1d_latitude_degrees],406,422,406,422,,365,0,0,,0,0,21,False,"{""jit"": ""off"", ""max_parallel_workers_per_gather"": ""0""}",measure,T_i1d_latitude_degrees,362,0,0
I-1,default,2,Q11a,jsonb,9,0.071,0.217,,5,Bitmap Heap Scan,Bitmap Heap Scan on T [Bitmap Index Scan using T_i1d_latitude_degrees],406,422,406,422,,340,0,0,,0,0,21,False,"{""jit"": ""off"", ""max_parallel_workers_per_gather"": ""0""}",measure,T_i1d_latitude_degrees,337,0,0
I-1,default,2,Q11a,jsonb,10,0.12,0.234,,5,Bitmap Heap Scan,Bitmap Heap Scan on T [Bitmap Index Scan using T_i1d_latitude_degrees],406,422,406,422,,340,0,0,,0,0,21,False,"{""jit"": ""off"", ""max_parallel_workers_per_gather"": ""0""}",measure,T_i1d_latitude_degrees,337,0,0
I-1,default,2,Q11a,json,10,0.071,0.223,,5,Bitmap Heap Scan,Bitmap Heap Scan on T [Bitmap Index Scan using T_i1d_latitude_degrees],406,422,406,422,,365,0,0,,0,0,21,False,"{""jit"": ""off"", ""max_parallel_workers_per_gather"": ""0""}",measure,T_i1d_latitude_degrees,362,0,0
I-1,default,2,Q11a,json,11,0.084,0.216,,5,Bitmap Heap Scan,Bitmap Heap Scan on T [Bitmap Index Scan using T_i1d_latitude_degrees],406,422,406,422,,365,0,0,,0,0,21,False,"{""jit"": ""off"", ""max_parallel_workers_per_gather"": ""0""}",measure,T_i1d_latitude_degrees,362,0,0
I-1,default,2,Q11a,jsonb,11,0.069,0.221,,5,Bitmap Heap Scan,Bitmap Heap Scan on T [Bitmap Index Scan using T_i1d_latitude_degrees],406,422,406,422,,340,0,0,,0,0,21,False,"{""jit"": ""off"", ""max_parallel_workers_per_gather"": ""0""}",measure,T_i1d_latitude_degrees,337,0,0
I-1,default,2,Q11a,jsonb,12,0.069,0.221,,5,Bitmap Heap Scan,Bitmap Heap Scan on T [Bitmap Index Scan using T_i1d_latitude_degrees],406,422,406,422,,340,0,0,,0,0,21,False,"{""jit"": ""off"", ""max_parallel_workers_per_gather"": ""0""}",measure,T_i1d_latitude_degrees,337,0,0
I-1,default,2,Q11a,json,12,0.069,0.228,,5,Bitmap Heap Scan,Bitmap Heap Scan on T [Bitmap Index Scan using T_i1d_latitude_degrees],406,422,406,422,,365,0,0,,0,0,21,False,"{""jit"": ""off"", ""max_parallel_workers_per_gather"": ""0""}",measure,T_i1d_latitude_degrees,362,0,0
I-1,default,2,Q11a,json,13,0.069,0.227,,5,Bitmap Heap Scan,Bitmap Heap Scan on T [Bitmap Index Scan using T_i1d_latitude_degrees],406,422,406,422,,365,0,0,,0,0,21,False,"{""jit"": ""off"", ""max_parallel_workers_per_gather"": ""0""}",measure,T_i1d_latitude_degrees,362,0,0
I-1,default,2,Q11a,jsonb,13,0.068,0.221,,5,Bitmap Heap Scan,Bitmap Heap Scan on T [Bitmap Index Scan using T_i1d_latitude_degrees],406,422,406,422,,340,0,0,,0,0,21,False,"{""jit"": ""off"", ""max_parallel_workers_per_gather"": ""0""}",measure,T_i1d_latitude_degrees,337,0,0
I-1,default,2,Q11a,jsonb,14,0.07,0.22,,5,Bitmap Heap Scan,Bitmap Heap Scan on T [Bitmap Index Scan using T_i1d_latitude_degrees],406,422,406,422,,340,0,0,,0,0,21,False,"{""jit"": ""off"", ""max_parallel_workers_per_gather"": ""0""}",measure,T_i1d_latitude_degrees,337,0,0
I-1,default,2,Q11a,json,14,0.069,0.218,,5,Bitmap Heap Scan,Bitmap Heap Scan on T [Bitmap Index Scan using T_i1d_latitude_degrees],406,422,406,422,,365,0,0,,0,0,21,False,"{""jit"": ""off"", ""max_parallel_workers_per_gather"": ""0""}",measure,T_i1d_latitude_degrees,362,0,0
I-1,default,2,Q11a,json,15,0.069,0.227,,5,Bitmap Heap Scan,Bitmap Heap Scan on T [Bitmap Index Scan using T_i1d_latitude_degrees],406,422,406,422,,365,0,0,,0,0,21,False,"{""jit"": ""off"", ""max_parallel_workers_per_gather"": ""0""}",measure,T_i1d_latitude_degrees,362,0,0
I-1,default,2,Q11a,jsonb,15,0.069,0.222,,5,Bitmap Heap Scan,Bitmap Heap Scan on T [Bitmap Index Scan using T_i1d_latitude_degrees],406,422,406,422,,340,0,0,,0,0,21,False,"{""jit"": ""off"", ""max_parallel_workers_per_gather"": ""0""}",measure,T_i1d_latitude_degrees,337,0,0
I-1,default,2,Q11a,json,1,0.077,0.234,0.026,5,Bitmap Heap Scan,Bitmap Heap Scan on T [Bitmap Index Scan using T_i1d_latitude_degrees],406,422,406,422,,365,0,0,,0,0,21,False,"{""jit"": ""off"", ""max_parallel_workers_per_gather"": ""0""}",detail,T_i1d_latitude_degrees,362,0,0
I-1,default,2,Q11a,jsonb,1,0.069,0.236,0.025,5,Bitmap Heap Scan,Bitmap Heap Scan on T [Bitmap Index Scan using T_i1d_latitude_degrees],406,422,406,422,,340,0,0,,0,0,21,False,"{""jit"": ""off"", ""max_parallel_workers_per_gather"": ""0""}",detail,T_i1d_latitude_degrees,337,0,0
I-1,default,2,Q11b,json,1,0.067,179.838,,30,Seq Scan,Seq Scan on T,3086,3064,3086,3064,1936,1250,0,0,,0,0,19,False,"{""jit"": ""off"", ""max_parallel_workers_per_gather"": ""0""}",warmup,-,,,
I-1,default,2,Q11b,jsonb,1,0.111,24.157,,30,Seq Scan,Seq Scan on T,3086,3064,3086,3064,1936,981,0,0,,0,0,19,False,"{""jit"": ""off"", ""max_parallel_workers_per_gather"": ""0""}",warmup,-,,,
I-1,default,2,Q11b,json,2,0.095,182.885,,30,Seq Scan,Seq Scan on T,3086,3064,3086,3064,1936,1250,0,0,,0,0,19,False,"{""jit"": ""off"", ""max_parallel_workers_per_gather"": ""0""}",warmup,-,,,
I-1,default,2,Q11b,jsonb,2,0.116,22.445,,30,Seq Scan,Seq Scan on T,3086,3064,3086,3064,1936,981,0,0,,0,0,19,False,"{""jit"": ""off"", ""max_parallel_workers_per_gather"": ""0""}",warmup,-,,,
I-1,default,2,Q11b,json,3,0.099,192.35,,30,Seq Scan,Seq Scan on T,3086,3064,3086,3064,1936,1250,0,0,,0,0,19,False,"{""jit"": ""off"", ""max_parallel_workers_per_gather"": ""0""}",warmup,-,,,
I-1,default,2,Q11b,jsonb,3,0.118,21.608,,30,Seq Scan,Seq Scan on T,3086,3064,3086,3064,1936,981,0,0,,0,0,19,False,"{""jit"": ""off"", ""max_parallel_workers_per_gather"": ""0""}",warmup,-,,,
I-1,default,2,Q11b,json,1,0.081,173.243,,30,Seq Scan,Seq Scan on T,3086,3064,3086,3064,1936,1250,0,0,,0,0,19,False,"{""jit"": ""off"", ""max_parallel_workers_per_gather"": ""0""}",measure,-,,,
I-1,default,2,Q11b,jsonb,1,0.113,19.487,,30,Seq Scan,Seq Scan on T,3086,3064,3086,3064,1936,981,0,0,,0,0,19,False,"{""jit"": ""off"", ""max_parallel_workers_per_gather"": ""0""}",measure,-,,,
I-1,default,2,Q11b,jsonb,2,0.073,21.244,,30,Seq Scan,Seq Scan on T,3086,3064,3086,3064,1936,981,0,0,,0,0,19,False,"{""jit"": ""off"", ""max_parallel_workers_per_gather"": ""0""}",measure,-,,,
I-1,default,2,Q11b,json,2,0.102,179.336,,30,Seq Scan,Seq Scan on T,3086,3064,3086,3064,1936,1250,0,0,,0,0,19,False,"{""jit"": ""off"", ""max_parallel_workers_per_gather"": ""0""}",measure,-,,,
I-1,default,2,Q11b,json,3,0.126,175.259,,30,Seq Scan,Seq Scan on T,3086,3064,3086,3064,1936,1250,0,0,,0,0,19,False,"{""jit"": ""off"", ""max_parallel_workers_per_gather"": ""0""}",measure,-,,,
I-1,default,2,Q11b,jsonb,3,0.118,20.17,,30,Seq Scan,Seq Scan on T,3086,3064,3086,3064,1936,981,0,0,,0,0,19,False,"{""jit"": ""off"", ""max_parallel_workers_per_gather"": ""0""}",measure,-,,,
I-1,default,2,Q11b,jsonb,4,0.07,20.664,,30,Seq Scan,Seq Scan on T,3086,3064,3086,3064,1936,981,0,0,,0,0,19,False,"{""jit"": ""off"", ""max_parallel_workers_per_gather"": ""0""}",measure,-,,,
I-1,default,2,Q11b,json,4,0.098,181.455,,30,Seq Scan,Seq Scan on T,3086,3064,3086,3064,1936,1250,0,0,,0,0,19,False,"{""jit"": ""off"", ""max_parallel_workers_per_gather"": ""0""}",measure,-,,,
I-1,default,2,Q11b,json,5,0.174,183.112,,30,Seq Scan,Seq Scan on T,3086,3064,3086,3064,1936,1250,0,0,,0,0,19,False,"{""jit"": ""off"", ""max_parallel_workers_per_gather"": ""0""}",measure,-,,,
I-1,default,2,Q11b,jsonb,5,0.113,20.937,,30,Seq Scan,Seq Scan on T,3086,3064,3086,3064,1936,981,0,0,,0,0,19,False,"{""jit"": ""off"", ""max_parallel_workers_per_gather"": ""0""}",measure,-,,,
I-1,default,2,Q11b,jsonb,6,0.089,19.903,,30,Seq Scan,Seq Scan on T,3086,3064,3086,3064,1936,981,0,0,,0,0,19,False,"{""jit"": ""off"", ""max_parallel_workers_per_gather"": ""0""}",measure,-,,,
I-1,default,2,Q11b,json,6,0.082,175.013,,30,Seq Scan,Seq Scan on T,3086,3064,3086,3064,1936,1250,0,0,,0,0,19,False,"{""jit"": ""off"", ""max_parallel_workers_per_gather"": ""0""}",measure,-,,,
I-1,default,2,Q11b,json,7,0.114,176.986,,30,Seq Scan,Seq Scan on T,3086,3064,3086,3064,1936,1250,0,0,,0,0,19,False,"{""jit"": ""off"", ""max_parallel_workers_per_gather"": ""0""}",measure,-,,,
I-1,default,2,Q11b,jsonb,7,0.111,22.107,,30,Seq Scan,Seq Scan on T,3086,3064,3086,3064,1936,981,0,0,,0,0,19,False,"{""jit"": ""off"", ""max_parallel_workers_per_gather"": ""0""}",measure,-,,,
I-1,default,2,Q11b,jsonb,8,0.088,22.274,,30,Seq Scan,Seq Scan on T,3086,3064,3086,3064,1936,981,0,0,,0,0,19,False,"{""jit"": ""off"", ""max_parallel_workers_per_gather"": ""0""}",measure,-,,,
I-1,default,2,Q11b,json,8,0.111,179.761,,30,Seq Scan,Seq Scan on T,3086,3064,3086,3064,1936,1250,0,0,,0,0,19,False,"{""jit"": ""off"", ""max_parallel_workers_per_gather"": ""0""}",measure,-,,,
I-1,default,2,Q11b,json,9,0.116,185.518,,30,Seq Scan,Seq Scan on T,3086,3064,3086,3064,1936,1250,0,0,,0,0,19,False,"{""jit"": ""off"", ""max_parallel_workers_per_gather"": ""0""}",measure,-,,,
I-1,default,2,Q11b,jsonb,9,0.115,20.258,,30,Seq Scan,Seq Scan on T,3086,3064,3086,3064,1936,981,0,0,,0,0,19,False,"{""jit"": ""off"", ""max_parallel_workers_per_gather"": ""0""}",measure,-,,,
I-1,default,2,Q11b,jsonb,10,0.076,19.929,,30,Seq Scan,Seq Scan on T,3086,3064,3086,3064,1936,981,0,0,,0,0,19,False,"{""jit"": ""off"", ""max_parallel_workers_per_gather"": ""0""}",measure,-,,,
I-1,default,2,Q11b,json,10,0.09,176.525,,30,Seq Scan,Seq Scan on T,3086,3064,3086,3064,1936,1250,0,0,,0,0,19,False,"{""jit"": ""off"", ""max_parallel_workers_per_gather"": ""0""}",measure,-,,,
I-1,default,2,Q11b,json,11,0.108,176.232,,30,Seq Scan,Seq Scan on T,3086,3064,3086,3064,1936,1250,0,0,,0,0,19,False,"{""jit"": ""off"", ""max_parallel_workers_per_gather"": ""0""}",measure,-,,,
I-1,default,2,Q11b,jsonb,11,0.112,19.692,,30,Seq Scan,Seq Scan on T,3086,3064,3086,3064,1936,981,0,0,,0,0,19,False,"{""jit"": ""off"", ""max_parallel_workers_per_gather"": ""0""}",measure,-,,,
I-1,default,2,Q11b,jsonb,12,0.077,19.9,,30,Seq Scan,Seq Scan on T,3086,3064,3086,3064,1936,981,0,0,,0,0,19,False,"{""jit"": ""off"", ""max_parallel_workers_per_gather"": ""0""}",measure,-,,,
I-1,default,2,Q11b,json,12,0.09,174.032,,30,Seq Scan,Seq Scan on T,3086,3064,3086,3064,1936,1250,0,0,,0,0,19,False,"{""jit"": ""off"", ""max_parallel_workers_per_gather"": ""0""}",measure,-,,,
I-1,default,2,Q11b,json,13,0.116,178.398,,30,Seq Scan,Seq Scan on T,3086,3064,3086,3064,1936,1250,0,0,,0,0,19,False,"{""jit"": ""off"", ""max_parallel_workers_per_gather"": ""0""}",measure,-,,,
I-1,default,2,Q11b,jsonb,13,0.122,29.707,,30,Seq Scan,Seq Scan on T,3086,3064,3086,3064,1936,981,0,0,,0,0,19,False,"{""jit"": ""off"", ""max_parallel_workers_per_gather"": ""0""}",measure,-,,,
I-1,default,2,Q11b,jsonb,14,0.108,24.765,,30,Seq Scan,Seq Scan on T,3086,3064,3086,3064,1936,981,0,0,,0,0,19,False,"{""jit"": ""off"", ""max_parallel_workers_per_gather"": ""0""}",measure,-,,,
I-1,default,2,Q11b,json,14,0.166,196.538,,30,Seq Scan,Seq Scan on T,3086,3064,3086,3064,1936,1250,0,0,,0,0,19,False,"{""jit"": ""off"", ""max_parallel_workers_per_gather"": ""0""}",measure,-,,,
I-1,default,2,Q11b,json,15,0.117,190.017,,30,Seq Scan,Seq Scan on T,3086,3064,3086,3064,1936,1250,0,0,,0,0,19,False,"{""jit"": ""off"", ""max_parallel_workers_per_gather"": ""0""}",measure,-,,,
I-1,default,2,Q11b,jsonb,15,0.112,22.589,,30,Seq Scan,Seq Scan on T,3086,3064,3086,3064,1936,981,0,0,,0,0,19,False,"{""jit"": ""off"", ""max_parallel_workers_per_gather"": ""0""}",measure,-,,,
I-1,default,2,Q11b,json,1,0.098,198.038,0.496,30,Seq Scan,Seq Scan on T,3086,3064,3086,3064,1936,1250,0,0,,0,0,19,False,"{""jit"": ""off"", ""max_parallel_workers_per_gather"": ""0""}",detail,-,,,
I-1,default,2,Q11b,jsonb,1,0.114,23.838,0.231,30,Seq Scan,Seq Scan on T,3086,3064,3086,3064,1936,981,0,0,,0,0,19,False,"{""jit"": ""off"", ""max_parallel_workers_per_gather"": ""0""}",detail,-,,,
I-1,default,2,Q12a,json,1,0.12,0.035,,1,Index Scan,Index Scan using T_i1e_event_timestamp_utc,1,13,1,13,,15,0,0,,0,6,20,False,"{""jit"": ""off"", ""max_parallel_workers_per_gather"": ""0""}",warmup,T_i1e_event_timestamp_utc,,,0
I-1,default,2,Q12a,jsonb,1,0.091,0.035,,1,Index Scan,Index Scan using T_i1e_event_timestamp_utc,1,13,1,13,,15,0,0,,0,3,20,False,"{""jit"": ""off"", ""max_parallel_workers_per_gather"": ""0""}",warmup,T_i1e_event_timestamp_utc,,,0
I-1,default,2,Q12a,json,2,0.071,0.021,,1,Index Scan,Index Scan using T_i1e_event_timestamp_utc,1,13,1,13,,15,0,0,,0,0,20,False,"{""jit"": ""off"", ""max_parallel_workers_per_gather"": ""0""}",warmup,T_i1e_event_timestamp_utc,,,0
I-1,default,2,Q12a,jsonb,2,0.07,0.022,,1,Index Scan,Index Scan using T_i1e_event_timestamp_utc,1,13,1,13,,15,0,0,,0,0,20,False,"{""jit"": ""off"", ""max_parallel_workers_per_gather"": ""0""}",warmup,T_i1e_event_timestamp_utc,,,0
I-1,default,2,Q12a,json,3,0.069,0.021,,1,Index Scan,Index Scan using T_i1e_event_timestamp_utc,1,13,1,13,,15,0,0,,0,0,20,False,"{""jit"": ""off"", ""max_parallel_workers_per_gather"": ""0""}",warmup,T_i1e_event_timestamp_utc,,,0
I-1,default,2,Q12a,jsonb,3,0.066,0.021,,1,Index Scan,Index Scan using T_i1e_event_timestamp_utc,1,13,1,13,,15,0,0,,0,0,20,False,"{""jit"": ""off"", ""max_parallel_workers_per_gather"": ""0""}",warmup,T_i1e_event_timestamp_utc,,,0
I-1,default,2,Q12a,json,1,0.063,0.019,,1,Index Scan,Index Scan using T_i1e_event_timestamp_utc,1,13,1,13,,15,0,0,,0,0,20,False,"{""jit"": ""off"", ""max_parallel_workers_per_gather"": ""0""}",measure,T_i1e_event_timestamp_utc,,,0
I-1,default,2,Q12a,jsonb,1,0.061,0.019,,1,Index Scan,Index Scan using T_i1e_event_timestamp_utc,1,13,1,13,,15,0,0,,0,0,20,False,"{""jit"": ""off"", ""max_parallel_workers_per_gather"": ""0""}",measure,T_i1e_event_timestamp_utc,,,0
I-1,default,2,Q12a,jsonb,2,0.061,0.019,,1,Index Scan,Index Scan using T_i1e_event_timestamp_utc,1,13,1,13,,15,0,0,,0,0,20,False,"{""jit"": ""off"", ""max_parallel_workers_per_gather"": ""0""}",measure,T_i1e_event_timestamp_utc,,,0
I-1,default,2,Q12a,json,2,0.061,0.019,,1,Index Scan,Index Scan using T_i1e_event_timestamp_utc,1,13,1,13,,15,0,0,,0,0,20,False,"{""jit"": ""off"", ""max_parallel_workers_per_gather"": ""0""}",measure,T_i1e_event_timestamp_utc,,,0
I-1,default,2,Q12a,json,3,0.06,0.019,,1,Index Scan,Index Scan using T_i1e_event_timestamp_utc,1,13,1,13,,15,0,0,,0,0,20,False,"{""jit"": ""off"", ""max_parallel_workers_per_gather"": ""0""}",measure,T_i1e_event_timestamp_utc,,,0
I-1,default,2,Q12a,jsonb,3,0.06,0.019,,1,Index Scan,Index Scan using T_i1e_event_timestamp_utc,1,13,1,13,,15,0,0,,0,0,20,False,"{""jit"": ""off"", ""max_parallel_workers_per_gather"": ""0""}",measure,T_i1e_event_timestamp_utc,,,0
I-1,default,2,Q12a,jsonb,4,0.06,0.019,,1,Index Scan,Index Scan using T_i1e_event_timestamp_utc,1,13,1,13,,15,0,0,,0,0,20,False,"{""jit"": ""off"", ""max_parallel_workers_per_gather"": ""0""}",measure,T_i1e_event_timestamp_utc,,,0
I-1,default,2,Q12a,json,4,0.06,0.019,,1,Index Scan,Index Scan using T_i1e_event_timestamp_utc,1,13,1,13,,15,0,0,,0,0,20,False,"{""jit"": ""off"", ""max_parallel_workers_per_gather"": ""0""}",measure,T_i1e_event_timestamp_utc,,,0
I-1,default,2,Q12a,json,5,0.07,0.022,,1,Index Scan,Index Scan using T_i1e_event_timestamp_utc,1,13,1,13,,15,0,0,,0,0,20,False,"{""jit"": ""off"", ""max_parallel_workers_per_gather"": ""0""}",measure,T_i1e_event_timestamp_utc,,,0
I-1,default,2,Q12a,jsonb,5,0.06,0.019,,1,Index Scan,Index Scan using T_i1e_event_timestamp_utc,1,13,1,13,,15,0,0,,0,0,20,False,"{""jit"": ""off"", ""max_parallel_workers_per_gather"": ""0""}",measure,T_i1e_event_timestamp_utc,,,0
I-1,default,2,Q12a,jsonb,6,0.06,0.019,,1,Index Scan,Index Scan using T_i1e_event_timestamp_utc,1,13,1,13,,15,0,0,,0,0,20,False,"{""jit"": ""off"", ""max_parallel_workers_per_gather"": ""0""}",measure,T_i1e_event_timestamp_utc,,,0
I-1,default,2,Q12a,json,6,0.073,0.018,,1,Index Scan,Index Scan using T_i1e_event_timestamp_utc,1,13,1,13,,15,0,0,,0,0,20,False,"{""jit"": ""off"", ""max_parallel_workers_per_gather"": ""0""}",measure,T_i1e_event_timestamp_utc,,,0
I-1,default,2,Q12a,json,7,0.058,0.018,,1,Index Scan,Index Scan using T_i1e_event_timestamp_utc,1,13,1,13,,15,0,0,,0,0,20,False,"{""jit"": ""off"", ""max_parallel_workers_per_gather"": ""0""}",measure,T_i1e_event_timestamp_utc,,,0
I-1,default,2,Q12a,jsonb,7,0.058,0.018,,1,Index Scan,Index Scan using T_i1e_event_timestamp_utc,1,13,1,13,,15,0,0,,0,0,20,False,"{""jit"": ""off"", ""max_parallel_workers_per_gather"": ""0""}",measure,T_i1e_event_timestamp_utc,,,0
I-1,default,2,Q12a,jsonb,8,0.057,0.018,,1,Index Scan,Index Scan using T_i1e_event_timestamp_utc,1,13,1,13,,15,0,0,,0,0,20,False,"{""jit"": ""off"", ""max_parallel_workers_per_gather"": ""0""}",measure,T_i1e_event_timestamp_utc,,,0
I-1,default,2,Q12a,json,8,0.06,0.019,,1,Index Scan,Index Scan using T_i1e_event_timestamp_utc,1,13,1,13,,15,0,0,,0,0,20,False,"{""jit"": ""off"", ""max_parallel_workers_per_gather"": ""0""}",measure,T_i1e_event_timestamp_utc,,,0
I-1,default,2,Q12a,json,9,0.059,0.018,,1,Index Scan,Index Scan using T_i1e_event_timestamp_utc,1,13,1,13,,15,0,0,,0,0,20,False,"{""jit"": ""off"", ""max_parallel_workers_per_gather"": ""0""}",measure,T_i1e_event_timestamp_utc,,,0
I-1,default,2,Q12a,jsonb,9,0.059,0.019,,1,Index Scan,Index Scan using T_i1e_event_timestamp_utc,1,13,1,13,,15,0,0,,0,0,20,False,"{""jit"": ""off"", ""max_parallel_workers_per_gather"": ""0""}",measure,T_i1e_event_timestamp_utc,,,0
I-1,default,2,Q12a,jsonb,10,0.059,0.019,,1,Index Scan,Index Scan using T_i1e_event_timestamp_utc,1,13,1,13,,15,0,0,,0,0,20,False,"{""jit"": ""off"", ""max_parallel_workers_per_gather"": ""0""}",measure,T_i1e_event_timestamp_utc,,,0
I-1,default,2,Q12a,json,10,0.059,0.019,,1,Index Scan,Index Scan using T_i1e_event_timestamp_utc,1,13,1,13,,15,0,0,,0,0,20,False,"{""jit"": ""off"", ""max_parallel_workers_per_gather"": ""0""}",measure,T_i1e_event_timestamp_utc,,,0
I-1,default,2,Q12a,json,11,0.06,0.018,,1,Index Scan,Index Scan using T_i1e_event_timestamp_utc,1,13,1,13,,15,0,0,,0,0,20,False,"{""jit"": ""off"", ""max_parallel_workers_per_gather"": ""0""}",measure,T_i1e_event_timestamp_utc,,,0
I-1,default,2,Q12a,jsonb,11,0.059,0.019,,1,Index Scan,Index Scan using T_i1e_event_timestamp_utc,1,13,1,13,,15,0,0,,0,0,20,False,"{""jit"": ""off"", ""max_parallel_workers_per_gather"": ""0""}",measure,T_i1e_event_timestamp_utc,,,0
I-1,default,2,Q12a,jsonb,12,0.059,0.019,,1,Index Scan,Index Scan using T_i1e_event_timestamp_utc,1,13,1,13,,15,0,0,,0,0,20,False,"{""jit"": ""off"", ""max_parallel_workers_per_gather"": ""0""}",measure,T_i1e_event_timestamp_utc,,,0
I-1,default,2,Q12a,json,12,0.058,0.018,,1,Index Scan,Index Scan using T_i1e_event_timestamp_utc,1,13,1,13,,15,0,0,,0,0,20,False,"{""jit"": ""off"", ""max_parallel_workers_per_gather"": ""0""}",measure,T_i1e_event_timestamp_utc,,,0
I-1,default,2,Q12a,json,13,0.058,0.018,,1,Index Scan,Index Scan using T_i1e_event_timestamp_utc,1,13,1,13,,15,0,0,,0,0,20,False,"{""jit"": ""off"", ""max_parallel_workers_per_gather"": ""0""}",measure,T_i1e_event_timestamp_utc,,,0
I-1,default,2,Q12a,jsonb,13,0.058,0.018,,1,Index Scan,Index Scan using T_i1e_event_timestamp_utc,1,13,1,13,,15,0,0,,0,0,20,False,"{""jit"": ""off"", ""max_parallel_workers_per_gather"": ""0""}",measure,T_i1e_event_timestamp_utc,,,0
I-1,default,2,Q12a,jsonb,14,0.058,0.019,,1,Index Scan,Index Scan using T_i1e_event_timestamp_utc,1,13,1,13,,15,0,0,,0,0,20,False,"{""jit"": ""off"", ""max_parallel_workers_per_gather"": ""0""}",measure,T_i1e_event_timestamp_utc,,,0
I-1,default,2,Q12a,json,14,0.058,0.019,,1,Index Scan,Index Scan using T_i1e_event_timestamp_utc,1,13,1,13,,15,0,0,,0,0,20,False,"{""jit"": ""off"", ""max_parallel_workers_per_gather"": ""0""}",measure,T_i1e_event_timestamp_utc,,,0
I-1,default,2,Q12a,json,15,0.057,0.018,,1,Index Scan,Index Scan using T_i1e_event_timestamp_utc,1,13,1,13,,15,0,0,,0,0,20,False,"{""jit"": ""off"", ""max_parallel_workers_per_gather"": ""0""}",measure,T_i1e_event_timestamp_utc,,,0
I-1,default,2,Q12a,jsonb,15,0.056,0.018,,1,Index Scan,Index Scan using T_i1e_event_timestamp_utc,1,13,1,13,,15,0,0,,0,0,20,False,"{""jit"": ""off"", ""max_parallel_workers_per_gather"": ""0""}",measure,T_i1e_event_timestamp_utc,,,0
I-1,default,2,Q12a,json,1,0.056,0.019,0.002,1,Index Scan,Index Scan using T_i1e_event_timestamp_utc,1,13,1,13,,15,0,0,,0,0,20,False,"{""jit"": ""off"", ""max_parallel_workers_per_gather"": ""0""}",detail,T_i1e_event_timestamp_utc,,,0
I-1,default,2,Q12a,jsonb,1,0.113,0.051,0.002,1,Index Scan,Index Scan using T_i1e_event_timestamp_utc,1,13,1,13,,15,0,0,,0,0,20,False,"{""jit"": ""off"", ""max_parallel_workers_per_gather"": ""0""}",detail,T_i1e_event_timestamp_utc,,,0
I-1,default,2,Q12b,json,1,0.12,0.222,,2,Bitmap Heap Scan,Bitmap Heap Scan on T [Bitmap Index Scan using T_i1e_event_timestamp_utc],88,108,88,108,,105,0,0,,0,0,20,False,"{""jit"": ""off"", ""max_parallel_workers_per_gather"": ""0""}",warmup,T_i1e_event_timestamp_utc,102,0,0
I-1,default,2,Q12b,jsonb,1,0.097,0.143,,2,Bitmap Heap Scan,Bitmap Heap Scan on T [Bitmap Index Scan using T_i1e_event_timestamp_utc],88,108,88,108,,105,0,0,,0,0,20,False,"{""jit"": ""off"", ""max_parallel_workers_per_gather"": ""0""}",warmup,T_i1e_event_timestamp_utc,102,0,0
I-1,default,2,Q12b,json,2,0.12,0.151,,2,Bitmap Heap Scan,Bitmap Heap Scan on T [Bitmap Index Scan using T_i1e_event_timestamp_utc],88,108,88,108,,105,0,0,,0,0,20,False,"{""jit"": ""off"", ""max_parallel_workers_per_gather"": ""0""}",warmup,T_i1e_event_timestamp_utc,102,0,0
I-1,default,2,Q12b,jsonb,2,0.095,0.176,,2,Bitmap Heap Scan,Bitmap Heap Scan on T [Bitmap Index Scan using T_i1e_event_timestamp_utc],88,108,88,108,,105,0,0,,0,0,20,False,"{""jit"": ""off"", ""max_parallel_workers_per_gather"": ""0""}",warmup,T_i1e_event_timestamp_utc,102,0,0
I-1,default,2,Q12b,json,3,0.067,0.086,,2,Bitmap Heap Scan,Bitmap Heap Scan on T [Bitmap Index Scan using T_i1e_event_timestamp_utc],88,108,88,108,,105,0,0,,0,0,20,False,"{""jit"": ""off"", ""max_parallel_workers_per_gather"": ""0""}",warmup,T_i1e_event_timestamp_utc,102,0,0
I-1,default,2,Q12b,jsonb,3,0.067,0.092,,2,Bitmap Heap Scan,Bitmap Heap Scan on T [Bitmap Index Scan using T_i1e_event_timestamp_utc],88,108,88,108,,105,0,0,,0,0,20,False,"{""jit"": ""off"", ""max_parallel_workers_per_gather"": ""0""}",warmup,T_i1e_event_timestamp_utc,102,0,0
I-1,default,2,Q12b,json,1,0.065,0.076,,2,Bitmap Heap Scan,Bitmap Heap Scan on T [Bitmap Index Scan using T_i1e_event_timestamp_utc],88,108,88,108,,105,0,0,,0,0,20,False,"{""jit"": ""off"", ""max_parallel_workers_per_gather"": ""0""}",measure,T_i1e_event_timestamp_utc,102,0,0
I-1,default,2,Q12b,jsonb,1,0.065,0.077,,2,Bitmap Heap Scan,Bitmap Heap Scan on T [Bitmap Index Scan using T_i1e_event_timestamp_utc],88,108,88,108,,105,0,0,,0,0,20,False,"{""jit"": ""off"", ""max_parallel_workers_per_gather"": ""0""}",measure,T_i1e_event_timestamp_utc,102,0,0
I-1,default,2,Q12b,jsonb,2,0.065,0.086,,2,Bitmap Heap Scan,Bitmap Heap Scan on T [Bitmap Index Scan using T_i1e_event_timestamp_utc],88,108,88,108,,105,0,0,,0,0,20,False,"{""jit"": ""off"", ""max_parallel_workers_per_gather"": ""0""}",measure,T_i1e_event_timestamp_utc,102,0,0
I-1,default,2,Q12b,json,2,0.065,0.075,,2,Bitmap Heap Scan,Bitmap Heap Scan on T [Bitmap Index Scan using T_i1e_event_timestamp_utc],88,108,88,108,,105,0,0,,0,0,20,False,"{""jit"": ""off"", ""max_parallel_workers_per_gather"": ""0""}",measure,T_i1e_event_timestamp_utc,102,0,0
I-1,default,2,Q12b,json,3,0.064,0.075,,2,Bitmap Heap Scan,Bitmap Heap Scan on T [Bitmap Index Scan using T_i1e_event_timestamp_utc],88,108,88,108,,105,0,0,,0,0,20,False,"{""jit"": ""off"", ""max_parallel_workers_per_gather"": ""0""}",measure,T_i1e_event_timestamp_utc,102,0,0
I-1,default,2,Q12b,jsonb,3,0.064,0.077,,2,Bitmap Heap Scan,Bitmap Heap Scan on T [Bitmap Index Scan using T_i1e_event_timestamp_utc],88,108,88,108,,105,0,0,,0,0,20,False,"{""jit"": ""off"", ""max_parallel_workers_per_gather"": ""0""}",measure,T_i1e_event_timestamp_utc,102,0,0
I-1,default,2,Q12b,jsonb,4,0.073,0.122,,2,Bitmap Heap Scan,Bitmap Heap Scan on T [Bitmap Index Scan using T_i1e_event_timestamp_utc],88,108,88,108,,105,0,0,,0,0,20,False,"{""jit"": ""off"", ""max_parallel_workers_per_gather"": ""0""}",measure,T_i1e_event_timestamp_utc,102,0,0
I-1,default,2,Q12b,json,4,0.115,0.094,,2,Bitmap Heap Scan,Bitmap Heap Scan on T [Bitmap Index Scan using T_i1e_event_timestamp_utc],88,108,88,108,,105,0,0,,0,0,20,False,"{""jit"": ""off"", ""max_parallel_workers_per_gather"": ""0""}",measure,T_i1e_event_timestamp_utc,102,0,0
I-1,default,2,Q12b,json,5,0.061,0.069,,2,Bitmap Heap Scan,Bitmap Heap Scan on T [Bitmap Index Scan using T_i1e_event_timestamp_utc],88,108,88,108,,105,0,0,,0,0,20,False,"{""jit"": ""off"", ""max_parallel_workers_per_gather"": ""0""}",measure,T_i1e_event_timestamp_utc,102,0,0
I-1,default,2,Q12b,jsonb,5,0.06,0.069,,2,Bitmap Heap Scan,Bitmap Heap Scan on T [Bitmap Index Scan using T_i1e_event_timestamp_utc],88,108,88,108,,105,0,0,,0,0,20,False,"{""jit"": ""off"", ""max_parallel_workers_per_gather"": ""0""}",measure,T_i1e_event_timestamp_utc,102,0,0
I-1,default,2,Q12b,jsonb,6,0.058,0.072,,2,Bitmap Heap Scan,Bitmap Heap Scan on T [Bitmap Index Scan using T_i1e_event_timestamp_utc],88,108,88,108,,105,0,0,,0,0,20,False,"{""jit"": ""off"", ""max_parallel_workers_per_gather"": ""0""}",measure,T_i1e_event_timestamp_utc,102,0,0
I-1,default,2,Q12b,json,6,0.058,0.071,,2,Bitmap Heap Scan,Bitmap Heap Scan on T [Bitmap Index Scan using T_i1e_event_timestamp_utc],88,108,88,108,,105,0,0,,0,0,20,False,"{""jit"": ""off"", ""max_parallel_workers_per_gather"": ""0""}",measure,T_i1e_event_timestamp_utc,102,0,0
I-1,default,2,Q12b,json,7,0.058,0.068,,2,Bitmap Heap Scan,Bitmap Heap Scan on T [Bitmap Index Scan using T_i1e_event_timestamp_utc],88,108,88,108,,105,0,0,,0,0,20,False,"{""jit"": ""off"", ""max_parallel_workers_per_gather"": ""0""}",measure,T_i1e_event_timestamp_utc,102,0,0
I-1,default,2,Q12b,jsonb,7,0.058,0.072,,2,Bitmap Heap Scan,Bitmap Heap Scan on T [Bitmap Index Scan using T_i1e_event_timestamp_utc],88,108,88,108,,105,0,0,,0,0,20,False,"{""jit"": ""off"", ""max_parallel_workers_per_gather"": ""0""}",measure,T_i1e_event_timestamp_utc,102,0,0
I-1,default,2,Q12b,jsonb,8,0.058,0.072,,2,Bitmap Heap Scan,Bitmap Heap Scan on T [Bitmap Index Scan using T_i1e_event_timestamp_utc],88,108,88,108,,105,0,0,,0,0,20,False,"{""jit"": ""off"", ""max_parallel_workers_per_gather"": ""0""}",measure,T_i1e_event_timestamp_utc,102,0,0
I-1,default,2,Q12b,json,8,0.058,0.104,,2,Bitmap Heap Scan,Bitmap Heap Scan on T [Bitmap Index Scan using T_i1e_event_timestamp_utc],88,108,88,108,,105,0,0,,0,0,20,False,"{""jit"": ""off"", ""max_parallel_workers_per_gather"": ""0""}",measure,T_i1e_event_timestamp_utc,102,0,0
I-1,default,2,Q12b,json,9,0.058,0.068,,2,Bitmap Heap Scan,Bitmap Heap Scan on T [Bitmap Index Scan using T_i1e_event_timestamp_utc],88,108,88,108,,105,0,0,,0,0,20,False,"{""jit"": ""off"", ""max_parallel_workers_per_gather"": ""0""}",measure,T_i1e_event_timestamp_utc,102,0,0
I-1,default,2,Q12b,jsonb,9,0.058,0.07,,2,Bitmap Heap Scan,Bitmap Heap Scan on T [Bitmap Index Scan using T_i1e_event_timestamp_utc],88,108,88,108,,105,0,0,,0,0,20,False,"{""jit"": ""off"", ""max_parallel_workers_per_gather"": ""0""}",measure,T_i1e_event_timestamp_utc,102,0,0
I-1,default,2,Q12b,jsonb,10,0.065,0.069,,2,Bitmap Heap Scan,Bitmap Heap Scan on T [Bitmap Index Scan using T_i1e_event_timestamp_utc],88,108,88,108,,105,0,0,,0,0,20,False,"{""jit"": ""off"", ""max_parallel_workers_per_gather"": ""0""}",measure,T_i1e_event_timestamp_utc,102,0,0
I-1,default,2,Q12b,json,10,0.059,0.068,,2,Bitmap Heap Scan,Bitmap Heap Scan on T [Bitmap Index Scan using T_i1e_event_timestamp_utc],88,108,88,108,,105,0,0,,0,0,20,False,"{""jit"": ""off"", ""max_parallel_workers_per_gather"": ""0""}",measure,T_i1e_event_timestamp_utc,102,0,0
I-1,default,2,Q12b,json,11,0.058,0.068,,2,Bitmap Heap Scan,Bitmap Heap Scan on T [Bitmap Index Scan using T_i1e_event_timestamp_utc],88,108,88,108,,105,0,0,,0,0,20,False,"{""jit"": ""off"", ""max_parallel_workers_per_gather"": ""0""}",measure,T_i1e_event_timestamp_utc,102,0,0
I-1,default,2,Q12b,jsonb,11,0.071,0.068,,2,Bitmap Heap Scan,Bitmap Heap Scan on T [Bitmap Index Scan using T_i1e_event_timestamp_utc],88,108,88,108,,105,0,0,,0,0,20,False,"{""jit"": ""off"", ""max_parallel_workers_per_gather"": ""0""}",measure,T_i1e_event_timestamp_utc,102,0,0
I-1,default,2,Q12b,jsonb,12,0.058,0.069,,2,Bitmap Heap Scan,Bitmap Heap Scan on T [Bitmap Index Scan using T_i1e_event_timestamp_utc],88,108,88,108,,105,0,0,,0,0,20,False,"{""jit"": ""off"", ""max_parallel_workers_per_gather"": ""0""}",measure,T_i1e_event_timestamp_utc,102,0,0
I-1,default,2,Q12b,json,12,0.058,0.071,,2,Bitmap Heap Scan,Bitmap Heap Scan on T [Bitmap Index Scan using T_i1e_event_timestamp_utc],88,108,88,108,,105,0,0,,0,0,20,False,"{""jit"": ""off"", ""max_parallel_workers_per_gather"": ""0""}",measure,T_i1e_event_timestamp_utc,102,0,0
I-1,default,2,Q12b,json,13,0.058,0.068,,2,Bitmap Heap Scan,Bitmap Heap Scan on T [Bitmap Index Scan using T_i1e_event_timestamp_utc],88,108,88,108,,105,0,0,,0,0,20,False,"{""jit"": ""off"", ""max_parallel_workers_per_gather"": ""0""}",measure,T_i1e_event_timestamp_utc,102,0,0
I-1,default,2,Q12b,jsonb,13,0.058,0.072,,2,Bitmap Heap Scan,Bitmap Heap Scan on T [Bitmap Index Scan using T_i1e_event_timestamp_utc],88,108,88,108,,105,0,0,,0,0,20,False,"{""jit"": ""off"", ""max_parallel_workers_per_gather"": ""0""}",measure,T_i1e_event_timestamp_utc,102,0,0
I-1,default,2,Q12b,jsonb,14,0.088,0.111,,2,Bitmap Heap Scan,Bitmap Heap Scan on T [Bitmap Index Scan using T_i1e_event_timestamp_utc],88,108,88,108,,105,0,0,,0,0,20,False,"{""jit"": ""off"", ""max_parallel_workers_per_gather"": ""0""}",measure,T_i1e_event_timestamp_utc,102,0,0
I-1,default,2,Q12b,json,14,0.141,0.09,,2,Bitmap Heap Scan,Bitmap Heap Scan on T [Bitmap Index Scan using T_i1e_event_timestamp_utc],88,108,88,108,,105,0,0,,0,0,20,False,"{""jit"": ""off"", ""max_parallel_workers_per_gather"": ""0""}",measure,T_i1e_event_timestamp_utc,102,0,0
I-1,default,2,Q12b,json,15,0.059,0.083,,2,Bitmap Heap Scan,Bitmap Heap Scan on T [Bitmap Index Scan using T_i1e_event_timestamp_utc],88,108,88,108,,105,0,0,,0,0,20,False,"{""jit"": ""off"", ""max_parallel_workers_per_gather"": ""0""}",measure,T_i1e_event_timestamp_utc,102,0,0
I-1,default,2,Q12b,jsonb,15,0.071,0.07,,2,Bitmap Heap Scan,Bitmap Heap Scan on T [Bitmap Index Scan using T_i1e_event_timestamp_utc],88,108,88,108,,105,0,0,,0,0,20,False,"{""jit"": ""off"", ""max_parallel_workers_per_gather"": ""0""}",measure,T_i1e_event_timestamp_utc,102,0,0
I-1,default,2,Q12b,json,1,0.071,0.072,0.007,2,Bitmap Heap Scan,Bitmap Heap Scan on T [Bitmap Index Scan using T_i1e_event_timestamp_utc],88,108,88,108,,105,0,0,,0,0,20,False,"{""jit"": ""off"", ""max_parallel_workers_per_gather"": ""0""}",detail,T_i1e_event_timestamp_utc,102,0,0
I-1,default,2,Q12b,jsonb,1,0.181,0.218,0.01,2,Bitmap Heap Scan,Bitmap Heap Scan on T [Bitmap Index Scan using T_i1e_event_timestamp_utc],88,108,88,108,,105,0,0,,0,0,20,False,"{""jit"": ""off"", ""max_parallel_workers_per_gather"": ""0""}",detail,T_i1e_event_timestamp_utc,102,0,0
I-1,default,2,Q12c,json,1,0.088,0.363,,5,Bitmap Heap Scan,Bitmap Heap Scan on T [Bitmap Index Scan using T_i1e_event_timestamp_utc],500,498,500,498,,424,0,0,,0,0,20,False,"{""jit"": ""off"", ""max_parallel_workers_per_gather"": ""0""}",warmup,T_i1e_event_timestamp_utc,419,0,0
I-1,default,2,Q12c,jsonb,1,0.141,0.658,,5,Bitmap Heap Scan,Bitmap Heap Scan on T [Bitmap Index Scan using T_i1e_event_timestamp_utc],500,498,500,498,,408,0,0,,0,0,20,False,"{""jit"": ""off"", ""max_parallel_workers_per_gather"": ""0""}",warmup,T_i1e_event_timestamp_utc,403,0,0
I-1,default,2,Q12c,json,2,0.089,0.613,,5,Bitmap Heap Scan,Bitmap Heap Scan on T [Bitmap Index Scan using T_i1e_event_timestamp_utc],500,498,500,498,,424,0,0,,0,0,20,False,"{""jit"": ""off"", ""max_parallel_workers_per_gather"": ""0""}",warmup,T_i1e_event_timestamp_utc,419,0,0
I-1,default,2,Q12c,jsonb,2,0.09,0.497,,5,Bitmap Heap Scan,Bitmap Heap Scan on T [Bitmap Index Scan using T_i1e_event_timestamp_utc],500,498,500,498,,408,0,0,,0,0,20,False,"{""jit"": ""off"", ""max_parallel_workers_per_gather"": ""0""}",warmup,T_i1e_event_timestamp_utc,403,0,0
I-1,default,2,Q12c,json,3,0.093,0.369,,5,Bitmap Heap Scan,Bitmap Heap Scan on T [Bitmap Index Scan using T_i1e_event_timestamp_utc],500,498,500,498,,424,0,0,,0,0,20,False,"{""jit"": ""off"", ""max_parallel_workers_per_gather"": ""0""}",warmup,T_i1e_event_timestamp_utc,419,0,0
I-1,default,2,Q12c,jsonb,3,0.071,0.295,,5,Bitmap Heap Scan,Bitmap Heap Scan on T [Bitmap Index Scan using T_i1e_event_timestamp_utc],500,498,500,498,,408,0,0,,0,0,20,False,"{""jit"": ""off"", ""max_parallel_workers_per_gather"": ""0""}",warmup,T_i1e_event_timestamp_utc,403,0,0
I-1,default,2,Q12c,json,1,0.072,0.287,,5,Bitmap Heap Scan,Bitmap Heap Scan on T [Bitmap Index Scan using T_i1e_event_timestamp_utc],500,498,500,498,,424,0,0,,0,0,20,False,"{""jit"": ""off"", ""max_parallel_workers_per_gather"": ""0""}",measure,T_i1e_event_timestamp_utc,419,0,0
I-1,default,2,Q12c,jsonb,1,0.071,0.281,,5,Bitmap Heap Scan,Bitmap Heap Scan on T [Bitmap Index Scan using T_i1e_event_timestamp_utc],500,498,500,498,,408,0,0,,0,0,20,False,"{""jit"": ""off"", ""max_parallel_workers_per_gather"": ""0""}",measure,T_i1e_event_timestamp_utc,403,0,0
I-1,default,2,Q12c,jsonb,2,0.071,0.274,,5,Bitmap Heap Scan,Bitmap Heap Scan on T [Bitmap Index Scan using T_i1e_event_timestamp_utc],500,498,500,498,,408,0,0,,0,0,20,False,"{""jit"": ""off"", ""max_parallel_workers_per_gather"": ""0""}",measure,T_i1e_event_timestamp_utc,403,0,0
I-1,default,2,Q12c,json,2,0.114,0.511,,5,Bitmap Heap Scan,Bitmap Heap Scan on T [Bitmap Index Scan using T_i1e_event_timestamp_utc],500,498,500,498,,424,0,0,,0,0,20,False,"{""jit"": ""off"", ""max_parallel_workers_per_gather"": ""0""}",measure,T_i1e_event_timestamp_utc,419,0,0
I-1,default,2,Q12c,json,3,0.072,0.28,,5,Bitmap Heap Scan,Bitmap Heap Scan on T [Bitmap Index Scan using T_i1e_event_timestamp_utc],500,498,500,498,,424,0,0,,0,0,20,False,"{""jit"": ""off"", ""max_parallel_workers_per_gather"": ""0""}",measure,T_i1e_event_timestamp_utc,419,0,0
I-1,default,2,Q12c,jsonb,3,0.071,0.279,,5,Bitmap Heap Scan,Bitmap Heap Scan on T [Bitmap Index Scan using T_i1e_event_timestamp_utc],500,498,500,498,,408,0,0,,0,0,20,False,"{""jit"": ""off"", ""max_parallel_workers_per_gather"": ""0""}",measure,T_i1e_event_timestamp_utc,403,0,0
I-1,default,2,Q12c,jsonb,4,0.095,0.45,,5,Bitmap Heap Scan,Bitmap Heap Scan on T [Bitmap Index Scan using T_i1e_event_timestamp_utc],500,498,500,498,,408,0,0,,0,0,20,False,"{""jit"": ""off"", ""max_parallel_workers_per_gather"": ""0""}",measure,T_i1e_event_timestamp_utc,403,0,0
I-1,default,2,Q12c,json,4,0.062,0.239,,5,Bitmap Heap Scan,Bitmap Heap Scan on T [Bitmap Index Scan using T_i1e_event_timestamp_utc],500,498,500,498,,424,0,0,,0,0,20,False,"{""jit"": ""off"", ""max_parallel_workers_per_gather"": ""0""}",measure,T_i1e_event_timestamp_utc,419,0,0
I-1,default,2,Q12c,json,5,0.06,0.324,,5,Bitmap Heap Scan,Bitmap Heap Scan on T [Bitmap Index Scan using T_i1e_event_timestamp_utc],500,498,500,498,,424,0,0,,0,0,20,False,"{""jit"": ""off"", ""max_parallel_workers_per_gather"": ""0""}",measure,T_i1e_event_timestamp_utc,419,0,0
I-1,default,2,Q12c,jsonb,5,0.141,0.677,,5,Bitmap Heap Scan,Bitmap Heap Scan on T [Bitmap Index Scan using T_i1e_event_timestamp_utc],500,498,500,498,,408,0,0,,0,0,20,False,"{""jit"": ""off"", ""max_parallel_workers_per_gather"": ""0""}",measure,T_i1e_event_timestamp_utc,403,0,0
I-1,default,2,Q12c,jsonb,6,0.113,0.312,,5,Bitmap Heap Scan,Bitmap Heap Scan on T [Bitmap Index Scan using T_i1e_event_timestamp_utc],500,498,500,498,,408,0,0,,0,0,20,False,"{""jit"": ""off"", ""max_parallel_workers_per_gather"": ""0""}",measure,T_i1e_event_timestamp_utc,403,0,0
I-1,default,2,Q12c,json,6,0.087,0.273,,5,Bitmap Heap Scan,Bitmap Heap Scan on T [Bitmap Index Scan using T_i1e_event_timestamp_utc],500,498,500,498,,424,0,0,,0,0,20,False,"{""jit"": ""off"", ""max_parallel_workers_per_gather"": ""0""}",measure,T_i1e_event_timestamp_utc,419,0,0
I-1,default,2,Q12c,json,7,0.091,0.43,,5,Bitmap Heap Scan,Bitmap Heap Scan on T [Bitmap Index Scan using T_i1e_event_timestamp_utc],500,498,500,498,,424,0,0,,0,0,20,False,"{""jit"": ""off"", ""max_parallel_workers_per_gather"": ""0""}",measure,T_i1e_event_timestamp_utc,419,0,0
I-1,default,2,Q12c,jsonb,7,0.092,0.433,,5,Bitmap Heap Scan,Bitmap Heap Scan on T [Bitmap Index Scan using T_i1e_event_timestamp_utc],500,498,500,498,,408,0,0,,0,0,20,False,"{""jit"": ""off"", ""max_parallel_workers_per_gather"": ""0""}",measure,T_i1e_event_timestamp_utc,403,0,0
I-1,default,2,Q12c,jsonb,8,0.177,0.611,,5,Bitmap Heap Scan,Bitmap Heap Scan on T [Bitmap Index Scan using T_i1e_event_timestamp_utc],500,498,500,498,,408,0,0,,0,0,20,False,"{""jit"": ""off"", ""max_parallel_workers_per_gather"": ""0""}",measure,T_i1e_event_timestamp_utc,403,0,0
I-1,default,2,Q12c,json,8,0.161,0.766,,5,Bitmap Heap Scan,Bitmap Heap Scan on T [Bitmap Index Scan using T_i1e_event_timestamp_utc],500,498,500,498,,424,0,0,,0,0,20,False,"{""jit"": ""off"", ""max_parallel_workers_per_gather"": ""0""}",measure,T_i1e_event_timestamp_utc,419,0,0
I-1,default,2,Q12c,json,9,0.082,0.382,,5,Bitmap Heap Scan,Bitmap Heap Scan on T [Bitmap Index Scan using T_i1e_event_timestamp_utc],500,498,500,498,,424,0,0,,0,0,20,False,"{""jit"": ""off"", ""max_parallel_workers_per_gather"": ""0""}",measure,T_i1e_event_timestamp_utc,419,0,0
I-1,default,2,Q12c,jsonb,9,0.106,0.53,,5,Bitmap Heap Scan,Bitmap Heap Scan on T [Bitmap Index Scan using T_i1e_event_timestamp_utc],500,498,500,498,,408,0,0,,0,0,20,False,"{""jit"": ""off"", ""max_parallel_workers_per_gather"": ""0""}",measure,T_i1e_event_timestamp_utc,403,0,0
I-1,default,2,Q12c,jsonb,10,0.101,0.481,,5,Bitmap Heap Scan,Bitmap Heap Scan on T [Bitmap Index Scan using T_i1e_event_timestamp_utc],500,498,500,498,,408,0,0,,0,0,20,False,"{""jit"": ""off"", ""max_parallel_workers_per_gather"": ""0""}",measure,T_i1e_event_timestamp_utc,403,0,0
I-1,default,2,Q12c,json,10,0.072,0.307,,5,Bitmap Heap Scan,Bitmap Heap Scan on T [Bitmap Index Scan using T_i1e_event_timestamp_utc],500,498,500,498,,424,0,0,,0,0,20,False,"{""jit"": ""off"", ""max_parallel_workers_per_gather"": ""0""}",measure,T_i1e_event_timestamp_utc,419,0,0
I-1,default,2,Q12c,json,11,0.11,0.492,,5,Bitmap Heap Scan,Bitmap Heap Scan on T [Bitmap Index Scan using T_i1e_event_timestamp_utc],500,498,500,498,,424,0,0,,0,0,20,False,"{""jit"": ""off"", ""max_parallel_workers_per_gather"": ""0""}",measure,T_i1e_event_timestamp_utc,419,0,0
I-1,default,2,Q12c,jsonb,11,0.069,0.27,,5,Bitmap Heap Scan,Bitmap Heap Scan on T [Bitmap Index Scan using T_i1e_event_timestamp_utc],500,498,500,498,,408,0,0,,0,0,20,False,"{""jit"": ""off"", ""max_parallel_workers_per_gather"": ""0""}",measure,T_i1e_event_timestamp_utc,403,0,0
I-1,default,2,Q12c,jsonb,12,0.081,0.259,,5,Bitmap Heap Scan,Bitmap Heap Scan on T [Bitmap Index Scan using T_i1e_event_timestamp_utc],500,498,500,498,,408,0,0,,0,0,20,False,"{""jit"": ""off"", ""max_parallel_workers_per_gather"": ""0""}",measure,T_i1e_event_timestamp_utc,403,0,0
I-1,default,2,Q12c,json,12,0.062,0.245,,5,Bitmap Heap Scan,Bitmap Heap Scan on T [Bitmap Index Scan using T_i1e_event_timestamp_utc],500,498,500,498,,424,0,0,,0,0,20,False,"{""jit"": ""off"", ""max_parallel_workers_per_gather"": ""0""}",measure,T_i1e_event_timestamp_utc,419,0,0
I-1,default,2,Q12c,json,13,0.064,0.249,,5,Bitmap Heap Scan,Bitmap Heap Scan on T [Bitmap Index Scan using T_i1e_event_timestamp_utc],500,498,500,498,,424,0,0,,0,0,20,False,"{""jit"": ""off"", ""max_parallel_workers_per_gather"": ""0""}",measure,T_i1e_event_timestamp_utc,419,0,0
I-1,default,2,Q12c,jsonb,13,0.063,0.248,,5,Bitmap Heap Scan,Bitmap Heap Scan on T [Bitmap Index Scan using T_i1e_event_timestamp_utc],500,498,500,498,,408,0,0,,0,0,20,False,"{""jit"": ""off"", ""max_parallel_workers_per_gather"": ""0""}",measure,T_i1e_event_timestamp_utc,403,0,0
I-1,default,2,Q12c,jsonb,14,0.065,0.253,,5,Bitmap Heap Scan,Bitmap Heap Scan on T [Bitmap Index Scan using T_i1e_event_timestamp_utc],500,498,500,498,,408,0,0,,0,0,20,False,"{""jit"": ""off"", ""max_parallel_workers_per_gather"": ""0""}",measure,T_i1e_event_timestamp_utc,403,0,0
I-1,default,2,Q12c,json,14,0.066,0.275,,5,Bitmap Heap Scan,Bitmap Heap Scan on T [Bitmap Index Scan using T_i1e_event_timestamp_utc],500,498,500,498,,424,0,0,,0,0,20,False,"{""jit"": ""off"", ""max_parallel_workers_per_gather"": ""0""}",measure,T_i1e_event_timestamp_utc,419,0,0
I-1,default,2,Q12c,json,15,0.064,0.249,,5,Bitmap Heap Scan,Bitmap Heap Scan on T [Bitmap Index Scan using T_i1e_event_timestamp_utc],500,498,500,498,,424,0,0,,0,0,20,False,"{""jit"": ""off"", ""max_parallel_workers_per_gather"": ""0""}",measure,T_i1e_event_timestamp_utc,419,0,0
I-1,default,2,Q12c,jsonb,15,0.064,0.247,,5,Bitmap Heap Scan,Bitmap Heap Scan on T [Bitmap Index Scan using T_i1e_event_timestamp_utc],500,498,500,498,,408,0,0,,0,0,20,False,"{""jit"": ""off"", ""max_parallel_workers_per_gather"": ""0""}",measure,T_i1e_event_timestamp_utc,403,0,0
I-1,default,2,Q12c,json,1,0.064,0.281,0.033,5,Bitmap Heap Scan,Bitmap Heap Scan on T [Bitmap Index Scan using T_i1e_event_timestamp_utc],500,498,500,498,,424,0,0,,0,0,20,False,"{""jit"": ""off"", ""max_parallel_workers_per_gather"": ""0""}",detail,T_i1e_event_timestamp_utc,419,0,0
I-1,default,2,Q12c,jsonb,1,0.065,0.275,0.031,5,Bitmap Heap Scan,Bitmap Heap Scan on T [Bitmap Index Scan using T_i1e_event_timestamp_utc],500,498,500,498,,408,0,0,,0,0,20,False,"{""jit"": ""off"", ""max_parallel_workers_per_gather"": ""0""}",detail,T_i1e_event_timestamp_utc,403,0,0
I-1,default,2,Q16,json,1,0.058,6.032,,1,Bitmap Heap Scan,Bitmap Heap Scan on T [Bitmap Index Scan using T_i1c_status_code],2,78,2,78,408,429,0,0,,0,0,21,False,"{""jit"": ""off"", ""max_parallel_workers_per_gather"": ""0""}",warmup,T_i1c_status_code,427,0,0
I-1,default,2,Q16,jsonb,1,0.064,1.678,,1,Bitmap Heap Scan,Bitmap Heap Scan on T [Bitmap Index Scan using T_i1c_status_code],2,78,2,78,408,406,0,0,,0,0,21,False,"{""jit"": ""off"", ""max_parallel_workers_per_gather"": ""0""}",warmup,T_i1c_status_code,404,0,0
I-1,default,2,Q16,json,2,0.06,6.116,,1,Bitmap Heap Scan,Bitmap Heap Scan on T [Bitmap Index Scan using T_i1c_status_code],2,78,2,78,408,429,0,0,,0,0,21,False,"{""jit"": ""off"", ""max_parallel_workers_per_gather"": ""0""}",warmup,T_i1c_status_code,427,0,0
I-1,default,2,Q16,jsonb,2,0.067,1.692,,1,Bitmap Heap Scan,Bitmap Heap Scan on T [Bitmap Index Scan using T_i1c_status_code],2,78,2,78,408,406,0,0,,0,0,21,False,"{""jit"": ""off"", ""max_parallel_workers_per_gather"": ""0""}",warmup,T_i1c_status_code,404,0,0
I-1,default,2,Q16,json,3,0.055,6.072,,1,Bitmap Heap Scan,Bitmap Heap Scan on T [Bitmap Index Scan using T_i1c_status_code],2,78,2,78,408,429,0,0,,0,0,21,False,"{""jit"": ""off"", ""max_parallel_workers_per_gather"": ""0""}",warmup,T_i1c_status_code,427,0,0
I-1,default,2,Q16,jsonb,3,0.065,1.642,,1,Bitmap Heap Scan,Bitmap Heap Scan on T [Bitmap Index Scan using T_i1c_status_code],2,78,2,78,408,406,0,0,,0,0,21,False,"{""jit"": ""off"", ""max_parallel_workers_per_gather"": ""0""}",warmup,T_i1c_status_code,404,0,0
I-1,default,2,Q16,json,1,0.055,5.619,,1,Bitmap Heap Scan,Bitmap Heap Scan on T [Bitmap Index Scan using T_i1c_status_code],2,78,2,78,408,429,0,0,,0,0,21,False,"{""jit"": ""off"", ""max_parallel_workers_per_gather"": ""0""}",measure,T_i1c_status_code,427,0,0
I-1,default,2,Q16,jsonb,1,0.062,1.614,,1,Bitmap Heap Scan,Bitmap Heap Scan on T [Bitmap Index Scan using T_i1c_status_code],2,78,2,78,408,406,0,0,,0,0,21,False,"{""jit"": ""off"", ""max_parallel_workers_per_gather"": ""0""}",measure,T_i1c_status_code,404,0,0
I-1,default,2,Q16,jsonb,2,0.052,1.442,,1,Bitmap Heap Scan,Bitmap Heap Scan on T [Bitmap Index Scan using T_i1c_status_code],2,78,2,78,408,406,0,0,,0,0,21,False,"{""jit"": ""off"", ""max_parallel_workers_per_gather"": ""0""}",measure,T_i1c_status_code,404,0,0
I-1,default,2,Q16,json,2,0.053,6.46,,1,Bitmap Heap Scan,Bitmap Heap Scan on T [Bitmap Index Scan using T_i1c_status_code],2,78,2,78,408,429,0,0,,0,0,21,False,"{""jit"": ""off"", ""max_parallel_workers_per_gather"": ""0""}",measure,T_i1c_status_code,427,0,0
I-1,default,2,Q16,json,3,0.074,5.719,,1,Bitmap Heap Scan,Bitmap Heap Scan on T [Bitmap Index Scan using T_i1c_status_code],2,78,2,78,408,429,0,0,,0,0,21,False,"{""jit"": ""off"", ""max_parallel_workers_per_gather"": ""0""}",measure,T_i1c_status_code,427,0,0
I-1,default,2,Q16,jsonb,3,0.058,1.44,,1,Bitmap Heap Scan,Bitmap Heap Scan on T [Bitmap Index Scan using T_i1c_status_code],2,78,2,78,408,406,0,0,,0,0,21,False,"{""jit"": ""off"", ""max_parallel_workers_per_gather"": ""0""}",measure,T_i1c_status_code,404,0,0
I-1,default,2,Q16,jsonb,4,0.05,1.399,,1,Bitmap Heap Scan,Bitmap Heap Scan on T [Bitmap Index Scan using T_i1c_status_code],2,78,2,78,408,406,0,0,,0,0,21,False,"{""jit"": ""off"", ""max_parallel_workers_per_gather"": ""0""}",measure,T_i1c_status_code,404,0,0
I-1,default,2,Q16,json,4,0.052,5.947,,1,Bitmap Heap Scan,Bitmap Heap Scan on T [Bitmap Index Scan using T_i1c_status_code],2,78,2,78,408,429,0,0,,0,0,21,False,"{""jit"": ""off"", ""max_parallel_workers_per_gather"": ""0""}",measure,T_i1c_status_code,427,0,0
I-1,default,2,Q16,json,5,0.062,5.378,,1,Bitmap Heap Scan,Bitmap Heap Scan on T [Bitmap Index Scan using T_i1c_status_code],2,78,2,78,408,429,0,0,,0,0,21,False,"{""jit"": ""off"", ""max_parallel_workers_per_gather"": ""0""}",measure,T_i1c_status_code,427,0,0
I-1,default,2,Q16,jsonb,5,0.056,1.419,,1,Bitmap Heap Scan,Bitmap Heap Scan on T [Bitmap Index Scan using T_i1c_status_code],2,78,2,78,408,406,0,0,,0,0,21,False,"{""jit"": ""off"", ""max_parallel_workers_per_gather"": ""0""}",measure,T_i1c_status_code,404,0,0
I-1,default,2,Q16,jsonb,6,0.049,1.883,,1,Bitmap Heap Scan,Bitmap Heap Scan on T [Bitmap Index Scan using T_i1c_status_code],2,78,2,78,408,406,0,0,,0,0,21,False,"{""jit"": ""off"", ""max_parallel_workers_per_gather"": ""0""}",measure,T_i1c_status_code,404,0,0
I-1,default,2,Q16,json,6,0.068,6.244,,1,Bitmap Heap Scan,Bitmap Heap Scan on T [Bitmap Index Scan using T_i1c_status_code],2,78,2,78,408,429,0,0,,0,0,21,False,"{""jit"": ""off"", ""max_parallel_workers_per_gather"": ""0""}",measure,T_i1c_status_code,427,0,0
I-1,default,2,Q16,json,7,0.081,5.465,,1,Bitmap Heap Scan,Bitmap Heap Scan on T [Bitmap Index Scan using T_i1c_status_code],2,78,2,78,408,429,0,0,,0,0,21,False,"{""jit"": ""off"", ""max_parallel_workers_per_gather"": ""0""}",measure,T_i1c_status_code,427,0,0
I-1,default,2,Q16,jsonb,7,0.064,1.554,,1,Bitmap Heap Scan,Bitmap Heap Scan on T [Bitmap Index Scan using T_i1c_status_code],2,78,2,78,408,406,0,0,,0,0,21,False,"{""jit"": ""off"", ""max_parallel_workers_per_gather"": ""0""}",measure,T_i1c_status_code,404,0,0
I-1,default,2,Q16,jsonb,8,0.056,1.42,,1,Bitmap Heap Scan,Bitmap Heap Scan on T [Bitmap Index Scan using T_i1c_status_code],2,78,2,78,408,406,0,0,,0,0,21,False,"{""jit"": ""off"", ""max_parallel_workers_per_gather"": ""0""}",measure,T_i1c_status_code,404,0,0
I-1,default,2,Q16,json,8,0.054,5.733,,1,Bitmap Heap Scan,Bitmap Heap Scan on T [Bitmap Index Scan using T_i1c_status_code],2,78,2,78,408,429,0,0,,0,0,21,False,"{""jit"": ""off"", ""max_parallel_workers_per_gather"": ""0""}",measure,T_i1c_status_code,427,0,0
I-1,default,2,Q16,json,9,0.055,5.81,,1,Bitmap Heap Scan,Bitmap Heap Scan on T [Bitmap Index Scan using T_i1c_status_code],2,78,2,78,408,429,0,0,,0,0,21,False,"{""jit"": ""off"", ""max_parallel_workers_per_gather"": ""0""}",measure,T_i1c_status_code,427,0,0
I-1,default,2,Q16,jsonb,9,0.062,1.512,,1,Bitmap Heap Scan,Bitmap Heap Scan on T [Bitmap Index Scan using T_i1c_status_code],2,78,2,78,408,406,0,0,,0,0,21,False,"{""jit"": ""off"", ""max_parallel_workers_per_gather"": ""0""}",measure,T_i1c_status_code,404,0,0
I-1,default,2,Q16,jsonb,10,0.05,1.523,,1,Bitmap Heap Scan,Bitmap Heap Scan on T [Bitmap Index Scan using T_i1c_status_code],2,78,2,78,408,406,0,0,,0,0,21,False,"{""jit"": ""off"", ""max_parallel_workers_per_gather"": ""0""}",measure,T_i1c_status_code,404,0,0
I-1,default,2,Q16,json,10,0.062,5.875,,1,Bitmap Heap Scan,Bitmap Heap Scan on T [Bitmap Index Scan using T_i1c_status_code],2,78,2,78,408,429,0,0,,0,0,21,False,"{""jit"": ""off"", ""max_parallel_workers_per_gather"": ""0""}",measure,T_i1c_status_code,427,0,0
I-1,default,2,Q16,json,11,0.077,5.497,,1,Bitmap Heap Scan,Bitmap Heap Scan on T [Bitmap Index Scan using T_i1c_status_code],2,78,2,78,408,429,0,0,,0,0,21,False,"{""jit"": ""off"", ""max_parallel_workers_per_gather"": ""0""}",measure,T_i1c_status_code,427,0,0
I-1,default,2,Q16,jsonb,11,0.056,1.536,,1,Bitmap Heap Scan,Bitmap Heap Scan on T [Bitmap Index Scan using T_i1c_status_code],2,78,2,78,408,406,0,0,,0,0,21,False,"{""jit"": ""off"", ""max_parallel_workers_per_gather"": ""0""}",measure,T_i1c_status_code,404,0,0
I-1,default,2,Q16,jsonb,12,0.054,1.405,,1,Bitmap Heap Scan,Bitmap Heap Scan on T [Bitmap Index Scan using T_i1c_status_code],2,78,2,78,408,406,0,0,,0,0,21,False,"{""jit"": ""off"", ""max_parallel_workers_per_gather"": ""0""}",measure,T_i1c_status_code,404,0,0
I-1,default,2,Q16,json,12,0.051,5.794,,1,Bitmap Heap Scan,Bitmap Heap Scan on T [Bitmap Index Scan using T_i1c_status_code],2,78,2,78,408,429,0,0,,0,0,21,False,"{""jit"": ""off"", ""max_parallel_workers_per_gather"": ""0""}",measure,T_i1c_status_code,427,0,0
I-1,default,2,Q16,json,13,0.057,5.426,,1,Bitmap Heap Scan,Bitmap Heap Scan on T [Bitmap Index Scan using T_i1c_status_code],2,78,2,78,408,429,0,0,,0,0,21,False,"{""jit"": ""off"", ""max_parallel_workers_per_gather"": ""0""}",measure,T_i1c_status_code,427,0,0
I-1,default,2,Q16,jsonb,13,0.057,1.436,,1,Bitmap Heap Scan,Bitmap Heap Scan on T [Bitmap Index Scan using T_i1c_status_code],2,78,2,78,408,406,0,0,,0,0,21,False,"{""jit"": ""off"", ""max_parallel_workers_per_gather"": ""0""}",measure,T_i1c_status_code,404,0,0
I-1,default,2,Q16,jsonb,14,0.05,1.487,,1,Bitmap Heap Scan,Bitmap Heap Scan on T [Bitmap Index Scan using T_i1c_status_code],2,78,2,78,408,406,0,0,,0,0,21,False,"{""jit"": ""off"", ""max_parallel_workers_per_gather"": ""0""}",measure,T_i1c_status_code,404,0,0
I-1,default,2,Q16,json,14,0.052,6.175,,1,Bitmap Heap Scan,Bitmap Heap Scan on T [Bitmap Index Scan using T_i1c_status_code],2,78,2,78,408,429,0,0,,0,0,21,False,"{""jit"": ""off"", ""max_parallel_workers_per_gather"": ""0""}",measure,T_i1c_status_code,427,0,0
I-1,default,2,Q16,json,15,0.07,5.464,,1,Bitmap Heap Scan,Bitmap Heap Scan on T [Bitmap Index Scan using T_i1c_status_code],2,78,2,78,408,429,0,0,,0,0,21,False,"{""jit"": ""off"", ""max_parallel_workers_per_gather"": ""0""}",measure,T_i1c_status_code,427,0,0
I-1,default,2,Q16,jsonb,15,0.062,1.476,,1,Bitmap Heap Scan,Bitmap Heap Scan on T [Bitmap Index Scan using T_i1c_status_code],2,78,2,78,408,406,0,0,,0,0,21,False,"{""jit"": ""off"", ""max_parallel_workers_per_gather"": ""0""}",measure,T_i1c_status_code,404,0,0
I-1,default,2,Q16,json,1,0.054,5.448,0.006,1,Bitmap Heap Scan,Bitmap Heap Scan on T [Bitmap Index Scan using T_i1c_status_code],2,78,2,78,408,429,0,0,,0,0,21,False,"{""jit"": ""off"", ""max_parallel_workers_per_gather"": ""0""}",detail,T_i1c_status_code,427,0,0
I-1,default,2,Q16,jsonb,1,0.057,1.837,0.007,1,Bitmap Heap Scan,Bitmap Heap Scan on T [Bitmap Index Scan using T_i1c_status_code],2,78,2,78,408,406,0,0,,0,0,21,False,"{""jit"": ""off"", ""max_parallel_workers_per_gather"": ""0""}",detail,T_i1c_status_code,404,0,0
I-1,default,2,Q17,json,1,0.136,114.3,,1,Aggregate,Aggregate [Seq Scan on T],7,8,5000,5000,,1250,0,0,,0,15,21,False,"{""jit"": ""off"", ""max_parallel_workers_per_gather"": ""0""}",warmup,-,,,
I-1,default,2,Q17,jsonb,1,0.118,12.184,,1,Aggregate,Aggregate [Seq Scan on T],7,8,5000,5000,,981,0,0,,0,3,21,False,"{""jit"": ""off"", ""max_parallel_workers_per_gather"": ""0""}",warmup,-,,,
I-1,default,2,Q17,json,2,0.147,109.855,,1,Aggregate,Aggregate [Seq Scan on T],7,8,5000,5000,,1250,0,0,,0,0,21,False,"{""jit"": ""off"", ""max_parallel_workers_per_gather"": ""0""}",warmup,-,,,
I-1,default,2,Q17,jsonb,2,0.081,14.826,,1,Aggregate,Aggregate [Seq Scan on T],7,8,5000,5000,,981,0,0,,0,0,21,False,"{""jit"": ""off"", ""max_parallel_workers_per_gather"": ""0""}",warmup,-,,,
I-1,default,2,Q17,json,3,0.087,118.023,,1,Aggregate,Aggregate [Seq Scan on T],7,8,5000,5000,,1250,0,0,,0,0,21,False,"{""jit"": ""off"", ""max_parallel_workers_per_gather"": ""0""}",warmup,-,,,
I-1,default,2,Q17,jsonb,3,0.078,12.705,,1,Aggregate,Aggregate [Seq Scan on T],7,8,5000,5000,,981,0,0,,0,0,21,False,"{""jit"": ""off"", ""max_parallel_workers_per_gather"": ""0""}",warmup,-,,,
I-1,default,2,Q17,json,1,0.073,111.836,,1,Aggregate,Aggregate [Seq Scan on T],7,8,5000,5000,,1250,0,0,,0,0,21,False,"{""jit"": ""off"", ""max_parallel_workers_per_gather"": ""0""}",measure,-,,,
I-1,default,2,Q17,jsonb,1,0.078,13.204,,1,Aggregate,Aggregate [Seq Scan on T],7,8,5000,5000,,981,0,0,,0,0,21,False,"{""jit"": ""off"", ""max_parallel_workers_per_gather"": ""0""}",measure,-,,,
I-1,default,2,Q17,jsonb,2,0.071,12.377,,1,Aggregate,Aggregate [Seq Scan on T],7,8,5000,5000,,981,0,0,,0,0,21,False,"{""jit"": ""off"", ""max_parallel_workers_per_gather"": ""0""}",measure,-,,,
I-1,default,2,Q17,json,2,0.096,108.858,,1,Aggregate,Aggregate [Seq Scan on T],7,8,5000,5000,,1250,0,0,,0,0,21,False,"{""jit"": ""off"", ""max_parallel_workers_per_gather"": ""0""}",measure,-,,,
I-1,default,2,Q17,json,3,0.089,114.402,,1,Aggregate,Aggregate [Seq Scan on T],7,8,5000,5000,,1250,0,0,,0,0,21,False,"{""jit"": ""off"", ""max_parallel_workers_per_gather"": ""0""}",measure,-,,,
I-1,default,2,Q17,jsonb,3,0.089,12.708,,1,Aggregate,Aggregate [Seq Scan on T],7,8,5000,5000,,981,0,0,,0,0,21,False,"{""jit"": ""off"", ""max_parallel_workers_per_gather"": ""0""}",measure,-,,,
I-1,default,2,Q17,jsonb,4,0.071,12.972,,1,Aggregate,Aggregate [Seq Scan on T],7,8,5000,5000,,981,0,0,,0,0,21,False,"{""jit"": ""off"", ""max_parallel_workers_per_gather"": ""0""}",measure,-,,,
I-1,default,2,Q17,json,4,0.071,122.951,,1,Aggregate,Aggregate [Seq Scan on T],7,8,5000,5000,,1250,0,0,,0,0,21,False,"{""jit"": ""off"", ""max_parallel_workers_per_gather"": ""0""}",measure,-,,,
I-1,default,2,Q17,json,5,0.118,108.779,,1,Aggregate,Aggregate [Seq Scan on T],7,8,5000,5000,,1250,0,0,,0,0,21,False,"{""jit"": ""off"", ""max_parallel_workers_per_gather"": ""0""}",measure,-,,,
I-1,default,2,Q17,jsonb,5,0.109,17.057,,1,Aggregate,Aggregate [Seq Scan on T],7,8,5000,5000,,981,0,0,,0,0,21,False,"{""jit"": ""off"", ""max_parallel_workers_per_gather"": ""0""}",measure,-,,,
I-1,default,2,Q17,jsonb,6,0.106,14.325,,1,Aggregate,Aggregate [Seq Scan on T],7,8,5000,5000,,981,0,0,,0,0,21,False,"{""jit"": ""off"", ""max_parallel_workers_per_gather"": ""0""}",measure,-,,,
I-1,default,2,Q17,json,6,0.085,109.999,,1,Aggregate,Aggregate [Seq Scan on T],7,8,5000,5000,,1250,0,0,,0,0,21,False,"{""jit"": ""off"", ""max_parallel_workers_per_gather"": ""0""}",measure,-,,,
I-1,default,2,Q17,json,7,0.091,126.605,,1,Aggregate,Aggregate [Seq Scan on T],7,8,5000,5000,,1250,0,0,,0,0,21,False,"{""jit"": ""off"", ""max_parallel_workers_per_gather"": ""0""}",measure,-,,,
I-1,default,2,Q17,jsonb,7,0.096,14.934,,1,Aggregate,Aggregate [Seq Scan on T],7,8,5000,5000,,981,0,0,,0,0,21,False,"{""jit"": ""off"", ""max_parallel_workers_per_gather"": ""0""}",measure,-,,,
I-1,default,2,Q17,jsonb,8,0.089,15.153,,1,Aggregate,Aggregate [Seq Scan on T],7,8,5000,5000,,981,0,0,,0,0,21,False,"{""jit"": ""off"", ""max_parallel_workers_per_gather"": ""0""}",measure,-,,,
I-1,default,2,Q17,json,8,0.089,123.017,,1,Aggregate,Aggregate [Seq Scan on T],7,8,5000,5000,,1250,0,0,,0,0,21,False,"{""jit"": ""off"", ""max_parallel_workers_per_gather"": ""0""}",measure,-,,,
I-1,default,2,Q17,json,9,0.126,130.616,,1,Aggregate,Aggregate [Seq Scan on T],7,8,5000,5000,,1250,0,0,,0,0,21,False,"{""jit"": ""off"", ""max_parallel_workers_per_gather"": ""0""}",measure,-,,,
I-1,default,2,Q17,jsonb,9,0.094,15.44,,1,Aggregate,Aggregate [Seq Scan on T],7,8,5000,5000,,981,0,0,,0,0,21,False,"{""jit"": ""off"", ""max_parallel_workers_per_gather"": ""0""}",measure,-,,,
I-1,default,2,Q17,jsonb,10,0.087,16.778,,1,Aggregate,Aggregate [Seq Scan on T],7,8,5000,5000,,981,0,0,,0,0,21,False,"{""jit"": ""off"", ""max_parallel_workers_per_gather"": ""0""}",measure,-,,,
I-1,default,2,Q17,json,10,0.083,111.463,,1,Aggregate,Aggregate [Seq Scan on T],7,8,5000,5000,,1250,0,0,,0,0,21,False,"{""jit"": ""off"", ""max_parallel_workers_per_gather"": ""0""}",measure,-,,,
I-1,default,2,Q17,json,11,0.08,117.459,,1,Aggregate,Aggregate [Seq Scan on T],7,8,5000,5000,,1250,0,0,,0,0,21,False,"{""jit"": ""off"", ""max_parallel_workers_per_gather"": ""0""}",measure,-,,,
I-1,default,2,Q17,jsonb,11,0.08,13.771,,1,Aggregate,Aggregate [Seq Scan on T],7,8,5000,5000,,981,0,0,,0,0,21,False,"{""jit"": ""off"", ""max_parallel_workers_per_gather"": ""0""}",measure,-,,,
I-1,default,2,Q17,jsonb,12,0.078,14.759,,1,Aggregate,Aggregate [Seq Scan on T],7,8,5000,5000,,981,0,0,,0,0,21,False,"{""jit"": ""off"", ""max_parallel_workers_per_gather"": ""0""}",measure,-,,,
I-1,default,2,Q17,json,12,0.11,121.967,,1,Aggregate,Aggregate [Seq Scan on T],7,8,5000,5000,,1250,0,0,,0,0,21,False,"{""jit"": ""off"", ""max_parallel_workers_per_gather"": ""0""}",measure,-,,,
I-1,default,2,Q17,json,13,0.093,114.294,,1,Aggregate,Aggregate [Seq Scan on T],7,8,5000,5000,,1250,0,0,,0,0,21,False,"{""jit"": ""off"", ""max_parallel_workers_per_gather"": ""0""}",measure,-,,,
I-1,default,2,Q17,jsonb,13,0.093,13.581,,1,Aggregate,Aggregate [Seq Scan on T],7,8,5000,5000,,981,0,0,,0,0,21,False,"{""jit"": ""off"", ""max_parallel_workers_per_gather"": ""0""}",measure,-,,,
I-1,default,2,Q17,jsonb,14,0.081,12.536,,1,Aggregate,Aggregate [Seq Scan on T],7,8,5000,5000,,981,0,0,,0,0,21,False,"{""jit"": ""off"", ""max_parallel_workers_per_gather"": ""0""}",measure,-,,,
I-1,default,2,Q17,json,14,0.09,113.958,,1,Aggregate,Aggregate [Seq Scan on T],7,8,5000,5000,,1250,0,0,,0,0,21,False,"{""jit"": ""off"", ""max_parallel_workers_per_gather"": ""0""}",measure,-,,,
I-1,default,2,Q17,json,15,0.093,110.812,,1,Aggregate,Aggregate [Seq Scan on T],7,8,5000,5000,,1250,0,0,,0,0,21,False,"{""jit"": ""off"", ""max_parallel_workers_per_gather"": ""0""}",measure,-,,,
I-1,default,2,Q17,jsonb,15,0.077,12.268,,1,Aggregate,Aggregate [Seq Scan on T],7,8,5000,5000,,981,0,0,,0,0,21,False,"{""jit"": ""off"", ""max_parallel_workers_per_gather"": ""0""}",measure,-,,,
I-1,default,2,Q17,json,1,0.118,127.212,0.005,1,Aggregate,Aggregate [Seq Scan on T],7,8,5000,5000,,1250,0,0,,0,0,21,False,"{""jit"": ""off"", ""max_parallel_workers_per_gather"": ""0""}",detail,-,,,
I-1,default,2,Q17,jsonb,1,0.09,13.99,0.005,1,Aggregate,Aggregate [Seq Scan on T],7,8,5000,5000,,981,0,0,,0,0,21,False,"{""jit"": ""off"", ""max_parallel_workers_per_gather"": ""0""}",detail,-,,,
I-1,default,2,Q09,json,1,0.14,60.939,,15,Seq Scan,Seq Scan on T,25,1528,25,1528,3472,1250,0,0,,0,0,16,False,"{""jit"": ""off"", ""max_parallel_workers_per_gather"": ""0""}",warmup,-,,,
I-1,default,2,Q09,jsonb,1,0.071,11.909,,15,Seq Scan,Seq Scan on T,25,1528,25,1528,3472,981,0,0,,0,0,16,False,"{""jit"": ""off"", ""max_parallel_workers_per_gather"": ""0""}",warmup,-,,,
I-1,default,2,Q09,json,2,0.061,59.858,,15,Seq Scan,Seq Scan on T,25,1528,25,1528,3472,1250,0,0,,0,0,16,False,"{""jit"": ""off"", ""max_parallel_workers_per_gather"": ""0""}",warmup,-,,,
I-1,default,2,Q09,jsonb,2,0.074,12.206,,15,Seq Scan,Seq Scan on T,25,1528,25,1528,3472,981,0,0,,0,0,16,False,"{""jit"": ""off"", ""max_parallel_workers_per_gather"": ""0""}",warmup,-,,,
I-1,default,2,Q09,json,3,0.057,76.423,,15,Seq Scan,Seq Scan on T,25,1528,25,1528,3472,1250,0,0,,0,0,16,False,"{""jit"": ""off"", ""max_parallel_workers_per_gather"": ""0""}",warmup,-,,,
I-1,default,2,Q09,jsonb,3,0.065,10.978,,15,Seq Scan,Seq Scan on T,25,1528,25,1528,3472,981,0,0,,0,0,16,False,"{""jit"": ""off"", ""max_parallel_workers_per_gather"": ""0""}",warmup,-,,,
I-1,default,2,Q09,json,1,0.054,63.311,,15,Seq Scan,Seq Scan on T,25,1528,25,1528,3472,1250,0,0,,0,0,16,False,"{""jit"": ""off"", ""max_parallel_workers_per_gather"": ""0""}",measure,-,,,
I-1,default,2,Q09,jsonb,1,0.073,12.53,,15,Seq Scan,Seq Scan on T,25,1528,25,1528,3472,981,0,0,,0,0,16,False,"{""jit"": ""off"", ""max_parallel_workers_per_gather"": ""0""}",measure,-,,,
I-1,default,2,Q09,jsonb,2,0.063,11.319,,15,Seq Scan,Seq Scan on T,25,1528,25,1528,3472,981,0,0,,0,0,16,False,"{""jit"": ""off"", ""max_parallel_workers_per_gather"": ""0""}",measure,-,,,
I-1,default,2,Q09,json,2,0.054,58.232,,15,Seq Scan,Seq Scan on T,25,1528,25,1528,3472,1250,0,0,,0,0,16,False,"{""jit"": ""off"", ""max_parallel_workers_per_gather"": ""0""}",measure,-,,,
I-1,default,2,Q09,json,3,0.078,63.291,,15,Seq Scan,Seq Scan on T,25,1528,25,1528,3472,1250,0,0,,0,0,16,False,"{""jit"": ""off"", ""max_parallel_workers_per_gather"": ""0""}",measure,-,,,
I-1,default,2,Q09,jsonb,3,0.076,12.232,,15,Seq Scan,Seq Scan on T,25,1528,25,1528,3472,981,0,0,,0,0,16,False,"{""jit"": ""off"", ""max_parallel_workers_per_gather"": ""0""}",measure,-,,,
I-1,default,2,Q09,jsonb,4,0.051,10.56,,15,Seq Scan,Seq Scan on T,25,1528,25,1528,3472,981,0,0,,0,0,16,False,"{""jit"": ""off"", ""max_parallel_workers_per_gather"": ""0""}",measure,-,,,
I-1,default,2,Q09,json,4,0.05,62.227,,15,Seq Scan,Seq Scan on T,25,1528,25,1528,3472,1250,0,0,,0,0,16,False,"{""jit"": ""off"", ""max_parallel_workers_per_gather"": ""0""}",measure,-,,,
I-1,default,2,Q09,json,5,0.079,58.389,,15,Seq Scan,Seq Scan on T,25,1528,25,1528,3472,1250,0,0,,0,0,16,False,"{""jit"": ""off"", ""max_parallel_workers_per_gather"": ""0""}",measure,-,,,
I-1,default,2,Q09,jsonb,5,0.096,12.749,,15,Seq Scan,Seq Scan on T,25,1528,25,1528,3472,981,0,0,,0,0,16,False,"{""jit"": ""off"", ""max_parallel_workers_per_gather"": ""0""}",measure,-,,,
I-1,default,2,Q09,jsonb,6,0.084,13.422,,15,Seq Scan,Seq Scan on T,25,1528,25,1528,3472,981,0,0,,0,0,16,False,"{""jit"": ""off"", ""max_parallel_workers_per_gather"": ""0""}",measure,-,,,
I-1,default,2,Q09,json,6,0.073,65.638,,15,Seq Scan,Seq Scan on T,25,1528,25,1528,3472,1250,0,0,,0,0,16,False,"{""jit"": ""off"", ""max_parallel_workers_per_gather"": ""0""}",measure,-,,,
I-1,default,2,Q09,json,7,0.128,59.796,,15,Seq Scan,Seq Scan on T,25,1528,25,1528,3472,1250,0,0,,0,0,16,False,"{""jit"": ""off"", ""max_parallel_workers_per_gather"": ""0""}",measure,-,,,
I-1,default,2,Q09,jsonb,7,0.063,11.824,,15,Seq Scan,Seq Scan on T,25,1528,25,1528,3472,981,0,0,,0,0,16,False,"{""jit"": ""off"", ""max_parallel_workers_per_gather"": ""0""}",measure,-,,,
I-1,default,2,Q09,jsonb,8,0.117,12.757,,15,Seq Scan,Seq Scan on T,25,1528,25,1528,3472,981,0,0,,0,0,16,False,"{""jit"": ""off"", ""max_parallel_workers_per_gather"": ""0""}",measure,-,,,
I-1,default,2,Q09,json,8,0.07,62.486,,15,Seq Scan,Seq Scan on T,25,1528,25,1528,3472,1250,0,0,,0,0,16,False,"{""jit"": ""off"", ""max_parallel_workers_per_gather"": ""0""}",measure,-,,,
I-1,default,2,Q09,json,9,0.07,68.047,,15,Seq Scan,Seq Scan on T,25,1528,25,1528,3472,1250,0,0,,0,0,16,False,"{""jit"": ""off"", ""max_parallel_workers_per_gather"": ""0""}",measure,-,,,
I-1,default,2,Q09,jsonb,9,0.078,14.238,,15,Seq Scan,Seq Scan on T,25,1528,25,1528,3472,981,0,0,,0,0,16,False,"{""jit"": ""off"", ""max_parallel_workers_per_gather"": ""0""}",measure,-,,,
I-1,default,2,Q09,jsonb,10,0.072,12.437,,15,Seq Scan,Seq Scan on T,25,1528,25,1528,3472,981,0,0,,0,0,16,False,"{""jit"": ""off"", ""max_parallel_workers_per_gather"": ""0""}",measure,-,,,
I-1,default,2,Q09,json,10,0.076,63.468,,15,Seq Scan,Seq Scan on T,25,1528,25,1528,3472,1250,0,0,,0,0,16,False,"{""jit"": ""off"", ""max_parallel_workers_per_gather"": ""0""}",measure,-,,,
I-1,default,2,Q09,json,11,0.076,66.041,,15,Seq Scan,Seq Scan on T,25,1528,25,1528,3472,1250,0,0,,0,0,16,False,"{""jit"": ""off"", ""max_parallel_workers_per_gather"": ""0""}",measure,-,,,
I-1,default,2,Q09,jsonb,11,0.073,13.114,,15,Seq Scan,Seq Scan on T,25,1528,25,1528,3472,981,0,0,,0,0,16,False,"{""jit"": ""off"", ""max_parallel_workers_per_gather"": ""0""}",measure,-,,,
I-1,default,2,Q09,jsonb,12,0.084,12.467,,15,Seq Scan,Seq Scan on T,25,1528,25,1528,3472,981,0,0,,0,0,16,False,"{""jit"": ""off"", ""max_parallel_workers_per_gather"": ""0""}",measure,-,,,
I-1,default,2,Q09,json,12,0.062,66.013,,15,Seq Scan,Seq Scan on T,25,1528,25,1528,3472,1250,0,0,,0,0,16,False,"{""jit"": ""off"", ""max_parallel_workers_per_gather"": ""0""}",measure,-,,,
I-1,default,2,Q09,json,13,0.07,63.17,,15,Seq Scan,Seq Scan on T,25,1528,25,1528,3472,1250,0,0,,0,0,16,False,"{""jit"": ""off"", ""max_parallel_workers_per_gather"": ""0""}",measure,-,,,
I-1,default,2,Q09,jsonb,13,0.074,11.078,,15,Seq Scan,Seq Scan on T,25,1528,25,1528,3472,981,0,0,,0,0,16,False,"{""jit"": ""off"", ""max_parallel_workers_per_gather"": ""0""}",measure,-,,,
I-1,default,2,Q09,jsonb,14,0.09,11.098,,15,Seq Scan,Seq Scan on T,25,1528,25,1528,3472,981,0,0,,0,0,16,False,"{""jit"": ""off"", ""max_parallel_workers_per_gather"": ""0""}",measure,-,,,
I-1,default,2,Q09,json,14,0.053,61.624,,15,Seq Scan,Seq Scan on T,25,1528,25,1528,3472,1250,0,0,,0,0,16,False,"{""jit"": ""off"", ""max_parallel_workers_per_gather"": ""0""}",measure,-,,,
I-1,default,2,Q09,json,15,0.069,61.62,,15,Seq Scan,Seq Scan on T,25,1528,25,1528,3472,1250,0,0,,0,0,16,False,"{""jit"": ""off"", ""max_parallel_workers_per_gather"": ""0""}",measure,-,,,
I-1,default,2,Q09,jsonb,15,0.173,12.721,,15,Seq Scan,Seq Scan on T,25,1528,25,1528,3472,981,0,0,,0,0,16,False,"{""jit"": ""off"", ""max_parallel_workers_per_gather"": ""0""}",measure,-,,,
I-1,default,2,Q09,json,1,0.068,64.865,0.225,15,Seq Scan,Seq Scan on T,25,1528,25,1528,3472,1250,0,0,,0,0,16,False,"{""jit"": ""off"", ""max_parallel_workers_per_gather"": ""0""}",detail,-,,,
I-1,default,2,Q09,jsonb,1,0.064,13.911,0.182,15,Seq Scan,Seq Scan on T,25,1528,25,1528,3472,981,0,0,,0,0,16,False,"{""jit"": ""off"", ""max_parallel_workers_per_gather"": ""0""}",detail,-,,,
I-1,forced,2,Q07,json,1,0.073,0.029,,1,Index Scan,Index Scan using T_i1a_record_validity,12,12,12,12,,14,0,0,,0,0,17,False,"{""enable_seqscan"": ""off"", ""jit"": ""off"", ""max_parallel_workers_per_gather"": ""0""}",warmup,T_i1a_record_validity,,,0
I-1,forced,2,Q07,jsonb,1,0.053,0.02,,1,Index Scan,Index Scan using T_i1a_record_validity,12,12,12,12,,14,0,0,,0,0,17,False,"{""enable_seqscan"": ""off"", ""jit"": ""off"", ""max_parallel_workers_per_gather"": ""0""}",warmup,T_i1a_record_validity,,,0
I-1,forced,2,Q07,json,2,0.041,0.016,,1,Index Scan,Index Scan using T_i1a_record_validity,12,12,12,12,,14,0,0,,0,0,17,False,"{""enable_seqscan"": ""off"", ""jit"": ""off"", ""max_parallel_workers_per_gather"": ""0""}",warmup,T_i1a_record_validity,,,0
I-1,forced,2,Q07,jsonb,2,0.091,0.023,,1,Index Scan,Index Scan using T_i1a_record_validity,12,12,12,12,,14,0,0,,0,0,17,False,"{""enable_seqscan"": ""off"", ""jit"": ""off"", ""max_parallel_workers_per_gather"": ""0""}",warmup,T_i1a_record_validity,,,0
I-1,forced,2,Q07,json,3,0.066,0.018,,1,Index Scan,Index Scan using T_i1a_record_validity,12,12,12,12,,14,0,0,,0,0,17,False,"{""enable_seqscan"": ""off"", ""jit"": ""off"", ""max_parallel_workers_per_gather"": ""0""}",warmup,T_i1a_record_validity,,,0
I-1,forced,2,Q07,jsonb,3,0.045,0.018,,1,Index Scan,Index Scan using T_i1a_record_validity,12,12,12,12,,14,0,0,,0,0,17,False,"{""enable_seqscan"": ""off"", ""jit"": ""off"", ""max_parallel_workers_per_gather"": ""0""}",warmup,T_i1a_record_validity,,,0
I-1,forced,2,Q07,json,1,0.057,0.046,,1,Index Scan,Index Scan using T_i1a_record_validity,12,12,12,12,,14,0,0,,0,0,17,False,"{""enable_seqscan"": ""off"", ""jit"": ""off"", ""max_parallel_workers_per_gather"": ""0""}",measure,T_i1a_record_validity,,,0
I-1,forced,2,Q07,jsonb,1,0.068,0.026,,1,Index Scan,Index Scan using T_i1a_record_validity,12,12,12,12,,14,0,0,,0,0,17,False,"{""enable_seqscan"": ""off"", ""jit"": ""off"", ""max_parallel_workers_per_gather"": ""0""}",measure,T_i1a_record_validity,,,0
I-1,forced,2,Q07,jsonb,2,0.06,0.022,,1,Index Scan,Index Scan using T_i1a_record_validity,12,12,12,12,,14,0,0,,0,0,17,False,"{""enable_seqscan"": ""off"", ""jit"": ""off"", ""max_parallel_workers_per_gather"": ""0""}",measure,T_i1a_record_validity,,,0
I-1,forced,2,Q07,json,2,0.046,0.018,,1,Index Scan,Index Scan using T_i1a_record_validity,12,12,12,12,,14,0,0,,0,0,17,False,"{""enable_seqscan"": ""off"", ""jit"": ""off"", ""max_parallel_workers_per_gather"": ""0""}",measure,T_i1a_record_validity,,,0
I-1,forced,2,Q07,json,3,0.06,0.018,,1,Index Scan,Index Scan using T_i1a_record_validity,12,12,12,12,,14,0,0,,0,0,17,False,"{""enable_seqscan"": ""off"", ""jit"": ""off"", ""max_parallel_workers_per_gather"": ""0""}",measure,T_i1a_record_validity,,,0
I-1,forced,2,Q07,jsonb,3,0.094,0.047,,1,Index Scan,Index Scan using T_i1a_record_validity,12,12,12,12,,14,0,0,,0,0,17,False,"{""enable_seqscan"": ""off"", ""jit"": ""off"", ""max_parallel_workers_per_gather"": ""0""}",measure,T_i1a_record_validity,,,0
I-1,forced,2,Q07,jsonb,4,0.047,0.018,,1,Index Scan,Index Scan using T_i1a_record_validity,12,12,12,12,,14,0,0,,0,0,17,False,"{""enable_seqscan"": ""off"", ""jit"": ""off"", ""max_parallel_workers_per_gather"": ""0""}",measure,T_i1a_record_validity,,,0
I-1,forced,2,Q07,json,4,0.045,0.017,,1,Index Scan,Index Scan using T_i1a_record_validity,12,12,12,12,,14,0,0,,0,0,17,False,"{""enable_seqscan"": ""off"", ""jit"": ""off"", ""max_parallel_workers_per_gather"": ""0""}",measure,T_i1a_record_validity,,,0
I-1,forced,2,Q07,json,5,0.042,0.016,,1,Index Scan,Index Scan using T_i1a_record_validity,12,12,12,12,,14,0,0,,0,0,17,False,"{""enable_seqscan"": ""off"", ""jit"": ""off"", ""max_parallel_workers_per_gather"": ""0""}",measure,T_i1a_record_validity,,,0
I-1,forced,2,Q07,jsonb,5,0.043,0.016,,1,Index Scan,Index Scan using T_i1a_record_validity,12,12,12,12,,14,0,0,,0,0,17,False,"{""enable_seqscan"": ""off"", ""jit"": ""off"", ""max_parallel_workers_per_gather"": ""0""}",measure,T_i1a_record_validity,,,0
I-1,forced,2,Q07,jsonb,6,0.041,0.016,,1,Index Scan,Index Scan using T_i1a_record_validity,12,12,12,12,,14,0,0,,0,0,17,False,"{""enable_seqscan"": ""off"", ""jit"": ""off"", ""max_parallel_workers_per_gather"": ""0""}",measure,T_i1a_record_validity,,,0
I-1,forced,2,Q07,json,6,0.051,0.016,,1,Index Scan,Index Scan using T_i1a_record_validity,12,12,12,12,,14,0,0,,0,0,17,False,"{""enable_seqscan"": ""off"", ""jit"": ""off"", ""max_parallel_workers_per_gather"": ""0""}",measure,T_i1a_record_validity,,,0
I-1,forced,2,Q07,json,7,0.084,0.018,,1,Index Scan,Index Scan using T_i1a_record_validity,12,12,12,12,,14,0,0,,0,0,17,False,"{""enable_seqscan"": ""off"", ""jit"": ""off"", ""max_parallel_workers_per_gather"": ""0""}",measure,T_i1a_record_validity,,,0
I-1,forced,2,Q07,jsonb,7,0.092,0.018,,1,Index Scan,Index Scan using T_i1a_record_validity,12,12,12,12,,14,0,0,,0,0,17,False,"{""enable_seqscan"": ""off"", ""jit"": ""off"", ""max_parallel_workers_per_gather"": ""0""}",measure,T_i1a_record_validity,,,0
I-1,forced,2,Q07,jsonb,8,0.042,0.016,,1,Index Scan,Index Scan using T_i1a_record_validity,12,12,12,12,,14,0,0,,0,0,17,False,"{""enable_seqscan"": ""off"", ""jit"": ""off"", ""max_parallel_workers_per_gather"": ""0""}",measure,T_i1a_record_validity,,,0
I-1,forced,2,Q07,json,8,0.042,0.016,,1,Index Scan,Index Scan using T_i1a_record_validity,12,12,12,12,,14,0,0,,0,0,17,False,"{""enable_seqscan"": ""off"", ""jit"": ""off"", ""max_parallel_workers_per_gather"": ""0""}",measure,T_i1a_record_validity,,,0
I-1,forced,2,Q07,json,9,0.041,0.016,,1,Index Scan,Index Scan using T_i1a_record_validity,12,12,12,12,,14,0,0,,0,0,17,False,"{""enable_seqscan"": ""off"", ""jit"": ""off"", ""max_parallel_workers_per_gather"": ""0""}",measure,T_i1a_record_validity,,,0
I-1,forced,2,Q07,jsonb,9,0.047,0.03,,1,Index Scan,Index Scan using T_i1a_record_validity,12,12,12,12,,14,0,0,,0,0,17,False,"{""enable_seqscan"": ""off"", ""jit"": ""off"", ""max_parallel_workers_per_gather"": ""0""}",measure,T_i1a_record_validity,,,0
I-1,forced,2,Q07,jsonb,10,0.083,0.018,,1,Index Scan,Index Scan using T_i1a_record_validity,12,12,12,12,,14,0,0,,0,0,17,False,"{""enable_seqscan"": ""off"", ""jit"": ""off"", ""max_parallel_workers_per_gather"": ""0""}",measure,T_i1a_record_validity,,,0
I-1,forced,2,Q07,json,10,0.046,0.018,,1,Index Scan,Index Scan using T_i1a_record_validity,12,12,12,12,,14,0,0,,0,0,17,False,"{""enable_seqscan"": ""off"", ""jit"": ""off"", ""max_parallel_workers_per_gather"": ""0""}",measure,T_i1a_record_validity,,,0
I-1,forced,2,Q07,json,11,0.041,0.016,,1,Index Scan,Index Scan using T_i1a_record_validity,12,12,12,12,,14,0,0,,0,0,17,False,"{""enable_seqscan"": ""off"", ""jit"": ""off"", ""max_parallel_workers_per_gather"": ""0""}",measure,T_i1a_record_validity,,,0
I-1,forced,2,Q07,jsonb,11,0.04,0.016,,1,Index Scan,Index Scan using T_i1a_record_validity,12,12,12,12,,14,0,0,,0,0,17,False,"{""enable_seqscan"": ""off"", ""jit"": ""off"", ""max_parallel_workers_per_gather"": ""0""}",measure,T_i1a_record_validity,,,0
I-1,forced,2,Q07,jsonb,12,0.04,0.015,,1,Index Scan,Index Scan using T_i1a_record_validity,12,12,12,12,,14,0,0,,0,0,17,False,"{""enable_seqscan"": ""off"", ""jit"": ""off"", ""max_parallel_workers_per_gather"": ""0""}",measure,T_i1a_record_validity,,,0
I-1,forced,2,Q07,json,12,0.04,0.015,,1,Index Scan,Index Scan using T_i1a_record_validity,12,12,12,12,,14,0,0,,0,0,17,False,"{""enable_seqscan"": ""off"", ""jit"": ""off"", ""max_parallel_workers_per_gather"": ""0""}",measure,T_i1a_record_validity,,,0
I-1,forced,2,Q07,json,13,0.04,0.015,,1,Index Scan,Index Scan using T_i1a_record_validity,12,12,12,12,,14,0,0,,0,0,17,False,"{""enable_seqscan"": ""off"", ""jit"": ""off"", ""max_parallel_workers_per_gather"": ""0""}",measure,T_i1a_record_validity,,,0
I-1,forced,2,Q07,jsonb,13,0.039,0.015,,1,Index Scan,Index Scan using T_i1a_record_validity,12,12,12,12,,14,0,0,,0,0,17,False,"{""enable_seqscan"": ""off"", ""jit"": ""off"", ""max_parallel_workers_per_gather"": ""0""}",measure,T_i1a_record_validity,,,0
I-1,forced,2,Q07,jsonb,14,0.039,0.015,,1,Index Scan,Index Scan using T_i1a_record_validity,12,12,12,12,,14,0,0,,0,0,17,False,"{""enable_seqscan"": ""off"", ""jit"": ""off"", ""max_parallel_workers_per_gather"": ""0""}",measure,T_i1a_record_validity,,,0
I-1,forced,2,Q07,json,14,0.04,0.015,,1,Index Scan,Index Scan using T_i1a_record_validity,12,12,12,12,,14,0,0,,0,0,17,False,"{""enable_seqscan"": ""off"", ""jit"": ""off"", ""max_parallel_workers_per_gather"": ""0""}",measure,T_i1a_record_validity,,,0
I-1,forced,2,Q07,json,15,0.04,0.015,,1,Index Scan,Index Scan using T_i1a_record_validity,12,12,12,12,,14,0,0,,0,0,17,False,"{""enable_seqscan"": ""off"", ""jit"": ""off"", ""max_parallel_workers_per_gather"": ""0""}",measure,T_i1a_record_validity,,,0
I-1,forced,2,Q07,jsonb,15,0.04,0.015,,1,Index Scan,Index Scan using T_i1a_record_validity,12,12,12,12,,14,0,0,,0,0,17,False,"{""enable_seqscan"": ""off"", ""jit"": ""off"", ""max_parallel_workers_per_gather"": ""0""}",measure,T_i1a_record_validity,,,0
I-1,forced,2,Q07,json,1,0.089,0.018,0.001,1,Index Scan,Index Scan using T_i1a_record_validity,12,12,12,12,,14,0,0,,0,0,17,False,"{""enable_seqscan"": ""off"", ""jit"": ""off"", ""max_parallel_workers_per_gather"": ""0""}",detail,T_i1a_record_validity,,,0
I-1,forced,2,Q07,jsonb,1,0.044,0.018,0.001,1,Index Scan,Index Scan using T_i1a_record_validity,12,12,12,12,,14,0,0,,0,0,17,False,"{""enable_seqscan"": ""off"", ""jit"": ""off"", ""max_parallel_workers_per_gather"": ""0""}",detail,T_i1a_record_validity,,,0
I-1,forced,2,Q08,json,1,0.044,0.178,,3,Bitmap Heap Scan,Bitmap Heap Scan on T [Bitmap Index Scan using T_i1b_entity_type_code],225,225,225,225,,207,0,0,,0,0,18,False,"{""enable_seqscan"": ""off"", ""jit"": ""off"", ""max_parallel_workers_per_gather"": ""0""}",warmup,T_i1b_entity_type_code,205,0,0
I-1,forced,2,Q08,jsonb,1,0.044,0.17,,3,Bitmap Heap Scan,Bitmap Heap Scan on T [Bitmap Index Scan using T_i1b_entity_type_code],225,225,225,225,,200,0,0,,0,0,18,False,"{""enable_seqscan"": ""off"", ""jit"": ""off"", ""max_parallel_workers_per_gather"": ""0""}",warmup,T_i1b_entity_type_code,198,0,0
I-1,forced,2,Q08,json,2,0.043,0.13,,3,Bitmap Heap Scan,Bitmap Heap Scan on T [Bitmap Index Scan using T_i1b_entity_type_code],225,225,225,225,,207,0,0,,0,0,18,False,"{""enable_seqscan"": ""off"", ""jit"": ""off"", ""max_parallel_workers_per_gather"": ""0""}",warmup,T_i1b_entity_type_code,205,0,0
I-1,forced,2,Q08,jsonb,2,0.051,0.129,,3,Bitmap Heap Scan,Bitmap Heap Scan on T [Bitmap Index Scan using T_i1b_entity_type_code],225,225,225,225,,200,0,0,,0,0,18,False,"{""enable_seqscan"": ""off"", ""jit"": ""off"", ""max_parallel_workers_per_gather"": ""0""}",warmup,T_i1b_entity_type_code,198,0,0
I-1,forced,2,Q08,json,3,0.044,0.112,,3,Bitmap Heap Scan,Bitmap Heap Scan on T [Bitmap Index Scan using T_i1b_entity_type_code],225,225,225,225,,207,0,0,,0,0,18,False,"{""enable_seqscan"": ""off"", ""jit"": ""off"", ""max_parallel_workers_per_gather"": ""0""}",warmup,T_i1b_entity_type_code,205,0,0
I-1,forced,2,Q08,jsonb,3,0.043,0.11,,3,Bitmap Heap Scan,Bitmap Heap Scan on T [Bitmap Index Scan using T_i1b_entity_type_code],225,225,225,225,,200,0,0,,0,0,18,False,"{""enable_seqscan"": ""off"", ""jit"": ""off"", ""max_parallel_workers_per_gather"": ""0""}",warmup,T_i1b_entity_type_code,198,0,0
I-1,forced,2,Q08,json,1,0.043,0.111,,3,Bitmap Heap Scan,Bitmap Heap Scan on T [Bitmap Index Scan using T_i1b_entity_type_code],225,225,225,225,,207,0,0,,0,0,18,False,"{""enable_seqscan"": ""off"", ""jit"": ""off"", ""max_parallel_workers_per_gather"": ""0""}",measure,T_i1b_entity_type_code,205,0,0
I-1,forced,2,Q08,jsonb,1,0.046,0.113,,3,Bitmap Heap Scan,Bitmap Heap Scan on T [Bitmap Index Scan using T_i1b_entity_type_code],225,225,225,225,,200,0,0,,0,0,18,False,"{""enable_seqscan"": ""off"", ""jit"": ""off"", ""max_parallel_workers_per_gather"": ""0""}",measure,T_i1b_entity_type_code,198,0,0
I-1,forced,2,Q08,jsonb,2,0.043,0.111,,3,Bitmap Heap Scan,Bitmap Heap Scan on T [Bitmap Index Scan using T_i1b_entity_type_code],225,225,225,225,,200,0,0,,0,0,18,False,"{""enable_seqscan"": ""off"", ""jit"": ""off"", ""max_parallel_workers_per_gather"": ""0""}",measure,T_i1b_entity_type_code,198,0,0
I-1,forced,2,Q08,json,2,0.043,0.116,,3,Bitmap Heap Scan,Bitmap Heap Scan on T [Bitmap Index Scan using T_i1b_entity_type_code],225,225,225,225,,207,0,0,,0,0,18,False,"{""enable_seqscan"": ""off"", ""jit"": ""off"", ""max_parallel_workers_per_gather"": ""0""}",measure,T_i1b_entity_type_code,205,0,0
I-1,forced,2,Q08,json,3,0.043,0.115,,3,Bitmap Heap Scan,Bitmap Heap Scan on T [Bitmap Index Scan using T_i1b_entity_type_code],225,225,225,225,,207,0,0,,0,0,18,False,"{""enable_seqscan"": ""off"", ""jit"": ""off"", ""max_parallel_workers_per_gather"": ""0""}",measure,T_i1b_entity_type_code,205,0,0
I-1,forced,2,Q08,jsonb,3,0.042,0.118,,3,Bitmap Heap Scan,Bitmap Heap Scan on T [Bitmap Index Scan using T_i1b_entity_type_code],225,225,225,225,,200,0,0,,0,0,18,False,"{""enable_seqscan"": ""off"", ""jit"": ""off"", ""max_parallel_workers_per_gather"": ""0""}",measure,T_i1b_entity_type_code,198,0,0
I-1,forced,2,Q08,jsonb,4,0.042,0.109,,3,Bitmap Heap Scan,Bitmap Heap Scan on T [Bitmap Index Scan using T_i1b_entity_type_code],225,225,225,225,,200,0,0,,0,0,18,False,"{""enable_seqscan"": ""off"", ""jit"": ""off"", ""max_parallel_workers_per_gather"": ""0""}",measure,T_i1b_entity_type_code,198,0,0
I-1,forced,2,Q08,json,4,0.043,0.11,,3,Bitmap Heap Scan,Bitmap Heap Scan on T [Bitmap Index Scan using T_i1b_entity_type_code],225,225,225,225,,207,0,0,,0,0,18,False,"{""enable_seqscan"": ""off"", ""jit"": ""off"", ""max_parallel_workers_per_gather"": ""0""}",measure,T_i1b_entity_type_code,205,0,0
I-1,forced,2,Q08,json,5,0.042,0.11,,3,Bitmap Heap Scan,Bitmap Heap Scan on T [Bitmap Index Scan using T_i1b_entity_type_code],225,225,225,225,,207,0,0,,0,0,18,False,"{""enable_seqscan"": ""off"", ""jit"": ""off"", ""max_parallel_workers_per_gather"": ""0""}",measure,T_i1b_entity_type_code,205,0,0
I-1,forced,2,Q08,jsonb,5,0.042,0.109,,3,Bitmap Heap Scan,Bitmap Heap Scan on T [Bitmap Index Scan using T_i1b_entity_type_code],225,225,225,225,,200,0,0,,0,0,18,False,"{""enable_seqscan"": ""off"", ""jit"": ""off"", ""max_parallel_workers_per_gather"": ""0""}",measure,T_i1b_entity_type_code,198,0,0
I-1,forced,2,Q08,jsonb,6,0.042,0.109,,3,Bitmap Heap Scan,Bitmap Heap Scan on T [Bitmap Index Scan using T_i1b_entity_type_code],225,225,225,225,,200,0,0,,0,0,18,False,"{""enable_seqscan"": ""off"", ""jit"": ""off"", ""max_parallel_workers_per_gather"": ""0""}",measure,T_i1b_entity_type_code,198,0,0
I-1,forced,2,Q08,json,6,0.043,0.11,,3,Bitmap Heap Scan,Bitmap Heap Scan on T [Bitmap Index Scan using T_i1b_entity_type_code],225,225,225,225,,207,0,0,,0,0,18,False,"{""enable_seqscan"": ""off"", ""jit"": ""off"", ""max_parallel_workers_per_gather"": ""0""}",measure,T_i1b_entity_type_code,205,0,0
I-1,forced,2,Q08,json,7,0.042,0.109,,3,Bitmap Heap Scan,Bitmap Heap Scan on T [Bitmap Index Scan using T_i1b_entity_type_code],225,225,225,225,,207,0,0,,0,0,18,False,"{""enable_seqscan"": ""off"", ""jit"": ""off"", ""max_parallel_workers_per_gather"": ""0""}",measure,T_i1b_entity_type_code,205,0,0
I-1,forced,2,Q08,jsonb,7,0.042,0.135,,3,Bitmap Heap Scan,Bitmap Heap Scan on T [Bitmap Index Scan using T_i1b_entity_type_code],225,225,225,225,,200,0,0,,0,0,18,False,"{""enable_seqscan"": ""off"", ""jit"": ""off"", ""max_parallel_workers_per_gather"": ""0""}",measure,T_i1b_entity_type_code,198,0,0
I-1,forced,2,Q08,jsonb,8,0.042,0.109,,3,Bitmap Heap Scan,Bitmap Heap Scan on T [Bitmap Index Scan using T_i1b_entity_type_code],225,225,225,225,,200,0,0,,0,0,18,False,"{""enable_seqscan"": ""off"", ""jit"": ""off"", ""max_parallel_workers_per_gather"": ""0""}",measure,T_i1b_entity_type_code,198,0,0
I-1,forced,2,Q08,json,8,0.042,0.11,,3,Bitmap Heap Scan,Bitmap Heap Scan on T [Bitmap Index Scan using T_i1b_entity_type_code],225,225,225,225,,207,0,0,,0,0,18,False,"{""enable_seqscan"": ""off"", ""jit"": ""off"", ""max_parallel_workers_per_gather"": ""0""}",measure,T_i1b_entity_type_code,205,0,0
I-1,forced,2,Q08,json,9,0.092,0.224,,3,Bitmap Heap Scan,Bitmap Heap Scan on T [Bitmap Index Scan using T_i1b_entity_type_code],225,225,225,225,,207,0,0,,0,0,18,False,"{""enable_seqscan"": ""off"", ""jit"": ""off"", ""max_parallel_workers_per_gather"": ""0""}",measure,T_i1b_entity_type_code,205,0,0
I-1,forced,2,Q08,jsonb,9,0.06,0.162,,3,Bitmap Heap Scan,Bitmap Heap Scan on T [Bitmap Index Scan using T_i1b_entity_type_code],225,225,225,225,,200,0,0,,0,0,18,False,"{""enable_seqscan"": ""off"", ""jit"": ""off"", ""max_parallel_workers_per_gather"": ""0""}",measure,T_i1b_entity_type_code,198,0,0
I-1,forced,2,Q08,jsonb,10,0.092,0.2,,3,Bitmap Heap Scan,Bitmap Heap Scan on T [Bitmap Index Scan using T_i1b_entity_type_code],225,225,225,225,,200,0,0,,0,0,18,False,"{""enable_seqscan"": ""off"", ""jit"": ""off"", ""max_parallel_workers_per_gather"": ""0""}",measure,T_i1b_entity_type_code,198,0,0
I-1,forced,2,Q08,json,10,0.153,0.2,,3,Bitmap Heap Scan,Bitmap Heap Scan on T [Bitmap Index Scan using T_i1b_entity_type_code],225,225,225,225,,207,0,0,,0,0,18,False,"{""enable_seqscan"": ""off"", ""jit"": ""off"", ""max_parallel_workers_per_gather"": ""0""}",measure,T_i1b_entity_type_code,205,0,0
I-1,forced,2,Q08,json,11,0.08,0.464,,3,Bitmap Heap Scan,Bitmap Heap Scan on T [Bitmap Index Scan using T_i1b_entity_type_code],225,225,225,225,,207,0,0,,0,0,18,False,"{""enable_seqscan"": ""off"", ""jit"": ""off"", ""max_parallel_workers_per_gather"": ""0""}",measure,T_i1b_entity_type_code,205,0,0
I-1,forced,2,Q08,jsonb,11,0.053,0.157,,3,Bitmap Heap Scan,Bitmap Heap Scan on T [Bitmap Index Scan using T_i1b_entity_type_code],225,225,225,225,,200,0,0,,0,0,18,False,"{""enable_seqscan"": ""off"", ""jit"": ""off"", ""max_parallel_workers_per_gather"": ""0""}",measure,T_i1b_entity_type_code,198,0,0
I-1,forced,2,Q08,jsonb,12,0.045,0.131,,3,Bitmap Heap Scan,Bitmap Heap Scan on T [Bitmap Index Scan using T_i1b_entity_type_code],225,225,225,225,,200,0,0,,0,0,18,False,"{""enable_seqscan"": ""off"", ""jit"": ""off"", ""max_parallel_workers_per_gather"": ""0""}",measure,T_i1b_entity_type_code,198,0,0
I-1,forced,2,Q08,json,12,0.047,0.127,,3,Bitmap Heap Scan,Bitmap Heap Scan on T [Bitmap Index Scan using T_i1b_entity_type_code],225,225,225,225,,207,0,0,,0,0,18,False,"{""enable_seqscan"": ""off"", ""jit"": ""off"", ""max_parallel_workers_per_gather"": ""0""}",measure,T_i1b_entity_type_code,205,0,0
I-1,forced,2,Q08,json,13,0.043,0.111,,3,Bitmap Heap Scan,Bitmap Heap Scan on T [Bitmap Index Scan using T_i1b_entity_type_code],225,225,225,225,,207,0,0,,0,0,18,False,"{""enable_seqscan"": ""off"", ""jit"": ""off"", ""max_parallel_workers_per_gather"": ""0""}",measure,T_i1b_entity_type_code,205,0,0
I-1,forced,2,Q08,jsonb,13,0.043,0.11,,3,Bitmap Heap Scan,Bitmap Heap Scan on T [Bitmap Index Scan using T_i1b_entity_type_code],225,225,225,225,,200,0,0,,0,0,18,False,"{""enable_seqscan"": ""off"", ""jit"": ""off"", ""max_parallel_workers_per_gather"": ""0""}",measure,T_i1b_entity_type_code,198,0,0
I-1,forced,2,Q08,jsonb,14,0.043,0.109,,3,Bitmap Heap Scan,Bitmap Heap Scan on T [Bitmap Index Scan using T_i1b_entity_type_code],225,225,225,225,,200,0,0,,0,0,18,False,"{""enable_seqscan"": ""off"", ""jit"": ""off"", ""max_parallel_workers_per_gather"": ""0""}",measure,T_i1b_entity_type_code,198,0,0
I-1,forced,2,Q08,json,14,0.043,0.111,,3,Bitmap Heap Scan,Bitmap Heap Scan on T [Bitmap Index Scan using T_i1b_entity_type_code],225,225,225,225,,207,0,0,,0,0,18,False,"{""enable_seqscan"": ""off"", ""jit"": ""off"", ""max_parallel_workers_per_gather"": ""0""}",measure,T_i1b_entity_type_code,205,0,0
I-1,forced,2,Q08,json,15,0.043,0.11,,3,Bitmap Heap Scan,Bitmap Heap Scan on T [Bitmap Index Scan using T_i1b_entity_type_code],225,225,225,225,,207,0,0,,0,0,18,False,"{""enable_seqscan"": ""off"", ""jit"": ""off"", ""max_parallel_workers_per_gather"": ""0""}",measure,T_i1b_entity_type_code,205,0,0
I-1,forced,2,Q08,jsonb,15,0.043,0.11,,3,Bitmap Heap Scan,Bitmap Heap Scan on T [Bitmap Index Scan using T_i1b_entity_type_code],225,225,225,225,,200,0,0,,0,0,18,False,"{""enable_seqscan"": ""off"", ""jit"": ""off"", ""max_parallel_workers_per_gather"": ""0""}",measure,T_i1b_entity_type_code,198,0,0
I-1,forced,2,Q08,json,1,0.043,0.12,0.015,3,Bitmap Heap Scan,Bitmap Heap Scan on T [Bitmap Index Scan using T_i1b_entity_type_code],225,225,225,225,,207,0,0,,0,0,18,False,"{""enable_seqscan"": ""off"", ""jit"": ""off"", ""max_parallel_workers_per_gather"": ""0""}",detail,T_i1b_entity_type_code,205,0,0
I-1,forced,2,Q08,jsonb,1,0.042,0.12,0.015,3,Bitmap Heap Scan,Bitmap Heap Scan on T [Bitmap Index Scan using T_i1b_entity_type_code],225,225,225,225,,200,0,0,,0,0,18,False,"{""enable_seqscan"": ""off"", ""jit"": ""off"", ""max_parallel_workers_per_gather"": ""0""}",detail,T_i1b_entity_type_code,198,0,0
I-1,forced,2,Q10,json,1,0.044,0.04,,1,Bitmap Heap Scan,Bitmap Heap Scan on T [Bitmap Index Scan using T_i1c_status_code],30,30,30,30,,32,0,0,,0,0,19,False,"{""enable_seqscan"": ""off"", ""jit"": ""off"", ""max_parallel_workers_per_gather"": ""0""}",warmup,T_i1c_status_code,30,0,0
I-1,forced,2,Q10,jsonb,1,0.08,0.079,,1,Bitmap Heap Scan,Bitmap Heap Scan on T [Bitmap Index Scan using T_i1c_status_code],30,30,30,30,,32,0,0,,0,0,19,False,"{""enable_seqscan"": ""off"", ""jit"": ""off"", ""max_parallel_workers_per_gather"": ""0""}",warmup,T_i1c_status_code,30,0,0
I-1,forced,2,Q10,json,2,0.044,0.037,,1,Bitmap Heap Scan,Bitmap Heap Scan on T [Bitmap Index Scan using T_i1c_status_code],30,30,30,30,,32,0,0,,0,0,19,False,"{""enable_seqscan"": ""off"", ""jit"": ""off"", ""max_parallel_workers_per_gather"": ""0""}",warmup,T_i1c_status_code,30,0,0
I-1,forced,2,Q10,jsonb,2,0.042,0.032,,1,Bitmap Heap Scan,Bitmap Heap Scan on T [Bitmap Index Scan using T_i1c_status_code],30,30,30,30,,32,0,0,,0,0,19,False,"{""enable_seqscan"": ""off"", ""jit"": ""off"", ""max_parallel_workers_per_gather"": ""0""}",warmup,T_i1c_status_code,30,0,0
I-1,forced,2,Q10,json,3,0.043,0.03,,1,Bitmap Heap Scan,Bitmap Heap Scan on T [Bitmap Index Scan using T_i1c_status_code],30,30,30,30,,32,0,0,,0,0,19,False,"{""enable_seqscan"": ""off"", ""jit"": ""off"", ""max_parallel_workers_per_gather"": ""0""}",warmup,T_i1c_status_code,30,0,0
I-1,forced,2,Q10,jsonb,3,0.042,0.031,,1,Bitmap Heap Scan,Bitmap Heap Scan on T [Bitmap Index Scan using T_i1c_status_code],30,30,30,30,,32,0,0,,0,0,19,False,"{""enable_seqscan"": ""off"", ""jit"": ""off"", ""max_parallel_workers_per_gather"": ""0""}",warmup,T_i1c_status_code,30,0,0
I-1,forced,2,Q10,json,1,0.042,0.03,,1,Bitmap Heap Scan,Bitmap Heap Scan on T [Bitmap Index Scan using T_i1c_status_code],30,30,30,30,,32,0,0,,0,0,19,False,"{""enable_seqscan"": ""off"", ""jit"": ""off"", ""max_parallel_workers_per_gather"": ""0""}",measure,T_i1c_status_code,30,0,0
I-1,forced,2,Q10,jsonb,1,0.042,0.031,,1,Bitmap Heap Scan,Bitmap Heap Scan on T [Bitmap Index Scan using T_i1c_status_code],30,30,30,30,,32,0,0,,0,0,19,False,"{""enable_seqscan"": ""off"", ""jit"": ""off"", ""max_parallel_workers_per_gather"": ""0""}",measure,T_i1c_status_code,30,0,0
I-1,forced,2,Q10,jsonb,2,0.042,0.031,,1,Bitmap Heap Scan,Bitmap Heap Scan on T [Bitmap Index Scan using T_i1c_status_code],30,30,30,30,,32,0,0,,0,0,19,False,"{""enable_seqscan"": ""off"", ""jit"": ""off"", ""max_parallel_workers_per_gather"": ""0""}",measure,T_i1c_status_code,30,0,0
I-1,forced,2,Q10,json,2,0.042,0.03,,1,Bitmap Heap Scan,Bitmap Heap Scan on T [Bitmap Index Scan using T_i1c_status_code],30,30,30,30,,32,0,0,,0,0,19,False,"{""enable_seqscan"": ""off"", ""jit"": ""off"", ""max_parallel_workers_per_gather"": ""0""}",measure,T_i1c_status_code,30,0,0
I-1,forced,2,Q10,json,3,0.042,0.03,,1,Bitmap Heap Scan,Bitmap Heap Scan on T [Bitmap Index Scan using T_i1c_status_code],30,30,30,30,,32,0,0,,0,0,19,False,"{""enable_seqscan"": ""off"", ""jit"": ""off"", ""max_parallel_workers_per_gather"": ""0""}",measure,T_i1c_status_code,30,0,0
I-1,forced,2,Q10,jsonb,3,0.042,0.031,,1,Bitmap Heap Scan,Bitmap Heap Scan on T [Bitmap Index Scan using T_i1c_status_code],30,30,30,30,,32,0,0,,0,0,19,False,"{""enable_seqscan"": ""off"", ""jit"": ""off"", ""max_parallel_workers_per_gather"": ""0""}",measure,T_i1c_status_code,30,0,0
I-1,forced,2,Q10,jsonb,4,0.042,0.031,,1,Bitmap Heap Scan,Bitmap Heap Scan on T [Bitmap Index Scan using T_i1c_status_code],30,30,30,30,,32,0,0,,0,0,19,False,"{""enable_seqscan"": ""off"", ""jit"": ""off"", ""max_parallel_workers_per_gather"": ""0""}",measure,T_i1c_status_code,30,0,0
I-1,forced,2,Q10,json,4,0.099,0.037,,1,Bitmap Heap Scan,Bitmap Heap Scan on T [Bitmap Index Scan using T_i1c_status_code],30,30,30,30,,32,0,0,,0,0,19,False,"{""enable_seqscan"": ""off"", ""jit"": ""off"", ""max_parallel_workers_per_gather"": ""0""}",measure,T_i1c_status_code,30,0,0
I-1,forced,2,Q10,json,5,0.047,0.034,,1,Bitmap Heap Scan,Bitmap Heap Scan on T [Bitmap Index Scan using T_i1c_status_code],30,30,30,30,,32,0,0,,0,0,19,False,"{""enable_seqscan"": ""off"", ""jit"": ""off"", ""max_parallel_workers_per_gather"": ""0""}",measure,T_i1c_status_code,30,0,0
I-1,forced,2,Q10,jsonb,5,0.044,0.032,,1,Bitmap Heap Scan,Bitmap Heap Scan on T [Bitmap Index Scan using T_i1c_status_code],30,30,30,30,,32,0,0,,0,0,19,False,"{""enable_seqscan"": ""off"", ""jit"": ""off"", ""max_parallel_workers_per_gather"": ""0""}",measure,T_i1c_status_code,30,0,0
I-1,forced,2,Q10,jsonb,6,0.044,0.032,,1,Bitmap Heap Scan,Bitmap Heap Scan on T [Bitmap Index Scan using T_i1c_status_code],30,30,30,30,,32,0,0,,0,0,19,False,"{""enable_seqscan"": ""off"", ""jit"": ""off"", ""max_parallel_workers_per_gather"": ""0""}",measure,T_i1c_status_code,30,0,0
I-1,forced,2,Q10,json,6,0.044,0.031,,1,Bitmap Heap Scan,Bitmap Heap Scan on T [Bitmap Index Scan using T_i1c_status_code],30,30,30,30,,32,0,0,,0,0,19,False,"{""enable_seqscan"": ""off"", ""jit"": ""off"", ""max_parallel_workers_per_gather"": ""0""}",measure,T_i1c_status_code,30,0,0
I-1,forced,2,Q10,json,7,0.043,0.031,,1,Bitmap Heap Scan,Bitmap Heap Scan on T [Bitmap Index Scan using T_i1c_status_code],30,30,30,30,,32,0,0,,0,0,19,False,"{""enable_seqscan"": ""off"", ""jit"": ""off"", ""max_parallel_workers_per_gather"": ""0""}",measure,T_i1c_status_code,30,0,0
I-1,forced,2,Q10,jsonb,7,0.043,0.031,,1,Bitmap Heap Scan,Bitmap Heap Scan on T [Bitmap Index Scan using T_i1c_status_code],30,30,30,30,,32,0,0,,0,0,19,False,"{""enable_seqscan"": ""off"", ""jit"": ""off"", ""max_parallel_workers_per_gather"": ""0""}",measure,T_i1c_status_code,30,0,0
I-1,forced,2,Q10,jsonb,8,0.043,0.031,,1,Bitmap Heap Scan,Bitmap Heap Scan on T [Bitmap Index Scan using T_i1c_status_code],30,30,30,30,,32,0,0,,0,0,19,False,"{""enable_seqscan"": ""off"", ""jit"": ""off"", ""max_parallel_workers_per_gather"": ""0""}",measure,T_i1c_status_code,30,0,0
I-1,forced,2,Q10,json,8,0.043,0.031,,1,Bitmap Heap Scan,Bitmap Heap Scan on T [Bitmap Index Scan using T_i1c_status_code],30,30,30,30,,32,0,0,,0,0,19,False,"{""enable_seqscan"": ""off"", ""jit"": ""off"", ""max_parallel_workers_per_gather"": ""0""}",measure,T_i1c_status_code,30,0,0
I-1,forced,2,Q10,json,9,0.043,0.031,,1,Bitmap Heap Scan,Bitmap Heap Scan on T [Bitmap Index Scan using T_i1c_status_code],30,30,30,30,,32,0,0,,0,0,19,False,"{""enable_seqscan"": ""off"", ""jit"": ""off"", ""max_parallel_workers_per_gather"": ""0""}",measure,T_i1c_status_code,30,0,0
I-1,forced,2,Q10,jsonb,9,0.046,0.034,,1,Bitmap Heap Scan,Bitmap Heap Scan on T [Bitmap Index Scan using T_i1c_status_code],30,30,30,30,,32,0,0,,0,0,19,False,"{""enable_seqscan"": ""off"", ""jit"": ""off"", ""max_parallel_workers_per_gather"": ""0""}",measure,T_i1c_status_code,30,0,0
I-1,forced,2,Q10,jsonb,10,0.046,0.036,,1,Bitmap Heap Scan,Bitmap Heap Scan on T [Bitmap Index Scan using T_i1c_status_code],30,30,30,30,,32,0,0,,0,0,19,False,"{""enable_seqscan"": ""off"", ""jit"": ""off"", ""max_parallel_workers_per_gather"": ""0""}",measure,T_i1c_status_code,30,0,0
I-1,forced,2,Q10,json,10,0.044,0.031,,1,Bitmap Heap Scan,Bitmap Heap Scan on T [Bitmap Index Scan using T_i1c_status_code],30,30,30,30,,32,0,0,,0,0,19,False,"{""enable_seqscan"": ""off"", ""jit"": ""off"", ""max_parallel_workers_per_gather"": ""0""}",measure,T_i1c_status_code,30,0,0
I-1,forced,2,Q10,json,11,0.056,0.039,,1,Bitmap Heap Scan,Bitmap Heap Scan on T [Bitmap Index Scan using T_i1c_status_code],30,30,30,30,,32,0,0,,0,0,19,False,"{""enable_seqscan"": ""off"", ""jit"": ""off"", ""max_parallel_workers_per_gather"": ""0""}",measure,T_i1c_status_code,30,0,0
I-1,forced,2,Q10,jsonb,11,0.051,0.037,,1,Bitmap Heap Scan,Bitmap Heap Scan on T [Bitmap Index Scan using T_i1c_status_code],30,30,30,30,,32,0,0,,0,0,19,False,"{""enable_seqscan"": ""off"", ""jit"": ""off"", ""max_parallel_workers_per_gather"": ""0""}",measure,T_i1c_status_code,30,0,0
I-1,forced,2,Q10,jsonb,12,0.055,0.041,,1,Bitmap Heap Scan,Bitmap Heap Scan on T [Bitmap Index Scan using T_i1c_status_code],30,30,30,30,,32,0,0,,0,0,19,False,"{""enable_seqscan"": ""off"", ""jit"": ""off"", ""max_parallel_workers_per_gather"": ""0""}",measure,T_i1c_status_code,30,0,0
I-1,forced,2,Q10,json,12,0.104,0.04,,1,Bitmap Heap Scan,Bitmap Heap Scan on T [Bitmap Index Scan using T_i1c_status_code],30,30,30,30,,32,0,0,,0,0,19,False,"{""enable_seqscan"": ""off"", ""jit"": ""off"", ""max_parallel_workers_per_gather"": ""0""}",measure,T_i1c_status_code,30,0,0
I-1,forced,2,Q10,json,13,0.053,0.037,,1,Bitmap Heap Scan,Bitmap Heap Scan on T [Bitmap Index Scan using T_i1c_status_code],30,30,30,30,,32,0,0,,0,0,19,False,"{""enable_seqscan"": ""off"", ""jit"": ""off"", ""max_parallel_workers_per_gather"": ""0""}",measure,T_i1c_status_code,30,0,0
I-1,forced,2,Q10,jsonb,13,0.052,0.038,,1,Bitmap Heap Scan,Bitmap Heap Scan on T [Bitmap Index Scan using T_i1c_status_code],30,30,30,30,,32,0,0,,0,0,19,False,"{""enable_seqscan"": ""off"", ""jit"": ""off"", ""max_parallel_workers_per_gather"": ""0""}",measure,T_i1c_status_code,30,0,0
I-1,forced,2,Q10,jsonb,14,0.051,0.037,,1,Bitmap Heap Scan,Bitmap Heap Scan on T [Bitmap Index Scan using T_i1c_status_code],30,30,30,30,,32,0,0,,0,0,19,False,"{""enable_seqscan"": ""off"", ""jit"": ""off"", ""max_parallel_workers_per_gather"": ""0""}",measure,T_i1c_status_code,30,0,0
I-1,forced,2,Q10,json,14,0.051,0.036,,1,Bitmap Heap Scan,Bitmap Heap Scan on T [Bitmap Index Scan using T_i1c_status_code],30,30,30,30,,32,0,0,,0,0,19,False,"{""enable_seqscan"": ""off"", ""jit"": ""off"", ""max_parallel_workers_per_gather"": ""0""}",measure,T_i1c_status_code,30,0,0
I-1,forced,2,Q10,json,15,0.051,0.036,,1,Bitmap Heap Scan,Bitmap Heap Scan on T [Bitmap Index Scan using T_i1c_status_code],30,30,30,30,,32,0,0,,0,0,19,False,"{""enable_seqscan"": ""off"", ""jit"": ""off"", ""max_parallel_workers_per_gather"": ""0""}",measure,T_i1c_status_code,30,0,0
I-1,forced,2,Q10,jsonb,15,0.05,0.037,,1,Bitmap Heap Scan,Bitmap Heap Scan on T [Bitmap Index Scan using T_i1c_status_code],30,30,30,30,,32,0,0,,0,0,19,False,"{""enable_seqscan"": ""off"", ""jit"": ""off"", ""max_parallel_workers_per_gather"": ""0""}",measure,T_i1c_status_code,30,0,0
I-1,forced,2,Q10,json,1,0.051,0.038,0.003,1,Bitmap Heap Scan,Bitmap Heap Scan on T [Bitmap Index Scan using T_i1c_status_code],30,30,30,30,,32,0,0,,0,0,19,False,"{""enable_seqscan"": ""off"", ""jit"": ""off"", ""max_parallel_workers_per_gather"": ""0""}",detail,T_i1c_status_code,30,0,0
I-1,forced,2,Q10,jsonb,1,0.051,0.038,0.003,1,Bitmap Heap Scan,Bitmap Heap Scan on T [Bitmap Index Scan using T_i1c_status_code],30,30,30,30,,32,0,0,,0,0,19,False,"{""enable_seqscan"": ""off"", ""jit"": ""off"", ""max_parallel_workers_per_gather"": ""0""}",detail,T_i1c_status_code,30,0,0
I-1,forced,2,Q11a,json,1,0.085,0.377,,5,Bitmap Heap Scan,Bitmap Heap Scan on T [Bitmap Index Scan using T_i1d_latitude_degrees],406,422,406,422,,365,0,0,,0,0,21,False,"{""enable_seqscan"": ""off"", ""jit"": ""off"", ""max_parallel_workers_per_gather"": ""0""}",warmup,T_i1d_latitude_degrees,362,0,0
I-1,forced,2,Q11a,jsonb,1,0.085,0.35,,5,Bitmap Heap Scan,Bitmap Heap Scan on T [Bitmap Index Scan using T_i1d_latitude_degrees],406,422,406,422,,340,0,0,,0,0,21,False,"{""enable_seqscan"": ""off"", ""jit"": ""off"", ""max_parallel_workers_per_gather"": ""0""}",warmup,T_i1d_latitude_degrees,337,0,0
I-1,forced,2,Q11a,json,2,0.082,0.293,,5,Bitmap Heap Scan,Bitmap Heap Scan on T [Bitmap Index Scan using T_i1d_latitude_degrees],406,422,406,422,,365,0,0,,0,0,21,False,"{""enable_seqscan"": ""off"", ""jit"": ""off"", ""max_parallel_workers_per_gather"": ""0""}",warmup,T_i1d_latitude_degrees,362,0,0
I-1,forced,2,Q11a,jsonb,2,0.081,0.37,,5,Bitmap Heap Scan,Bitmap Heap Scan on T [Bitmap Index Scan using T_i1d_latitude_degrees],406,422,406,422,,340,0,0,,0,0,21,False,"{""enable_seqscan"": ""off"", ""jit"": ""off"", ""max_parallel_workers_per_gather"": ""0""}",warmup,T_i1d_latitude_degrees,337,0,0
I-1,forced,2,Q11a,json,3,0.087,0.294,,5,Bitmap Heap Scan,Bitmap Heap Scan on T [Bitmap Index Scan using T_i1d_latitude_degrees],406,422,406,422,,365,0,0,,0,0,21,False,"{""enable_seqscan"": ""off"", ""jit"": ""off"", ""max_parallel_workers_per_gather"": ""0""}",warmup,T_i1d_latitude_degrees,362,0,0
I-1,forced,2,Q11a,jsonb,3,0.083,0.318,,5,Bitmap Heap Scan,Bitmap Heap Scan on T [Bitmap Index Scan using T_i1d_latitude_degrees],406,422,406,422,,340,0,0,,0,0,21,False,"{""enable_seqscan"": ""off"", ""jit"": ""off"", ""max_parallel_workers_per_gather"": ""0""}",warmup,T_i1d_latitude_degrees,337,0,0
I-1,forced,2,Q11a,json,1,0.088,0.298,,5,Bitmap Heap Scan,Bitmap Heap Scan on T [Bitmap Index Scan using T_i1d_latitude_degrees],406,422,406,422,,365,0,0,,0,0,21,False,"{""enable_seqscan"": ""off"", ""jit"": ""off"", ""max_parallel_workers_per_gather"": ""0""}",measure,T_i1d_latitude_degrees,362,0,0
I-1,forced,2,Q11a,jsonb,1,0.082,0.299,,5,Bitmap Heap Scan,Bitmap Heap Scan on T [Bitmap Index Scan using T_i1d_latitude_degrees],406,422,406,422,,340,0,0,,0,0,21,False,"{""enable_seqscan"": ""off"", ""jit"": ""off"", ""max_parallel_workers_per_gather"": ""0""}",measure,T_i1d_latitude_degrees,337,0,0
I-1,forced,2,Q11a,jsonb,2,0.08,0.246,,5,Bitmap Heap Scan,Bitmap Heap Scan on T [Bitmap Index Scan using T_i1d_latitude_degrees],406,422,406,422,,340,0,0,,0,0,21,False,"{""enable_seqscan"": ""off"", ""jit"": ""off"", ""max_parallel_workers_per_gather"": ""0""}",measure,T_i1d_latitude_degrees,337,0,0
I-1,forced,2,Q11a,json,2,0.081,0.26,,5,Bitmap Heap Scan,Bitmap Heap Scan on T [Bitmap Index Scan using T_i1d_latitude_degrees],406,422,406,422,,365,0,0,,0,0,21,False,"{""enable_seqscan"": ""off"", ""jit"": ""off"", ""max_parallel_workers_per_gather"": ""0""}",measure,T_i1d_latitude_degrees,362,0,0
I-1,forced,2,Q11a,json,3,0.088,0.251,,5,Bitmap Heap Scan,Bitmap Heap Scan on T [Bitmap Index Scan using T_i1d_latitude_degrees],406,422,406,422,,365,0,0,,0,0,21,False,"{""enable_seqscan"": ""off"", ""jit"": ""off"", ""max_parallel_workers_per_gather"": ""0""}",measure,T_i1d_latitude_degrees,362,0,0
I-1,forced,2,Q11a,jsonb,3,0.079,0.246,,5,Bitmap Heap Scan,Bitmap Heap Scan on T [Bitmap Index Scan using T_i1d_latitude_degrees],406,422,406,422,,340,0,0,,0,0,21,False,"{""enable_seqscan"": ""off"", ""jit"": ""off"", ""max_parallel_workers_per_gather"": ""0""}",measure,T_i1d_latitude_degrees,337,0,0
I-1,forced,2,Q11a,jsonb,4,0.081,0.257,,5,Bitmap Heap Scan,Bitmap Heap Scan on T [Bitmap Index Scan using T_i1d_latitude_degrees],406,422,406,422,,340,0,0,,0,0,21,False,"{""enable_seqscan"": ""off"", ""jit"": ""off"", ""max_parallel_workers_per_gather"": ""0""}",measure,T_i1d_latitude_degrees,337,0,0
I-1,forced,2,Q11a,json,4,0.08,0.261,,5,Bitmap Heap Scan,Bitmap Heap Scan on T [Bitmap Index Scan using T_i1d_latitude_degrees],406,422,406,422,,365,0,0,,0,0,21,False,"{""enable_seqscan"": ""off"", ""jit"": ""off"", ""max_parallel_workers_per_gather"": ""0""}",measure,T_i1d_latitude_degrees,362,0,0
I-1,forced,2,Q11a,json,5,0.08,0.263,,5,Bitmap Heap Scan,Bitmap Heap Scan on T [Bitmap Index Scan using T_i1d_latitude_degrees],406,422,406,422,,365,0,0,,0,0,21,False,"{""enable_seqscan"": ""off"", ""jit"": ""off"", ""max_parallel_workers_per_gather"": ""0""}",measure,T_i1d_latitude_degrees,362,0,0
I-1,forced,2,Q11a,jsonb,5,0.08,0.246,,5,Bitmap Heap Scan,Bitmap Heap Scan on T [Bitmap Index Scan using T_i1d_latitude_degrees],406,422,406,422,,340,0,0,,0,0,21,False,"{""enable_seqscan"": ""off"", ""jit"": ""off"", ""max_parallel_workers_per_gather"": ""0""}",measure,T_i1d_latitude_degrees,337,0,0
I-1,forced,2,Q11a,jsonb,6,0.072,0.287,,5,Bitmap Heap Scan,Bitmap Heap Scan on T [Bitmap Index Scan using T_i1d_latitude_degrees],406,422,406,422,,340,0,0,,0,0,21,False,"{""enable_seqscan"": ""off"", ""jit"": ""off"", ""max_parallel_workers_per_gather"": ""0""}",measure,T_i1d_latitude_degrees,337,0,0
I-1,forced,2,Q11a,json,6,0.073,0.23,,5,Bitmap Heap Scan,Bitmap Heap Scan on T [Bitmap Index Scan using T_i1d_latitude_degrees],406,422,406,422,,365,0,0,,0,0,21,False,"{""enable_seqscan"": ""off"", ""jit"": ""off"", ""max_parallel_workers_per_gather"": ""0""}",measure,T_i1d_latitude_degrees,362,0,0
I-1,forced,2,Q11a,json,7,0.152,0.478,,5,Bitmap Heap Scan,Bitmap Heap Scan on T [Bitmap Index Scan using T_i1d_latitude_degrees],406,422,406,422,,365,0,0,,0,0,21,False,"{""enable_seqscan"": ""off"", ""jit"": ""off"", ""max_parallel_workers_per_gather"": ""0""}",measure,T_i1d_latitude_degrees,362,0,0
I-1,forced,2,Q11a,jsonb,7,0.08,0.256,,5,Bitmap Heap Scan,Bitmap Heap Scan on T [Bitmap Index Scan using T_i1d_latitude_degrees],406,422,406,422,,340,0,0,,0,0,21,False,"{""enable_seqscan"": ""off"", ""jit"": ""off"", ""max_parallel_workers_per_gather"": ""0""}",measure,T_i1d_latitude_degrees,337,0,0
I-1,forced,2,Q11a,jsonb,8,0.075,0.236,,5,Bitmap Heap Scan,Bitmap Heap Scan on T [Bitmap Index Scan using T_i1d_latitude_degrees],406,422,406,422,,340,0,0,,0,0,21,False,"{""enable_seqscan"": ""off"", ""jit"": ""off"", ""max_parallel_workers_per_gather"": ""0""}",measure,T_i1d_latitude_degrees,337,0,0
I-1,forced,2,Q11a,json,8,0.193,0.335,,5,Bitmap Heap Scan,Bitmap Heap Scan on T [Bitmap Index Scan using T_i1d_latitude_degrees],406,422,406,422,,365,0,0,,0,0,21,False,"{""enable_seqscan"": ""off"", ""jit"": ""off"", ""max_parallel_workers_per_gather"": ""0""}",measure,T_i1d_latitude_degrees,362,0,0
I-1,forced,2,Q11a,json,9,0.09,0.243,,5,Bitmap Heap Scan,Bitmap Heap Scan on T [Bitmap Index Scan using T_i1d_latitude_degrees],406,422,406,422,,365,0,0,,0,0,21,False,"{""enable_seqscan"": ""off"", ""jit"": ""off"", ""max_parallel_workers_per_gather"": ""0""}",measure,T_i1d_latitude_degrees,362,0,0
I-1,forced,2,Q11a,jsonb,9,0.071,0.234,,5,Bitmap Heap Scan,Bitmap Heap Scan on T [Bitmap Index Scan using T_i1d_latitude_degrees],406,422,406,422,,340,0,0,,0,0,21,False,"{""enable_seqscan"": ""off"", ""jit"": ""off"", ""max_parallel_workers_per_gather"": ""0""}",measure,T_i1d_latitude_degrees,337,0,0
I-1,forced,2,Q11a,jsonb,10,0.069,0.227,,5,Bitmap Heap Scan,Bitmap Heap Scan on T [Bitmap Index Scan using T_i1d_latitude_degrees],406,422,406,422,,340,0,0,,0,0,21,False,"{""enable_seqscan"": ""off"", ""jit"": ""off"", ""max_parallel_workers_per_gather"": ""0""}",measure,T_i1d_latitude_degrees,337,0,0
I-1,forced,2,Q11a,json,10,0.07,0.22,,5,Bitmap Heap Scan,Bitmap Heap Scan on T [Bitmap Index Scan using T_i1d_latitude_degrees],406,422,406,422,,365,0,0,,0,0,21,False,"{""enable_seqscan"": ""off"", ""jit"": ""off"", ""max_parallel_workers_per_gather"": ""0""}",measure,T_i1d_latitude_degrees,362,0,0
I-1,forced,2,Q11a,json,11,0.07,0.227,,5,Bitmap Heap Scan,Bitmap Heap Scan on T [Bitmap Index Scan using T_i1d_latitude_degrees],406,422,406,422,,365,0,0,,0,0,21,False,"{""enable_seqscan"": ""off"", ""jit"": ""off"", ""max_parallel_workers_per_gather"": ""0""}",measure,T_i1d_latitude_degrees,362,0,0
I-1,forced,2,Q11a,jsonb,11,0.069,0.222,,5,Bitmap Heap Scan,Bitmap Heap Scan on T [Bitmap Index Scan using T_i1d_latitude_degrees],406,422,406,422,,340,0,0,,0,0,21,False,"{""enable_seqscan"": ""off"", ""jit"": ""off"", ""max_parallel_workers_per_gather"": ""0""}",measure,T_i1d_latitude_degrees,337,0,0
I-1,forced,2,Q11a,jsonb,12,0.069,0.22,,5,Bitmap Heap Scan,Bitmap Heap Scan on T [Bitmap Index Scan using T_i1d_latitude_degrees],406,422,406,422,,340,0,0,,0,0,21,False,"{""enable_seqscan"": ""off"", ""jit"": ""off"", ""max_parallel_workers_per_gather"": ""0""}",measure,T_i1d_latitude_degrees,337,0,0
I-1,forced,2,Q11a,json,12,0.07,0.227,,5,Bitmap Heap Scan,Bitmap Heap Scan on T [Bitmap Index Scan using T_i1d_latitude_degrees],406,422,406,422,,365,0,0,,0,0,21,False,"{""enable_seqscan"": ""off"", ""jit"": ""off"", ""max_parallel_workers_per_gather"": ""0""}",measure,T_i1d_latitude_degrees,362,0,0
I-1,forced,2,Q11a,json,13,0.069,0.216,,5,Bitmap Heap Scan,Bitmap Heap Scan on T [Bitmap Index Scan using T_i1d_latitude_degrees],406,422,406,422,,365,0,0,,0,0,21,False,"{""enable_seqscan"": ""off"", ""jit"": ""off"", ""max_parallel_workers_per_gather"": ""0""}",measure,T_i1d_latitude_degrees,362,0,0
I-1,forced,2,Q11a,jsonb,13,0.07,0.221,,5,Bitmap Heap Scan,Bitmap Heap Scan on T [Bitmap Index Scan using T_i1d_latitude_degrees],406,422,406,422,,340,0,0,,0,0,21,False,"{""enable_seqscan"": ""off"", ""jit"": ""off"", ""max_parallel_workers_per_gather"": ""0""}",measure,T_i1d_latitude_degrees,337,0,0
I-1,forced,2,Q11a,jsonb,14,0.069,0.22,,5,Bitmap Heap Scan,Bitmap Heap Scan on T [Bitmap Index Scan using T_i1d_latitude_degrees],406,422,406,422,,340,0,0,,0,0,21,False,"{""enable_seqscan"": ""off"", ""jit"": ""off"", ""max_parallel_workers_per_gather"": ""0""}",measure,T_i1d_latitude_degrees,337,0,0
I-1,forced,2,Q11a,json,14,0.068,0.226,,5,Bitmap Heap Scan,Bitmap Heap Scan on T [Bitmap Index Scan using T_i1d_latitude_degrees],406,422,406,422,,365,0,0,,0,0,21,False,"{""enable_seqscan"": ""off"", ""jit"": ""off"", ""max_parallel_workers_per_gather"": ""0""}",measure,T_i1d_latitude_degrees,362,0,0
I-1,forced,2,Q11a,json,15,0.069,0.227,,5,Bitmap Heap Scan,Bitmap Heap Scan on T [Bitmap Index Scan using T_i1d_latitude_degrees],406,422,406,422,,365,0,0,,0,0,21,False,"{""enable_seqscan"": ""off"", ""jit"": ""off"", ""max_parallel_workers_per_gather"": ""0""}",measure,T_i1d_latitude_degrees,362,0,0
I-1,forced,2,Q11a,jsonb,15,0.069,0.221,,5,Bitmap Heap Scan,Bitmap Heap Scan on T [Bitmap Index Scan using T_i1d_latitude_degrees],406,422,406,422,,340,0,0,,0,0,21,False,"{""enable_seqscan"": ""off"", ""jit"": ""off"", ""max_parallel_workers_per_gather"": ""0""}",measure,T_i1d_latitude_degrees,337,0,0
I-1,forced,2,Q11a,json,1,0.069,0.231,0.027,5,Bitmap Heap Scan,Bitmap Heap Scan on T [Bitmap Index Scan using T_i1d_latitude_degrees],406,422,406,422,,365,0,0,,0,0,21,False,"{""enable_seqscan"": ""off"", ""jit"": ""off"", ""max_parallel_workers_per_gather"": ""0""}",detail,T_i1d_latitude_degrees,362,0,0
I-1,forced,2,Q11a,jsonb,1,0.068,0.227,0.026,5,Bitmap Heap Scan,Bitmap Heap Scan on T [Bitmap Index Scan using T_i1d_latitude_degrees],406,422,406,422,,340,0,0,,0,0,21,False,"{""enable_seqscan"": ""off"", ""jit"": ""off"", ""max_parallel_workers_per_gather"": ""0""}",detail,T_i1d_latitude_degrees,337,0,0
I-1,forced,2,Q11b,json,1,0.07,1.358,,30,Bitmap Heap Scan,Bitmap Heap Scan on T [Bitmap Index Scan using T_i1d_latitude_degrees],3086,3064,3086,3064,,1233,0,0,,0,0,21,False,"{""enable_seqscan"": ""off"", ""jit"": ""off"", ""max_parallel_workers_per_gather"": ""0""}",warmup,T_i1d_latitude_degrees,1222,0,0
I-1,forced,2,Q11b,jsonb,1,0.07,1.321,,30,Bitmap Heap Scan,Bitmap Heap Scan on T [Bitmap Index Scan using T_i1d_latitude_degrees],3086,3064,3086,3064,,980,0,0,,0,0,21,False,"{""enable_seqscan"": ""off"", ""jit"": ""off"", ""max_parallel_workers_per_gather"": ""0""}",warmup,T_i1d_latitude_degrees,969,0,0
I-1,forced,2,Q11b,json,2,0.07,1.307,,30,Bitmap Heap Scan,Bitmap Heap Scan on T [Bitmap Index Scan using T_i1d_latitude_degrees],3086,3064,3086,3064,,1233,0,0,,0,0,21,False,"{""enable_seqscan"": ""off"", ""jit"": ""off"", ""max_parallel_workers_per_gather"": ""0""}",warmup,T_i1d_latitude_degrees,1222,0,0
I-1,forced,2,Q11b,jsonb,2,0.074,1.532,,30,Bitmap Heap Scan,Bitmap Heap Scan on T [Bitmap Index Scan using T_i1d_latitude_degrees],3086,3064,3086,3064,,980,0,0,,0,0,21,False,"{""enable_seqscan"": ""off"", ""jit"": ""off"", ""max_parallel_workers_per_gather"": ""0""}",warmup,T_i1d_latitude_degrees,969,0,0
I-1,forced,2,Q11b,json,3,0.072,1.24,,30,Bitmap Heap Scan,Bitmap Heap Scan on T [Bitmap Index Scan using T_i1d_latitude_degrees],3086,3064,3086,3064,,1233,0,0,,0,0,21,False,"{""enable_seqscan"": ""off"", ""jit"": ""off"", ""max_parallel_workers_per_gather"": ""0""}",warmup,T_i1d_latitude_degrees,1222,0,0
I-1,forced,2,Q11b,jsonb,3,0.071,0.997,,30,Bitmap Heap Scan,Bitmap Heap Scan on T [Bitmap Index Scan using T_i1d_latitude_degrees],3086,3064,3086,3064,,980,0,0,,0,0,21,False,"{""enable_seqscan"": ""off"", ""jit"": ""off"", ""max_parallel_workers_per_gather"": ""0""}",warmup,T_i1d_latitude_degrees,969,0,0
I-1,forced,2,Q11b,json,1,0.071,1.102,,30,Bitmap Heap Scan,Bitmap Heap Scan on T [Bitmap Index Scan using T_i1d_latitude_degrees],3086,3064,3086,3064,,1233,0,0,,0,0,21,False,"{""enable_seqscan"": ""off"", ""jit"": ""off"", ""max_parallel_workers_per_gather"": ""0""}",measure,T_i1d_latitude_degrees,1222,0,0
I-1,forced,2,Q11b,jsonb,1,0.071,0.971,,30,Bitmap Heap Scan,Bitmap Heap Scan on T [Bitmap Index Scan using T_i1d_latitude_degrees],3086,3064,3086,3064,,980,0,0,,0,0,21,False,"{""enable_seqscan"": ""off"", ""jit"": ""off"", ""max_parallel_workers_per_gather"": ""0""}",measure,T_i1d_latitude_degrees,969,0,0
I-1,forced,2,Q11b,jsonb,2,0.069,0.966,,30,Bitmap Heap Scan,Bitmap Heap Scan on T [Bitmap Index Scan using T_i1d_latitude_degrees],3086,3064,3086,3064,,980,0,0,,0,0,21,False,"{""enable_seqscan"": ""off"", ""jit"": ""off"", ""max_parallel_workers_per_gather"": ""0""}",measure,T_i1d_latitude_degrees,969,0,0
I-1,forced,2,Q11b,json,2,0.07,1.17,,30,Bitmap Heap Scan,Bitmap Heap Scan on T [Bitmap Index Scan using T_i1d_latitude_degrees],3086,3064,3086,3064,,1233,0,0,,0,0,21,False,"{""enable_seqscan"": ""off"", ""jit"": ""off"", ""max_parallel_workers_per_gather"": ""0""}",measure,T_i1d_latitude_degrees,1222,0,0
I-1,forced,2,Q11b,json,3,0.069,1.025,,30,Bitmap Heap Scan,Bitmap Heap Scan on T [Bitmap Index Scan using T_i1d_latitude_degrees],3086,3064,3086,3064,,1233,0,0,,0,0,21,False,"{""enable_seqscan"": ""off"", ""jit"": ""off"", ""max_parallel_workers_per_gather"": ""0""}",measure,T_i1d_latitude_degrees,1222,0,0
I-1,forced,2,Q11b,jsonb,3,0.069,0.974,,30,Bitmap Heap Scan,Bitmap Heap Scan on T [Bitmap Index Scan using T_i1d_latitude_degrees],3086,3064,3086,3064,,980,0,0,,0,0,21,False,"{""enable_seqscan"": ""off"", ""jit"": ""off"", ""max_parallel_workers_per_gather"": ""0""}",measure,T_i1d_latitude_degrees,969,0,0
I-1,forced,2,Q11b,jsonb,4,0.069,0.967,,30,Bitmap Heap Scan,Bitmap Heap Scan on T [Bitmap Index Scan using T_i1d_latitude_degrees],3086,3064,3086,3064,,980,0,0,,0,0,21,False,"{""enable_seqscan"": ""off"", ""jit"": ""off"", ""max_parallel_workers_per_gather"": ""0""}",measure,T_i1d_latitude_degrees,969,0,0
I-1,forced,2,Q11b,json,4,0.147,1.17,,30,Bitmap Heap Scan,Bitmap Heap Scan on T [Bitmap Index Scan using T_i1d_latitude_degrees],3086,3064,3086,3064,,1233,0,0,,0,0,21,False,"{""enable_seqscan"": ""off"", ""jit"": ""off"", ""max_parallel_workers_per_gather"": ""0""}",measure,T_i1d_latitude_degrees,1222,0,0
I-1,forced,2,Q11b,json,5,0.07,1.508,,30,Bitmap Heap Scan,Bitmap Heap Scan on T [Bitmap Index Scan using T_i1d_latitude_degrees],3086,3064,3086,3064,,1233,0,0,,0,0,21,False,"{""enable_seqscan"": ""off"", ""jit"": ""off"", ""max_parallel_workers_per_gather"": ""0""}",measure,T_i1d_latitude_degrees,1222,0,0
I-1,forced,2,Q11b,jsonb,5,0.102,1.131,,30,Bitmap Heap Scan,Bitmap Heap Scan on T [Bitmap Index Scan using T_i1d_latitude_degrees],3086,3064,3086,3064,,980,0,0,,0,0,21,False,"{""enable_seqscan"": ""off"", ""jit"": ""off"", ""max_parallel_workers_per_gather"": ""0""}",measure,T_i1d_latitude_degrees,969,0,0
I-1,forced,2,Q11b,jsonb,6,0.078,1.104,,30,Bitmap Heap Scan,Bitmap Heap Scan on T [Bitmap Index Scan using T_i1d_latitude_degrees],3086,3064,3086,3064,,980,0,0,,0,0,21,False,"{""enable_seqscan"": ""off"", ""jit"": ""off"", ""max_parallel_workers_per_gather"": ""0""}",measure,T_i1d_latitude_degrees,969,0,0
I-1,forced,2,Q11b,json,6,0.077,1.135,,30,Bitmap Heap Scan,Bitmap Heap Scan on T [Bitmap Index Scan using T_i1d_latitude_degrees],3086,3064,3086,3064,,1233,0,0,,0,0,21,False,"{""enable_seqscan"": ""off"", ""jit"": ""off"", ""max_parallel_workers_per_gather"": ""0""}",measure,T_i1d_latitude_degrees,1222,0,0
I-1,forced,2,Q11b,json,7,0.071,1.12,,30,Bitmap Heap Scan,Bitmap Heap Scan on T [Bitmap Index Scan using T_i1d_latitude_degrees],3086,3064,3086,3064,,1233,0,0,,0,0,21,False,"{""enable_seqscan"": ""off"", ""jit"": ""off"", ""max_parallel_workers_per_gather"": ""0""}",measure,T_i1d_latitude_degrees,1222,0,0
I-1,forced,2,Q11b,jsonb,7,0.07,1.059,,30,Bitmap Heap Scan,Bitmap Heap Scan on T [Bitmap Index Scan using T_i1d_latitude_degrees],3086,3064,3086,3064,,980,0,0,,0,0,21,False,"{""enable_seqscan"": ""off"", ""jit"": ""off"", ""max_parallel_workers_per_gather"": ""0""}",measure,T_i1d_latitude_degrees,969,0,0
I-1,forced,2,Q11b,jsonb,8,0.07,0.977,,30,Bitmap Heap Scan,Bitmap Heap Scan on T [Bitmap Index Scan using T_i1d_latitude_degrees],3086,3064,3086,3064,,980,0,0,,0,0,21,False,"{""enable_seqscan"": ""off"", ""jit"": ""off"", ""max_parallel_workers_per_gather"": ""0""}",measure,T_i1d_latitude_degrees,969,0,0
I-1,forced,2,Q11b,json,8,0.071,1.057,,30,Bitmap Heap Scan,Bitmap Heap Scan on T [Bitmap Index Scan using T_i1d_latitude_degrees],3086,3064,3086,3064,,1233,0,0,,0,0,21,False,"{""enable_seqscan"": ""off"", ""jit"": ""off"", ""max_parallel_workers_per_gather"": ""0""}",measure,T_i1d_latitude_degrees,1222,0,0
I-1,forced,2,Q11b,json,9,0.071,1.033,,30,Bitmap Heap Scan,Bitmap Heap Scan on T [Bitmap Index Scan using T_i1d_latitude_degrees],3086,3064,3086,3064,,1233,0,0,,0,0,21,False,"{""enable_seqscan"": ""off"", ""jit"": ""off"", ""max_parallel_workers_per_gather"": ""0""}",measure,T_i1d_latitude_degrees,1222,0,0
I-1,forced,2,Q11b,jsonb,9,0.07,0.985,,30,Bitmap Heap Scan,Bitmap Heap Scan on T [Bitmap Index Scan using T_i1d_latitude_degrees],3086,3064,3086,3064,,980,0,0,,0,0,21,False,"{""enable_seqscan"": ""off"", ""jit"": ""off"", ""max_parallel_workers_per_gather"": ""0""}",measure,T_i1d_latitude_degrees,969,0,0
I-1,forced,2,Q11b,jsonb,10,0.069,1.303,,30,Bitmap Heap Scan,Bitmap Heap Scan on T [Bitmap Index Scan using T_i1d_latitude_degrees],3086,3064,3086,3064,,980,0,0,,0,0,21,False,"{""enable_seqscan"": ""off"", ""jit"": ""off"", ""max_parallel_workers_per_gather"": ""0""}",measure,T_i1d_latitude_degrees,969,0,0
I-1,forced,2,Q11b,json,10,0.075,1.287,,30,Bitmap Heap Scan,Bitmap Heap Scan on T [Bitmap Index Scan using T_i1d_latitude_degrees],3086,3064,3086,3064,,1233,0,0,,0,0,21,False,"{""enable_seqscan"": ""off"", ""jit"": ""off"", ""max_parallel_workers_per_gather"": ""0""}",measure,T_i1d_latitude_degrees,1222,0,0
I-1,forced,2,Q11b,json,11,0.24,1.16,,30,Bitmap Heap Scan,Bitmap Heap Scan on T [Bitmap Index Scan using T_i1d_latitude_degrees],3086,3064,3086,3064,,1233,0,0,,0,0,21,False,"{""enable_seqscan"": ""off"", ""jit"": ""off"", ""max_parallel_workers_per_gather"": ""0""}",measure,T_i1d_latitude_degrees,1222,0,0
I-1,forced,2,Q11b,jsonb,11,0.073,1.083,,30,Bitmap Heap Scan,Bitmap Heap Scan on T [Bitmap Index Scan using T_i1d_latitude_degrees],3086,3064,3086,3064,,980,0,0,,0,0,21,False,"{""enable_seqscan"": ""off"", ""jit"": ""off"", ""max_parallel_workers_per_gather"": ""0""}",measure,T_i1d_latitude_degrees,969,0,0
I-1,forced,2,Q11b,jsonb,12,0.07,1.01,,30,Bitmap Heap Scan,Bitmap Heap Scan on T [Bitmap Index Scan using T_i1d_latitude_degrees],3086,3064,3086,3064,,980,0,0,,0,0,21,False,"{""enable_seqscan"": ""off"", ""jit"": ""off"", ""max_parallel_workers_per_gather"": ""0""}",measure,T_i1d_latitude_degrees,969,0,0
I-1,forced,2,Q11b,json,12,0.071,1.198,,30,Bitmap Heap Scan,Bitmap Heap Scan on T [Bitmap Index Scan using T_i1d_latitude_degrees],3086,3064,3086,3064,,1233,0,0,,0,0,21,False,"{""enable_seqscan"": ""off"", ""jit"": ""off"", ""max_parallel_workers_per_gather"": ""0""}",measure,T_i1d_latitude_degrees,1222,0,0
I-1,forced,2,Q11b,json,13,0.07,1.037,,30,Bitmap Heap Scan,Bitmap Heap Scan on T [Bitmap Index Scan using T_i1d_latitude_degrees],3086,3064,3086,3064,,1233,0,0,,0,0,21,False,"{""enable_seqscan"": ""off"", ""jit"": ""off"", ""max_parallel_workers_per_gather"": ""0""}",measure,T_i1d_latitude_degrees,1222,0,0
I-1,forced,2,Q11b,jsonb,13,0.069,1.021,,30,Bitmap Heap Scan,Bitmap Heap Scan on T [Bitmap Index Scan using T_i1d_latitude_degrees],3086,3064,3086,3064,,980,0,0,,0,0,21,False,"{""enable_seqscan"": ""off"", ""jit"": ""off"", ""max_parallel_workers_per_gather"": ""0""}",measure,T_i1d_latitude_degrees,969,0,0
I-1,forced,2,Q11b,jsonb,14,0.069,0.962,,30,Bitmap Heap Scan,Bitmap Heap Scan on T [Bitmap Index Scan using T_i1d_latitude_degrees],3086,3064,3086,3064,,980,0,0,,0,0,21,False,"{""enable_seqscan"": ""off"", ""jit"": ""off"", ""max_parallel_workers_per_gather"": ""0""}",measure,T_i1d_latitude_degrees,969,0,0
I-1,forced,2,Q11b,json,14,0.07,1.115,,30,Bitmap Heap Scan,Bitmap Heap Scan on T [Bitmap Index Scan using T_i1d_latitude_degrees],3086,3064,3086,3064,,1233,0,0,,0,0,21,False,"{""enable_seqscan"": ""off"", ""jit"": ""off"", ""max_parallel_workers_per_gather"": ""0""}",measure,T_i1d_latitude_degrees,1222,0,0
I-1,forced,2,Q11b,json,15,0.068,1.133,,30,Bitmap Heap Scan,Bitmap Heap Scan on T [Bitmap Index Scan using T_i1d_latitude_degrees],3086,3064,3086,3064,,1233,0,0,,0,0,21,False,"{""enable_seqscan"": ""off"", ""jit"": ""off"", ""max_parallel_workers_per_gather"": ""0""}",measure,T_i1d_latitude_degrees,1222,0,0
I-1,forced,2,Q11b,jsonb,15,0.07,0.989,,30,Bitmap Heap Scan,Bitmap Heap Scan on T [Bitmap Index Scan using T_i1d_latitude_degrees],3086,3064,3086,3064,,980,0,0,,0,0,21,False,"{""enable_seqscan"": ""off"", ""jit"": ""off"", ""max_parallel_workers_per_gather"": ""0""}",measure,T_i1d_latitude_degrees,969,0,0
I-1,forced,2,Q11b,json,1,0.071,1.19,0.183,30,Bitmap Heap Scan,Bitmap Heap Scan on T [Bitmap Index Scan using T_i1d_latitude_degrees],3086,3064,3086,3064,,1233,0,0,,0,0,21,False,"{""enable_seqscan"": ""off"", ""jit"": ""off"", ""max_parallel_workers_per_gather"": ""0""}",detail,T_i1d_latitude_degrees,1222,0,0
I-1,forced,2,Q11b,jsonb,1,0.111,1.539,0.311,30,Bitmap Heap Scan,Bitmap Heap Scan on T [Bitmap Index Scan using T_i1d_latitude_degrees],3086,3064,3086,3064,,980,0,0,,0,0,21,False,"{""enable_seqscan"": ""off"", ""jit"": ""off"", ""max_parallel_workers_per_gather"": ""0""}",detail,T_i1d_latitude_degrees,969,0,0
I-1,forced,2,Q12a,json,1,0.069,0.023,,1,Index Scan,Index Scan using T_i1e_event_timestamp_utc,1,13,1,13,,15,0,0,,0,0,20,False,"{""enable_seqscan"": ""off"", ""jit"": ""off"", ""max_parallel_workers_per_gather"": ""0""}",warmup,T_i1e_event_timestamp_utc,,,0
I-1,forced,2,Q12a,jsonb,1,0.063,0.022,,1,Index Scan,Index Scan using T_i1e_event_timestamp_utc,1,13,1,13,,15,0,0,,0,0,20,False,"{""enable_seqscan"": ""off"", ""jit"": ""off"", ""max_parallel_workers_per_gather"": ""0""}",warmup,T_i1e_event_timestamp_utc,,,0
I-1,forced,2,Q12a,json,2,0.062,0.019,,1,Index Scan,Index Scan using T_i1e_event_timestamp_utc,1,13,1,13,,15,0,0,,0,0,20,False,"{""enable_seqscan"": ""off"", ""jit"": ""off"", ""max_parallel_workers_per_gather"": ""0""}",warmup,T_i1e_event_timestamp_utc,,,0
I-1,forced,2,Q12a,jsonb,2,0.06,0.019,,1,Index Scan,Index Scan using T_i1e_event_timestamp_utc,1,13,1,13,,15,0,0,,0,0,20,False,"{""enable_seqscan"": ""off"", ""jit"": ""off"", ""max_parallel_workers_per_gather"": ""0""}",warmup,T_i1e_event_timestamp_utc,,,0
I-1,forced,2,Q12a,json,3,0.061,0.019,,1,Index Scan,Index Scan using T_i1e_event_timestamp_utc,1,13,1,13,,15,0,0,,0,0,20,False,"{""enable_seqscan"": ""off"", ""jit"": ""off"", ""max_parallel_workers_per_gather"": ""0""}",warmup,T_i1e_event_timestamp_utc,,,0
I-1,forced,2,Q12a,jsonb,3,0.081,0.021,,1,Index Scan,Index Scan using T_i1e_event_timestamp_utc,1,13,1,13,,15,0,0,,0,0,20,False,"{""enable_seqscan"": ""off"", ""jit"": ""off"", ""max_parallel_workers_per_gather"": ""0""}",warmup,T_i1e_event_timestamp_utc,,,0
I-1,forced,2,Q12a,json,1,0.064,0.019,,1,Index Scan,Index Scan using T_i1e_event_timestamp_utc,1,13,1,13,,15,0,0,,0,0,20,False,"{""enable_seqscan"": ""off"", ""jit"": ""off"", ""max_parallel_workers_per_gather"": ""0""}",measure,T_i1e_event_timestamp_utc,,,0
I-1,forced,2,Q12a,jsonb,1,0.06,0.019,,1,Index Scan,Index Scan using T_i1e_event_timestamp_utc,1,13,1,13,,15,0,0,,0,0,20,False,"{""enable_seqscan"": ""off"", ""jit"": ""off"", ""max_parallel_workers_per_gather"": ""0""}",measure,T_i1e_event_timestamp_utc,,,0
I-1,forced,2,Q12a,jsonb,2,0.06,0.019,,1,Index Scan,Index Scan using T_i1e_event_timestamp_utc,1,13,1,13,,15,0,0,,0,0,20,False,"{""enable_seqscan"": ""off"", ""jit"": ""off"", ""max_parallel_workers_per_gather"": ""0""}",measure,T_i1e_event_timestamp_utc,,,0
I-1,forced,2,Q12a,json,2,0.07,0.019,,1,Index Scan,Index Scan using T_i1e_event_timestamp_utc,1,13,1,13,,15,0,0,,0,0,20,False,"{""enable_seqscan"": ""off"", ""jit"": ""off"", ""max_parallel_workers_per_gather"": ""0""}",measure,T_i1e_event_timestamp_utc,,,0
I-1,forced,2,Q12a,json,3,0.06,0.018,,1,Index Scan,Index Scan using T_i1e_event_timestamp_utc,1,13,1,13,,15,0,0,,0,0,20,False,"{""enable_seqscan"": ""off"", ""jit"": ""off"", ""max_parallel_workers_per_gather"": ""0""}",measure,T_i1e_event_timestamp_utc,,,0
I-1,forced,2,Q12a,jsonb,3,0.059,0.018,,1,Index Scan,Index Scan using T_i1e_event_timestamp_utc,1,13,1,13,,15,0,0,,0,0,20,False,"{""enable_seqscan"": ""off"", ""jit"": ""off"", ""max_parallel_workers_per_gather"": ""0""}",measure,T_i1e_event_timestamp_utc,,,0
I-1,forced,2,Q12a,jsonb,4,0.058,0.018,,1,Index Scan,Index Scan using T_i1e_event_timestamp_utc,1,13,1,13,,15,0,0,,0,0,20,False,"{""enable_seqscan"": ""off"", ""jit"": ""off"", ""max_parallel_workers_per_gather"": ""0""}",measure,T_i1e_event_timestamp_utc,,,0
I-1,forced,2,Q12a,json,4,0.06,0.018,,1,Index Scan,Index Scan using T_i1e_event_timestamp_utc,1,13,1,13,,15,0,0,,0,0,20,False,"{""enable_seqscan"": ""off"", ""jit"": ""off"", ""max_parallel_workers_per_gather"": ""0""}",measure,T_i1e_event_timestamp_utc,,,0
I-1,forced,2,Q12a,json,5,0.058,0.018,,1,Index Scan,Index Scan using T_i1e_event_timestamp_utc,1,13,1,13,,15,0,0,,0,0,20,False,"{""enable_seqscan"": ""off"", ""jit"": ""off"", ""max_parallel_workers_per_gather"": ""0""}",measure,T_i1e_event_timestamp_utc,,,0
I-1,forced,2,Q12a,jsonb,5,0.058,0.018,,1,Index Scan,Index Scan using T_i1e_event_timestamp_utc,1,13,1,13,,15,0,0,,0,0,20,False,"{""enable_seqscan"": ""off"", ""jit"": ""off"", ""max_parallel_workers_per_gather"": ""0""}",measure,T_i1e_event_timestamp_utc,,,0
I-1,forced,2,Q12a,jsonb,6,0.065,0.019,,1,Index Scan,Index Scan using T_i1e_event_timestamp_utc,1,13,1,13,,15,0,0,,0,0,20,False,"{""enable_seqscan"": ""off"", ""jit"": ""off"", ""max_parallel_workers_per_gather"": ""0""}",measure,T_i1e_event_timestamp_utc,,,0
I-1,forced,2,Q12a,json,6,0.058,0.018,,1,Index Scan,Index Scan using T_i1e_event_timestamp_utc,1,13,1,13,,15,0,0,,0,0,20,False,"{""enable_seqscan"": ""off"", ""jit"": ""off"", ""max_parallel_workers_per_gather"": ""0""}",measure,T_i1e_event_timestamp_utc,,,0
I-1,forced,2,Q12a,json,7,0.098,0.03,,1,Index Scan,Index Scan using T_i1e_event_timestamp_utc,1,13,1,13,,15,0,0,,0,0,20,False,"{""enable_seqscan"": ""off"", ""jit"": ""off"", ""max_parallel_workers_per_gather"": ""0""}",measure,T_i1e_event_timestamp_utc,,,0
I-1,forced,2,Q12a,jsonb,7,0.068,0.021,,1,Index Scan,Index Scan using T_i1e_event_timestamp_utc,1,13,1,13,,15,0,0,,0,0,20,False,"{""enable_seqscan"": ""off"", ""jit"": ""off"", ""max_parallel_workers_per_gather"": ""0""}",measure,T_i1e_event_timestamp_utc,,,0
I-1,forced,2,Q12a,jsonb,8,0.062,0.019,,1,Index Scan,Index Scan using T_i1e_event_timestamp_utc,1,13,1,13,,15,0,0,,0,0,20,False,"{""enable_seqscan"": ""off"", ""jit"": ""off"", ""max_parallel_workers_per_gather"": ""0""}",measure,T_i1e_event_timestamp_utc,,,0
I-1,forced,2,Q12a,json,8,0.062,0.02,,1,Index Scan,Index Scan using T_i1e_event_timestamp_utc,1,13,1,13,,15,0,0,,0,0,20,False,"{""enable_seqscan"": ""off"", ""jit"": ""off"", ""max_parallel_workers_per_gather"": ""0""}",measure,T_i1e_event_timestamp_utc,,,0
I-1,forced,2,Q12a,json,9,0.067,0.021,,1,Index Scan,Index Scan using T_i1e_event_timestamp_utc,1,13,1,13,,15,0,0,,0,0,20,False,"{""enable_seqscan"": ""off"", ""jit"": ""off"", ""max_parallel_workers_per_gather"": ""0""}",measure,T_i1e_event_timestamp_utc,,,0
I-1,forced,2,Q12a,jsonb,9,0.061,0.019,,1,Index Scan,Index Scan using T_i1e_event_timestamp_utc,1,13,1,13,,15,0,0,,0,0,20,False,"{""enable_seqscan"": ""off"", ""jit"": ""off"", ""max_parallel_workers_per_gather"": ""0""}",measure,T_i1e_event_timestamp_utc,,,0
I-1,forced,2,Q12a,jsonb,10,0.06,0.019,,1,Index Scan,Index Scan using T_i1e_event_timestamp_utc,1,13,1,13,,15,0,0,,0,0,20,False,"{""enable_seqscan"": ""off"", ""jit"": ""off"", ""max_parallel_workers_per_gather"": ""0""}",measure,T_i1e_event_timestamp_utc,,,0
I-1,forced,2,Q12a,json,10,0.06,0.019,,1,Index Scan,Index Scan using T_i1e_event_timestamp_utc,1,13,1,13,,15,0,0,,0,0,20,False,"{""enable_seqscan"": ""off"", ""jit"": ""off"", ""max_parallel_workers_per_gather"": ""0""}",measure,T_i1e_event_timestamp_utc,,,0
I-1,forced,2,Q12a,json,11,0.092,0.028,,1,Index Scan,Index Scan using T_i1e_event_timestamp_utc,1,13,1,13,,15,0,0,,0,0,20,False,"{""enable_seqscan"": ""off"", ""jit"": ""off"", ""max_parallel_workers_per_gather"": ""0""}",measure,T_i1e_event_timestamp_utc,,,0
I-1,forced,2,Q12a,jsonb,11,0.068,0.021,,1,Index Scan,Index Scan using T_i1e_event_timestamp_utc,1,13,1,13,,15,0,0,,0,0,20,False,"{""enable_seqscan"": ""off"", ""jit"": ""off"", ""max_parallel_workers_per_gather"": ""0""}",measure,T_i1e_event_timestamp_utc,,,0
I-1,forced,2,Q12a,jsonb,12,0.062,0.019,,1,Index Scan,Index Scan using T_i1e_event_timestamp_utc,1,13,1,13,,15,0,0,,0,0,20,False,"{""enable_seqscan"": ""off"", ""jit"": ""off"", ""max_parallel_workers_per_gather"": ""0""}",measure,T_i1e_event_timestamp_utc,,,0
I-1,forced,2,Q12a,json,12,0.062,0.019,,1,Index Scan,Index Scan using T_i1e_event_timestamp_utc,1,13,1,13,,15,0,0,,0,0,20,False,"{""enable_seqscan"": ""off"", ""jit"": ""off"", ""max_parallel_workers_per_gather"": ""0""}",measure,T_i1e_event_timestamp_utc,,,0
I-1,forced,2,Q12a,json,13,0.06,0.018,,1,Index Scan,Index Scan using T_i1e_event_timestamp_utc,1,13,1,13,,15,0,0,,0,0,20,False,"{""enable_seqscan"": ""off"", ""jit"": ""off"", ""max_parallel_workers_per_gather"": ""0""}",measure,T_i1e_event_timestamp_utc,,,0
I-1,forced,2,Q12a,jsonb,13,0.059,0.018,,1,Index Scan,Index Scan using T_i1e_event_timestamp_utc,1,13,1,13,,15,0,0,,0,0,20,False,"{""enable_seqscan"": ""off"", ""jit"": ""off"", ""max_parallel_workers_per_gather"": ""0""}",measure,T_i1e_event_timestamp_utc,,,0
I-1,forced,2,Q12a,jsonb,14,0.068,0.019,,1,Index Scan,Index Scan using T_i1e_event_timestamp_utc,1,13,1,13,,15,0,0,,0,0,20,False,"{""enable_seqscan"": ""off"", ""jit"": ""off"", ""max_parallel_workers_per_gather"": ""0""}",measure,T_i1e_event_timestamp_utc,,,0
I-1,forced,2,Q12a,json,14,0.059,0.018,,1,Index Scan,Index Scan using T_i1e_event_timestamp_utc,1,13,1,13,,15,0,0,,0,0,20,False,"{""enable_seqscan"": ""off"", ""jit"": ""off"", ""max_parallel_workers_per_gather"": ""0""}",measure,T_i1e_event_timestamp_utc,,,0
I-1,forced,2,Q12a,json,15,0.092,0.028,,1,Index Scan,Index Scan using T_i1e_event_timestamp_utc,1,13,1,13,,15,0,0,,0,0,20,False,"{""enable_seqscan"": ""off"", ""jit"": ""off"", ""max_parallel_workers_per_gather"": ""0""}",measure,T_i1e_event_timestamp_utc,,,0
I-1,forced,2,Q12a,jsonb,15,0.148,0.034,,1,Index Scan,Index Scan using T_i1e_event_timestamp_utc,1,13,1,13,,15,0,0,,0,0,20,False,"{""enable_seqscan"": ""off"", ""jit"": ""off"", ""max_parallel_workers_per_gather"": ""0""}",measure,T_i1e_event_timestamp_utc,,,0
I-1,forced,2,Q12a,json,1,0.091,0.029,0.003,1,Index Scan,Index Scan using T_i1e_event_timestamp_utc,1,13,1,13,,15,0,0,,0,0,20,False,"{""enable_seqscan"": ""off"", ""jit"": ""off"", ""max_parallel_workers_per_gather"": ""0""}",detail,T_i1e_event_timestamp_utc,,,0
I-1,forced,2,Q12a,jsonb,1,0.091,0.029,0.003,1,Index Scan,Index Scan using T_i1e_event_timestamp_utc,1,13,1,13,,15,0,0,,0,0,20,False,"{""enable_seqscan"": ""off"", ""jit"": ""off"", ""max_parallel_workers_per_gather"": ""0""}",detail,T_i1e_event_timestamp_utc,,,0
I-1,forced,2,Q12b,json,1,0.093,0.148,,2,Bitmap Heap Scan,Bitmap Heap Scan on T [Bitmap Index Scan using T_i1e_event_timestamp_utc],88,108,88,108,,105,0,0,,0,0,20,False,"{""enable_seqscan"": ""off"", ""jit"": ""off"", ""max_parallel_workers_per_gather"": ""0""}",warmup,T_i1e_event_timestamp_utc,102,0,0
I-1,forced,2,Q12b,jsonb,1,0.092,0.142,,2,Bitmap Heap Scan,Bitmap Heap Scan on T [Bitmap Index Scan using T_i1e_event_timestamp_utc],88,108,88,108,,105,0,0,,0,0,20,False,"{""enable_seqscan"": ""off"", ""jit"": ""off"", ""max_parallel_workers_per_gather"": ""0""}",warmup,T_i1e_event_timestamp_utc,102,0,0
I-1,forced,2,Q12b,json,2,0.185,0.229,,2,Bitmap Heap Scan,Bitmap Heap Scan on T [Bitmap Index Scan using T_i1e_event_timestamp_utc],88,108,88,108,,105,0,0,,0,0,20,False,"{""enable_seqscan"": ""off"", ""jit"": ""off"", ""max_parallel_workers_per_gather"": ""0""}",warmup,T_i1e_event_timestamp_utc,102,0,0
I-1,forced,2,Q12b,jsonb,2,0.093,0.133,,2,Bitmap Heap Scan,Bitmap Heap Scan on T [Bitmap Index Scan using T_i1e_event_timestamp_utc],88,108,88,108,,105,0,0,,0,0,20,False,"{""enable_seqscan"": ""off"", ""jit"": ""off"", ""max_parallel_workers_per_gather"": ""0""}",warmup,T_i1e_event_timestamp_utc,102,0,0
I-1,forced,2,Q12b,json,3,0.133,0.119,,2,Bitmap Heap Scan,Bitmap Heap Scan on T [Bitmap Index Scan using T_i1e_event_timestamp_utc],88,108,88,108,,105,0,0,,0,0,20,False,"{""enable_seqscan"": ""off"", ""jit"": ""off"", ""max_parallel_workers_per_gather"": ""0""}",warmup,T_i1e_event_timestamp_utc,102,0,0
I-1,forced,2,Q12b,jsonb,3,0.096,0.085,,2,Bitmap Heap Scan,Bitmap Heap Scan on T [Bitmap Index Scan using T_i1e_event_timestamp_utc],88,108,88,108,,105,0,0,,0,0,20,False,"{""enable_seqscan"": ""off"", ""jit"": ""off"", ""max_parallel_workers_per_gather"": ""0""}",warmup,T_i1e_event_timestamp_utc,102,0,0
I-1,forced,2,Q12b,json,1,0.093,0.126,,2,Bitmap Heap Scan,Bitmap Heap Scan on T [Bitmap Index Scan using T_i1e_event_timestamp_utc],88,108,88,108,,105,0,0,,0,0,20,False,"{""enable_seqscan"": ""off"", ""jit"": ""off"", ""max_parallel_workers_per_gather"": ""0""}",measure,T_i1e_event_timestamp_utc,102,0,0
I-1,forced,2,Q12b,jsonb,1,0.093,0.125,,2,Bitmap Heap Scan,Bitmap Heap Scan on T [Bitmap Index Scan using T_i1e_event_timestamp_utc],88,108,88,108,,105,0,0,,0,0,20,False,"{""enable_seqscan"": ""off"", ""jit"": ""off"", ""max_parallel_workers_per_gather"": ""0""}",measure,T_i1e_event_timestamp_utc,102,0,0
I-1,forced,2,Q12b,jsonb,2,0.093,0.122,,2,Bitmap Heap Scan,Bitmap Heap Scan on T [Bitmap Index Scan using T_i1e_event_timestamp_utc],88,108,88,108,,105,0,0,,0,0,20,False,"{""enable_seqscan"": ""off"", ""jit"": ""off"", ""max_parallel_workers_per_gather"": ""0""}",measure,T_i1e_event_timestamp_utc,102,0,0
I-1,forced,2,Q12b,json,2,0.093,0.123,,2,Bitmap Heap Scan,Bitmap Heap Scan on T [Bitmap Index Scan using T_i1e_event_timestamp_utc],88,108,88,108,,105,0,0,,0,0,20,False,"{""enable_seqscan"": ""off"", ""jit"": ""off"", ""max_parallel_workers_per_gather"": ""0""}",measure,T_i1e_event_timestamp_utc,102,0,0
I-1,forced,2,Q12b,json,3,0.105,0.117,,2,Bitmap Heap Scan,Bitmap Heap Scan on T [Bitmap Index Scan using T_i1e_event_timestamp_utc],88,108,88,108,,105,0,0,,0,0,20,False,"{""enable_seqscan"": ""off"", ""jit"": ""off"", ""max_parallel_workers_per_gather"": ""0""}",measure,T_i1e_event_timestamp_utc,102,0,0
I-1,forced,2,Q12b,jsonb,3,0.107,0.079,,2,Bitmap Heap Scan,Bitmap Heap Scan on T [Bitmap Index Scan using T_i1e_event_timestamp_utc],88,108,88,108,,105,0,0,,0,0,20,False,"{""enable_seqscan"": ""off"", ""jit"": ""off"", ""max_parallel_workers_per_gather"": ""0""}",measure,T_i1e_event_timestamp_utc,102,0,0
I-1,forced,2,Q12b,jsonb,4,0.06,0.071,,2,Bitmap Heap Scan,Bitmap Heap Scan on T [Bitmap Index Scan using T_i1e_event_timestamp_utc],88,108,88,108,,105,0,0,,0,0,20,False,"{""enable_seqscan"": ""off"", ""jit"": ""off"", ""max_parallel_workers_per_gather"": ""0""}",measure,T_i1e_event_timestamp_utc,102,0,0
I-1,forced,2,Q12b,json,4,0.059,0.077,,2,Bitmap Heap Scan,Bitmap Heap Scan on T [Bitmap Index Scan using T_i1e_event_timestamp_utc],88,108,88,108,,105,0,0,,0,0,20,False,"{""enable_seqscan"": ""off"", ""jit"": ""off"", ""max_parallel_workers_per_gather"": ""0""}",measure,T_i1e_event_timestamp_utc,102,0,0
I-1,forced,2,Q12b,json,5,0.06,0.07,,2,Bitmap Heap Scan,Bitmap Heap Scan on T [Bitmap Index Scan using T_i1e_event_timestamp_utc],88,108,88,108,,105,0,0,,0,0,20,False,"{""enable_seqscan"": ""off"", ""jit"": ""off"", ""max_parallel_workers_per_gather"": ""0""}",measure,T_i1e_event_timestamp_utc,102,0,0
I-1,forced,2,Q12b,jsonb,5,0.06,0.07,,2,Bitmap Heap Scan,Bitmap Heap Scan on T [Bitmap Index Scan using T_i1e_event_timestamp_utc],88,108,88,108,,105,0,0,,0,0,20,False,"{""enable_seqscan"": ""off"", ""jit"": ""off"", ""max_parallel_workers_per_gather"": ""0""}",measure,T_i1e_event_timestamp_utc,102,0,0
I-1,forced,2,Q12b,jsonb,6,0.06,0.07,,2,Bitmap Heap Scan,Bitmap Heap Scan on T [Bitmap Index Scan using T_i1e_event_timestamp_utc],88,108,88,108,,105,0,0,,0,0,20,False,"{""enable_seqscan"": ""off"", ""jit"": ""off"", ""max_parallel_workers_per_gather"": ""0""}",measure,T_i1e_event_timestamp_utc,102,0,0
I-1,forced,2,Q12b,json,6,0.065,0.072,,2,Bitmap Heap Scan,Bitmap Heap Scan on T [Bitmap Index Scan using T_i1e_event_timestamp_utc],88,108,88,108,,105,0,0,,0,0,20,False,"{""enable_seqscan"": ""off"", ""jit"": ""off"", ""max_parallel_workers_per_gather"": ""0""}",measure,T_i1e_event_timestamp_utc,102,0,0
I-1,forced,2,Q12b,json,7,0.061,0.072,,2,Bitmap Heap Scan,Bitmap Heap Scan on T [Bitmap Index Scan using T_i1e_event_timestamp_utc],88,108,88,108,,105,0,0,,0,0,20,False,"{""enable_seqscan"": ""off"", ""jit"": ""off"", ""max_parallel_workers_per_gather"": ""0""}",measure,T_i1e_event_timestamp_utc,102,0,0
I-1,forced,2,Q12b,jsonb,7,0.065,0.074,,2,Bitmap Heap Scan,Bitmap Heap Scan on T [Bitmap Index Scan using T_i1e_event_timestamp_utc],88,108,88,108,,105,0,0,,0,0,20,False,"{""enable_seqscan"": ""off"", ""jit"": ""off"", ""max_parallel_workers_per_gather"": ""0""}",measure,T_i1e_event_timestamp_utc,102,0,0
I-1,forced,2,Q12b,jsonb,8,0.062,0.147,,2,Bitmap Heap Scan,Bitmap Heap Scan on T [Bitmap Index Scan using T_i1e_event_timestamp_utc],88,108,88,108,,105,0,0,,0,0,20,False,"{""enable_seqscan"": ""off"", ""jit"": ""off"", ""max_parallel_workers_per_gather"": ""0""}",measure,T_i1e_event_timestamp_utc,102,0,0
I-1,forced,2,Q12b,json,8,0.062,0.071,,2,Bitmap Heap Scan,Bitmap Heap Scan on T [Bitmap Index Scan using T_i1e_event_timestamp_utc],88,108,88,108,,105,0,0,,0,0,20,False,"{""enable_seqscan"": ""off"", ""jit"": ""off"", ""max_parallel_workers_per_gather"": ""0""}",measure,T_i1e_event_timestamp_utc,102,0,0
I-1,forced,2,Q12b,json,9,0.062,0.071,,2,Bitmap Heap Scan,Bitmap Heap Scan on T [Bitmap Index Scan using T_i1e_event_timestamp_utc],88,108,88,108,,105,0,0,,0,0,20,False,"{""enable_seqscan"": ""off"", ""jit"": ""off"", ""max_parallel_workers_per_gather"": ""0""}",measure,T_i1e_event_timestamp_utc,102,0,0
I-1,forced,2,Q12b,jsonb,9,0.061,0.081,,2,Bitmap Heap Scan,Bitmap Heap Scan on T [Bitmap Index Scan using T_i1e_event_timestamp_utc],88,108,88,108,,105,0,0,,0,0,20,False,"{""enable_seqscan"": ""off"", ""jit"": ""off"", ""max_parallel_workers_per_gather"": ""0""}",measure,T_i1e_event_timestamp_utc,102,0,0
I-1,forced,2,Q12b,jsonb,10,0.062,0.072,,2,Bitmap Heap Scan,Bitmap Heap Scan on T [Bitmap Index Scan using T_i1e_event_timestamp_utc],88,108,88,108,,105,0,0,,0,0,20,False,"{""enable_seqscan"": ""off"", ""jit"": ""off"", ""max_parallel_workers_per_gather"": ""0""}",measure,T_i1e_event_timestamp_utc,102,0,0
I-1,forced,2,Q12b,json,10,0.061,0.071,,2,Bitmap Heap Scan,Bitmap Heap Scan on T [Bitmap Index Scan using T_i1e_event_timestamp_utc],88,108,88,108,,105,0,0,,0,0,20,False,"{""enable_seqscan"": ""off"", ""jit"": ""off"", ""max_parallel_workers_per_gather"": ""0""}",measure,T_i1e_event_timestamp_utc,102,0,0
I-1,forced,2,Q12b,json,11,0.061,0.07,,2,Bitmap Heap Scan,Bitmap Heap Scan on T [Bitmap Index Scan using T_i1e_event_timestamp_utc],88,108,88,108,,105,0,0,,0,0,20,False,"{""enable_seqscan"": ""off"", ""jit"": ""off"", ""max_parallel_workers_per_gather"": ""0""}",measure,T_i1e_event_timestamp_utc,102,0,0
I-1,forced,2,Q12b,jsonb,11,0.06,0.071,,2,Bitmap Heap Scan,Bitmap Heap Scan on T [Bitmap Index Scan using T_i1e_event_timestamp_utc],88,108,88,108,,105,0,0,,0,0,20,False,"{""enable_seqscan"": ""off"", ""jit"": ""off"", ""max_parallel_workers_per_gather"": ""0""}",measure,T_i1e_event_timestamp_utc,102,0,0
I-1,forced,2,Q12b,jsonb,12,0.06,0.08,,2,Bitmap Heap Scan,Bitmap Heap Scan on T [Bitmap Index Scan using T_i1e_event_timestamp_utc],88,108,88,108,,105,0,0,,0,0,20,False,"{""enable_seqscan"": ""off"", ""jit"": ""off"", ""max_parallel_workers_per_gather"": ""0""}",measure,T_i1e_event_timestamp_utc,102,0,0
I-1,forced,2,Q12b,json,12,0.06,0.07,,2,Bitmap Heap Scan,Bitmap Heap Scan on T [Bitmap Index Scan using T_i1e_event_timestamp_utc],88,108,88,108,,105,0,0,,0,0,20,False,"{""enable_seqscan"": ""off"", ""jit"": ""off"", ""max_parallel_workers_per_gather"": ""0""}",measure,T_i1e_event_timestamp_utc,102,0,0
I-1,forced,2,Q12b,json,13,0.06,0.07,,2,Bitmap Heap Scan,Bitmap Heap Scan on T [Bitmap Index Scan using T_i1e_event_timestamp_utc],88,108,88,108,,105,0,0,,0,0,20,False,"{""enable_seqscan"": ""off"", ""jit"": ""off"", ""max_parallel_workers_per_gather"": ""0""}",measure,T_i1e_event_timestamp_utc,102,0,0
I-1,forced,2,Q12b,jsonb,13,0.06,0.073,,2,Bitmap Heap Scan,Bitmap Heap Scan on T [Bitmap Index Scan using T_i1e_event_timestamp_utc],88,108,88,108,,105,0,0,,0,0,20,False,"{""enable_seqscan"": ""off"", ""jit"": ""off"", ""max_parallel_workers_per_gather"": ""0""}",measure,T_i1e_event_timestamp_utc,102,0,0
I-1,forced,2,Q12b,jsonb,14,0.059,0.128,,2,Bitmap Heap Scan,Bitmap Heap Scan on T [Bitmap Index Scan using T_i1e_event_timestamp_utc],88,108,88,108,,105,0,0,,0,0,20,False,"{""enable_seqscan"": ""off"", ""jit"": ""off"", ""max_parallel_workers_per_gather"": ""0""}",measure,T_i1e_event_timestamp_utc,102,0,0
I-1,forced,2,Q12b,json,14,0.059,0.073,,2,Bitmap Heap Scan,Bitmap Heap Scan on T [Bitmap Index Scan using T_i1e_event_timestamp_utc],88,108,88,108,,105,0,0,,0,0,20,False,"{""enable_seqscan"": ""off"", ""jit"": ""off"", ""max_parallel_workers_per_gather"": ""0""}",measure,T_i1e_event_timestamp_utc,102,0,0
I-1,forced,2,Q12b,json,15,0.06,0.07,,2,Bitmap Heap Scan,Bitmap Heap Scan on T [Bitmap Index Scan using T_i1e_event_timestamp_utc],88,108,88,108,,105,0,0,,0,0,20,False,"{""enable_seqscan"": ""off"", ""jit"": ""off"", ""max_parallel_workers_per_gather"": ""0""}",measure,T_i1e_event_timestamp_utc,102,0,0
I-1,forced,2,Q12b,jsonb,15,0.06,0.071,,2,Bitmap Heap Scan,Bitmap Heap Scan on T [Bitmap Index Scan using T_i1e_event_timestamp_utc],88,108,88,108,,105,0,0,,0,0,20,False,"{""enable_seqscan"": ""off"", ""jit"": ""off"", ""max_parallel_workers_per_gather"": ""0""}",measure,T_i1e_event_timestamp_utc,102,0,0
I-1,forced,2,Q12b,json,1,0.06,0.075,0.008,2,Bitmap Heap Scan,Bitmap Heap Scan on T [Bitmap Index Scan using T_i1e_event_timestamp_utc],88,108,88,108,,105,0,0,,0,0,20,False,"{""enable_seqscan"": ""off"", ""jit"": ""off"", ""max_parallel_workers_per_gather"": ""0""}",detail,T_i1e_event_timestamp_utc,102,0,0
I-1,forced,2,Q12b,jsonb,1,0.06,0.075,0.007,2,Bitmap Heap Scan,Bitmap Heap Scan on T [Bitmap Index Scan using T_i1e_event_timestamp_utc],88,108,88,108,,105,0,0,,0,0,20,False,"{""enable_seqscan"": ""off"", ""jit"": ""off"", ""max_parallel_workers_per_gather"": ""0""}",detail,T_i1e_event_timestamp_utc,102,0,0
I-1,forced,2,Q12c,json,1,0.06,0.323,,5,Bitmap Heap Scan,Bitmap Heap Scan on T [Bitmap Index Scan using T_i1e_event_timestamp_utc],500,498,500,498,,424,0,0,,0,0,20,False,"{""enable_seqscan"": ""off"", ""jit"": ""off"", ""max_parallel_workers_per_gather"": ""0""}",warmup,T_i1e_event_timestamp_utc,419,0,0
I-1,forced,2,Q12c,jsonb,1,0.14,0.331,,5,Bitmap Heap Scan,Bitmap Heap Scan on T [Bitmap Index Scan using T_i1e_event_timestamp_utc],500,498,500,498,,408,0,0,,0,0,20,False,"{""enable_seqscan"": ""off"", ""jit"": ""off"", ""max_parallel_workers_per_gather"": ""0""}",warmup,T_i1e_event_timestamp_utc,403,0,0
I-1,forced,2,Q12c,json,2,0.076,0.348,,5,Bitmap Heap Scan,Bitmap Heap Scan on T [Bitmap Index Scan using T_i1e_event_timestamp_utc],500,498,500,498,,424,0,0,,0,0,20,False,"{""enable_seqscan"": ""off"", ""jit"": ""off"", ""max_parallel_workers_per_gather"": ""0""}",warmup,T_i1e_event_timestamp_utc,419,0,0
I-1,forced,2,Q12c,jsonb,2,0.086,0.291,,5,Bitmap Heap Scan,Bitmap Heap Scan on T [Bitmap Index Scan using T_i1e_event_timestamp_utc],500,498,500,498,,408,0,0,,0,0,20,False,"{""enable_seqscan"": ""off"", ""jit"": ""off"", ""max_parallel_workers_per_gather"": ""0""}",warmup,T_i1e_event_timestamp_utc,403,0,0
I-1,forced,2,Q12c,json,3,0.062,0.261,,5,Bitmap Heap Scan,Bitmap Heap Scan on T [Bitmap Index Scan using T_i1e_event_timestamp_utc],500,498,500,498,,424,0,0,,0,0,20,False,"{""enable_seqscan"": ""off"", ""jit"": ""off"", ""max_parallel_workers_per_gather"": ""0""}",warmup,T_i1e_event_timestamp_utc,419,0,0
I-1,forced,2,Q12c,jsonb,3,0.06,0.246,,5,Bitmap Heap Scan,Bitmap Heap Scan on T [Bitmap Index Scan using T_i1e_event_timestamp_utc],500,498,500,498,,408,0,0,,0,0,20,False,"{""enable_seqscan"": ""off"", ""jit"": ""off"", ""max_parallel_workers_per_gather"": ""0""}",warmup,T_i1e_event_timestamp_utc,403,0,0
I-1,forced,2,Q12c,json,1,0.06,0.237,,5,Bitmap Heap Scan,Bitmap Heap Scan on T [Bitmap Index Scan using T_i1e_event_timestamp_utc],500,498,500,498,,424,0,0,,0,0,20,False,"{""enable_seqscan"": ""off"", ""jit"": ""off"", ""max_parallel_workers_per_gather"": ""0""}",measure,T_i1e_event_timestamp_utc,419,0,0
I-1,forced,2,Q12c,jsonb,1,0.06,0.234,,5,Bitmap Heap Scan,Bitmap Heap Scan on T [Bitmap Index Scan using T_i1e_event_timestamp_utc],500,498,500,498,,408,0,0,,0,0,20,False,"{""enable_seqscan"": ""off"", ""jit"": ""off"", ""max_parallel_workers_per_gather"": ""0""}",measure,T_i1e_event_timestamp_utc,403,0,0
I-1,forced,2,Q12c,jsonb,2,0.06,0.233,,5,Bitmap Heap Scan,Bitmap Heap Scan on T [Bitmap Index Scan using T_i1e_event_timestamp_utc],500,498,500,498,,408,0,0,,0,0,20,False,"{""enable_seqscan"": ""off"", ""jit"": ""off"", ""max_parallel_workers_per_gather"": ""0""}",measure,T_i1e_event_timestamp_utc,403,0,0
I-1,forced,2,Q12c,json,2,0.061,0.244,,5,Bitmap Heap Scan,Bitmap Heap Scan on T [Bitmap Index Scan using T_i1e_event_timestamp_utc],500,498,500,498,,424,0,0,,0,0,20,False,"{""enable_seqscan"": ""off"", ""jit"": ""off"", ""max_parallel_workers_per_gather"": ""0""}",measure,T_i1e_event_timestamp_utc,419,0,0
I-1,forced,2,Q12c,json,3,0.061,0.236,,5,Bitmap Heap Scan,Bitmap Heap Scan on T [Bitmap Index Scan using T_i1e_event_timestamp_utc],500,498,500,498,,424,0,0,,0,0,20,False,"{""enable_seqscan"": ""off"", ""jit"": ""off"", ""max_parallel_workers_per_gather"": ""0""}",measure,T_i1e_event_timestamp_utc,419,0,0
I-1,forced,2,Q12c,jsonb,3,0.06,0.235,,5,Bitmap Heap Scan,Bitmap Heap Scan on T [Bitmap Index Scan using T_i1e_event_timestamp_utc],500,498,500,498,,408,0,0,,0,0,20,False,"{""enable_seqscan"": ""off"", ""jit"": ""off"", ""max_parallel_workers_per_gather"": ""0""}",measure,T_i1e_event_timestamp_utc,403,0,0
I-1,forced,2,Q12c,jsonb,4,0.06,0.233,,5,Bitmap Heap Scan,Bitmap Heap Scan on T [Bitmap Index Scan using T_i1e_event_timestamp_utc],500,498,500,498,,408,0,0,,0,0,20,False,"{""enable_seqscan"": ""off"", ""jit"": ""off"", ""max_parallel_workers_per_gather"": ""0""}",measure,T_i1e_event_timestamp_utc,403,0,0
I-1,forced,2,Q12c,json,4,0.191,0.676,,5,Bitmap Heap Scan,Bitmap Heap Scan on T [Bitmap Index Scan using T_i1e_event_timestamp_utc],500,498,500,498,,424,0,0,,0,0,20,False,"{""enable_seqscan"": ""off"", ""jit"": ""off"", ""max_parallel_workers_per_gather"": ""0""}",measure,T_i1e_event_timestamp_utc,419,0,0
I-1,forced,2,Q12c,json,5,0.09,0.419,,5,Bitmap Heap Scan,Bitmap Heap Scan on T [Bitmap Index Scan using T_i1e_event_timestamp_utc],500,498,500,498,,424,0,0,,0,0,20,False,"{""enable_seqscan"": ""off"", ""jit"": ""off"", ""max_parallel_workers_per_gather"": ""0""}",measure,T_i1e_event_timestamp_utc,419,0,0
I-1,forced,2,Q12c,jsonb,5,0.088,0.399,,5,Bitmap Heap Scan,Bitmap Heap Scan on T [Bitmap Index Scan using T_i1e_event_timestamp_utc],500,498,500,498,,408,0,0,,0,0,20,False,"{""enable_seqscan"": ""off"", ""jit"": ""off"", ""max_parallel_workers_per_gather"": ""0""}",measure,T_i1e_event_timestamp_utc,403,0,0
I-1,forced,2,Q12c,jsonb,6,0.063,0.264,,5,Bitmap Heap Scan,Bitmap Heap Scan on T [Bitmap Index Scan using T_i1e_event_timestamp_utc],500,498,500,498,,408,0,0,,0,0,20,False,"{""enable_seqscan"": ""off"", ""jit"": ""off"", ""max_parallel_workers_per_gather"": ""0""}",measure,T_i1e_event_timestamp_utc,403,0,0
I-1,forced,2,Q12c,json,6,0.062,0.263,,5,Bitmap Heap Scan,Bitmap Heap Scan on T [Bitmap Index Scan using T_i1e_event_timestamp_utc],500,498,500,498,,424,0,0,,0,0,20,False,"{""enable_seqscan"": ""off"", ""jit"": ""off"", ""max_parallel_workers_per_gather"": ""0""}",measure,T_i1e_event_timestamp_utc,419,0,0
I-1,forced,2,Q12c,json,7,0.061,0.242,,5,Bitmap Heap Scan,Bitmap Heap Scan on T [Bitmap Index Scan using T_i1e_event_timestamp_utc],500,498,500,498,,424,0,0,,0,0,20,False,"{""enable_seqscan"": ""off"", ""jit"": ""off"", ""max_parallel_workers_per_gather"": ""0""}",measure,T_i1e_event_timestamp_utc,419,0,0
I-1,forced,2,Q12c,jsonb,7,0.06,0.249,,5,Bitmap Heap Scan,Bitmap Heap Scan on T [Bitmap Index Scan using T_i1e_event_timestamp_utc],500,498,500,498,,408,0,0,,0,0,20,False,"{""enable_seqscan"": ""off"", ""jit"": ""off"", ""max_parallel_workers_per_gather"": ""0""}",measure,T_i1e_event_timestamp_utc,403,0,0
I-1,forced,2,Q12c,jsonb,8,0.061,0.236,,5,Bitmap Heap Scan,Bitmap Heap Scan on T [Bitmap Index Scan using T_i1e_event_timestamp_utc],500,498,500,498,,408,0,0,,0,0,20,False,"{""enable_seqscan"": ""off"", ""jit"": ""off"", ""max_parallel_workers_per_gather"": ""0""}",measure,T_i1e_event_timestamp_utc,403,0,0
I-1,forced,2,Q12c,json,8,0.062,0.238,,5,Bitmap Heap Scan,Bitmap Heap Scan on T [Bitmap Index Scan using T_i1e_event_timestamp_utc],500,498,500,498,,424,0,0,,0,0,20,False,"{""enable_seqscan"": ""off"", ""jit"": ""off"", ""max_parallel_workers_per_gather"": ""0""}",measure,T_i1e_event_timestamp_utc,419,0,0
I-1,forced,2,Q12c,json,9,0.065,0.364,,5,Bitmap Heap Scan,Bitmap Heap Scan on T [Bitmap Index Scan using T_i1e_event_timestamp_utc],500,498,500,498,,424,0,0,,0,0,20,False,"{""enable_seqscan"": ""off"", ""jit"": ""off"", ""max_parallel_workers_per_gather"": ""0""}",measure,T_i1e_event_timestamp_utc,419,0,0
I-1,forced,2,Q12c,jsonb,9,0.092,0.445,,5,Bitmap Heap Scan,Bitmap Heap Scan on T [Bitmap Index Scan using T_i1e_event_timestamp_utc],500,498,500,498,,408,0,0,,0,0,20,False,"{""enable_seqscan"": ""off"", ""jit"": ""off"", ""max_parallel_workers_per_gather"": ""0""}",measure,T_i1e_event_timestamp_utc,403,0,0
I-1,forced,2,Q12c,jsonb,10,0.132,0.37,,5,Bitmap Heap Scan,Bitmap Heap Scan on T [Bitmap Index Scan using T_i1e_event_timestamp_utc],500,498,500,498,,408,0,0,,0,0,20,False,"{""enable_seqscan"": ""off"", ""jit"": ""off"", ""max_parallel_workers_per_gather"": ""0""}",measure,T_i1e_event_timestamp_utc,403,0,0
I-1,forced,2,Q12c,json,10,0.086,0.565,,5,Bitmap Heap Scan,Bitmap Heap Scan on T [Bitmap Index Scan using T_i1e_event_timestamp_utc],500,498,500,498,,424,0,0,,0,0,20,False,"{""enable_seqscan"": ""off"", ""jit"": ""off"", ""max_parallel_workers_per_gather"": ""0""}",measure,T_i1e_event_timestamp_utc,419,0,0
I-1,forced,2,Q12c,json,11,0.069,0.289,,5,Bitmap Heap Scan,Bitmap Heap Scan on T [Bitmap Index Scan using T_i1e_event_timestamp_utc],500,498,500,498,,424,0,0,,0,0,20,False,"{""enable_seqscan"": ""off"", ""jit"": ""off"", ""max_parallel_workers_per_gather"": ""0""}",measure,T_i1e_event_timestamp_utc,419,0,0
I-1,forced,2,Q12c,jsonb,11,0.066,0.509,,5,Bitmap Heap Scan,Bitmap Heap Scan on T [Bitmap Index Scan using T_i1e_event_timestamp_utc],500,498,500,498,,408,0,0,,0,0,20,False,"{""enable_seqscan"": ""off"", ""jit"": ""off"", ""max_parallel_workers_per_gather"": ""0""}",measure,T_i1e_event_timestamp_utc,403,0,0
I-1,forced,2,Q12c,jsonb,12,0.068,0.279,,5,Bitmap Heap Scan,Bitmap Heap Scan on T [Bitmap Index Scan using T_i1e_event_timestamp_utc],500,498,500,498,,408,0,0,,0,0,20,False,"{""enable_seqscan"": ""off"", ""jit"": ""off"", ""max_parallel_workers_per_gather"": ""0""}",measure,T_i1e_event_timestamp_utc,403,0,0
I-1,forced,2,Q12c,json,12,0.066,0.263,,5,Bitmap Heap Scan,Bitmap Heap Scan on T [Bitmap Index Scan using T_i1e_event_timestamp_utc],500,498,500,498,,424,0,0,,0,0,20,False,"{""enable_seqscan"": ""off"", ""jit"": ""off"", ""max_parallel_workers_per_gather"": ""0""}",measure,T_i1e_event_timestamp_utc,419,0,0
I-1,forced,2,Q12c,json,13,0.064,0.247,,5,Bitmap Heap Scan,Bitmap Heap Scan on T [Bitmap Index Scan using T_i1e_event_timestamp_utc],500,498,500,498,,424,0,0,,0,0,20,False,"{""enable_seqscan"": ""off"", ""jit"": ""off"", ""max_parallel_workers_per_gather"": ""0""}",measure,T_i1e_event_timestamp_utc,419,0,0
I-1,forced,2,Q12c,jsonb,13,0.064,0.251,,5,Bitmap Heap Scan,Bitmap Heap Scan on T [Bitmap Index Scan using T_i1e_event_timestamp_utc],500,498,500,498,,408,0,0,,0,0,20,False,"{""enable_seqscan"": ""off"", ""jit"": ""off"", ""max_parallel_workers_per_gather"": ""0""}",measure,T_i1e_event_timestamp_utc,403,0,0
I-1,forced,2,Q12c,jsonb,14,0.064,0.245,,5,Bitmap Heap Scan,Bitmap Heap Scan on T [Bitmap Index Scan using T_i1e_event_timestamp_utc],500,498,500,498,,408,0,0,,0,0,20,False,"{""enable_seqscan"": ""off"", ""jit"": ""off"", ""max_parallel_workers_per_gather"": ""0""}",measure,T_i1e_event_timestamp_utc,403,0,0
I-1,forced,2,Q12c,json,14,0.064,0.259,,5,Bitmap Heap Scan,Bitmap Heap Scan on T [Bitmap Index Scan using T_i1e_event_timestamp_utc],500,498,500,498,,424,0,0,,0,0,20,False,"{""enable_seqscan"": ""off"", ""jit"": ""off"", ""max_parallel_workers_per_gather"": ""0""}",measure,T_i1e_event_timestamp_utc,419,0,0
I-1,forced,2,Q12c,json,15,0.068,0.252,,5,Bitmap Heap Scan,Bitmap Heap Scan on T [Bitmap Index Scan using T_i1e_event_timestamp_utc],500,498,500,498,,424,0,0,,0,0,20,False,"{""enable_seqscan"": ""off"", ""jit"": ""off"", ""max_parallel_workers_per_gather"": ""0""}",measure,T_i1e_event_timestamp_utc,419,0,0
I-1,forced,2,Q12c,jsonb,15,0.065,0.249,,5,Bitmap Heap Scan,Bitmap Heap Scan on T [Bitmap Index Scan using T_i1e_event_timestamp_utc],500,498,500,498,,408,0,0,,0,0,20,False,"{""enable_seqscan"": ""off"", ""jit"": ""off"", ""max_parallel_workers_per_gather"": ""0""}",measure,T_i1e_event_timestamp_utc,403,0,0
I-1,forced,2,Q12c,json,1,0.064,0.279,0.04,5,Bitmap Heap Scan,Bitmap Heap Scan on T [Bitmap Index Scan using T_i1e_event_timestamp_utc],500,498,500,498,,424,0,0,,0,0,20,False,"{""enable_seqscan"": ""off"", ""jit"": ""off"", ""max_parallel_workers_per_gather"": ""0""}",detail,T_i1e_event_timestamp_utc,419,0,0
I-1,forced,2,Q12c,jsonb,1,0.064,0.268,0.031,5,Bitmap Heap Scan,Bitmap Heap Scan on T [Bitmap Index Scan using T_i1e_event_timestamp_utc],500,498,500,498,,408,0,0,,0,0,20,False,"{""enable_seqscan"": ""off"", ""jit"": ""off"", ""max_parallel_workers_per_gather"": ""0""}",detail,T_i1e_event_timestamp_utc,403,0,0
I-1,forced,2,Q16,json,1,0.053,5.587,,1,Bitmap Heap Scan,Bitmap Heap Scan on T [Bitmap Index Scan using T_i1c_status_code],2,78,2,78,408,429,0,0,,0,0,21,False,"{""enable_seqscan"": ""off"", ""jit"": ""off"", ""max_parallel_workers_per_gather"": ""0""}",warmup,T_i1c_status_code,427,0,0
I-1,forced,2,Q16,jsonb,1,0.071,1.511,,1,Bitmap Heap Scan,Bitmap Heap Scan on T [Bitmap Index Scan using T_i1c_status_code],2,78,2,78,408,406,0,0,,0,0,21,False,"{""enable_seqscan"": ""off"", ""jit"": ""off"", ""max_parallel_workers_per_gather"": ""0""}",warmup,T_i1c_status_code,404,0,0
I-1,forced,2,Q16,json,2,0.053,5.86,,1,Bitmap Heap Scan,Bitmap Heap Scan on T [Bitmap Index Scan using T_i1c_status_code],2,78,2,78,408,429,0,0,,0,0,21,False,"{""enable_seqscan"": ""off"", ""jit"": ""off"", ""max_parallel_workers_per_gather"": ""0""}",warmup,T_i1c_status_code,427,0,0
I-1,forced,2,Q16,jsonb,2,0.057,1.507,,1,Bitmap Heap Scan,Bitmap Heap Scan on T [Bitmap Index Scan using T_i1c_status_code],2,78,2,78,408,406,0,0,,0,0,21,False,"{""enable_seqscan"": ""off"", ""jit"": ""off"", ""max_parallel_workers_per_gather"": ""0""}",warmup,T_i1c_status_code,404,0,0
I-1,forced,2,Q16,json,3,0.054,5.43,,1,Bitmap Heap Scan,Bitmap Heap Scan on T [Bitmap Index Scan using T_i1c_status_code],2,78,2,78,408,429,0,0,,0,0,21,False,"{""enable_seqscan"": ""off"", ""jit"": ""off"", ""max_parallel_workers_per_gather"": ""0""}",warmup,T_i1c_status_code,427,0,0
I-1,forced,2,Q16,jsonb,3,0.056,1.436,,1,Bitmap Heap Scan,Bitmap Heap Scan on T [Bitmap Index Scan using T_i1c_status_code],2,78,2,78,408,406,0,0,,0,0,21,False,"{""enable_seqscan"": ""off"", ""jit"": ""off"", ""max_parallel_workers_per_gather"": ""0""}",warmup,T_i1c_status_code,404,0,0
I-1,forced,2,Q16,json,1,0.052,6.002,,1,Bitmap Heap Scan,Bitmap Heap Scan on T [Bitmap Index Scan using T_i1c_status_code],2,78,2,78,408,429,0,0,,0,0,21,False,"{""enable_seqscan"": ""off"", ""jit"": ""off"", ""max_parallel_workers_per_gather"": ""0""}",measure,T_i1c_status_code,427,0,0
I-1,forced,2,Q16,jsonb,1,0.059,1.463,,1,Bitmap Heap Scan,Bitmap Heap Scan on T [Bitmap Index Scan using T_i1c_status_code],2,78,2,78,408,406,0,0,,0,0,21,False,"{""enable_seqscan"": ""off"", ""jit"": ""off"", ""max_parallel_workers_per_gather"": ""0""}",measure,T_i1c_status_code,404,0,0
I-1,forced,2,Q16,jsonb,2,0.051,1.444,,1,Bitmap Heap Scan,Bitmap Heap Scan on T [Bitmap Index Scan using T_i1c_status_code],2,78,2,78,408,406,0,0,,0,0,21,False,"{""enable_seqscan"": ""off"", ""jit"": ""off"", ""max_parallel_workers_per_gather"": ""0""}",measure,T_i1c_status_code,404,0,0
I-1,forced,2,Q16,json,2,0.054,6.974,,1,Bitmap Heap Scan,Bitmap Heap Scan on T [Bitmap Index Scan using T_i1c_status_code],2,78,2,78,408,429,0,0,,0,0,21,False,"{""enable_seqscan"": ""off"", ""jit"": ""off"", ""max_parallel_workers_per_gather"": ""0""}",measure,T_i1c_status_code,427,0,0
I-1,forced,2,Q16,json,3,0.066,6.115,,1,Bitmap Heap Scan,Bitmap Heap Scan on T [Bitmap Index Scan using T_i1c_status_code],2,78,2,78,408,429,0,0,,0,0,21,False,"{""enable_seqscan"": ""off"", ""jit"": ""off"", ""max_parallel_workers_per_gather"": ""0""}",measure,T_i1c_status_code,427,0,0
I-1,forced,2,Q16,jsonb,3,0.062,1.65,,1,Bitmap Heap Scan,Bitmap Heap Scan on T [Bitmap Index Scan using T_i1c_status_code],2,78,2,78,408,406,0,0,,0,0,21,False,"{""enable_seqscan"": ""off"", ""jit"": ""off"", ""max_parallel_workers_per_gather"": ""0""}",measure,T_i1c_status_code,404,0,0
I-1,forced,2,Q16,jsonb,4,0.052,1.396,,1,Bitmap Heap Scan,Bitmap Heap Scan on T [Bitmap Index Scan using T_i1c_status_code],2,78,2,78,408,406,0,0,,0,0,21,False,"{""enable_seqscan"": ""off"", ""jit"": ""off"", ""max_parallel_workers_per_gather"": ""0""}",measure,T_i1c_status_code,404,0,0
I-1,forced,2,Q16,json,4,0.053,5.661,,1,Bitmap Heap Scan,Bitmap Heap Scan on T [Bitmap Index Scan using T_i1c_status_code],2,78,2,78,408,429,0,0,,0,0,21,False,"{""enable_seqscan"": ""off"", ""jit"": ""off"", ""max_parallel_workers_per_gather"": ""0""}",measure,T_i1c_status_code,427,0,0
I-1,forced,2,Q16,json,5,0.055,6.178,,1,Bitmap Heap Scan,Bitmap Heap Scan on T [Bitmap Index Scan using T_i1c_status_code],2,78,2,78,408,429,0,0,,0,0,21,False,"{""enable_seqscan"": ""off"", ""jit"": ""off"", ""max_parallel_workers_per_gather"": ""0""}",measure,T_i1c_status_code,427,0,0
I-1,forced,2,Q16,jsonb,5,0.062,1.472,,1,Bitmap Heap Scan,Bitmap Heap Scan on T [Bitmap Index Scan using T_i1c_status_code],2,78,2,78,408,406,0,0,,0,0,21,False,"{""enable_seqscan"": ""off"", ""jit"": ""off"", ""max_parallel_workers_per_gather"": ""0""}",measure,T_i1c_status_code,404,0,0
I-1,forced,2,Q16,jsonb,6,0.049,1.385,,1,Bitmap Heap Scan,Bitmap Heap Scan on T [Bitmap Index Scan using T_i1c_status_code],2,78,2,78,408,406,0,0,,0,0,21,False,"{""enable_seqscan"": ""off"", ""jit"": ""off"", ""max_parallel_workers_per_gather"": ""0""}",measure,T_i1c_status_code,404,0,0
I-1,forced,2,Q16,json,6,0.052,5.496,,1,Bitmap Heap Scan,Bitmap Heap Scan on T [Bitmap Index Scan using T_i1c_status_code],2,78,2,78,408,429,0,0,,0,0,21,False,"{""enable_seqscan"": ""off"", ""jit"": ""off"", ""max_parallel_workers_per_gather"": ""0""}",measure,T_i1c_status_code,427,0,0
I-1,forced,2,Q16,json,7,0.052,5.975,,1,Bitmap Heap Scan,Bitmap Heap Scan on T [Bitmap Index Scan using T_i1c_status_code],2,78,2,78,408,429,0,0,,0,0,21,False,"{""enable_seqscan"": ""off"", ""jit"": ""off"", ""max_parallel_workers_per_gather"": ""0""}",measure,T_i1c_status_code,427,0,0
I-1,forced,2,Q16,jsonb,7,0.055,1.477,,1,Bitmap Heap Scan,Bitmap Heap Scan on T [Bitmap Index Scan using T_i1c_status_code],2,78,2,78,408,406,0,0,,0,0,21,False,"{""enable_seqscan"": ""off"", ""jit"": ""off"", ""max_parallel_workers_per_gather"": ""0""}",measure,T_i1c_status_code,404,0,0
I-1,forced,2,Q16,jsonb,8,0.049,1.4,,1,Bitmap Heap Scan,Bitmap Heap Scan on T [Bitmap Index Scan using T_i1c_status_code],2,78,2,78,408,406,0,0,,0,0,21,False,"{""enable_seqscan"": ""off"", ""jit"": ""off"", ""max_parallel_workers_per_gather"": ""0""}",measure,T_i1c_status_code,404,0,0
I-1,forced,2,Q16,json,8,0.051,5.498,,1,Bitmap Heap Scan,Bitmap Heap Scan on T [Bitmap Index Scan using T_i1c_status_code],2,78,2,78,408,429,0,0,,0,0,21,False,"{""enable_seqscan"": ""off"", ""jit"": ""off"", ""max_parallel_workers_per_gather"": ""0""}",measure,T_i1c_status_code,427,0,0
I-1,forced,2,Q16,json,9,0.054,5.893,,1,Bitmap Heap Scan,Bitmap Heap Scan on T [Bitmap Index Scan using T_i1c_status_code],2,78,2,78,408,429,0,0,,0,0,21,False,"{""enable_seqscan"": ""off"", ""jit"": ""off"", ""max_parallel_workers_per_gather"": ""0""}",measure,T_i1c_status_code,427,0,0
I-1,forced,2,Q16,jsonb,9,0.063,1.581,,1,Bitmap Heap Scan,Bitmap Heap Scan on T [Bitmap Index Scan using T_i1c_status_code],2,78,2,78,408,406,0,0,,0,0,21,False,"{""enable_seqscan"": ""off"", ""jit"": ""off"", ""max_parallel_workers_per_gather"": ""0""}",measure,T_i1c_status_code,404,0,0
I-1,forced,2,Q16,jsonb,10,0.052,1.457,,1,Bitmap Heap Scan,Bitmap Heap Scan on T [Bitmap Index Scan using T_i1c_status_code],2,78,2,78,408,406,0,0,,0,0,21,False,"{""enable_seqscan"": ""off"", ""jit"": ""off"", ""max_parallel_workers_per_gather"": ""0""}",measure,T_i1c_status_code,404,0,0
I-1,forced,2,Q16,json,10,0.056,5.465,,1,Bitmap Heap Scan,Bitmap Heap Scan on T [Bitmap Index Scan using T_i1c_status_code],2,78,2,78,408,429,0,0,,0,0,21,False,"{""enable_seqscan"": ""off"", ""jit"": ""off"", ""max_parallel_workers_per_gather"": ""0""}",measure,T_i1c_status_code,427,0,0
I-1,forced,2,Q16,json,11,0.055,6.133,,1,Bitmap Heap Scan,Bitmap Heap Scan on T [Bitmap Index Scan using T_i1c_status_code],2,78,2,78,408,429,0,0,,0,0,21,False,"{""enable_seqscan"": ""off"", ""jit"": ""off"", ""max_parallel_workers_per_gather"": ""0""}",measure,T_i1c_status_code,427,0,0
I-1,forced,2,Q16,jsonb,11,0.082,1.769,,1,Bitmap Heap Scan,Bitmap Heap Scan on T [Bitmap Index Scan using T_i1c_status_code],2,78,2,78,408,406,0,0,,0,0,21,False,"{""enable_seqscan"": ""off"", ""jit"": ""off"", ""max_parallel_workers_per_gather"": ""0""}",measure,T_i1c_status_code,404,0,0
I-1,forced,2,Q16,jsonb,12,0.062,1.688,,1,Bitmap Heap Scan,Bitmap Heap Scan on T [Bitmap Index Scan using T_i1c_status_code],2,78,2,78,408,406,0,0,,0,0,21,False,"{""enable_seqscan"": ""off"", ""jit"": ""off"", ""max_parallel_workers_per_gather"": ""0""}",measure,T_i1c_status_code,404,0,0
I-1,forced,2,Q16,json,12,0.06,5.774,,1,Bitmap Heap Scan,Bitmap Heap Scan on T [Bitmap Index Scan using T_i1c_status_code],2,78,2,78,408,429,0,0,,0,0,21,False,"{""enable_seqscan"": ""off"", ""jit"": ""off"", ""max_parallel_workers_per_gather"": ""0""}",measure,T_i1c_status_code,427,0,0
I-1,forced,2,Q16,json,13,0.078,6.733,,1,Bitmap Heap Scan,Bitmap Heap Scan on T [Bitmap Index Scan using T_i1c_status_code],2,78,2,78,408,429,0,0,,0,0,21,False,"{""enable_seqscan"": ""off"", ""jit"": ""off"", ""max_parallel_workers_per_gather"": ""0""}",measure,T_i1c_status_code,427,0,0
I-1,forced,2,Q16,jsonb,13,0.072,2.111,,1,Bitmap Heap Scan,Bitmap Heap Scan on T [Bitmap Index Scan using T_i1c_status_code],2,78,2,78,408,406,0,0,,0,0,21,False,"{""enable_seqscan"": ""off"", ""jit"": ""off"", ""max_parallel_workers_per_gather"": ""0""}",measure,T_i1c_status_code,404,0,0
I-1,forced,2,Q16,jsonb,14,0.072,1.781,,1,Bitmap Heap Scan,Bitmap Heap Scan on T [Bitmap Index Scan using T_i1c_status_code],2,78,2,78,408,406,0,0,,0,0,21,False,"{""enable_seqscan"": ""off"", ""jit"": ""off"", ""max_parallel_workers_per_gather"": ""0""}",measure,T_i1c_status_code,404,0,0
I-1,forced,2,Q16,json,14,0.071,6.119,,1,Bitmap Heap Scan,Bitmap Heap Scan on T [Bitmap Index Scan using T_i1c_status_code],2,78,2,78,408,429,0,0,,0,0,21,False,"{""enable_seqscan"": ""off"", ""jit"": ""off"", ""max_parallel_workers_per_gather"": ""0""}",measure,T_i1c_status_code,427,0,0
I-1,forced,2,Q16,json,15,0.056,6.394,,1,Bitmap Heap Scan,Bitmap Heap Scan on T [Bitmap Index Scan using T_i1c_status_code],2,78,2,78,408,429,0,0,,0,0,21,False,"{""enable_seqscan"": ""off"", ""jit"": ""off"", ""max_parallel_workers_per_gather"": ""0""}",measure,T_i1c_status_code,427,0,0
I-1,forced,2,Q16,jsonb,15,0.064,1.455,,1,Bitmap Heap Scan,Bitmap Heap Scan on T [Bitmap Index Scan using T_i1c_status_code],2,78,2,78,408,406,0,0,,0,0,21,False,"{""enable_seqscan"": ""off"", ""jit"": ""off"", ""max_parallel_workers_per_gather"": ""0""}",measure,T_i1c_status_code,404,0,0
I-1,forced,2,Q16,json,1,0.053,5.584,0.006,1,Bitmap Heap Scan,Bitmap Heap Scan on T [Bitmap Index Scan using T_i1c_status_code],2,78,2,78,408,429,0,0,,0,0,21,False,"{""enable_seqscan"": ""off"", ""jit"": ""off"", ""max_parallel_workers_per_gather"": ""0""}",detail,T_i1c_status_code,427,0,0
I-1,forced,2,Q16,jsonb,1,0.055,1.446,0.006,1,Bitmap Heap Scan,Bitmap Heap Scan on T [Bitmap Index Scan using T_i1c_status_code],2,78,2,78,408,406,0,0,,0,0,21,False,"{""enable_seqscan"": ""off"", ""jit"": ""off"", ""max_parallel_workers_per_gather"": ""0""}",detail,T_i1c_status_code,404,0,0
I-1,forced,2,Q17,json,1,0.053,114.543,,1,Aggregate,Aggregate [Index Scan using T_i1b_entity_type_code],7,8,5000,5000,,3755,0,0,,0,0,21,False,"{""enable_seqscan"": ""off"", ""jit"": ""off"", ""max_parallel_workers_per_gather"": ""0""}",warmup,T_i1b_entity_type_code,,,
I-1,forced,2,Q17,jsonb,1,0.116,14.431,,1,Aggregate,Aggregate [Index Scan using T_i1b_entity_type_code],7,8,5000,5000,,3446,0,0,,0,0,21,False,"{""enable_seqscan"": ""off"", ""jit"": ""off"", ""max_parallel_workers_per_gather"": ""0""}",warmup,T_i1b_entity_type_code,,,
I-1,forced,2,Q17,json,2,0.081,109.176,,1,Aggregate,Aggregate [Index Scan using T_i1b_entity_type_code],7,8,5000,5000,,3755,0,0,,0,0,21,False,"{""enable_seqscan"": ""off"", ""jit"": ""off"", ""max_parallel_workers_per_gather"": ""0""}",warmup,T_i1b_entity_type_code,,,
I-1,forced,2,Q17,jsonb,2,0.107,14.524,,1,Aggregate,Aggregate [Index Scan using T_i1b_entity_type_code],7,8,5000,5000,,3446,0,0,,0,0,21,False,"{""enable_seqscan"": ""off"", ""jit"": ""off"", ""max_parallel_workers_per_gather"": ""0""}",warmup,T_i1b_entity_type_code,,,
I-1,forced,2,Q17,json,3,0.083,127.977,,1,Aggregate,Aggregate [Index Scan using T_i1b_entity_type_code],7,8,5000,5000,,3755,0,0,,0,0,21,False,"{""enable_seqscan"": ""off"", ""jit"": ""off"", ""max_parallel_workers_per_gather"": ""0""}",warmup,T_i1b_entity_type_code,,,
I-1,forced,2,Q17,jsonb,3,0.096,17.404,,1,Aggregate,Aggregate [Index Scan using T_i1b_entity_type_code],7,8,5000,5000,,3446,0,0,,0,0,21,False,"{""enable_seqscan"": ""off"", ""jit"": ""off"", ""max_parallel_workers_per_gather"": ""0""}",warmup,T_i1b_entity_type_code,,,
I-1,forced,2,Q17,json,1,0.1,174.511,,1,Aggregate,Aggregate [Index Scan using T_i1b_entity_type_code],7,8,5000,5000,,3755,0,0,,0,0,21,False,"{""enable_seqscan"": ""off"", ""jit"": ""off"", ""max_parallel_workers_per_gather"": ""0""}",measure,T_i1b_entity_type_code,,,
I-1,forced,2,Q17,jsonb,1,0.093,14.219,,1,Aggregate,Aggregate [Index Scan using T_i1b_entity_type_code],7,8,5000,5000,,3446,0,0,,0,0,21,False,"{""enable_seqscan"": ""off"", ""jit"": ""off"", ""max_parallel_workers_per_gather"": ""0""}",measure,T_i1b_entity_type_code,,,
I-1,forced,2,Q17,jsonb,2,0.083,13.282,,1,Aggregate,Aggregate [Index Scan using T_i1b_entity_type_code],7,8,5000,5000,,3446,0,0,,0,0,21,False,"{""enable_seqscan"": ""off"", ""jit"": ""off"", ""max_parallel_workers_per_gather"": ""0""}",measure,T_i1b_entity_type_code,,,
I-1,forced,2,Q17,json,2,0.09,137.469,,1,Aggregate,Aggregate [Index Scan using T_i1b_entity_type_code],7,8,5000,5000,,3755,0,0,,0,0,21,False,"{""enable_seqscan"": ""off"", ""jit"": ""off"", ""max_parallel_workers_per_gather"": ""0""}",measure,T_i1b_entity_type_code,,,
I-1,forced,2,Q17,json,3,0.085,121.343,,1,Aggregate,Aggregate [Index Scan using T_i1b_entity_type_code],7,8,5000,5000,,3755,0,0,,0,0,21,False,"{""enable_seqscan"": ""off"", ""jit"": ""off"", ""max_parallel_workers_per_gather"": ""0""}",measure,T_i1b_entity_type_code,,,
I-1,forced,2,Q17,jsonb,3,0.08,12.597,,1,Aggregate,Aggregate [Index Scan using T_i1b_entity_type_code],7,8,5000,5000,,3446,0,0,,0,0,21,False,"{""enable_seqscan"": ""off"", ""jit"": ""off"", ""max_parallel_workers_per_gather"": ""0""}",measure,T_i1b_entity_type_code,,,
I-1,forced,2,Q17,jsonb,4,0.072,12.475,,1,Aggregate,Aggregate [Index Scan using T_i1b_entity_type_code],7,8,5000,5000,,3446,0,0,,0,0,21,False,"{""enable_seqscan"": ""off"", ""jit"": ""off"", ""max_parallel_workers_per_gather"": ""0""}",measure,T_i1b_entity_type_code,,,
I-1,forced,2,Q17,json,4,0.073,123.997,,1,Aggregate,Aggregate [Index Scan using T_i1b_entity_type_code],7,8,5000,5000,,3755,0,0,,0,0,21,False,"{""enable_seqscan"": ""off"", ""jit"": ""off"", ""max_parallel_workers_per_gather"": ""0""}",measure,T_i1b_entity_type_code,,,
I-1,forced,2,Q17,json,5,0.09,110.546,,1,Aggregate,Aggregate [Index Scan using T_i1b_entity_type_code],7,8,5000,5000,,3755,0,0,,0,0,21,False,"{""enable_seqscan"": ""off"", ""jit"": ""off"", ""max_parallel_workers_per_gather"": ""0""}",measure,T_i1b_entity_type_code,,,
I-1,forced,2,Q17,jsonb,5,0.087,13.894,,1,Aggregate,Aggregate [Index Scan using T_i1b_entity_type_code],7,8,5000,5000,,3446,0,0,,0,0,21,False,"{""enable_seqscan"": ""off"", ""jit"": ""off"", ""max_parallel_workers_per_gather"": ""0""}",measure,T_i1b_entity_type_code,,,
I-1,forced,2,Q17,jsonb,6,0.077,14.894,,1,Aggregate,Aggregate [Index Scan using T_i1b_entity_type_code],7,8,5000,5000,,3446,0,0,,0,0,21,False,"{""enable_seqscan"": ""off"", ""jit"": ""off"", ""max_parallel_workers_per_gather"": ""0""}",measure,T_i1b_entity_type_code,,,
I-1,forced,2,Q17,json,6,0.086,108.879,,1,Aggregate,Aggregate [Index Scan using T_i1b_entity_type_code],7,8,5000,5000,,3755,0,0,,0,0,21,False,"{""enable_seqscan"": ""off"", ""jit"": ""off"", ""max_parallel_workers_per_gather"": ""0""}",measure,T_i1b_entity_type_code,,,
I-1,forced,2,Q17,json,7,0.089,104.631,,1,Aggregate,Aggregate [Index Scan using T_i1b_entity_type_code],7,8,5000,5000,,3755,0,0,,0,0,21,False,"{""enable_seqscan"": ""off"", ""jit"": ""off"", ""max_parallel_workers_per_gather"": ""0""}",measure,T_i1b_entity_type_code,,,
I-1,forced,2,Q17,jsonb,7,0.083,12.276,,1,Aggregate,Aggregate [Index Scan using T_i1b_entity_type_code],7,8,5000,5000,,3446,0,0,,0,0,21,False,"{""enable_seqscan"": ""off"", ""jit"": ""off"", ""max_parallel_workers_per_gather"": ""0""}",measure,T_i1b_entity_type_code,,,
I-1,forced,2,Q17,jsonb,8,0.072,16.773,,1,Aggregate,Aggregate [Index Scan using T_i1b_entity_type_code],7,8,5000,5000,,3446,0,0,,0,0,21,False,"{""enable_seqscan"": ""off"", ""jit"": ""off"", ""max_parallel_workers_per_gather"": ""0""}",measure,T_i1b_entity_type_code,,,
I-1,forced,2,Q17,json,8,0.076,113.025,,1,Aggregate,Aggregate [Index Scan using T_i1b_entity_type_code],7,8,5000,5000,,3755,0,0,,0,0,21,False,"{""enable_seqscan"": ""off"", ""jit"": ""off"", ""max_parallel_workers_per_gather"": ""0""}",measure,T_i1b_entity_type_code,,,
I-1,forced,2,Q17,json,9,0.087,112.047,,1,Aggregate,Aggregate [Index Scan using T_i1b_entity_type_code],7,8,5000,5000,,3755,0,0,,0,0,21,False,"{""enable_seqscan"": ""off"", ""jit"": ""off"", ""max_parallel_workers_per_gather"": ""0""}",measure,T_i1b_entity_type_code,,,
I-1,forced,2,Q17,jsonb,9,0.088,14.385,,1,Aggregate,Aggregate [Index Scan using T_i1b_entity_type_code],7,8,5000,5000,,3446,0,0,,0,0,21,False,"{""enable_seqscan"": ""off"", ""jit"": ""off"", ""max_parallel_workers_per_gather"": ""0""}",measure,T_i1b_entity_type_code,,,
I-1,forced,2,Q17,jsonb,10,0.075,13.114,,1,Aggregate,Aggregate [Index Scan using T_i1b_entity_type_code],7,8,5000,5000,,3446,0,0,,0,0,21,False,"{""enable_seqscan"": ""off"", ""jit"": ""off"", ""max_parallel_workers_per_gather"": ""0""}",measure,T_i1b_entity_type_code,,,
I-1,forced,2,Q17,json,10,0.08,141.203,,1,Aggregate,Aggregate [Index Scan using T_i1b_entity_type_code],7,8,5000,5000,,3755,0,0,,0,0,21,False,"{""enable_seqscan"": ""off"", ""jit"": ""off"", ""max_parallel_workers_per_gather"": ""0""}",measure,T_i1b_entity_type_code,,,
I-1,forced,2,Q17,json,11,0.092,130.675,,1,Aggregate,Aggregate [Index Scan using T_i1b_entity_type_code],7,8,5000,5000,,3755,0,0,,0,0,21,False,"{""enable_seqscan"": ""off"", ""jit"": ""off"", ""max_parallel_workers_per_gather"": ""0""}",measure,T_i1b_entity_type_code,,,
I-1,forced,2,Q17,jsonb,11,0.091,15.794,,1,Aggregate,Aggregate [Index Scan using T_i1b_entity_type_code],7,8,5000,5000,,3446,0,0,,0,0,21,False,"{""enable_seqscan"": ""off"", ""jit"": ""off"", ""max_parallel_workers_per_gather"": ""0""}",measure,T_i1b_entity_type_code,,,
I-1,forced,2,Q17,jsonb,12,0.152,18.772,,1,Aggregate,Aggregate [Index Scan using T_i1b_entity_type_code],7,8,5000,5000,,3446,0,0,,0,0,21,False,"{""enable_seqscan"": ""off"", ""jit"": ""off"", ""max_parallel_workers_per_gather"": ""0""}",measure,T_i1b_entity_type_code,,,
I-1,forced,2,Q17,json,12,0.079,108.928,,1,Aggregate,Aggregate [Index Scan using T_i1b_entity_type_code],7,8,5000,5000,,3755,0,0,,0,0,21,False,"{""enable_seqscan"": ""off"", ""jit"": ""off"", ""max_parallel_workers_per_gather"": ""0""}",measure,T_i1b_entity_type_code,,,
I-1,forced,2,Q17,json,13,0.085,107.947,,1,Aggregate,Aggregate [Index Scan using T_i1b_entity_type_code],7,8,5000,5000,,3755,0,0,,0,0,21,False,"{""enable_seqscan"": ""off"", ""jit"": ""off"", ""max_parallel_workers_per_gather"": ""0""}",measure,T_i1b_entity_type_code,,,
I-1,forced,2,Q17,jsonb,13,0.088,19.007,,1,Aggregate,Aggregate [Index Scan using T_i1b_entity_type_code],7,8,5000,5000,,3446,0,0,,0,0,21,False,"{""enable_seqscan"": ""off"", ""jit"": ""off"", ""max_parallel_workers_per_gather"": ""0""}",measure,T_i1b_entity_type_code,,,
I-1,forced,2,Q17,jsonb,14,0.076,12.266,,1,Aggregate,Aggregate [Index Scan using T_i1b_entity_type_code],7,8,5000,5000,,3446,0,0,,0,0,21,False,"{""enable_seqscan"": ""off"", ""jit"": ""off"", ""max_parallel_workers_per_gather"": ""0""}",measure,T_i1b_entity_type_code,,,
I-1,forced,2,Q17,json,14,0.074,102.036,,1,Aggregate,Aggregate [Index Scan using T_i1b_entity_type_code],7,8,5000,5000,,3755,0,0,,0,0,21,False,"{""enable_seqscan"": ""off"", ""jit"": ""off"", ""max_parallel_workers_per_gather"": ""0""}",measure,T_i1b_entity_type_code,,,
I-1,forced,2,Q17,json,15,0.084,119.772,,1,Aggregate,Aggregate [Index Scan using T_i1b_entity_type_code],7,8,5000,5000,,3755,0,0,,0,0,21,False,"{""enable_seqscan"": ""off"", ""jit"": ""off"", ""max_parallel_workers_per_gather"": ""0""}",measure,T_i1b_entity_type_code,,,
I-1,forced,2,Q17,jsonb,15,0.093,12.813,,1,Aggregate,Aggregate [Index Scan using T_i1b_entity_type_code],7,8,5000,5000,,3446,0,0,,0,0,21,False,"{""enable_seqscan"": ""off"", ""jit"": ""off"", ""max_parallel_workers_per_gather"": ""0""}",measure,T_i1b_entity_type_code,,,
I-1,forced,2,Q17,json,1,0.075,109.078,0.008,1,Aggregate,Aggregate [Index Scan using T_i1b_entity_type_code],7,8,5000,5000,,3755,0,0,,0,0,21,False,"{""enable_seqscan"": ""off"", ""jit"": ""off"", ""max_parallel_workers_per_gather"": ""0""}",detail,T_i1b_entity_type_code,,,
I-1,forced,2,Q17,jsonb,1,0.087,14.766,0.007,1,Aggregate,Aggregate [Index Scan using T_i1b_entity_type_code],7,8,5000,5000,,3446,0,0,,0,0,21,False,"{""enable_seqscan"": ""off"", ""jit"": ""off"", ""max_parallel_workers_per_gather"": ""0""}",detail,T_i1b_entity_type_code,,,
I-1,forced,2,Q09,json,1,0.065,61.287,,15,Seq Scan,Seq Scan on T,25,1528,25,1528,3472,1250,0,0,,0,0,16,False,"{""enable_seqscan"": ""off"", ""jit"": ""off"", ""max_parallel_workers_per_gather"": ""0""}",warmup,-,,,
I-1,forced,2,Q09,jsonb,1,0.101,18.563,,15,Seq Scan,Seq Scan on T,25,1528,25,1528,3472,981,0,0,,0,0,16,False,"{""enable_seqscan"": ""off"", ""jit"": ""off"", ""max_parallel_workers_per_gather"": ""0""}",warmup,-,,,
I-1,forced,2,Q09,json,2,0.065,73.707,,15,Seq Scan,Seq Scan on T,25,1528,25,1528,3472,1250,0,0,,0,0,16,False,"{""enable_seqscan"": ""off"", ""jit"": ""off"", ""max_parallel_workers_per_gather"": ""0""}",warmup,-,,,
I-1,forced,2,Q09,jsonb,2,0.063,12.286,,15,Seq Scan,Seq Scan on T,25,1528,25,1528,3472,981,0,0,,0,0,16,False,"{""enable_seqscan"": ""off"", ""jit"": ""off"", ""max_parallel_workers_per_gather"": ""0""}",warmup,-,,,
I-1,forced,2,Q09,json,3,0.059,67.087,,15,Seq Scan,Seq Scan on T,25,1528,25,1528,3472,1250,0,0,,0,0,16,False,"{""enable_seqscan"": ""off"", ""jit"": ""off"", ""max_parallel_workers_per_gather"": ""0""}",warmup,-,,,
I-1,forced,2,Q09,jsonb,3,0.064,13.776,,15,Seq Scan,Seq Scan on T,25,1528,25,1528,3472,981,0,0,,0,0,16,False,"{""enable_seqscan"": ""off"", ""jit"": ""off"", ""max_parallel_workers_per_gather"": ""0""}",warmup,-,,,
I-1,forced,2,Q09,json,1,0.142,72.799,,15,Seq Scan,Seq Scan on T,25,1528,25,1528,3472,1250,0,0,,0,0,16,False,"{""enable_seqscan"": ""off"", ""jit"": ""off"", ""max_parallel_workers_per_gather"": ""0""}",measure,-,,,
I-1,forced,2,Q09,jsonb,1,0.082,13.766,,15,Seq Scan,Seq Scan on T,25,1528,25,1528,3472,981,0,0,,0,0,16,False,"{""enable_seqscan"": ""off"", ""jit"": ""off"", ""max_parallel_workers_per_gather"": ""0""}",measure,-,,,
I-1,forced,2,Q09,jsonb,2,0.063,13.748,,15,Seq Scan,Seq Scan on T,25,1528,25,1528,3472,981,0,0,,0,0,16,False,"{""enable_seqscan"": ""off"", ""jit"": ""off"", ""max_parallel_workers_per_gather"": ""0""}",measure,-,,,
I-1,forced,2,Q09,json,2,0.072,86.762,,15,Seq Scan,Seq Scan on T,25,1528,25,1528,3472,1250,0,0,,0,0,16,False,"{""enable_seqscan"": ""off"", ""jit"": ""off"", ""max_parallel_workers_per_gather"": ""0""}",measure,-,,,
I-1,forced,2,Q09,json,3,0.076,96.608,,15,Seq Scan,Seq Scan on T,25,1528,25,1528,3472,1250,0,0,,0,0,16,False,"{""enable_seqscan"": ""off"", ""jit"": ""off"", ""max_parallel_workers_per_gather"": ""0""}",measure,-,,,
I-1,forced,2,Q09,jsonb,3,0.077,14.703,,15,Seq Scan,Seq Scan on T,25,1528,25,1528,3472,981,0,0,,0,0,16,False,"{""enable_seqscan"": ""off"", ""jit"": ""off"", ""max_parallel_workers_per_gather"": ""0""}",measure,-,,,
I-1,forced,2,Q09,jsonb,4,0.082,19.884,,15,Seq Scan,Seq Scan on T,25,1528,25,1528,3472,981,0,0,,0,0,16,False,"{""enable_seqscan"": ""off"", ""jit"": ""off"", ""max_parallel_workers_per_gather"": ""0""}",measure,-,,,
I-1,forced,2,Q09,json,4,0.126,96.362,,15,Seq Scan,Seq Scan on T,25,1528,25,1528,3472,1250,0,0,,0,0,16,False,"{""enable_seqscan"": ""off"", ""jit"": ""off"", ""max_parallel_workers_per_gather"": ""0""}",measure,-,,,
I-1,forced,2,Q09,json,5,0.077,105.086,,15,Seq Scan,Seq Scan on T,25,1528,25,1528,3472,1250,0,0,,0,0,16,False,"{""enable_seqscan"": ""off"", ""jit"": ""off"", ""max_parallel_workers_per_gather"": ""0""}",measure,-,,,
I-1,forced,2,Q09,jsonb,5,0.08,14.577,,15,Seq Scan,Seq Scan on T,25,1528,25,1528,3472,981,0,0,,0,0,16,False,"{""enable_seqscan"": ""off"", ""jit"": ""off"", ""max_parallel_workers_per_gather"": ""0""}",measure,-,,,
I-1,forced,2,Q09,jsonb,6,0.068,14.73,,15,Seq Scan,Seq Scan on T,25,1528,25,1528,3472,981,0,0,,0,0,16,False,"{""enable_seqscan"": ""off"", ""jit"": ""off"", ""max_parallel_workers_per_gather"": ""0""}",measure,-,,,
I-1,forced,2,Q09,json,6,0.071,92.111,,15,Seq Scan,Seq Scan on T,25,1528,25,1528,3472,1250,0,0,,0,0,16,False,"{""enable_seqscan"": ""off"", ""jit"": ""off"", ""max_parallel_workers_per_gather"": ""0""}",measure,-,,,
I-1,forced,2,Q09,json,7,0.076,99.943,,15,Seq Scan,Seq Scan on T,25,1528,25,1528,3472,1250,0,0,,0,0,16,False,"{""enable_seqscan"": ""off"", ""jit"": ""off"", ""max_parallel_workers_per_gather"": ""0""}",measure,-,,,
I-1,forced,2,Q09,jsonb,7,0.124,16.714,,15,Seq Scan,Seq Scan on T,25,1528,25,1528,3472,981,0,0,,0,0,16,False,"{""enable_seqscan"": ""off"", ""jit"": ""off"", ""max_parallel_workers_per_gather"": ""0""}",measure,-,,,
I-1,forced,2,Q09,jsonb,8,0.071,15.857,,15,Seq Scan,Seq Scan on T,25,1528,25,1528,3472,981,0,0,,0,0,16,False,"{""enable_seqscan"": ""off"", ""jit"": ""off"", ""max_parallel_workers_per_gather"": ""0""}",measure,-,,,
I-1,forced,2,Q09,json,8,0.075,95.796,,15,Seq Scan,Seq Scan on T,25,1528,25,1528,3472,1250,0,0,,0,0,16,False,"{""enable_seqscan"": ""off"", ""jit"": ""off"", ""max_parallel_workers_per_gather"": ""0""}",measure,-,,,
I-1,forced,2,Q09,json,9,0.116,85.327,,15,Seq Scan,Seq Scan on T,25,1528,25,1528,3472,1250,0,0,,0,0,16,False,"{""enable_seqscan"": ""off"", ""jit"": ""off"", ""max_parallel_workers_per_gather"": ""0""}",measure,-,,,
I-1,forced,2,Q09,jsonb,9,0.076,15.901,,15,Seq Scan,Seq Scan on T,25,1528,25,1528,3472,981,0,0,,0,0,16,False,"{""enable_seqscan"": ""off"", ""jit"": ""off"", ""max_parallel_workers_per_gather"": ""0""}",measure,-,,,
I-1,forced,2,Q09,jsonb,10,0.064,15.749,,15,Seq Scan,Seq Scan on T,25,1528,25,1528,3472,981,0,0,,0,0,16,False,"{""enable_seqscan"": ""off"", ""jit"": ""off"", ""max_parallel_workers_per_gather"": ""0""}",measure,-,,,
I-1,forced,2,Q09,json,10,0.073,81.123,,15,Seq Scan,Seq Scan on T,25,1528,25,1528,3472,1250,0,0,,0,0,16,False,"{""enable_seqscan"": ""off"", ""jit"": ""off"", ""max_parallel_workers_per_gather"": ""0""}",measure,-,,,
I-1,forced,2,Q09,json,11,0.071,69.073,,15,Seq Scan,Seq Scan on T,25,1528,25,1528,3472,1250,0,0,,0,0,16,False,"{""enable_seqscan"": ""off"", ""jit"": ""off"", ""max_parallel_workers_per_gather"": ""0""}",measure,-,,,
I-1,forced,2,Q09,jsonb,11,0.07,11.97,,15,Seq Scan,Seq Scan on T,25,1528,25,1528,3472,981,0,0,,0,0,16,False,"{""enable_seqscan"": ""off"", ""jit"": ""off"", ""max_parallel_workers_per_gather"": ""0""}",measure,-,,,
I-1,forced,2,Q09,jsonb,12,0.057,10.961,,15,Seq Scan,Seq Scan on T,25,1528,25,1528,3472,981,0,0,,0,0,16,False,"{""enable_seqscan"": ""off"", ""jit"": ""off"", ""max_parallel_workers_per_gather"": ""0""}",measure,-,,,
I-1,forced,2,Q09,json,12,0.054,59.88,,15,Seq Scan,Seq Scan on T,25,1528,25,1528,3472,1250,0,0,,0,0,16,False,"{""enable_seqscan"": ""off"", ""jit"": ""off"", ""max_parallel_workers_per_gather"": ""0""}",measure,-,,,
I-1,forced,2,Q09,json,13,0.07,61.118,,15,Seq Scan,Seq Scan on T,25,1528,25,1528,3472,1250,0,0,,0,0,16,False,"{""enable_seqscan"": ""off"", ""jit"": ""off"", ""max_parallel_workers_per_gather"": ""0""}",measure,-,,,
I-1,forced,2,Q09,jsonb,13,0.062,11.648,,15,Seq Scan,Seq Scan on T,25,1528,25,1528,3472,981,0,0,,0,0,16,False,"{""enable_seqscan"": ""off"", ""jit"": ""off"", ""max_parallel_workers_per_gather"": ""0""}",measure,-,,,
I-1,forced,2,Q09,jsonb,14,0.056,10.785,,15,Seq Scan,Seq Scan on T,25,1528,25,1528,3472,981,0,0,,0,0,16,False,"{""enable_seqscan"": ""off"", ""jit"": ""off"", ""max_parallel_workers_per_gather"": ""0""}",measure,-,,,
I-1,forced,2,Q09,json,14,0.053,58.041,,15,Seq Scan,Seq Scan on T,25,1528,25,1528,3472,1250,0,0,,0,0,16,False,"{""enable_seqscan"": ""off"", ""jit"": ""off"", ""max_parallel_workers_per_gather"": ""0""}",measure,-,,,
I-1,forced,2,Q09,json,15,0.071,63.12,,15,Seq Scan,Seq Scan on T,25,1528,25,1528,3472,1250,0,0,,0,0,16,False,"{""enable_seqscan"": ""off"", ""jit"": ""off"", ""max_parallel_workers_per_gather"": ""0""}",measure,-,,,
I-1,forced,2,Q09,jsonb,15,0.077,13.489,,15,Seq Scan,Seq Scan on T,25,1528,25,1528,3472,981,0,0,,0,0,16,False,"{""enable_seqscan"": ""off"", ""jit"": ""off"", ""max_parallel_workers_per_gather"": ""0""}",measure,-,,,
I-1,forced,2,Q09,json,1,0.078,72.295,0.186,15,Seq Scan,Seq Scan on T,25,1528,25,1528,3472,1250,0,0,,0,0,16,False,"{""enable_seqscan"": ""off"", ""jit"": ""off"", ""max_parallel_workers_per_gather"": ""0""}",detail,-,,,
I-1,forced,2,Q09,jsonb,1,0.139,13.671,0.149,15,Seq Scan,Seq Scan on T,25,1528,25,1528,3472,981,0,0,,0,0,16,False,"{""enable_seqscan"": ""off"", ""jit"": ""off"", ""max_parallel_workers_per_gather"": ""0""}",detail,-,,,
I-2,default,1,C1,jsonb,1,3.919,0.282,,1,Bitmap Heap Scan,Bitmap Heap Scan on T [Bitmap Index Scan using T_i2_gin_jsonb_ops],50,12,50,12,,24,0,0,,0,35,21,False,"{""jit"": ""off"", ""max_parallel_workers_per_gather"": ""0""}",warmup,T_i2_gin_jsonb_ops,12,0,0
I-2,default,1,C1,jsonb,2,0.058,0.144,,1,Bitmap Heap Scan,Bitmap Heap Scan on T [Bitmap Index Scan using T_i2_gin_jsonb_ops],50,12,50,12,,24,0,0,,0,1,17,False,"{""jit"": ""off"", ""max_parallel_workers_per_gather"": ""0""}",warmup,T_i2_gin_jsonb_ops,12,0,0
I-2,default,1,C1,jsonb,3,0.053,0.108,,1,Bitmap Heap Scan,Bitmap Heap Scan on T [Bitmap Index Scan using T_i2_gin_jsonb_ops],50,12,50,12,,24,0,0,,0,1,17,False,"{""jit"": ""off"", ""max_parallel_workers_per_gather"": ""0""}",warmup,T_i2_gin_jsonb_ops,12,0,0
I-2,default,1,C1,jsonb,1,0.054,0.1,,1,Bitmap Heap Scan,Bitmap Heap Scan on T [Bitmap Index Scan using T_i2_gin_jsonb_ops],50,12,50,12,,24,0,0,,0,1,17,False,"{""jit"": ""off"", ""max_parallel_workers_per_gather"": ""0""}",measure,T_i2_gin_jsonb_ops,12,0,0
I-2,default,1,C1,jsonb,2,0.054,0.132,,1,Bitmap Heap Scan,Bitmap Heap Scan on T [Bitmap Index Scan using T_i2_gin_jsonb_ops],50,12,50,12,,24,0,0,,0,1,17,False,"{""jit"": ""off"", ""max_parallel_workers_per_gather"": ""0""}",measure,T_i2_gin_jsonb_ops,12,0,0
I-2,default,1,C1,jsonb,3,0.054,0.112,,1,Bitmap Heap Scan,Bitmap Heap Scan on T [Bitmap Index Scan using T_i2_gin_jsonb_ops],50,12,50,12,,24,0,0,,0,1,17,False,"{""jit"": ""off"", ""max_parallel_workers_per_gather"": ""0""}",measure,T_i2_gin_jsonb_ops,12,0,0
I-2,default,1,C1,jsonb,4,0.053,0.102,,1,Bitmap Heap Scan,Bitmap Heap Scan on T [Bitmap Index Scan using T_i2_gin_jsonb_ops],50,12,50,12,,24,0,0,,0,1,17,False,"{""jit"": ""off"", ""max_parallel_workers_per_gather"": ""0""}",measure,T_i2_gin_jsonb_ops,12,0,0
I-2,default,1,C1,jsonb,5,0.052,0.117,,1,Bitmap Heap Scan,Bitmap Heap Scan on T [Bitmap Index Scan using T_i2_gin_jsonb_ops],50,12,50,12,,24,0,0,,0,1,17,False,"{""jit"": ""off"", ""max_parallel_workers_per_gather"": ""0""}",measure,T_i2_gin_jsonb_ops,12,0,0
I-2,default,1,C1,jsonb,6,0.052,0.098,,1,Bitmap Heap Scan,Bitmap Heap Scan on T [Bitmap Index Scan using T_i2_gin_jsonb_ops],50,12,50,12,,24,0,0,,0,1,17,False,"{""jit"": ""off"", ""max_parallel_workers_per_gather"": ""0""}",measure,T_i2_gin_jsonb_ops,12,0,0
I-2,default,1,C1,jsonb,7,0.052,0.099,,1,Bitmap Heap Scan,Bitmap Heap Scan on T [Bitmap Index Scan using T_i2_gin_jsonb_ops],50,12,50,12,,24,0,0,,0,1,17,False,"{""jit"": ""off"", ""max_parallel_workers_per_gather"": ""0""}",measure,T_i2_gin_jsonb_ops,12,0,0
I-2,default,1,C1,jsonb,8,0.051,0.1,,1,Bitmap Heap Scan,Bitmap Heap Scan on T [Bitmap Index Scan using T_i2_gin_jsonb_ops],50,12,50,12,,24,0,0,,0,1,17,False,"{""jit"": ""off"", ""max_parallel_workers_per_gather"": ""0""}",measure,T_i2_gin_jsonb_ops,12,0,0
I-2,default,1,C1,jsonb,9,0.053,0.105,,1,Bitmap Heap Scan,Bitmap Heap Scan on T [Bitmap Index Scan using T_i2_gin_jsonb_ops],50,12,50,12,,24,0,0,,0,1,17,False,"{""jit"": ""off"", ""max_parallel_workers_per_gather"": ""0""}",measure,T_i2_gin_jsonb_ops,12,0,0
I-2,default,1,C1,jsonb,10,0.055,0.102,,1,Bitmap Heap Scan,Bitmap Heap Scan on T [Bitmap Index Scan using T_i2_gin_jsonb_ops],50,12,50,12,,24,0,0,,0,1,17,False,"{""jit"": ""off"", ""max_parallel_workers_per_gather"": ""0""}",measure,T_i2_gin_jsonb_ops,12,0,0
I-2,default,1,C1,jsonb,11,0.086,0.177,,1,Bitmap Heap Scan,Bitmap Heap Scan on T [Bitmap Index Scan using T_i2_gin_jsonb_ops],50,12,50,12,,24,0,0,,0,1,17,False,"{""jit"": ""off"", ""max_parallel_workers_per_gather"": ""0""}",measure,T_i2_gin_jsonb_ops,12,0,0
I-2,default,1,C1,jsonb,12,0.079,0.186,,1,Bitmap Heap Scan,Bitmap Heap Scan on T [Bitmap Index Scan using T_i2_gin_jsonb_ops],50,12,50,12,,24,0,0,,0,1,17,False,"{""jit"": ""off"", ""max_parallel_workers_per_gather"": ""0""}",measure,T_i2_gin_jsonb_ops,12,0,0
I-2,default,1,C1,jsonb,13,0.078,0.185,,1,Bitmap Heap Scan,Bitmap Heap Scan on T [Bitmap Index Scan using T_i2_gin_jsonb_ops],50,12,50,12,,24,0,0,,0,1,17,False,"{""jit"": ""off"", ""max_parallel_workers_per_gather"": ""0""}",measure,T_i2_gin_jsonb_ops,12,0,0
I-2,default,1,C1,jsonb,14,0.077,0.188,,1,Bitmap Heap Scan,Bitmap Heap Scan on T [Bitmap Index Scan using T_i2_gin_jsonb_ops],50,12,50,12,,24,0,0,,0,1,17,False,"{""jit"": ""off"", ""max_parallel_workers_per_gather"": ""0""}",measure,T_i2_gin_jsonb_ops,12,0,0
I-2,default,1,C1,jsonb,15,0.08,0.194,,1,Bitmap Heap Scan,Bitmap Heap Scan on T [Bitmap Index Scan using T_i2_gin_jsonb_ops],50,12,50,12,,24,0,0,,0,1,17,False,"{""jit"": ""off"", ""max_parallel_workers_per_gather"": ""0""}",measure,T_i2_gin_jsonb_ops,12,0,0
I-2,default,1,C1,jsonb,1,0.093,0.192,0.002,1,Bitmap Heap Scan,Bitmap Heap Scan on T [Bitmap Index Scan using T_i2_gin_jsonb_ops],50,12,50,12,,24,0,0,,0,1,17,False,"{""jit"": ""off"", ""max_parallel_workers_per_gather"": ""0""}",detail,T_i2_gin_jsonb_ops,12,0,0
I-2,default,1,C1b,jsonb,1,0.087,0.702,,1,Bitmap Heap Scan,Bitmap Heap Scan on T [Bitmap Index Scan using T_i2_gin_jsonb_ops],50,30,50,30,,47,0,0,,0,1,17,False,"{""jit"": ""off"", ""max_parallel_workers_per_gather"": ""0""}",warmup,T_i2_gin_jsonb_ops,31,0,1
I-2,default,1,C1b,jsonb,2,0.078,0.44,,1,Bitmap Heap Scan,Bitmap Heap Scan on T [Bitmap Index Scan using T_i2_gin_jsonb_ops],50,30,50,30,,47,0,0,,0,1,17,False,"{""jit"": ""off"", ""max_parallel_workers_per_gather"": ""0""}",warmup,T_i2_gin_jsonb_ops,31,0,1
I-2,default,1,C1b,jsonb,3,0.077,0.426,,1,Bitmap Heap Scan,Bitmap Heap Scan on T [Bitmap Index Scan using T_i2_gin_jsonb_ops],50,30,50,30,,47,0,0,,0,1,17,False,"{""jit"": ""off"", ""max_parallel_workers_per_gather"": ""0""}",warmup,T_i2_gin_jsonb_ops,31,0,1
I-2,default,1,C1b,jsonb,1,0.077,0.444,,1,Bitmap Heap Scan,Bitmap Heap Scan on T [Bitmap Index Scan using T_i2_gin_jsonb_ops],50,30,50,30,,47,0,0,,0,1,17,False,"{""jit"": ""off"", ""max_parallel_workers_per_gather"": ""0""}",measure,T_i2_gin_jsonb_ops,31,0,1
I-2,default,1,C1b,jsonb,2,0.08,0.457,,1,Bitmap Heap Scan,Bitmap Heap Scan on T [Bitmap Index Scan using T_i2_gin_jsonb_ops],50,30,50,30,,47,0,0,,0,1,17,False,"{""jit"": ""off"", ""max_parallel_workers_per_gather"": ""0""}",measure,T_i2_gin_jsonb_ops,31,0,1
I-2,default,1,C1b,jsonb,3,0.082,0.454,,1,Bitmap Heap Scan,Bitmap Heap Scan on T [Bitmap Index Scan using T_i2_gin_jsonb_ops],50,30,50,30,,47,0,0,,0,1,17,False,"{""jit"": ""off"", ""max_parallel_workers_per_gather"": ""0""}",measure,T_i2_gin_jsonb_ops,31,0,1
I-2,default,1,C1b,jsonb,4,0.064,0.276,,1,Bitmap Heap Scan,Bitmap Heap Scan on T [Bitmap Index Scan using T_i2_gin_jsonb_ops],50,30,50,30,,47,0,0,,0,1,17,False,"{""jit"": ""off"", ""max_parallel_workers_per_gather"": ""0""}",measure,T_i2_gin_jsonb_ops,31,0,1
I-2,default,1,C1b,jsonb,5,0.062,0.278,,1,Bitmap Heap Scan,Bitmap Heap Scan on T [Bitmap Index Scan using T_i2_gin_jsonb_ops],50,30,50,30,,47,0,0,,0,1,17,False,"{""jit"": ""off"", ""max_parallel_workers_per_gather"": ""0""}",measure,T_i2_gin_jsonb_ops,31,0,1
I-2,default,1,C1b,jsonb,6,0.061,0.284,,1,Bitmap Heap Scan,Bitmap Heap Scan on T [Bitmap Index Scan using T_i2_gin_jsonb_ops],50,30,50,30,,47,0,0,,0,1,17,False,"{""jit"": ""off"", ""max_parallel_workers_per_gather"": ""0""}",measure,T_i2_gin_jsonb_ops,31,0,1
I-2,default,1,C1b,jsonb,7,0.062,0.272,,1,Bitmap Heap Scan,Bitmap Heap Scan on T [Bitmap Index Scan using T_i2_gin_jsonb_ops],50,30,50,30,,47,0,0,,0,1,17,False,"{""jit"": ""off"", ""max_parallel_workers_per_gather"": ""0""}",measure,T_i2_gin_jsonb_ops,31,0,1
I-2,default,1,C1b,jsonb,8,0.059,0.261,,1,Bitmap Heap Scan,Bitmap Heap Scan on T [Bitmap Index Scan using T_i2_gin_jsonb_ops],50,30,50,30,,47,0,0,,0,1,17,False,"{""jit"": ""off"", ""max_parallel_workers_per_gather"": ""0""}",measure,T_i2_gin_jsonb_ops,31,0,1
I-2,default,1,C1b,jsonb,9,0.06,0.273,,1,Bitmap Heap Scan,Bitmap Heap Scan on T [Bitmap Index Scan using T_i2_gin_jsonb_ops],50,30,50,30,,47,0,0,,0,1,17,False,"{""jit"": ""off"", ""max_parallel_workers_per_gather"": ""0""}",measure,T_i2_gin_jsonb_ops,31,0,1
I-2,default,1,C1b,jsonb,10,0.06,0.261,,1,Bitmap Heap Scan,Bitmap Heap Scan on T [Bitmap Index Scan using T_i2_gin_jsonb_ops],50,30,50,30,,47,0,0,,0,1,17,False,"{""jit"": ""off"", ""max_parallel_workers_per_gather"": ""0""}",measure,T_i2_gin_jsonb_ops,31,0,1
I-2,default,1,C1b,jsonb,11,0.059,0.262,,1,Bitmap Heap Scan,Bitmap Heap Scan on T [Bitmap Index Scan using T_i2_gin_jsonb_ops],50,30,50,30,,47,0,0,,0,1,17,False,"{""jit"": ""off"", ""max_parallel_workers_per_gather"": ""0""}",measure,T_i2_gin_jsonb_ops,31,0,1
I-2,default,1,C1b,jsonb,12,0.06,0.407,,1,Bitmap Heap Scan,Bitmap Heap Scan on T [Bitmap Index Scan using T_i2_gin_jsonb_ops],50,30,50,30,,47,0,0,,0,1,17,False,"{""jit"": ""off"", ""max_parallel_workers_per_gather"": ""0""}",measure,T_i2_gin_jsonb_ops,31,0,1
I-2,default,1,C1b,jsonb,13,0.062,0.265,,1,Bitmap Heap Scan,Bitmap Heap Scan on T [Bitmap Index Scan using T_i2_gin_jsonb_ops],50,30,50,30,,47,0,0,,0,1,17,False,"{""jit"": ""off"", ""max_parallel_workers_per_gather"": ""0""}",measure,T_i2_gin_jsonb_ops,31,0,1
I-2,default,1,C1b,jsonb,14,0.06,0.263,,1,Bitmap Heap Scan,Bitmap Heap Scan on T [Bitmap Index Scan using T_i2_gin_jsonb_ops],50,30,50,30,,47,0,0,,0,1,17,False,"{""jit"": ""off"", ""max_parallel_workers_per_gather"": ""0""}",measure,T_i2_gin_jsonb_ops,31,0,1
I-2,default,1,C1b,jsonb,15,0.071,0.262,,1,Bitmap Heap Scan,Bitmap Heap Scan on T [Bitmap Index Scan using T_i2_gin_jsonb_ops],50,30,50,30,,47,0,0,,0,1,17,False,"{""jit"": ""off"", ""max_parallel_workers_per_gather"": ""0""}",measure,T_i2_gin_jsonb_ops,31,0,1
I-2,default,1,C1b,jsonb,1,0.063,0.273,0.004,1,Bitmap Heap Scan,Bitmap Heap Scan on T [Bitmap Index Scan using T_i2_gin_jsonb_ops],50,30,50,30,,47,0,0,,0,1,17,False,"{""jit"": ""off"", ""max_parallel_workers_per_gather"": ""0""}",detail,T_i2_gin_jsonb_ops,31,0,1
I-2,default,1,C1c,jsonb,1,0.06,0.112,,1,Bitmap Heap Scan,Bitmap Heap Scan on T [Bitmap Index Scan using T_i2_gin_jsonb_ops],50,3,50,3,,15,0,0,,0,1,17,False,"{""jit"": ""off"", ""max_parallel_workers_per_gather"": ""0""}",warmup,T_i2_gin_jsonb_ops,3,0,0
I-2,default,1,C1c,jsonb,2,0.058,0.099,,1,Bitmap Heap Scan,Bitmap Heap Scan on T [Bitmap Index Scan using T_i2_gin_jsonb_ops],50,3,50,3,,15,0,0,,0,1,17,False,"{""jit"": ""off"", ""max_parallel_workers_per_gather"": ""0""}",warmup,T_i2_gin_jsonb_ops,3,0,0
I-2,default,1,C1c,jsonb,3,0.057,0.098,,1,Bitmap Heap Scan,Bitmap Heap Scan on T [Bitmap Index Scan using T_i2_gin_jsonb_ops],50,3,50,3,,15,0,0,,0,1,17,False,"{""jit"": ""off"", ""max_parallel_workers_per_gather"": ""0""}",warmup,T_i2_gin_jsonb_ops,3,0,0
I-2,default,1,C1c,jsonb,1,0.057,0.098,,1,Bitmap Heap Scan,Bitmap Heap Scan on T [Bitmap Index Scan using T_i2_gin_jsonb_ops],50,3,50,3,,15,0,0,,0,1,17,False,"{""jit"": ""off"", ""max_parallel_workers_per_gather"": ""0""}",measure,T_i2_gin_jsonb_ops,3,0,0
I-2,default,1,C1c,jsonb,2,0.056,0.11,,1,Bitmap Heap Scan,Bitmap Heap Scan on T [Bitmap Index Scan using T_i2_gin_jsonb_ops],50,3,50,3,,15,0,0,,0,1,17,False,"{""jit"": ""off"", ""max_parallel_workers_per_gather"": ""0""}",measure,T_i2_gin_jsonb_ops,3,0,0
I-2,default,1,C1c,jsonb,3,0.055,0.094,,1,Bitmap Heap Scan,Bitmap Heap Scan on T [Bitmap Index Scan using T_i2_gin_jsonb_ops],50,3,50,3,,15,0,0,,0,1,17,False,"{""jit"": ""off"", ""max_parallel_workers_per_gather"": ""0""}",measure,T_i2_gin_jsonb_ops,3,0,0
I-2,default,1,C1c,jsonb,4,0.055,0.104,,1,Bitmap Heap Scan,Bitmap Heap Scan on T [Bitmap Index Scan using T_i2_gin_jsonb_ops],50,3,50,3,,15,0,0,,0,1,17,False,"{""jit"": ""off"", ""max_parallel_workers_per_gather"": ""0""}",measure,T_i2_gin_jsonb_ops,3,0,0
I-2,default,1,C1c,jsonb,5,0.053,0.091,,1,Bitmap Heap Scan,Bitmap Heap Scan on T [Bitmap Index Scan using T_i2_gin_jsonb_ops],50,3,50,3,,15,0,0,,0,1,17,False,"{""jit"": ""off"", ""max_parallel_workers_per_gather"": ""0""}",measure,T_i2_gin_jsonb_ops,3,0,0
I-2,default,1,C1c,jsonb,6,0.053,0.091,,1,Bitmap Heap Scan,Bitmap Heap Scan on T [Bitmap Index Scan using T_i2_gin_jsonb_ops],50,3,50,3,,15,0,0,,0,1,17,False,"{""jit"": ""off"", ""max_parallel_workers_per_gather"": ""0""}",measure,T_i2_gin_jsonb_ops,3,0,0
I-2,default,1,C1c,jsonb,7,0.068,0.093,,1,Bitmap Heap Scan,Bitmap Heap Scan on T [Bitmap Index Scan using T_i2_gin_jsonb_ops],50,3,50,3,,15,0,0,,0,1,17,False,"{""jit"": ""off"", ""max_parallel_workers_per_gather"": ""0""}",measure,T_i2_gin_jsonb_ops,3,0,0
I-2,default,1,C1c,jsonb,8,0.054,0.093,,1,Bitmap Heap Scan,Bitmap Heap Scan on T [Bitmap Index Scan using T_i2_gin_jsonb_ops],50,3,50,3,,15,0,0,,0,1,17,False,"{""jit"": ""off"", ""max_parallel_workers_per_gather"": ""0""}",measure,T_i2_gin_jsonb_ops,3,0,0
I-2,default,1,C1c,jsonb,9,0.054,0.093,,1,Bitmap Heap Scan,Bitmap Heap Scan on T [Bitmap Index Scan using T_i2_gin_jsonb_ops],50,3,50,3,,15,0,0,,0,1,17,False,"{""jit"": ""off"", ""max_parallel_workers_per_gather"": ""0""}",measure,T_i2_gin_jsonb_ops,3,0,0
I-2,default,1,C1c,jsonb,10,0.054,0.094,,1,Bitmap Heap Scan,Bitmap Heap Scan on T [Bitmap Index Scan using T_i2_gin_jsonb_ops],50,3,50,3,,15,0,0,,0,1,17,False,"{""jit"": ""off"", ""max_parallel_workers_per_gather"": ""0""}",measure,T_i2_gin_jsonb_ops,3,0,0
I-2,default,1,C1c,jsonb,11,0.055,0.093,,1,Bitmap Heap Scan,Bitmap Heap Scan on T [Bitmap Index Scan using T_i2_gin_jsonb_ops],50,3,50,3,,15,0,0,,0,1,17,False,"{""jit"": ""off"", ""max_parallel_workers_per_gather"": ""0""}",measure,T_i2_gin_jsonb_ops,3,0,0
I-2,default,1,C1c,jsonb,12,0.054,0.093,,1,Bitmap Heap Scan,Bitmap Heap Scan on T [Bitmap Index Scan using T_i2_gin_jsonb_ops],50,3,50,3,,15,0,0,,0,1,17,False,"{""jit"": ""off"", ""max_parallel_workers_per_gather"": ""0""}",measure,T_i2_gin_jsonb_ops,3,0,0
I-2,default,1,C1c,jsonb,13,0.054,0.093,,1,Bitmap Heap Scan,Bitmap Heap Scan on T [Bitmap Index Scan using T_i2_gin_jsonb_ops],50,3,50,3,,15,0,0,,0,1,17,False,"{""jit"": ""off"", ""max_parallel_workers_per_gather"": ""0""}",measure,T_i2_gin_jsonb_ops,3,0,0
I-2,default,1,C1c,jsonb,14,0.069,0.096,,1,Bitmap Heap Scan,Bitmap Heap Scan on T [Bitmap Index Scan using T_i2_gin_jsonb_ops],50,3,50,3,,15,0,0,,0,1,17,False,"{""jit"": ""off"", ""max_parallel_workers_per_gather"": ""0""}",measure,T_i2_gin_jsonb_ops,3,0,0
I-2,default,1,C1c,jsonb,15,0.056,0.096,,1,Bitmap Heap Scan,Bitmap Heap Scan on T [Bitmap Index Scan using T_i2_gin_jsonb_ops],50,3,50,3,,15,0,0,,0,1,17,False,"{""jit"": ""off"", ""max_parallel_workers_per_gather"": ""0""}",measure,T_i2_gin_jsonb_ops,3,0,0
I-2,default,1,C1c,jsonb,1,0.056,0.097,0.001,1,Bitmap Heap Scan,Bitmap Heap Scan on T [Bitmap Index Scan using T_i2_gin_jsonb_ops],50,3,50,3,,15,0,0,,0,1,17,False,"{""jit"": ""off"", ""max_parallel_workers_per_gather"": ""0""}",detail,T_i2_gin_jsonb_ops,3,0,0
I-2,default,1,C1d,jsonb,1,0.056,1.577,,3,Bitmap Heap Scan,Bitmap Heap Scan on T [Bitmap Index Scan using T_i2_gin_jsonb_ops],50,225,50,225,,214,0,0,,0,1,17,False,"{""jit"": ""off"", ""max_parallel_workers_per_gather"": ""0""}",warmup,T_i2_gin_jsonb_ops,198,0,0
I-2,default,1,C1d,jsonb,2,0.057,0.861,,3,Bitmap Heap Scan,Bitmap Heap Scan on T [Bitmap Index Scan using T_i2_gin_jsonb_ops],50,225,50,225,,214,0,0,,0,1,17,False,"{""jit"": ""off"", ""max_parallel_workers_per_gather"": ""0""}",warmup,T_i2_gin_jsonb_ops,198,0,0
I-2,default,1,C1d,jsonb,3,0.057,0.815,,3,Bitmap Heap Scan,Bitmap Heap Scan on T [Bitmap Index Scan using T_i2_gin_jsonb_ops],50,225,50,225,,214,0,0,,0,1,17,False,"{""jit"": ""off"", ""max_parallel_workers_per_gather"": ""0""}",warmup,T_i2_gin_jsonb_ops,198,0,0
I-2,default,1,C1d,jsonb,1,0.057,0.837,,3,Bitmap Heap Scan,Bitmap Heap Scan on T [Bitmap Index Scan using T_i2_gin_jsonb_ops],50,225,50,225,,214,0,0,,0,1,17,False,"{""jit"": ""off"", ""max_parallel_workers_per_gather"": ""0""}",measure,T_i2_gin_jsonb_ops,198,0,0
I-2,default,1,C1d,jsonb,2,0.057,0.814,,3,Bitmap Heap Scan,Bitmap Heap Scan on T [Bitmap Index Scan using T_i2_gin_jsonb_ops],50,225,50,225,,214,0,0,,0,1,17,False,"{""jit"": ""off"", ""max_parallel_workers_per_gather"": ""0""}",measure,T_i2_gin_jsonb_ops,198,0,0
I-2,default,1,C1d,jsonb,3,0.057,0.804,,3,Bitmap Heap Scan,Bitmap Heap Scan on T [Bitmap Index Scan using T_i2_gin_jsonb_ops],50,225,50,225,,214,0,0,,0,1,17,False,"{""jit"": ""off"", ""max_parallel_workers_per_gather"": ""0""}",measure,T_i2_gin_jsonb_ops,198,0,0
I-2,default,1,C1d,jsonb,4,0.059,0.801,,3,Bitmap Heap Scan,Bitmap Heap Scan on T [Bitmap Index Scan using T_i2_gin_jsonb_ops],50,225,50,225,,214,0,0,,0,1,17,False,"{""jit"": ""off"", ""max_parallel_workers_per_gather"": ""0""}",measure,T_i2_gin_jsonb_ops,198,0,0
I-2,default,1,C1d,jsonb,5,0.056,0.803,,3,Bitmap Heap Scan,Bitmap Heap Scan on T [Bitmap Index Scan using T_i2_gin_jsonb_ops],50,225,50,225,,214,0,0,,0,1,17,False,"{""jit"": ""off"", ""max_parallel_workers_per_gather"": ""0""}",measure,T_i2_gin_jsonb_ops,198,0,0
I-2,default,1,C1d,jsonb,6,0.056,0.791,,3,Bitmap Heap Scan,Bitmap Heap Scan on T [Bitmap Index Scan using T_i2_gin_jsonb_ops],50,225,50,225,,214,0,0,,0,1,17,False,"{""jit"": ""off"", ""max_parallel_workers_per_gather"": ""0""}",measure,T_i2_gin_jsonb_ops,198,0,0
I-2,default,1,C1d,jsonb,7,0.056,0.802,,3,Bitmap Heap Scan,Bitmap Heap Scan on T [Bitmap Index Scan using T_i2_gin_jsonb_ops],50,225,50,225,,214,0,0,,0,1,17,False,"{""jit"": ""off"", ""max_parallel_workers_per_gather"": ""0""}",measure,T_i2_gin_jsonb_ops,198,0,0
I-2,default,1,C1d,jsonb,8,0.056,0.792,,3,Bitmap Heap Scan,Bitmap Heap Scan on T [Bitmap Index Scan using T_i2_gin_jsonb_ops],50,225,50,225,,214,0,0,,0,1,17,False,"{""jit"": ""off"", ""max_parallel_workers_per_gather"": ""0""}",measure,T_i2_gin_jsonb_ops,198,0,0
I-2,default,1,C1d,jsonb,9,0.059,0.801,,3,Bitmap Heap Scan,Bitmap Heap Scan on T [Bitmap Index Scan using T_i2_gin_jsonb_ops],50,225,50,225,,214,0,0,,0,1,17,False,"{""jit"": ""off"", ""max_parallel_workers_per_gather"": ""0""}",measure,T_i2_gin_jsonb_ops,198,0,0
I-2,default,1,C1d,jsonb,10,0.056,0.784,,3,Bitmap Heap Scan,Bitmap Heap Scan on T [Bitmap Index Scan using T_i2_gin_jsonb_ops],50,225,50,225,,214,0,0,,0,1,17,False,"{""jit"": ""off"", ""max_parallel_workers_per_gather"": ""0""}",measure,T_i2_gin_jsonb_ops,198,0,0
I-2,default,1,C1d,jsonb,11,0.056,0.793,,3,Bitmap Heap Scan,Bitmap Heap Scan on T [Bitmap Index Scan using T_i2_gin_jsonb_ops],50,225,50,225,,214,0,0,,0,1,17,False,"{""jit"": ""off"", ""max_parallel_workers_per_gather"": ""0""}",measure,T_i2_gin_jsonb_ops,198,0,0
I-2,default,1,C1d,jsonb,12,0.058,0.813,,3,Bitmap Heap Scan,Bitmap Heap Scan on T [Bitmap Index Scan using T_i2_gin_jsonb_ops],50,225,50,225,,214,0,0,,0,1,17,False,"{""jit"": ""off"", ""max_parallel_workers_per_gather"": ""0""}",measure,T_i2_gin_jsonb_ops,198,0,0
I-2,default,1,C1d,jsonb,13,0.057,0.853,,3,Bitmap Heap Scan,Bitmap Heap Scan on T [Bitmap Index Scan using T_i2_gin_jsonb_ops],50,225,50,225,,214,0,0,,0,1,17,False,"{""jit"": ""off"", ""max_parallel_workers_per_gather"": ""0""}",measure,T_i2_gin_jsonb_ops,198,0,0
I-2,default,1,C1d,jsonb,14,0.06,0.839,,3,Bitmap Heap Scan,Bitmap Heap Scan on T [Bitmap Index Scan using T_i2_gin_jsonb_ops],50,225,50,225,,214,0,0,,0,1,17,False,"{""jit"": ""off"", ""max_parallel_workers_per_gather"": ""0""}",measure,T_i2_gin_jsonb_ops,198,0,0
I-2,default,1,C1d,jsonb,15,0.087,1.302,,3,Bitmap Heap Scan,Bitmap Heap Scan on T [Bitmap Index Scan using T_i2_gin_jsonb_ops],50,225,50,225,,214,0,0,,0,1,17,False,"{""jit"": ""off"", ""max_parallel_workers_per_gather"": ""0""}",measure,T_i2_gin_jsonb_ops,198,0,0
I-2,default,1,C1d,jsonb,1,0.082,1.318,0.036,3,Bitmap Heap Scan,Bitmap Heap Scan on T [Bitmap Index Scan using T_i2_gin_jsonb_ops],50,225,50,225,,214,0,0,,0,1,17,False,"{""jit"": ""off"", ""max_parallel_workers_per_gather"": ""0""}",detail,T_i2_gin_jsonb_ops,198,0,0
I-2,default,1,C2,jsonb,1,0.076,23.767,,1,Seq Scan,Seq Scan on T,50,3,50,3,4997,981,0,0,,0,0,16,False,"{""jit"": ""off"", ""max_parallel_workers_per_gather"": ""0""}",warmup,-,,,
I-2,default,1,C2,jsonb,2,0.076,16.73,,1,Seq Scan,Seq Scan on T,50,3,50,3,4997,981,0,0,,0,0,16,False,"{""jit"": ""off"", ""max_parallel_workers_per_gather"": ""0""}",warmup,-,,,
I-2,default,1,C2,jsonb,3,0.065,12.155,,1,Seq Scan,Seq Scan on T,50,3,50,3,4997,981,0,0,,0,0,16,False,"{""jit"": ""off"", ""max_parallel_workers_per_gather"": ""0""}",warmup,-,,,
I-2,default,1,C2,jsonb,1,0.087,11.939,,1,Seq Scan,Seq Scan on T,50,3,50,3,4997,981,0,0,,0,0,16,False,"{""jit"": ""off"", ""max_parallel_workers_per_gather"": ""0""}",measure,-,,,
I-2,default,1,C2,jsonb,2,0.077,12.41,,1,Seq Scan,Seq Scan on T,50,3,50,3,4997,981,0,0,,0,0,16,False,"{""jit"": ""off"", ""max_parallel_workers_per_gather"": ""0""}",measure,-,,,
I-2,default,1,C2,jsonb,3,0.069,12.28,,1,Seq Scan,Seq Scan on T,50,3,50,3,4997,981,0,0,,0,0,16,False,"{""jit"": ""off"", ""max_parallel_workers_per_gather"": ""0""}",measure,-,,,
I-2,default,1,C2,jsonb,4,0.064,12.559,,1,Seq Scan,Seq Scan on T,50,3,50,3,4997,981,0,0,,0,0,16,False,"{""jit"": ""off"", ""max_parallel_workers_per_gather"": ""0""}",measure,-,,,
I-2,default,1,C2,jsonb,5,0.072,12.931,,1,Seq Scan,Seq Scan on T,50,3,50,3,4997,981,0,0,,0,0,16,False,"{""jit"": ""off"", ""max_parallel_workers_per_gather"": ""0""}",measure,-,,,
I-2,default,1,C2,jsonb,6,0.067,12.763,,1,Seq Scan,Seq Scan on T,50,3,50,3,4997,981,0,0,,0,0,16,False,"{""jit"": ""off"", ""max_parallel_workers_per_gather"": ""0""}",measure,-,,,
I-2,default,1,C2,jsonb,7,0.074,13.163,,1,Seq Scan,Seq Scan on T,50,3,50,3,4997,981,0,0,,0,0,16,False,"{""jit"": ""off"", ""max_parallel_workers_per_gather"": ""0""}",measure,-,,,
I-2,default,1,C2,jsonb,8,0.085,12.098,,1,Seq Scan,Seq Scan on T,50,3,50,3,4997,981,0,0,,0,0,16,False,"{""jit"": ""off"", ""max_parallel_workers_per_gather"": ""0""}",measure,-,,,
I-2,default,1,C2,jsonb,9,0.066,11.577,,1,Seq Scan,Seq Scan on T,50,3,50,3,4997,981,0,0,,0,0,16,False,"{""jit"": ""off"", ""max_parallel_workers_per_gather"": ""0""}",measure,-,,,
I-2,default,1,C2,jsonb,10,0.061,11.959,,1,Seq Scan,Seq Scan on T,50,3,50,3,4997,981,0,0,,0,0,16,False,"{""jit"": ""off"", ""max_parallel_workers_per_gather"": ""0""}",measure,-,,,
I-2,default,1,C2,jsonb,11,0.068,11.888,,1,Seq Scan,Seq Scan on T,50,3,50,3,4997,981,0,0,,0,0,16,False,"{""jit"": ""off"", ""max_parallel_workers_per_gather"": ""0""}",measure,-,,,
I-2,default,1,C2,jsonb,12,0.065,12.186,,1,Seq Scan,Seq Scan on T,50,3,50,3,4997,981,0,0,,0,0,16,False,"{""jit"": ""off"", ""max_parallel_workers_per_gather"": ""0""}",measure,-,,,
I-2,default,1,C2,jsonb,13,0.07,12.19,,1,Seq Scan,Seq Scan on T,50,3,50,3,4997,981,0,0,,0,0,16,False,"{""jit"": ""off"", ""max_parallel_workers_per_gather"": ""0""}",measure,-,,,
I-2,default,1,C2,jsonb,14,0.077,12.614,,1,Seq Scan,Seq Scan on T,50,3,50,3,4997,981,0,0,,0,0,16,False,"{""jit"": ""off"", ""max_parallel_workers_per_gather"": ""0""}",measure,-,,,
I-2,default,1,C2,jsonb,15,0.07,12.589,,1,Seq Scan,Seq Scan on T,50,3,50,3,4997,981,0,0,,0,0,16,False,"{""jit"": ""off"", ""max_parallel_workers_per_gather"": ""0""}",measure,-,,,
I-2,default,1,C2,jsonb,1,0.072,11.737,0.002,1,Seq Scan,Seq Scan on T,50,3,50,3,4997,981,0,0,,0,0,16,False,"{""jit"": ""off"", ""max_parallel_workers_per_gather"": ""0""}",detail,-,,,
I-2,default,1,C3,jsonb,1,0.169,0.433,,1,Bitmap Heap Scan,Bitmap Heap Scan on T [Bitmap Index Scan using T_i2_gin_jsonb_ops],50,30,50,30,,47,0,0,,0,4,18,False,"{""jit"": ""off"", ""max_parallel_workers_per_gather"": ""0""}",warmup,T_i2_gin_jsonb_ops,31,0,1
I-2,default,1,C3,jsonb,2,0.057,0.239,,1,Bitmap Heap Scan,Bitmap Heap Scan on T [Bitmap Index Scan using T_i2_gin_jsonb_ops],50,30,50,30,,47,0,0,,0,1,18,False,"{""jit"": ""off"", ""max_parallel_workers_per_gather"": ""0""}",warmup,T_i2_gin_jsonb_ops,31,0,1
I-2,default,1,C3,jsonb,3,0.05,0.218,,1,Bitmap Heap Scan,Bitmap Heap Scan on T [Bitmap Index Scan using T_i2_gin_jsonb_ops],50,30,50,30,,47,0,0,,0,1,18,False,"{""jit"": ""off"", ""max_parallel_workers_per_gather"": ""0""}",warmup,T_i2_gin_jsonb_ops,31,0,1
I-2,default,1,C3,jsonb,1,0.047,0.229,,1,Bitmap Heap Scan,Bitmap Heap Scan on T [Bitmap Index Scan using T_i2_gin_jsonb_ops],50,30,50,30,,47,0,0,,0,1,18,False,"{""jit"": ""off"", ""max_parallel_workers_per_gather"": ""0""}",measure,T_i2_gin_jsonb_ops,31,0,1
I-2,default,1,C3,jsonb,2,0.048,0.215,,1,Bitmap Heap Scan,Bitmap Heap Scan on T [Bitmap Index Scan using T_i2_gin_jsonb_ops],50,30,50,30,,47,0,0,,0,1,18,False,"{""jit"": ""off"", ""max_parallel_workers_per_gather"": ""0""}",measure,T_i2_gin_jsonb_ops,31,0,1
I-2,default,1,C3,jsonb,3,0.058,0.216,,1,Bitmap Heap Scan,Bitmap Heap Scan on T [Bitmap Index Scan using T_i2_gin_jsonb_ops],50,30,50,30,,47,0,0,,0,1,18,False,"{""jit"": ""off"", ""max_parallel_workers_per_gather"": ""0""}",measure,T_i2_gin_jsonb_ops,31,0,1
I-2,default,1,C3,jsonb,4,0.048,0.214,,1,Bitmap Heap Scan,Bitmap Heap Scan on T [Bitmap Index Scan using T_i2_gin_jsonb_ops],50,30,50,30,,47,0,0,,0,1,18,False,"{""jit"": ""off"", ""max_parallel_workers_per_gather"": ""0""}",measure,T_i2_gin_jsonb_ops,31,0,1
I-2,default,1,C3,jsonb,5,0.048,0.214,,1,Bitmap Heap Scan,Bitmap Heap Scan on T [Bitmap Index Scan using T_i2_gin_jsonb_ops],50,30,50,30,,47,0,0,,0,1,18,False,"{""jit"": ""off"", ""max_parallel_workers_per_gather"": ""0""}",measure,T_i2_gin_jsonb_ops,31,0,1
I-2,default,1,C3,jsonb,6,0.047,0.215,,1,Bitmap Heap Scan,Bitmap Heap Scan on T [Bitmap Index Scan using T_i2_gin_jsonb_ops],50,30,50,30,,47,0,0,,0,1,18,False,"{""jit"": ""off"", ""max_parallel_workers_per_gather"": ""0""}",measure,T_i2_gin_jsonb_ops,31,0,1
I-2,default,1,C3,jsonb,7,0.068,0.204,,1,Bitmap Heap Scan,Bitmap Heap Scan on T [Bitmap Index Scan using T_i2_gin_jsonb_ops],50,30,50,30,,47,0,0,,0,1,18,False,"{""jit"": ""off"", ""max_parallel_workers_per_gather"": ""0""}",measure,T_i2_gin_jsonb_ops,31,0,1
I-2,default,1,C3,jsonb,8,0.045,0.203,,1,Bitmap Heap Scan,Bitmap Heap Scan on T [Bitmap Index Scan using T_i2_gin_jsonb_ops],50,30,50,30,,47,0,0,,0,1,18,False,"{""jit"": ""off"", ""max_parallel_workers_per_gather"": ""0""}",measure,T_i2_gin_jsonb_ops,31,0,1
I-2,default,1,C3,jsonb,9,0.045,0.223,,1,Bitmap Heap Scan,Bitmap Heap Scan on T [Bitmap Index Scan using T_i2_gin_jsonb_ops],50,30,50,30,,47,0,0,,0,1,18,False,"{""jit"": ""off"", ""max_parallel_workers_per_gather"": ""0""}",measure,T_i2_gin_jsonb_ops,31,0,1
I-2,default,1,C3,jsonb,10,0.047,0.209,,1,Bitmap Heap Scan,Bitmap Heap Scan on T [Bitmap Index Scan using T_i2_gin_jsonb_ops],50,30,50,30,,47,0,0,,0,1,18,False,"{""jit"": ""off"", ""max_parallel_workers_per_gather"": ""0""}",measure,T_i2_gin_jsonb_ops,31,0,1
I-2,default,1,C3,jsonb,11,0.084,0.26,,1,Bitmap Heap Scan,Bitmap Heap Scan on T [Bitmap Index Scan using T_i2_gin_jsonb_ops],50,30,50,30,,47,0,0,,0,1,18,False,"{""jit"": ""off"", ""max_parallel_workers_per_gather"": ""0""}",measure,T_i2_gin_jsonb_ops,31,0,1
I-2,default,1,C3,jsonb,12,0.049,0.215,,1,Bitmap Heap Scan,Bitmap Heap Scan on T [Bitmap Index Scan using T_i2_gin_jsonb_ops],50,30,50,30,,47,0,0,,0,1,18,False,"{""jit"": ""off"", ""max_parallel_workers_per_gather"": ""0""}",measure,T_i2_gin_jsonb_ops,31,0,1
I-2,default,1,C3,jsonb,13,0.046,0.209,,1,Bitmap Heap Scan,Bitmap Heap Scan on T [Bitmap Index Scan using T_i2_gin_jsonb_ops],50,30,50,30,,47,0,0,,0,1,18,False,"{""jit"": ""off"", ""max_parallel_workers_per_gather"": ""0""}",measure,T_i2_gin_jsonb_ops,31,0,1
I-2,default,1,C3,jsonb,14,0.047,0.208,,1,Bitmap Heap Scan,Bitmap Heap Scan on T [Bitmap Index Scan using T_i2_gin_jsonb_ops],50,30,50,30,,47,0,0,,0,1,18,False,"{""jit"": ""off"", ""max_parallel_workers_per_gather"": ""0""}",measure,T_i2_gin_jsonb_ops,31,0,1
I-2,default,1,C3,jsonb,15,0.048,0.215,,1,Bitmap Heap Scan,Bitmap Heap Scan on T [Bitmap Index Scan using T_i2_gin_jsonb_ops],50,30,50,30,,47,0,0,,0,1,18,False,"{""jit"": ""off"", ""max_parallel_workers_per_gather"": ""0""}",measure,T_i2_gin_jsonb_ops,31,0,1
I-2,default,1,C3,jsonb,1,0.048,0.217,0.002,1,Bitmap Heap Scan,Bitmap Heap Scan on T [Bitmap Index Scan using T_i2_gin_jsonb_ops],50,30,50,30,,47,0,0,,0,1,18,False,"{""jit"": ""off"", ""max_parallel_workers_per_gather"": ""0""}",detail,T_i2_gin_jsonb_ops,31,0,1
I-2,default,1,C3b,jsonb,1,0.055,0.098,,1,Bitmap Heap Scan,Bitmap Heap Scan on T [Bitmap Index Scan using T_i2_gin_jsonb_ops],50,12,50,12,,27,0,0,,0,4,18,False,"{""jit"": ""off"", ""max_parallel_workers_per_gather"": ""0""}",warmup,T_i2_gin_jsonb_ops,12,0,0
I-2,default,1,C3b,jsonb,2,0.047,0.093,,1,Bitmap Heap Scan,Bitmap Heap Scan on T [Bitmap Index Scan using T_i2_gin_jsonb_ops],50,12,50,12,,27,0,0,,0,1,18,False,"{""jit"": ""off"", ""max_parallel_workers_per_gather"": ""0""}",warmup,T_i2_gin_jsonb_ops,12,0,0
I-2,default,1,C3b,jsonb,3,0.062,0.103,,1,Bitmap Heap Scan,Bitmap Heap Scan on T [Bitmap Index Scan using T_i2_gin_jsonb_ops],50,12,50,12,,27,0,0,,0,1,18,False,"{""jit"": ""off"", ""max_parallel_workers_per_gather"": ""0""}",warmup,T_i2_gin_jsonb_ops,12,0,0
I-2,default,1,C3b,jsonb,1,0.049,0.094,,1,Bitmap Heap Scan,Bitmap Heap Scan on T [Bitmap Index Scan using T_i2_gin_jsonb_ops],50,12,50,12,,27,0,0,,0,1,18,False,"{""jit"": ""off"", ""max_parallel_workers_per_gather"": ""0""}",measure,T_i2_gin_jsonb_ops,12,0,0
I-2,default,1,C3b,jsonb,2,0.048,0.093,,1,Bitmap Heap Scan,Bitmap Heap Scan on T [Bitmap Index Scan using T_i2_gin_jsonb_ops],50,12,50,12,,27,0,0,,0,1,18,False,"{""jit"": ""off"", ""max_parallel_workers_per_gather"": ""0""}",measure,T_i2_gin_jsonb_ops,12,0,0
I-2,default,1,C3b,jsonb,3,0.047,0.093,,1,Bitmap Heap Scan,Bitmap Heap Scan on T [Bitmap Index Scan using T_i2_gin_jsonb_ops],50,12,50,12,,27,0,0,,0,1,18,False,"{""jit"": ""off"", ""max_parallel_workers_per_gather"": ""0""}",measure,T_i2_gin_jsonb_ops,12,0,0
I-2,default,1,C3b,jsonb,4,0.047,0.093,,1,Bitmap Heap Scan,Bitmap Heap Scan on T [Bitmap Index Scan using T_i2_gin_jsonb_ops],50,12,50,12,,27,0,0,,0,1,18,False,"{""jit"": ""off"", ""max_parallel_workers_per_gather"": ""0""}",measure,T_i2_gin_jsonb_ops,12,0,0
I-2,default,1,C3b,jsonb,5,0.047,0.093,,1,Bitmap Heap Scan,Bitmap Heap Scan on T [Bitmap Index Scan using T_i2_gin_jsonb_ops],50,12,50,12,,27,0,0,,0,1,18,False,"{""jit"": ""off"", ""max_parallel_workers_per_gather"": ""0""}",measure,T_i2_gin_jsonb_ops,12,0,0
I-2,default,1,C3b,jsonb,6,0.048,0.093,,1,Bitmap Heap Scan,Bitmap Heap Scan on T [Bitmap Index Scan using T_i2_gin_jsonb_ops],50,12,50,12,,27,0,0,,0,1,18,False,"{""jit"": ""off"", ""max_parallel_workers_per_gather"": ""0""}",measure,T_i2_gin_jsonb_ops,12,0,0
I-2,default,1,C3b,jsonb,7,0.046,0.093,,1,Bitmap Heap Scan,Bitmap Heap Scan on T [Bitmap Index Scan using T_i2_gin_jsonb_ops],50,12,50,12,,27,0,0,,0,1,18,False,"{""jit"": ""off"", ""max_parallel_workers_per_gather"": ""0""}",measure,T_i2_gin_jsonb_ops,12,0,0
I-2,default,1,C3b,jsonb,8,0.046,0.092,,1,Bitmap Heap Scan,Bitmap Heap Scan on T [Bitmap Index Scan using T_i2_gin_jsonb_ops],50,12,50,12,,27,0,0,,0,1,18,False,"{""jit"": ""off"", ""max_parallel_workers_per_gather"": ""0""}",measure,T_i2_gin_jsonb_ops,12,0,0
I-2,default,1,C3b,jsonb,9,0.046,0.092,,1,Bitmap Heap Scan,Bitmap Heap Scan on T [Bitmap Index Scan using T_i2_gin_jsonb_ops],50,12,50,12,,27,0,0,,0,1,18,False,"{""jit"": ""off"", ""max_parallel_workers_per_gather"": ""0""}",measure,T_i2_gin_jsonb_ops,12,0,0
I-2,default,1,C3b,jsonb,10,0.047,0.092,,1,Bitmap Heap Scan,Bitmap Heap Scan on T [Bitmap Index Scan using T_i2_gin_jsonb_ops],50,12,50,12,,27,0,0,,0,1,18,False,"{""jit"": ""off"", ""max_parallel_workers_per_gather"": ""0""}",measure,T_i2_gin_jsonb_ops,12,0,0
I-2,default,1,C3b,jsonb,11,0.049,0.095,,1,Bitmap Heap Scan,Bitmap Heap Scan on T [Bitmap Index Scan using T_i2_gin_jsonb_ops],50,12,50,12,,27,0,0,,0,1,18,False,"{""jit"": ""off"", ""max_parallel_workers_per_gather"": ""0""}",measure,T_i2_gin_jsonb_ops,12,0,0
I-2,default,1,C3b,jsonb,12,0.049,0.096,,1,Bitmap Heap Scan,Bitmap Heap Scan on T [Bitmap Index Scan using T_i2_gin_jsonb_ops],50,12,50,12,,27,0,0,,0,1,18,False,"{""jit"": ""off"", ""max_parallel_workers_per_gather"": ""0""}",measure,T_i2_gin_jsonb_ops,12,0,0
I-2,default,1,C3b,jsonb,13,0.052,0.099,,1,Bitmap Heap Scan,Bitmap Heap Scan on T [Bitmap Index Scan using T_i2_gin_jsonb_ops],50,12,50,12,,27,0,0,,0,1,18,False,"{""jit"": ""off"", ""max_parallel_workers_per_gather"": ""0""}",measure,T_i2_gin_jsonb_ops,12,0,0
I-2,default,1,C3b,jsonb,14,0.068,0.098,,1,Bitmap Heap Scan,Bitmap Heap Scan on T [Bitmap Index Scan using T_i2_gin_jsonb_ops],50,12,50,12,,27,0,0,,0,1,18,False,"{""jit"": ""off"", ""max_parallel_workers_per_gather"": ""0""}",measure,T_i2_gin_jsonb_ops,12,0,0
I-2,default,1,C3b,jsonb,15,0.049,0.097,,1,Bitmap Heap Scan,Bitmap Heap Scan on T [Bitmap Index Scan using T_i2_gin_jsonb_ops],50,12,50,12,,27,0,0,,0,1,18,False,"{""jit"": ""off"", ""max_parallel_workers_per_gather"": ""0""}",measure,T_i2_gin_jsonb_ops,12,0,0
I-2,default,1,C3b,jsonb,1,0.049,0.097,0.002,1,Bitmap Heap Scan,Bitmap Heap Scan on T [Bitmap Index Scan using T_i2_gin_jsonb_ops],50,12,50,12,,27,0,0,,0,1,18,False,"{""jit"": ""off"", ""max_parallel_workers_per_gather"": ""0""}",detail,T_i2_gin_jsonb_ops,12,0,0
I-2,default,1,Q21,jsonb,1,0.043,13.975,,1,Seq Scan,Seq Scan on T,2500,30,2500,30,4970,981,0,0,,0,0,15,False,"{""jit"": ""off"", ""max_parallel_workers_per_gather"": ""0""}",warmup,-,,,
I-2,default,1,Q21,jsonb,2,0.075,13.649,,1,Seq Scan,Seq Scan on T,2500,30,2500,30,4970,981,0,0,,0,0,15,False,"{""jit"": ""off"", ""max_parallel_workers_per_gather"": ""0""}",warmup,-,,,
I-2,default,1,Q21,jsonb,3,0.065,13.551,,1,Seq Scan,Seq Scan on T,2500,30,2500,30,4970,981,0,0,,0,0,15,False,"{""jit"": ""off"", ""max_parallel_workers_per_gather"": ""0""}",warmup,-,,,
I-2,default,1,Q21,jsonb,1,0.064,13.264,,1,Seq Scan,Seq Scan on T,2500,30,2500,30,4970,981,0,0,,0,0,15,False,"{""jit"": ""off"", ""max_parallel_workers_per_gather"": ""0""}",measure,-,,,
I-2,default,1,Q21,jsonb,2,0.068,12.612,,1,Seq Scan,Seq Scan on T,2500,30,2500,30,4970,981,0,0,,0,0,15,False,"{""jit"": ""off"", ""max_parallel_workers_per_gather"": ""0""}",measure,-,,,
I-2,default,1,Q21,jsonb,3,0.053,13.503,,1,Seq Scan,Seq Scan on T,2500,30,2500,30,4970,981,0,0,,0,0,15,False,"{""jit"": ""off"", ""max_parallel_workers_per_gather"": ""0""}",measure,-,,,
I-2,default,1,Q21,jsonb,4,0.116,15.9,,1,Seq Scan,Seq Scan on T,2500,30,2500,30,4970,981,0,0,,0,0,15,False,"{""jit"": ""off"", ""max_parallel_workers_per_gather"": ""0""}",measure,-,,,
I-2,default,1,Q21,jsonb,5,0.148,17.078,,1,Seq Scan,Seq Scan on T,2500,30,2500,30,4970,981,0,0,,0,0,15,False,"{""jit"": ""off"", ""max_parallel_workers_per_gather"": ""0""}",measure,-,,,
I-2,default,1,Q21,jsonb,6,0.06,13.345,,1,Seq Scan,Seq Scan on T,2500,30,2500,30,4970,981,0,0,,0,0,15,False,"{""jit"": ""off"", ""max_parallel_workers_per_gather"": ""0""}",measure,-,,,
I-2,default,1,Q21,jsonb,7,0.066,15.619,,1,Seq Scan,Seq Scan on T,2500,30,2500,30,4970,981,0,0,,0,0,15,False,"{""jit"": ""off"", ""max_parallel_workers_per_gather"": ""0""}",measure,-,,,
I-2,default,1,Q21,jsonb,8,0.116,15.408,,1,Seq Scan,Seq Scan on T,2500,30,2500,30,4970,981,0,0,,0,0,15,False,"{""jit"": ""off"", ""max_parallel_workers_per_gather"": ""0""}",measure,-,,,
I-2,default,1,Q21,jsonb,9,0.072,14.625,,1,Seq Scan,Seq Scan on T,2500,30,2500,30,4970,981,0,0,,0,0,15,False,"{""jit"": ""off"", ""max_parallel_workers_per_gather"": ""0""}",measure,-,,,
I-2,default,1,Q21,jsonb,10,0.066,14.94,,1,Seq Scan,Seq Scan on T,2500,30,2500,30,4970,981,0,0,,0,0,15,False,"{""jit"": ""off"", ""max_parallel_workers_per_gather"": ""0""}",measure,-,,,
I-2,default,1,Q21,jsonb,11,0.069,16.129,,1,Seq Scan,Seq Scan on T,2500,30,2500,30,4970,981,0,0,,0,0,15,False,"{""jit"": ""off"", ""max_parallel_workers_per_gather"": ""0""}",measure,-,,,
I-2,default,1,Q21,jsonb,12,0.105,16.109,,1,Seq Scan,Seq Scan on T,2500,30,2500,30,4970,981,0,0,,0,0,15,False,"{""jit"": ""off"", ""max_parallel_workers_per_gather"": ""0""}",measure,-,,,
I-2,default,1,Q21,jsonb,13,0.084,15.812,,1,Seq Scan,Seq Scan on T,2500,30,2500,30,4970,981,0,0,,0,0,15,False,"{""jit"": ""off"", ""max_parallel_workers_per_gather"": ""0""}",measure,-,,,
I-2,default,1,Q21,jsonb,14,0.074,15.796,,1,Seq Scan,Seq Scan on T,2500,30,2500,30,4970,981,0,0,,0,0,15,False,"{""jit"": ""off"", ""max_parallel_workers_per_gather"": ""0""}",measure,-,,,
I-2,default,1,Q21,jsonb,15,0.172,20.341,,1,Seq Scan,Seq Scan on T,2500,30,2500,30,4970,981,0,0,,0,0,15,False,"{""jit"": ""off"", ""max_parallel_workers_per_gather"": ""0""}",measure,-,,,
I-2,default,1,Q21,jsonb,1,0.107,16.659,0.017,1,Seq Scan,Seq Scan on T,2500,30,2500,30,4970,981,0,0,,0,0,15,False,"{""jit"": ""off"", ""max_parallel_workers_per_gather"": ""0""}",detail,-,,,
I-2,forced,1,C1,jsonb,1,0.086,0.121,,1,Bitmap Heap Scan,Bitmap Heap Scan on T [Bitmap Index Scan using T_i2_gin_jsonb_ops],50,12,50,12,,24,0,0,,0,1,17,False,"{""enable_seqscan"": ""off"", ""jit"": ""off"", ""max_parallel_workers_per_gather"": ""0""}",warmup,T_i2_gin_jsonb_ops,12,0,0
I-2,forced,1,C1,jsonb,2,0.057,0.106,,1,Bitmap Heap Scan,Bitmap Heap Scan on T [Bitmap Index Scan using T_i2_gin_jsonb_ops],50,12,50,12,,24,0,0,,0,1,17,False,"{""enable_seqscan"": ""off"", ""jit"": ""off"", ""max_parallel_workers_per_gather"": ""0""}",warmup,T_i2_gin_jsonb_ops,12,0,0
I-2,forced,1,C1,jsonb,3,0.052,0.1,,1,Bitmap Heap Scan,Bitmap Heap Scan on T [Bitmap Index Scan using T_i2_gin_jsonb_ops],50,12,50,12,,24,0,0,,0,1,17,False,"{""enable_seqscan"": ""off"", ""jit"": ""off"", ""max_parallel_workers_per_gather"": ""0""}",warmup,T_i2_gin_jsonb_ops,12,0,0
I-2,forced,1,C1,jsonb,1,0.055,0.11,,1,Bitmap Heap Scan,Bitmap Heap Scan on T [Bitmap Index Scan using T_i2_gin_jsonb_ops],50,12,50,12,,24,0,0,,0,1,17,False,"{""enable_seqscan"": ""off"", ""jit"": ""off"", ""max_parallel_workers_per_gather"": ""0""}",measure,T_i2_gin_jsonb_ops,12,0,0
I-2,forced,1,C1,jsonb,2,0.055,0.106,,1,Bitmap Heap Scan,Bitmap Heap Scan on T [Bitmap Index Scan using T_i2_gin_jsonb_ops],50,12,50,12,,24,0,0,,0,1,17,False,"{""enable_seqscan"": ""off"", ""jit"": ""off"", ""max_parallel_workers_per_gather"": ""0""}",measure,T_i2_gin_jsonb_ops,12,0,0
I-2,forced,1,C1,jsonb,3,0.063,0.105,,1,Bitmap Heap Scan,Bitmap Heap Scan on T [Bitmap Index Scan using T_i2_gin_jsonb_ops],50,12,50,12,,24,0,0,,0,1,17,False,"{""enable_seqscan"": ""off"", ""jit"": ""off"", ""max_parallel_workers_per_gather"": ""0""}",measure,T_i2_gin_jsonb_ops,12,0,0
I-2,forced,1,C1,jsonb,4,0.054,0.105,,1,Bitmap Heap Scan,Bitmap Heap Scan on T [Bitmap Index Scan using T_i2_gin_jsonb_ops],50,12,50,12,,24,0,0,,0,1,17,False,"{""enable_seqscan"": ""off"", ""jit"": ""off"", ""max_parallel_workers_per_gather"": ""0""}",measure,T_i2_gin_jsonb_ops,12,0,0
I-2,forced,1,C1,jsonb,5,0.055,0.105,,1,Bitmap Heap Scan,Bitmap Heap Scan on T [Bitmap Index Scan using T_i2_gin_jsonb_ops],50,12,50,12,,24,0,0,,0,1,17,False,"{""enable_seqscan"": ""off"", ""jit"": ""off"", ""max_parallel_workers_per_gather"": ""0""}",measure,T_i2_gin_jsonb_ops,12,0,0
I-2,forced,1,C1,jsonb,6,0.062,0.114,,1,Bitmap Heap Scan,Bitmap Heap Scan on T [Bitmap Index Scan using T_i2_gin_jsonb_ops],50,12,50,12,,24,0,0,,0,1,17,False,"{""enable_seqscan"": ""off"", ""jit"": ""off"", ""max_parallel_workers_per_gather"": ""0""}",measure,T_i2_gin_jsonb_ops,12,0,0
I-2,forced,1,C1,jsonb,7,0.062,0.113,,1,Bitmap Heap Scan,Bitmap Heap Scan on T [Bitmap Index Scan using T_i2_gin_jsonb_ops],50,12,50,12,,24,0,0,,0,1,17,False,"{""enable_seqscan"": ""off"", ""jit"": ""off"", ""max_parallel_workers_per_gather"": ""0""}",measure,T_i2_gin_jsonb_ops,12,0,0
I-2,forced,1,C1,jsonb,8,0.065,0.145,,1,Bitmap Heap Scan,Bitmap Heap Scan on T [Bitmap Index Scan using T_i2_gin_jsonb_ops],50,12,50,12,,24,0,0,,0,1,17,False,"{""enable_seqscan"": ""off"", ""jit"": ""off"", ""max_parallel_workers_per_gather"": ""0""}",measure,T_i2_gin_jsonb_ops,12,0,0
I-2,forced,1,C1,jsonb,9,0.065,0.19,,1,Bitmap Heap Scan,Bitmap Heap Scan on T [Bitmap Index Scan using T_i2_gin_jsonb_ops],50,12,50,12,,24,0,0,,0,1,17,False,"{""enable_seqscan"": ""off"", ""jit"": ""off"", ""max_parallel_workers_per_gather"": ""0""}",measure,T_i2_gin_jsonb_ops,12,0,0
I-2,forced,1,C1,jsonb,10,0.252,0.518,,1,Bitmap Heap Scan,Bitmap Heap Scan on T [Bitmap Index Scan using T_i2_gin_jsonb_ops],50,12,50,12,,24,0,0,,0,1,17,False,"{""enable_seqscan"": ""off"", ""jit"": ""off"", ""max_parallel_workers_per_gather"": ""0""}",measure,T_i2_gin_jsonb_ops,12,0,0
I-2,forced,1,C1,jsonb,11,0.253,0.305,,1,Bitmap Heap Scan,Bitmap Heap Scan on T [Bitmap Index Scan using T_i2_gin_jsonb_ops],50,12,50,12,,24,0,0,,0,1,17,False,"{""enable_seqscan"": ""off"", ""jit"": ""off"", ""max_parallel_workers_per_gather"": ""0""}",measure,T_i2_gin_jsonb_ops,12,0,0
I-2,forced,1,C1,jsonb,12,0.219,0.196,,1,Bitmap Heap Scan,Bitmap Heap Scan on T [Bitmap Index Scan using T_i2_gin_jsonb_ops],50,12,50,12,,24,0,0,,0,1,17,False,"{""enable_seqscan"": ""off"", ""jit"": ""off"", ""max_parallel_workers_per_gather"": ""0""}",measure,T_i2_gin_jsonb_ops,12,0,0
I-2,forced,1,C1,jsonb,13,0.096,0.14,,1,Bitmap Heap Scan,Bitmap Heap Scan on T [Bitmap Index Scan using T_i2_gin_jsonb_ops],50,12,50,12,,24,0,0,,0,1,17,False,"{""enable_seqscan"": ""off"", ""jit"": ""off"", ""max_parallel_workers_per_gather"": ""0""}",measure,T_i2_gin_jsonb_ops,12,0,0
I-2,forced,1,C1,jsonb,14,0.125,0.136,,1,Bitmap Heap Scan,Bitmap Heap Scan on T [Bitmap Index Scan using T_i2_gin_jsonb_ops],50,12,50,12,,24,0,0,,0,1,17,False,"{""enable_seqscan"": ""off"", ""jit"": ""off"", ""max_parallel_workers_per_gather"": ""0""}",measure,T_i2_gin_jsonb_ops,12,0,0
I-2,forced,1,C1,jsonb,15,0.064,0.106,,1,Bitmap Heap Scan,Bitmap Heap Scan on T [Bitmap Index Scan using T_i2_gin_jsonb_ops],50,12,50,12,,24,0,0,,0,1,17,False,"{""enable_seqscan"": ""off"", ""jit"": ""off"", ""max_parallel_workers_per_gather"": ""0""}",measure,T_i2_gin_jsonb_ops,12,0,0
I-2,forced,1,C1,jsonb,1,0.074,0.111,0.002,1,Bitmap Heap Scan,Bitmap Heap Scan on T [Bitmap Index Scan using T_i2_gin_jsonb_ops],50,12,50,12,,24,0,0,,0,1,17,False,"{""enable_seqscan"": ""off"", ""jit"": ""off"", ""max_parallel_workers_per_gather"": ""0""}",detail,T_i2_gin_jsonb_ops,12,0,0
I-2,forced,1,C1b,jsonb,1,0.068,0.255,,1,Bitmap Heap Scan,Bitmap Heap Scan on T [Bitmap Index Scan using T_i2_gin_jsonb_ops],50,30,50,30,,47,0,0,,0,1,17,False,"{""enable_seqscan"": ""off"", ""jit"": ""off"", ""max_parallel_workers_per_gather"": ""0""}",warmup,T_i2_gin_jsonb_ops,31,0,1
I-2,forced,1,C1b,jsonb,2,0.094,0.3,,1,Bitmap Heap Scan,Bitmap Heap Scan on T [Bitmap Index Scan using T_i2_gin_jsonb_ops],50,30,50,30,,47,0,0,,0,1,17,False,"{""enable_seqscan"": ""off"", ""jit"": ""off"", ""max_parallel_workers_per_gather"": ""0""}",warmup,T_i2_gin_jsonb_ops,31,0,1
I-2,forced,1,C1b,jsonb,3,0.132,0.421,,1,Bitmap Heap Scan,Bitmap Heap Scan on T [Bitmap Index Scan using T_i2_gin_jsonb_ops],50,30,50,30,,47,0,0,,0,1,17,False,"{""enable_seqscan"": ""off"", ""jit"": ""off"", ""max_parallel_workers_per_gather"": ""0""}",warmup,T_i2_gin_jsonb_ops,31,0,1
I-2,forced,1,C1b,jsonb,1,0.101,0.367,,1,Bitmap Heap Scan,Bitmap Heap Scan on T [Bitmap Index Scan using T_i2_gin_jsonb_ops],50,30,50,30,,47,0,0,,0,1,17,False,"{""enable_seqscan"": ""off"", ""jit"": ""off"", ""max_parallel_workers_per_gather"": ""0""}",measure,T_i2_gin_jsonb_ops,31,0,1
I-2,forced,1,C1b,jsonb,2,0.118,0.397,,1,Bitmap Heap Scan,Bitmap Heap Scan on T [Bitmap Index Scan using T_i2_gin_jsonb_ops],50,30,50,30,,47,0,0,,0,1,17,False,"{""enable_seqscan"": ""off"", ""jit"": ""off"", ""max_parallel_workers_per_gather"": ""0""}",measure,T_i2_gin_jsonb_ops,31,0,1
I-2,forced,1,C1b,jsonb,3,0.104,0.443,,1,Bitmap Heap Scan,Bitmap Heap Scan on T [Bitmap Index Scan using T_i2_gin_jsonb_ops],50,30,50,30,,47,0,0,,0,1,17,False,"{""enable_seqscan"": ""off"", ""jit"": ""off"", ""max_parallel_workers_per_gather"": ""0""}",measure,T_i2_gin_jsonb_ops,31,0,1
I-2,forced,1,C1b,jsonb,4,0.065,0.31,,1,Bitmap Heap Scan,Bitmap Heap Scan on T [Bitmap Index Scan using T_i2_gin_jsonb_ops],50,30,50,30,,47,0,0,,0,1,17,False,"{""enable_seqscan"": ""off"", ""jit"": ""off"", ""max_parallel_workers_per_gather"": ""0""}",measure,T_i2_gin_jsonb_ops,31,0,1
I-2,forced,1,C1b,jsonb,5,0.066,0.333,,1,Bitmap Heap Scan,Bitmap Heap Scan on T [Bitmap Index Scan using T_i2_gin_jsonb_ops],50,30,50,30,,47,0,0,,0,1,17,False,"{""enable_seqscan"": ""off"", ""jit"": ""off"", ""max_parallel_workers_per_gather"": ""0""}",measure,T_i2_gin_jsonb_ops,31,0,1
I-2,forced,1,C1b,jsonb,6,0.085,0.337,,1,Bitmap Heap Scan,Bitmap Heap Scan on T [Bitmap Index Scan using T_i2_gin_jsonb_ops],50,30,50,30,,47,0,0,,0,1,17,False,"{""enable_seqscan"": ""off"", ""jit"": ""off"", ""max_parallel_workers_per_gather"": ""0""}",measure,T_i2_gin_jsonb_ops,31,0,1
I-2,forced,1,C1b,jsonb,7,0.068,0.289,,1,Bitmap Heap Scan,Bitmap Heap Scan on T [Bitmap Index Scan using T_i2_gin_jsonb_ops],50,30,50,30,,47,0,0,,0,1,17,False,"{""enable_seqscan"": ""off"", ""jit"": ""off"", ""max_parallel_workers_per_gather"": ""0""}",measure,T_i2_gin_jsonb_ops,31,0,1
I-2,forced,1,C1b,jsonb,8,0.104,0.499,,1,Bitmap Heap Scan,Bitmap Heap Scan on T [Bitmap Index Scan using T_i2_gin_jsonb_ops],50,30,50,30,,47,0,0,,0,1,17,False,"{""enable_seqscan"": ""off"", ""jit"": ""off"", ""max_parallel_workers_per_gather"": ""0""}",measure,T_i2_gin_jsonb_ops,31,0,1
I-2,forced,1,C1b,jsonb,9,0.058,0.236,,1,Bitmap Heap Scan,Bitmap Heap Scan on T [Bitmap Index Scan using T_i2_gin_jsonb_ops],50,30,50,30,,47,0,0,,0,1,17,False,"{""enable_seqscan"": ""off"", ""jit"": ""off"", ""max_parallel_workers_per_gather"": ""0""}",measure,T_i2_gin_jsonb_ops,31,0,1
I-2,forced,1,C1b,jsonb,10,0.051,0.435,,1,Bitmap Heap Scan,Bitmap Heap Scan on T [Bitmap Index Scan using T_i2_gin_jsonb_ops],50,30,50,30,,47,0,0,,0,1,17,False,"{""enable_seqscan"": ""off"", ""jit"": ""off"", ""max_parallel_workers_per_gather"": ""0""}",measure,T_i2_gin_jsonb_ops,31,0,1
I-2,forced,1,C1b,jsonb,11,0.176,0.446,,1,Bitmap Heap Scan,Bitmap Heap Scan on T [Bitmap Index Scan using T_i2_gin_jsonb_ops],50,30,50,30,,47,0,0,,0,1,17,False,"{""enable_seqscan"": ""off"", ""jit"": ""off"", ""max_parallel_workers_per_gather"": ""0""}",measure,T_i2_gin_jsonb_ops,31,0,1
I-2,forced,1,C1b,jsonb,12,0.296,0.629,,1,Bitmap Heap Scan,Bitmap Heap Scan on T [Bitmap Index Scan using T_i2_gin_jsonb_ops],50,30,50,30,,47,0,0,,0,1,17,False,"{""enable_seqscan"": ""off"", ""jit"": ""off"", ""max_parallel_workers_per_gather"": ""0""}",measure,T_i2_gin_jsonb_ops,31,0,1
I-2,forced,1,C1b,jsonb,13,0.129,0.429,,1,Bitmap Heap Scan,Bitmap Heap Scan on T [Bitmap Index Scan using T_i2_gin_jsonb_ops],50,30,50,30,,47,0,0,,0,1,17,False,"{""enable_seqscan"": ""off"", ""jit"": ""off"", ""max_parallel_workers_per_gather"": ""0""}",measure,T_i2_gin_jsonb_ops,31,0,1
I-2,forced,1,C1b,jsonb,14,0.091,0.257,,1,Bitmap Heap Scan,Bitmap Heap Scan on T [Bitmap Index Scan using T_i2_gin_jsonb_ops],50,30,50,30,,47,0,0,,0,1,17,False,"{""enable_seqscan"": ""off"", ""jit"": ""off"", ""max_parallel_workers_per_gather"": ""0""}",measure,T_i2_gin_jsonb_ops,31,0,1
I-2,forced,1,C1b,jsonb,15,0.068,0.261,,1,Bitmap Heap Scan,Bitmap Heap Scan on T [Bitmap Index Scan using T_i2_gin_jsonb_ops],50,30,50,30,,47,0,0,,0,1,17,False,"{""enable_seqscan"": ""off"", ""jit"": ""off"", ""max_parallel_workers_per_gather"": ""0""}",measure,T_i2_gin_jsonb_ops,31,0,1
I-2,forced,1,C1b,jsonb,1,0.073,0.261,0.004,1,Bitmap Heap Scan,Bitmap Heap Scan on T [Bitmap Index Scan using T_i2_gin_jsonb_ops],50,30,50,30,,47,0,0,,0,1,17,False,"{""enable_seqscan"": ""off"", ""jit"": ""off"", ""max_parallel_workers_per_gather"": ""0""}",detail,T_i2_gin_jsonb_ops,31,0,1
I-2,forced,1,C1c,jsonb,1,0.076,0.108,,1,Bitmap Heap Scan,Bitmap Heap Scan on T [Bitmap Index Scan using T_i2_gin_jsonb_ops],50,3,50,3,,15,0,0,,0,1,17,False,"{""enable_seqscan"": ""off"", ""jit"": ""off"", ""max_parallel_workers_per_gather"": ""0""}",warmup,T_i2_gin_jsonb_ops,3,0,0
I-2,forced,1,C1c,jsonb,2,0.176,0.233,,1,Bitmap Heap Scan,Bitmap Heap Scan on T [Bitmap Index Scan using T_i2_gin_jsonb_ops],50,3,50,3,,15,0,0,,0,1,17,False,"{""enable_seqscan"": ""off"", ""jit"": ""off"", ""max_parallel_workers_per_gather"": ""0""}",warmup,T_i2_gin_jsonb_ops,3,0,0
I-2,forced,1,C1c,jsonb,3,0.107,0.146,,1,Bitmap Heap Scan,Bitmap Heap Scan on T [Bitmap Index Scan using T_i2_gin_jsonb_ops],50,3,50,3,,15,0,0,,0,1,17,False,"{""enable_seqscan"": ""off"", ""jit"": ""off"", ""max_parallel_workers_per_gather"": ""0""}",warmup,T_i2_gin_jsonb_ops,3,0,0
I-2,forced,1,C1c,jsonb,1,0.073,0.098,,1,Bitmap Heap Scan,Bitmap Heap Scan on T [Bitmap Index Scan using T_i2_gin_jsonb_ops],50,3,50,3,,15,0,0,,0,1,17,False,"{""enable_seqscan"": ""off"", ""jit"": ""off"", ""max_parallel_workers_per_gather"": ""0""}",measure,T_i2_gin_jsonb_ops,3,0,0
I-2,forced,1,C1c,jsonb,2,0.126,0.201,,1,Bitmap Heap Scan,Bitmap Heap Scan on T [Bitmap Index Scan using T_i2_gin_jsonb_ops],50,3,50,3,,15,0,0,,0,1,17,False,"{""enable_seqscan"": ""off"", ""jit"": ""off"", ""max_parallel_workers_per_gather"": ""0""}",measure,T_i2_gin_jsonb_ops,3,0,0
I-2,forced,1,C1c,jsonb,3,0.071,0.124,,1,Bitmap Heap Scan,Bitmap Heap Scan on T [Bitmap Index Scan using T_i2_gin_jsonb_ops],50,3,50,3,,15,0,0,,0,1,17,False,"{""enable_seqscan"": ""off"", ""jit"": ""off"", ""max_parallel_workers_per_gather"": ""0""}",measure,T_i2_gin_jsonb_ops,3,0,0
I-2,forced,1,C1c,jsonb,4,0.05,0.083,,1,Bitmap Heap Scan,Bitmap Heap Scan on T [Bitmap Index Scan using T_i2_gin_jsonb_ops],50,3,50,3,,15,0,0,,0,1,17,False,"{""enable_seqscan"": ""off"", ""jit"": ""off"", ""max_parallel_workers_per_gather"": ""0""}",measure,T_i2_gin_jsonb_ops,3,0,0
I-2,forced,1,C1c,jsonb,5,0.067,0.082,,1,Bitmap Heap Scan,Bitmap Heap Scan on T [Bitmap Index Scan using T_i2_gin_jsonb_ops],50,3,50,3,,15,0,0,,0,1,17,False,"{""enable_seqscan"": ""off"", ""jit"": ""off"", ""max_parallel_workers_per_gather"": ""0""}",measure,T_i2_gin_jsonb_ops,3,0,0
I-2,forced,1,C1c,jsonb,6,0.07,0.144,,1,Bitmap Heap Scan,Bitmap Heap Scan on T [Bitmap Index Scan using T_i2_gin_jsonb_ops],50,3,50,3,,15,0,0,,0,1,17,False,"{""enable_seqscan"": ""off"", ""jit"": ""off"", ""max_parallel_workers_per_gather"": ""0""}",measure,T_i2_gin_jsonb_ops,3,0,0
I-2,forced,1,C1c,jsonb,7,0.053,0.088,,1,Bitmap Heap Scan,Bitmap Heap Scan on T [Bitmap Index Scan using T_i2_gin_jsonb_ops],50,3,50,3,,15,0,0,,0,1,17,False,"{""enable_seqscan"": ""off"", ""jit"": ""off"", ""max_parallel_workers_per_gather"": ""0""}",measure,T_i2_gin_jsonb_ops,3,0,0
I-2,forced,1,C1c,jsonb,8,0.049,0.084,,1,Bitmap Heap Scan,Bitmap Heap Scan on T [Bitmap Index Scan using T_i2_gin_jsonb_ops],50,3,50,3,,15,0,0,,0,1,17,False,"{""enable_seqscan"": ""off"", ""jit"": ""off"", ""max_parallel_workers_per_gather"": ""0""}",measure,T_i2_gin_jsonb_ops,3,0,0
I-2,forced,1,C1c,jsonb,9,0.049,0.122,,1,Bitmap Heap Scan,Bitmap Heap Scan on T [Bitmap Index Scan using T_i2_gin_jsonb_ops],50,3,50,3,,15,0,0,,0,1,17,False,"{""enable_seqscan"": ""off"", ""jit"": ""off"", ""max_parallel_workers_per_gather"": ""0""}",measure,T_i2_gin_jsonb_ops,3,0,0
I-2,forced,1,C1c,jsonb,10,0.121,0.12,,1,Bitmap Heap Scan,Bitmap Heap Scan on T [Bitmap Index Scan using T_i2_gin_jsonb_ops],50,3,50,3,,15,0,0,,0,1,17,False,"{""enable_seqscan"": ""off"", ""jit"": ""off"", ""max_parallel_workers_per_gather"": ""0""}",measure,T_i2_gin_jsonb_ops,3,0,0
I-2,forced,1,C1c,jsonb,11,0.15,0.22,,1,Bitmap Heap Scan,Bitmap Heap Scan on T [Bitmap Index Scan using T_i2_gin_jsonb_ops],50,3,50,3,,15,0,0,,0,1,17,False,"{""enable_seqscan"": ""off"", ""jit"": ""off"", ""max_parallel_workers_per_gather"": ""0""}",measure,T_i2_gin_jsonb_ops,3,0,0
I-2,forced,1,C1c,jsonb,12,0.055,0.087,,1,Bitmap Heap Scan,Bitmap Heap Scan on T [Bitmap Index Scan using T_i2_gin_jsonb_ops],50,3,50,3,,15,0,0,,0,1,17,False,"{""enable_seqscan"": ""off"", ""jit"": ""off"", ""max_parallel_workers_per_gather"": ""0""}",measure,T_i2_gin_jsonb_ops,3,0,0
I-2,forced,1,C1c,jsonb,13,0.05,0.084,,1,Bitmap Heap Scan,Bitmap Heap Scan on T [Bitmap Index Scan using T_i2_gin_jsonb_ops],50,3,50,3,,15,0,0,,0,1,17,False,"{""enable_seqscan"": ""off"", ""jit"": ""off"", ""max_parallel_workers_per_gather"": ""0""}",measure,T_i2_gin_jsonb_ops,3,0,0
I-2,forced,1,C1c,jsonb,14,0.066,0.138,,1,Bitmap Heap Scan,Bitmap Heap Scan on T [Bitmap Index Scan using T_i2_gin_jsonb_ops],50,3,50,3,,15,0,0,,0,1,17,False,"{""enable_seqscan"": ""off"", ""jit"": ""off"", ""max_parallel_workers_per_gather"": ""0""}",measure,T_i2_gin_jsonb_ops,3,0,0
I-2,forced,1,C1c,jsonb,15,0.056,0.089,,1,Bitmap Heap Scan,Bitmap Heap Scan on T [Bitmap Index Scan using T_i2_gin_jsonb_ops],50,3,50,3,,15,0,0,,0,1,17,False,"{""enable_seqscan"": ""off"", ""jit"": ""off"", ""max_parallel_workers_per_gather"": ""0""}",measure,T_i2_gin_jsonb_ops,3,0,0
I-2,forced,1,C1c,jsonb,1,0.083,0.153,0.001,1,Bitmap Heap Scan,Bitmap Heap Scan on T [Bitmap Index Scan using T_i2_gin_jsonb_ops],50,3,50,3,,15,0,0,,0,1,17,False,"{""enable_seqscan"": ""off"", ""jit"": ""off"", ""max_parallel_workers_per_gather"": ""0""}",detail,T_i2_gin_jsonb_ops,3,0,0
I-2,forced,1,C1d,jsonb,1,0.196,2.127,,3,Bitmap Heap Scan,Bitmap Heap Scan on T [Bitmap Index Scan using T_i2_gin_jsonb_ops],50,225,50,225,,214,0,0,,0,1,17,False,"{""enable_seqscan"": ""off"", ""jit"": ""off"", ""max_parallel_workers_per_gather"": ""0""}",warmup,T_i2_gin_jsonb_ops,198,0,0
I-2,forced,1,C1d,jsonb,2,0.192,1.459,,3,Bitmap Heap Scan,Bitmap Heap Scan on T [Bitmap Index Scan using T_i2_gin_jsonb_ops],50,225,50,225,,214,0,0,,0,1,17,False,"{""enable_seqscan"": ""off"", ""jit"": ""off"", ""max_parallel_workers_per_gather"": ""0""}",warmup,T_i2_gin_jsonb_ops,198,0,0
I-2,forced,1,C1d,jsonb,3,0.133,1.085,,3,Bitmap Heap Scan,Bitmap Heap Scan on T [Bitmap Index Scan using T_i2_gin_jsonb_ops],50,225,50,225,,214,0,0,,0,1,17,False,"{""enable_seqscan"": ""off"", ""jit"": ""off"", ""max_parallel_workers_per_gather"": ""0""}",warmup,T_i2_gin_jsonb_ops,198,0,0
I-2,forced,1,C1d,jsonb,1,0.098,1.413,,3,Bitmap Heap Scan,Bitmap Heap Scan on T [Bitmap Index Scan using T_i2_gin_jsonb_ops],50,225,50,225,,214,0,0,,0,1,17,False,"{""enable_seqscan"": ""off"", ""jit"": ""off"", ""max_parallel_workers_per_gather"": ""0""}",measure,T_i2_gin_jsonb_ops,198,0,0
I-2,forced,1,C1d,jsonb,2,0.069,0.852,,3,Bitmap Heap Scan,Bitmap Heap Scan on T [Bitmap Index Scan using T_i2_gin_jsonb_ops],50,225,50,225,,214,0,0,,0,1,17,False,"{""enable_seqscan"": ""off"", ""jit"": ""off"", ""max_parallel_workers_per_gather"": ""0""}",measure,T_i2_gin_jsonb_ops,198,0,0
I-2,forced,1,C1d,jsonb,3,0.051,0.734,,3,Bitmap Heap Scan,Bitmap Heap Scan on T [Bitmap Index Scan using T_i2_gin_jsonb_ops],50,225,50,225,,214,0,0,,0,1,17,False,"{""enable_seqscan"": ""off"", ""jit"": ""off"", ""max_parallel_workers_per_gather"": ""0""}",measure,T_i2_gin_jsonb_ops,198,0,0
I-2,forced,1,C1d,jsonb,4,0.05,0.716,,3,Bitmap Heap Scan,Bitmap Heap Scan on T [Bitmap Index Scan using T_i2_gin_jsonb_ops],50,225,50,225,,214,0,0,,0,1,17,False,"{""enable_seqscan"": ""off"", ""jit"": ""off"", ""max_parallel_workers_per_gather"": ""0""}",measure,T_i2_gin_jsonb_ops,198,0,0
I-2,forced,1,C1d,jsonb,5,0.07,0.724,,3,Bitmap Heap Scan,Bitmap Heap Scan on T [Bitmap Index Scan using T_i2_gin_jsonb_ops],50,225,50,225,,214,0,0,,0,1,17,False,"{""enable_seqscan"": ""off"", ""jit"": ""off"", ""max_parallel_workers_per_gather"": ""0""}",measure,T_i2_gin_jsonb_ops,198,0,0
I-2,forced,1,C1d,jsonb,6,0.053,0.723,,3,Bitmap Heap Scan,Bitmap Heap Scan on T [Bitmap Index Scan using T_i2_gin_jsonb_ops],50,225,50,225,,214,0,0,,0,1,17,False,"{""enable_seqscan"": ""off"", ""jit"": ""off"", ""max_parallel_workers_per_gather"": ""0""}",measure,T_i2_gin_jsonb_ops,198,0,0
I-2,forced,1,C1d,jsonb,7,0.051,1.177,,3,Bitmap Heap Scan,Bitmap Heap Scan on T [Bitmap Index Scan using T_i2_gin_jsonb_ops],50,225,50,225,,214,0,0,,0,1,17,False,"{""enable_seqscan"": ""off"", ""jit"": ""off"", ""max_parallel_workers_per_gather"": ""0""}",measure,T_i2_gin_jsonb_ops,198,0,0
I-2,forced,1,C1d,jsonb,8,0.315,1.204,,3,Bitmap Heap Scan,Bitmap Heap Scan on T [Bitmap Index Scan using T_i2_gin_jsonb_ops],50,225,50,225,,214,0,0,,0,1,17,False,"{""enable_seqscan"": ""off"", ""jit"": ""off"", ""max_parallel_workers_per_gather"": ""0""}",measure,T_i2_gin_jsonb_ops,198,0,0
I-2,forced,1,C1d,jsonb,9,0.107,1.611,,3,Bitmap Heap Scan,Bitmap Heap Scan on T [Bitmap Index Scan using T_i2_gin_jsonb_ops],50,225,50,225,,214,0,0,,0,1,17,False,"{""enable_seqscan"": ""off"", ""jit"": ""off"", ""max_parallel_workers_per_gather"": ""0""}",measure,T_i2_gin_jsonb_ops,198,0,0
I-2,forced,1,C1d,jsonb,10,0.143,1.327,,3,Bitmap Heap Scan,Bitmap Heap Scan on T [Bitmap Index Scan using T_i2_gin_jsonb_ops],50,225,50,225,,214,0,0,,0,1,17,False,"{""enable_seqscan"": ""off"", ""jit"": ""off"", ""max_parallel_workers_per_gather"": ""0""}",measure,T_i2_gin_jsonb_ops,198,0,0
I-2,forced,1,C1d,jsonb,11,0.088,0.953,,3,Bitmap Heap Scan,Bitmap Heap Scan on T [Bitmap Index Scan using T_i2_gin_jsonb_ops],50,225,50,225,,214,0,0,,0,1,17,False,"{""enable_seqscan"": ""off"", ""jit"": ""off"", ""max_parallel_workers_per_gather"": ""0""}",measure,T_i2_gin_jsonb_ops,198,0,0
I-2,forced,1,C1d,jsonb,12,0.105,1.545,,3,Bitmap Heap Scan,Bitmap Heap Scan on T [Bitmap Index Scan using T_i2_gin_jsonb_ops],50,225,50,225,,214,0,0,,0,1,17,False,"{""enable_seqscan"": ""off"", ""jit"": ""off"", ""max_parallel_workers_per_gather"": ""0""}",measure,T_i2_gin_jsonb_ops,198,0,0
I-2,forced,1,C1d,jsonb,13,0.154,1.562,,3,Bitmap Heap Scan,Bitmap Heap Scan on T [Bitmap Index Scan using T_i2_gin_jsonb_ops],50,225,50,225,,214,0,0,,0,1,17,False,"{""enable_seqscan"": ""off"", ""jit"": ""off"", ""max_parallel_workers_per_gather"": ""0""}",measure,T_i2_gin_jsonb_ops,198,0,0
I-2,forced,1,C1d,jsonb,14,0.161,1.617,,3,Bitmap Heap Scan,Bitmap Heap Scan on T [Bitmap Index Scan using T_i2_gin_jsonb_ops],50,225,50,225,,214,0,0,,0,1,17,False,"{""enable_seqscan"": ""off"", ""jit"": ""off"", ""max_parallel_workers_per_gather"": ""0""}",measure,T_i2_gin_jsonb_ops,198,0,0
I-2,forced,1,C1d,jsonb,15,0.455,1.826,,3,Bitmap Heap Scan,Bitmap Heap Scan on T [Bitmap Index Scan using T_i2_gin_jsonb_ops],50,225,50,225,,214,0,0,,0,1,17,False,"{""enable_seqscan"": ""off"", ""jit"": ""off"", ""max_parallel_workers_per_gather"": ""0""}",measure,T_i2_gin_jsonb_ops,198,0,0
I-2,forced,1,C1d,jsonb,1,0.16,2.082,0.039,3,Bitmap Heap Scan,Bitmap Heap Scan on T [Bitmap Index Scan using T_i2_gin_jsonb_ops],50,225,50,225,,214,0,0,,0,1,17,False,"{""enable_seqscan"": ""off"", ""jit"": ""off"", ""max_parallel_workers_per_gather"": ""0""}",detail,T_i2_gin_jsonb_ops,198,0,0
I-2,forced,1,C2,jsonb,1,0.16,19.56,,1,Seq Scan,Seq Scan on T,50,3,50,3,4997,981,0,0,,0,0,16,False,"{""enable_seqscan"": ""off"", ""jit"": ""off"", ""max_parallel_workers_per_gather"": ""0""}",warmup,-,,,
I-2,forced,1,C2,jsonb,2,0.14,17.902,,1,Seq Scan,Seq Scan on T,50,3,50,3,4997,981,0,0,,0,0,16,False,"{""enable_seqscan"": ""off"", ""jit"": ""off"", ""max_parallel_workers_per_gather"": ""0""}",warmup,-,,,
I-2,forced,1,C2,jsonb,3,0.132,15.609,,1,Seq Scan,Seq Scan on T,50,3,50,3,4997,981,0,0,,0,0,16,False,"{""enable_seqscan"": ""off"", ""jit"": ""off"", ""max_parallel_workers_per_gather"": ""0""}",warmup,-,,,
I-2,forced,1,C2,jsonb,1,0.085,17.451,,1,Seq Scan,Seq Scan on T,50,3,50,3,4997,981,0,0,,0,0,16,False,"{""enable_seqscan"": ""off"", ""jit"": ""off"", ""max_parallel_workers_per_gather"": ""0""}",measure,-,,,
I-2,forced,1,C2,jsonb,2,0.086,15.356,,1,Seq Scan,Seq Scan on T,50,3,50,3,4997,981,0,0,,0,0,16,False,"{""enable_seqscan"": ""off"", ""jit"": ""off"", ""max_parallel_workers_per_gather"": ""0""}",measure,-,,,
I-2,forced,1,C2,jsonb,3,0.085,15.929,,1,Seq Scan,Seq Scan on T,50,3,50,3,4997,981,0,0,,0,0,16,False,"{""enable_seqscan"": ""off"", ""jit"": ""off"", ""max_parallel_workers_per_gather"": ""0""}",measure,-,,,
I-2,forced,1,C2,jsonb,4,0.089,14.718,,1,Seq Scan,Seq Scan on T,50,3,50,3,4997,981,0,0,,0,0,16,False,"{""enable_seqscan"": ""off"", ""jit"": ""off"", ""max_parallel_workers_per_gather"": ""0""}",measure,-,,,
I-2,forced,1,C2,jsonb,5,0.085,15.02,,1,Seq Scan,Seq Scan on T,50,3,50,3,4997,981,0,0,,0,0,16,False,"{""enable_seqscan"": ""off"", ""jit"": ""off"", ""max_parallel_workers_per_gather"": ""0""}",measure,-,,,
I-2,forced,1,C2,jsonb,6,0.095,14.829,,1,Seq Scan,Seq Scan on T,50,3,50,3,4997,981,0,0,,0,0,16,False,"{""enable_seqscan"": ""off"", ""jit"": ""off"", ""max_parallel_workers_per_gather"": ""0""}",measure,-,,,
I-2,forced,1,C2,jsonb,7,0.086,14.458,,1,Seq Scan,Seq Scan on T,50,3,50,3,4997,981,0,0,,0,0,16,False,"{""enable_seqscan"": ""off"", ""jit"": ""off"", ""max_parallel_workers_per_gather"": ""0""}",measure,-,,,
I-2,forced,1,C2,jsonb,8,0.085,14.165,,1,Seq Scan,Seq Scan on T,50,3,50,3,4997,981,0,0,,0,0,16,False,"{""enable_seqscan"": ""off"", ""jit"": ""off"", ""max_parallel_workers_per_gather"": ""0""}",measure,-,,,
I-2,forced,1,C2,jsonb,9,0.085,14.018,,1,Seq Scan,Seq Scan on T,50,3,50,3,4997,981,0,0,,0,0,16,False,"{""enable_seqscan"": ""off"", ""jit"": ""off"", ""max_parallel_workers_per_gather"": ""0""}",measure,-,,,
I-2,forced,1,C2,jsonb,10,0.088,14.334,,1,Seq Scan,Seq Scan on T,50,3,50,3,4997,981,0,0,,0,0,16,False,"{""enable_seqscan"": ""off"", ""jit"": ""off"", ""max_parallel_workers_per_gather"": ""0""}",measure,-,,,
I-2,forced,1,C2,jsonb,11,0.089,13.709,,1,Seq Scan,Seq Scan on T,50,3,50,3,4997,981,0,0,,0,0,16,False,"{""enable_seqscan"": ""off"", ""jit"": ""off"", ""max_parallel_workers_per_gather"": ""0""}",measure,-,,,
I-2,forced,1,C2,jsonb,12,0.087,14.296,,1,Seq Scan,Seq Scan on T,50,3,50,3,4997,981,0,0,,0,0,16,False,"{""enable_seqscan"": ""off"", ""jit"": ""off"", ""max_parallel_workers_per_gather"": ""0""}",measure,-,,,
I-2,forced,1,C2,jsonb,13,0.082,13.407,,1,Seq Scan,Seq Scan on T,50,3,50,3,4997,981,0,0,,0,0,16,False,"{""enable_seqscan"": ""off"", ""jit"": ""off"", ""max_parallel_workers_per_gather"": ""0""}",measure,-,,,
I-2,forced,1,C2,jsonb,14,0.079,12.789,,1,Seq Scan,Seq Scan on T,50,3,50,3,4997,981,0,0,,0,0,16,False,"{""enable_seqscan"": ""off"", ""jit"": ""off"", ""max_parallel_workers_per_gather"": ""0""}",measure,-,,,
I-2,forced,1,C2,jsonb,15,0.078,14.33,,1,Seq Scan,Seq Scan on T,50,3,50,3,4997,981,0,0,,0,0,16,False,"{""enable_seqscan"": ""off"", ""jit"": ""off"", ""max_parallel_workers_per_gather"": ""0""}",measure,-,,,
I-2,forced,1,C2,jsonb,1,0.091,16.035,0.005,1,Seq Scan,Seq Scan on T,50,3,50,3,4997,981,0,0,,0,0,16,False,"{""enable_seqscan"": ""off"", ""jit"": ""off"", ""max_parallel_workers_per_gather"": ""0""}",detail,-,,,
I-2,forced,1,C3,jsonb,1,0.102,0.351,,1,Bitmap Heap Scan,Bitmap Heap Scan on T [Bitmap Index Scan using T_i2_gin_jsonb_ops],50,30,50,30,,47,0,0,,0,1,18,False,"{""enable_seqscan"": ""off"", ""jit"": ""off"", ""max_parallel_workers_per_gather"": ""0""}",warmup,T_i2_gin_jsonb_ops,31,0,1
I-2,forced,1,C3,jsonb,2,0.075,0.321,,1,Bitmap Heap Scan,Bitmap Heap Scan on T [Bitmap Index Scan using T_i2_gin_jsonb_ops],50,30,50,30,,47,0,0,,0,1,18,False,"{""enable_seqscan"": ""off"", ""jit"": ""off"", ""max_parallel_workers_per_gather"": ""0""}",warmup,T_i2_gin_jsonb_ops,31,0,1
I-2,forced,1,C3,jsonb,3,0.072,0.312,,1,Bitmap Heap Scan,Bitmap Heap Scan on T [Bitmap Index Scan using T_i2_gin_jsonb_ops],50,30,50,30,,47,0,0,,0,1,18,False,"{""enable_seqscan"": ""off"", ""jit"": ""off"", ""max_parallel_workers_per_gather"": ""0""}",warmup,T_i2_gin_jsonb_ops,31,0,1
I-2,forced,1,C3,jsonb,1,0.068,0.304,,1,Bitmap Heap Scan,Bitmap Heap Scan on T [Bitmap Index Scan using T_i2_gin_jsonb_ops],50,30,50,30,,47,0,0,,0,1,18,False,"{""enable_seqscan"": ""off"", ""jit"": ""off"", ""max_parallel_workers_per_gather"": ""0""}",measure,T_i2_gin_jsonb_ops,31,0,1
I-2,forced,1,C3,jsonb,2,0.067,0.317,,1,Bitmap Heap Scan,Bitmap Heap Scan on T [Bitmap Index Scan using T_i2_gin_jsonb_ops],50,30,50,30,,47,0,0,,0,1,18,False,"{""enable_seqscan"": ""off"", ""jit"": ""off"", ""max_parallel_workers_per_gather"": ""0""}",measure,T_i2_gin_jsonb_ops,31,0,1
I-2,forced,1,C3,jsonb,3,0.067,0.301,,1,Bitmap Heap Scan,Bitmap Heap Scan on T [Bitmap Index Scan using T_i2_gin_jsonb_ops],50,30,50,30,,47,0,0,,0,1,18,False,"{""enable_seqscan"": ""off"", ""jit"": ""off"", ""max_parallel_workers_per_gather"": ""0""}",measure,T_i2_gin_jsonb_ops,31,0,1
I-2,forced,1,C3,jsonb,4,0.067,0.3,,1,Bitmap Heap Scan,Bitmap Heap Scan on T [Bitmap Index Scan using T_i2_gin_jsonb_ops],50,30,50,30,,47,0,0,,0,1,18,False,"{""enable_seqscan"": ""off"", ""jit"": ""off"", ""max_parallel_workers_per_gather"": ""0""}",measure,T_i2_gin_jsonb_ops,31,0,1
I-2,forced,1,C3,jsonb,5,0.067,0.314,,1,Bitmap Heap Scan,Bitmap Heap Scan on T [Bitmap Index Scan using T_i2_gin_jsonb_ops],50,30,50,30,,47,0,0,,0,1,18,False,"{""enable_seqscan"": ""off"", ""jit"": ""off"", ""max_parallel_workers_per_gather"": ""0""}",measure,T_i2_gin_jsonb_ops,31,0,1
I-2,forced,1,C3,jsonb,6,0.067,0.301,,1,Bitmap Heap Scan,Bitmap Heap Scan on T [Bitmap Index Scan using T_i2_gin_jsonb_ops],50,30,50,30,,47,0,0,,0,1,18,False,"{""enable_seqscan"": ""off"", ""jit"": ""off"", ""max_parallel_workers_per_gather"": ""0""}",measure,T_i2_gin_jsonb_ops,31,0,1
I-2,forced,1,C3,jsonb,7,0.068,0.301,,1,Bitmap Heap Scan,Bitmap Heap Scan on T [Bitmap Index Scan using T_i2_gin_jsonb_ops],50,30,50,30,,47,0,0,,0,1,18,False,"{""enable_seqscan"": ""off"", ""jit"": ""off"", ""max_parallel_workers_per_gather"": ""0""}",measure,T_i2_gin_jsonb_ops,31,0,1
I-2,forced,1,C3,jsonb,8,0.074,0.306,,1,Bitmap Heap Scan,Bitmap Heap Scan on T [Bitmap Index Scan using T_i2_gin_jsonb_ops],50,30,50,30,,47,0,0,,0,1,18,False,"{""enable_seqscan"": ""off"", ""jit"": ""off"", ""max_parallel_workers_per_gather"": ""0""}",measure,T_i2_gin_jsonb_ops,31,0,1
I-2,forced,1,C3,jsonb,9,0.068,0.296,,1,Bitmap Heap Scan,Bitmap Heap Scan on T [Bitmap Index Scan using T_i2_gin_jsonb_ops],50,30,50,30,,47,0,0,,0,1,18,False,"{""enable_seqscan"": ""off"", ""jit"": ""off"", ""max_parallel_workers_per_gather"": ""0""}",measure,T_i2_gin_jsonb_ops,31,0,1
I-2,forced,1,C3,jsonb,10,0.081,0.316,,1,Bitmap Heap Scan,Bitmap Heap Scan on T [Bitmap Index Scan using T_i2_gin_jsonb_ops],50,30,50,30,,47,0,0,,0,1,18,False,"{""enable_seqscan"": ""off"", ""jit"": ""off"", ""max_parallel_workers_per_gather"": ""0""}",measure,T_i2_gin_jsonb_ops,31,0,1
I-2,forced,1,C3,jsonb,11,0.075,0.315,,1,Bitmap Heap Scan,Bitmap Heap Scan on T [Bitmap Index Scan using T_i2_gin_jsonb_ops],50,30,50,30,,47,0,0,,0,1,18,False,"{""enable_seqscan"": ""off"", ""jit"": ""off"", ""max_parallel_workers_per_gather"": ""0""}",measure,T_i2_gin_jsonb_ops,31,0,1
I-2,forced,1,C3,jsonb,12,0.067,0.294,,1,Bitmap Heap Scan,Bitmap Heap Scan on T [Bitmap Index Scan using T_i2_gin_jsonb_ops],50,30,50,30,,47,0,0,,0,1,18,False,"{""enable_seqscan"": ""off"", ""jit"": ""off"", ""max_parallel_workers_per_gather"": ""0""}",measure,T_i2_gin_jsonb_ops,31,0,1
I-2,forced,1,C3,jsonb,13,0.066,0.292,,1,Bitmap Heap Scan,Bitmap Heap Scan on T [Bitmap Index Scan using T_i2_gin_jsonb_ops],50,30,50,30,,47,0,0,,0,1,18,False,"{""enable_seqscan"": ""off"", ""jit"": ""off"", ""max_parallel_workers_per_gather"": ""0""}",measure,T_i2_gin_jsonb_ops,31,0,1
I-2,forced,1,C3,jsonb,14,0.065,0.292,,1,Bitmap Heap Scan,Bitmap Heap Scan on T [Bitmap Index Scan using T_i2_gin_jsonb_ops],50,30,50,30,,47,0,0,,0,1,18,False,"{""enable_seqscan"": ""off"", ""jit"": ""off"", ""max_parallel_workers_per_gather"": ""0""}",measure,T_i2_gin_jsonb_ops,31,0,1
I-2,forced,1,C3,jsonb,15,0.065,0.291,,1,Bitmap Heap Scan,Bitmap Heap Scan on T [Bitmap Index Scan using T_i2_gin_jsonb_ops],50,30,50,30,,47,0,0,,0,1,18,False,"{""enable_seqscan"": ""off"", ""jit"": ""off"", ""max_parallel_workers_per_gather"": ""0""}",measure,T_i2_gin_jsonb_ops,31,0,1
I-2,forced,1,C3,jsonb,1,0.082,0.303,0.004,1,Bitmap Heap Scan,Bitmap Heap Scan on T [Bitmap Index Scan using T_i2_gin_jsonb_ops],50,30,50,30,,47,0,0,,0,1,18,False,"{""enable_seqscan"": ""off"", ""jit"": ""off"", ""max_parallel_workers_per_gather"": ""0""}",detail,T_i2_gin_jsonb_ops,31,0,1
I-2,forced,1,C3b,jsonb,1,0.092,0.241,,1,Bitmap Heap Scan,Bitmap Heap Scan on T [Bitmap Index Scan using T_i2_gin_jsonb_ops],50,12,50,12,,27,0,0,,0,1,18,False,"{""enable_seqscan"": ""off"", ""jit"": ""off"", ""max_parallel_workers_per_gather"": ""0""}",warmup,T_i2_gin_jsonb_ops,12,0,0
I-2,forced,1,C3b,jsonb,2,0.09,0.234,,1,Bitmap Heap Scan,Bitmap Heap Scan on T [Bitmap Index Scan using T_i2_gin_jsonb_ops],50,12,50,12,,27,0,0,,0,1,18,False,"{""enable_seqscan"": ""off"", ""jit"": ""off"", ""max_parallel_workers_per_gather"": ""0""}",warmup,T_i2_gin_jsonb_ops,12,0,0
I-2,forced,1,C3b,jsonb,3,0.107,0.235,,1,Bitmap Heap Scan,Bitmap Heap Scan on T [Bitmap Index Scan using T_i2_gin_jsonb_ops],50,12,50,12,,27,0,0,,0,1,18,False,"{""enable_seqscan"": ""off"", ""jit"": ""off"", ""max_parallel_workers_per_gather"": ""0""}",warmup,T_i2_gin_jsonb_ops,12,0,0
I-2,forced,1,C3b,jsonb,1,0.09,0.224,,1,Bitmap Heap Scan,Bitmap Heap Scan on T [Bitmap Index Scan using T_i2_gin_jsonb_ops],50,12,50,12,,27,0,0,,0,1,18,False,"{""enable_seqscan"": ""off"", ""jit"": ""off"", ""max_parallel_workers_per_gather"": ""0""}",measure,T_i2_gin_jsonb_ops,12,0,0
I-2,forced,1,C3b,jsonb,2,0.092,0.23,,1,Bitmap Heap Scan,Bitmap Heap Scan on T [Bitmap Index Scan using T_i2_gin_jsonb_ops],50,12,50,12,,27,0,0,,0,1,18,False,"{""enable_seqscan"": ""off"", ""jit"": ""off"", ""max_parallel_workers_per_gather"": ""0""}",measure,T_i2_gin_jsonb_ops,12,0,0
I-2,forced,1,C3b,jsonb,3,0.092,0.229,,1,Bitmap Heap Scan,Bitmap Heap Scan on T [Bitmap Index Scan using T_i2_gin_jsonb_ops],50,12,50,12,,27,0,0,,0,1,18,False,"{""enable_seqscan"": ""off"", ""jit"": ""off"", ""max_parallel_workers_per_gather"": ""0""}",measure,T_i2_gin_jsonb_ops,12,0,0
I-2,forced,1,C3b,jsonb,4,0.092,0.231,,1,Bitmap Heap Scan,Bitmap Heap Scan on T [Bitmap Index Scan using T_i2_gin_jsonb_ops],50,12,50,12,,27,0,0,,0,1,18,False,"{""enable_seqscan"": ""off"", ""jit"": ""off"", ""max_parallel_workers_per_gather"": ""0""}",measure,T_i2_gin_jsonb_ops,12,0,0
I-2,forced,1,C3b,jsonb,5,0.091,0.264,,1,Bitmap Heap Scan,Bitmap Heap Scan on T [Bitmap Index Scan using T_i2_gin_jsonb_ops],50,12,50,12,,27,0,0,,0,1,18,False,"{""enable_seqscan"": ""off"", ""jit"": ""off"", ""max_parallel_workers_per_gather"": ""0""}",measure,T_i2_gin_jsonb_ops,12,0,0
I-2,forced,1,C3b,jsonb,6,0.091,0.229,,1,Bitmap Heap Scan,Bitmap Heap Scan on T [Bitmap Index Scan using T_i2_gin_jsonb_ops],50,12,50,12,,27,0,0,,0,1,18,False,"{""enable_seqscan"": ""off"", ""jit"": ""off"", ""max_parallel_workers_per_gather"": ""0""}",measure,T_i2_gin_jsonb_ops,12,0,0
I-2,forced,1,C3b,jsonb,7,0.092,0.231,,1,Bitmap Heap Scan,Bitmap Heap Scan on T [Bitmap Index Scan using T_i2_gin_jsonb_ops],50,12,50,12,,27,0,0,,0,1,18,False,"{""enable_seqscan"": ""off"", ""jit"": ""off"", ""max_parallel_workers_per_gather"": ""0""}",measure,T_i2_gin_jsonb_ops,12,0,0
I-2,forced,1,C3b,jsonb,8,0.091,0.231,,1,Bitmap Heap Scan,Bitmap Heap Scan on T [Bitmap Index Scan using T_i2_gin_jsonb_ops],50,12,50,12,,27,0,0,,0,1,18,False,"{""enable_seqscan"": ""off"", ""jit"": ""off"", ""max_parallel_workers_per_gather"": ""0""}",measure,T_i2_gin_jsonb_ops,12,0,0
I-2,forced,1,C3b,jsonb,9,0.091,0.231,,1,Bitmap Heap Scan,Bitmap Heap Scan on T [Bitmap Index Scan using T_i2_gin_jsonb_ops],50,12,50,12,,27,0,0,,0,1,18,False,"{""enable_seqscan"": ""off"", ""jit"": ""off"", ""max_parallel_workers_per_gather"": ""0""}",measure,T_i2_gin_jsonb_ops,12,0,0
I-2,forced,1,C3b,jsonb,10,0.071,0.13,,1,Bitmap Heap Scan,Bitmap Heap Scan on T [Bitmap Index Scan using T_i2_gin_jsonb_ops],50,12,50,12,,27,0,0,,0,1,18,False,"{""enable_seqscan"": ""off"", ""jit"": ""off"", ""max_parallel_workers_per_gather"": ""0""}",measure,T_i2_gin_jsonb_ops,12,0,0
I-2,forced,1,C3b,jsonb,11,0.068,0.154,,1,Bitmap Heap Scan,Bitmap Heap Scan on T [Bitmap Index Scan using T_i2_gin_jsonb_ops],50,12,50,12,,27,0,0,,0,1,18,False,"{""enable_seqscan"": ""off"", ""jit"": ""off"", ""max_parallel_workers_per_gather"": ""0""}",measure,T_i2_gin_jsonb_ops,12,0,0
I-2,forced,1,C3b,jsonb,12,0.067,0.128,,1,Bitmap Heap Scan,Bitmap Heap Scan on T [Bitmap Index Scan using T_i2_gin_jsonb_ops],50,12,50,12,,27,0,0,,0,1,18,False,"{""enable_seqscan"": ""off"", ""jit"": ""off"", ""max_parallel_workers_per_gather"": ""0""}",measure,T_i2_gin_jsonb_ops,12,0,0
I-2,forced,1,C3b,jsonb,13,0.064,0.126,,1,Bitmap Heap Scan,Bitmap Heap Scan on T [Bitmap Index Scan using T_i2_gin_jsonb_ops],50,12,50,12,,27,0,0,,0,1,18,False,"{""enable_seqscan"": ""off"", ""jit"": ""off"", ""max_parallel_workers_per_gather"": ""0""}",measure,T_i2_gin_jsonb_ops,12,0,0
I-2,forced,1,C3b,jsonb,14,0.064,0.124,,1,Bitmap Heap Scan,Bitmap Heap Scan on T [Bitmap Index Scan using T_i2_gin_jsonb_ops],50,12,50,12,,27,0,0,,0,1,18,False,"{""enable_seqscan"": ""off"", ""jit"": ""off"", ""max_parallel_workers_per_gather"": ""0""}",measure,T_i2_gin_jsonb_ops,12,0,0
I-2,forced,1,C3b,jsonb,15,0.06,0.12,,1,Bitmap Heap Scan,Bitmap Heap Scan on T [Bitmap Index Scan using T_i2_gin_jsonb_ops],50,12,50,12,,27,0,0,,0,1,18,False,"{""enable_seqscan"": ""off"", ""jit"": ""off"", ""max_parallel_workers_per_gather"": ""0""}",measure,T_i2_gin_jsonb_ops,12,0,0
I-2,forced,1,C3b,jsonb,1,0.066,0.129,0.002,1,Bitmap Heap Scan,Bitmap Heap Scan on T [Bitmap Index Scan using T_i2_gin_jsonb_ops],50,12,50,12,,27,0,0,,0,1,18,False,"{""enable_seqscan"": ""off"", ""jit"": ""off"", ""max_parallel_workers_per_gather"": ""0""}",detail,T_i2_gin_jsonb_ops,12,0,0
I-2,forced,1,Q21,jsonb,1,0.056,16.768,,1,Seq Scan,Seq Scan on T,2500,30,2500,30,4970,981,0,0,,0,0,15,False,"{""enable_seqscan"": ""off"", ""jit"": ""off"", ""max_parallel_workers_per_gather"": ""0""}",warmup,-,,,
I-2,forced,1,Q21,jsonb,2,0.079,16.162,,1,Seq Scan,Seq Scan on T,2500,30,2500,30,4970,981,0,0,,0,0,15,False,"{""enable_seqscan"": ""off"", ""jit"": ""off"", ""max_parallel_workers_per_gather"": ""0""}",warmup,-,,,
I-2,forced,1,Q21,jsonb,3,0.084,16.701,,1,Seq Scan,Seq Scan on T,2500,30,2500,30,4970,981,0,0,,0,0,15,False,"{""enable_seqscan"": ""off"", ""jit"": ""off"", ""max_parallel_workers_per_gather"": ""0""}",warmup,-,,,
I-2,forced,1,Q21,jsonb,1,0.085,14.324,,1,Seq Scan,Seq Scan on T,2500,30,2500,30,4970,981,0,0,,0,0,15,False,"{""enable_seqscan"": ""off"", ""jit"": ""off"", ""max_parallel_workers_per_gather"": ""0""}",measure,-,,,
I-2,forced,1,Q21,jsonb,2,0.067,13.61,,1,Seq Scan,Seq Scan on T,2500,30,2500,30,4970,981,0,0,,0,0,15,False,"{""enable_seqscan"": ""off"", ""jit"": ""off"", ""max_parallel_workers_per_gather"": ""0""}",measure,-,,,
I-2,forced,1,Q21,jsonb,3,0.072,14.455,,1,Seq Scan,Seq Scan on T,2500,30,2500,30,4970,981,0,0,,0,0,15,False,"{""enable_seqscan"": ""off"", ""jit"": ""off"", ""max_parallel_workers_per_gather"": ""0""}",measure,-,,,
I-2,forced,1,Q21,jsonb,4,0.073,14.977,,1,Seq Scan,Seq Scan on T,2500,30,2500,30,4970,981,0,0,,0,0,15,False,"{""enable_seqscan"": ""off"", ""jit"": ""off"", ""max_parallel_workers_per_gather"": ""0""}",measure,-,,,
I-2,forced,1,Q21,jsonb,5,0.077,15.47,,1,Seq Scan,Seq Scan on T,2500,30,2500,30,4970,981,0,0,,0,0,15,False,"{""enable_seqscan"": ""off"", ""jit"": ""off"", ""max_parallel_workers_per_gather"": ""0""}",measure,-,,,
I-2,forced,1,Q21,jsonb,6,0.079,15.062,,1,Seq Scan,Seq Scan on T,2500,30,2500,30,4970,981,0,0,,0,0,15,False,"{""enable_seqscan"": ""off"", ""jit"": ""off"", ""max_parallel_workers_per_gather"": ""0""}",measure,-,,,
I-2,forced,1,Q21,jsonb,7,0.078,15.319,,1,Seq Scan,Seq Scan on T,2500,30,2500,30,4970,981,0,0,,0,0,15,False,"{""enable_seqscan"": ""off"", ""jit"": ""off"", ""max_parallel_workers_per_gather"": ""0""}",measure,-,,,
I-2,forced,1,Q21,jsonb,8,0.071,15.522,,1,Seq Scan,Seq Scan on T,2500,30,2500,30,4970,981,0,0,,0,0,15,False,"{""enable_seqscan"": ""off"", ""jit"": ""off"", ""max_parallel_workers_per_gather"": ""0""}",measure,-,,,
I-2,forced,1,Q21,jsonb,9,0.107,15.28,,1,Seq Scan,Seq Scan on T,2500,30,2500,30,4970,981,0,0,,0,0,15,False,"{""enable_seqscan"": ""off"", ""jit"": ""off"", ""max_parallel_workers_per_gather"": ""0""}",measure,-,,,
I-2,forced,1,Q21,jsonb,10,0.108,17.011,,1,Seq Scan,Seq Scan on T,2500,30,2500,30,4970,981,0,0,,0,0,15,False,"{""enable_seqscan"": ""off"", ""jit"": ""off"", ""max_parallel_workers_per_gather"": ""0""}",measure,-,,,
I-2,forced,1,Q21,jsonb,11,0.082,15.973,,1,Seq Scan,Seq Scan on T,2500,30,2500,30,4970,981,0,0,,0,0,15,False,"{""enable_seqscan"": ""off"", ""jit"": ""off"", ""max_parallel_workers_per_gather"": ""0""}",measure,-,,,
I-2,forced,1,Q21,jsonb,12,0.084,15.449,,1,Seq Scan,Seq Scan on T,2500,30,2500,30,4970,981,0,0,,0,0,15,False,"{""enable_seqscan"": ""off"", ""jit"": ""off"", ""max_parallel_workers_per_gather"": ""0""}",measure,-,,,
I-2,forced,1,Q21,jsonb,13,0.077,15.486,,1,Seq Scan,Seq Scan on T,2500,30,2500,30,4970,981,0,0,,0,0,15,False,"{""enable_seqscan"": ""off"", ""jit"": ""off"", ""max_parallel_workers_per_gather"": ""0""}",measure,-,,,
I-2,forced,1,Q21,jsonb,14,0.065,13.467,,1,Seq Scan,Seq Scan on T,2500,30,2500,30,4970,981,0,0,,0,0,15,False,"{""enable_seqscan"": ""off"", ""jit"": ""off"", ""max_parallel_workers_per_gather"": ""0""}",measure,-,,,
I-2,forced,1,Q21,jsonb,15,0.06,12.936,,1,Seq Scan,Seq Scan on T,2500,30,2500,30,4970,981,0,0,,0,0,15,False,"{""enable_seqscan"": ""off"", ""jit"": ""off"", ""max_parallel_workers_per_gather"": ""0""}",measure,-,,,
I-2,forced,1,Q21,jsonb,1,0.076,13.015,0.005,1,Seq Scan,Seq Scan on T,2500,30,2500,30,4970,981,0,0,,0,0,15,False,"{""enable_seqscan"": ""off"", ""jit"": ""off"", ""max_parallel_workers_per_gather"": ""0""}",detail,-,,,
I-2,default,2,C1,jsonb,1,4.103,0.251,,1,Bitmap Heap Scan,Bitmap Heap Scan on T [Bitmap Index Scan using T_i2_gin_jsonb_ops],50,12,50,12,,24,0,0,,0,35,21,False,"{""jit"": ""off"", ""max_parallel_workers_per_gather"": ""0""}",warmup,T_i2_gin_jsonb_ops,12,0,0
I-2,default,2,C1,jsonb,2,0.053,0.097,,1,Bitmap Heap Scan,Bitmap Heap Scan on T [Bitmap Index Scan using T_i2_gin_jsonb_ops],50,12,50,12,,24,0,0,,0,1,17,False,"{""jit"": ""off"", ""max_parallel_workers_per_gather"": ""0""}",warmup,T_i2_gin_jsonb_ops,12,0,0
I-2,default,2,C1,jsonb,3,0.05,0.093,,1,Bitmap Heap Scan,Bitmap Heap Scan on T [Bitmap Index Scan using T_i2_gin_jsonb_ops],50,12,50,12,,24,0,0,,0,1,17,False,"{""jit"": ""off"", ""max_parallel_workers_per_gather"": ""0""}",warmup,T_i2_gin_jsonb_ops,12,0,0
I-2,default,2,C1,jsonb,1,0.047,0.089,,1,Bitmap Heap Scan,Bitmap Heap Scan on T [Bitmap Index Scan using T_i2_gin_jsonb_ops],50,12,50,12,,24,0,0,,0,1,17,False,"{""jit"": ""off"", ""max_parallel_workers_per_gather"": ""0""}",measure,T_i2_gin_jsonb_ops,12,0,0
I-2,default,2,C1,jsonb,2,0.086,0.235,,1,Bitmap Heap Scan,Bitmap Heap Scan on T [Bitmap Index Scan using T_i2_gin_jsonb_ops],50,12,50,12,,24,0,0,,0,1,17,False,"{""jit"": ""off"", ""max_parallel_workers_per_gather"": ""0""}",measure,T_i2_gin_jsonb_ops,12,0,0
I-2,default,2,C1,jsonb,3,0.045,0.085,,1,Bitmap Heap Scan,Bitmap Heap Scan on T [Bitmap Index Scan using T_i2_gin_jsonb_ops],50,12,50,12,,24,0,0,,0,1,17,False,"{""jit"": ""off"", ""max_parallel_workers_per_gather"": ""0""}",measure,T_i2_gin_jsonb_ops,12,0,0
I-2,default,2,C1,jsonb,4,0.042,0.08,,1,Bitmap Heap Scan,Bitmap Heap Scan on T [Bitmap Index Scan using T_i2_gin_jsonb_ops],50,12,50,12,,24,0,0,,0,1,17,False,"{""jit"": ""off"", ""max_parallel_workers_per_gather"": ""0""}",measure,T_i2_gin_jsonb_ops,12,0,0
I-2,default,2,C1,jsonb,5,0.042,0.079,,1,Bitmap Heap Scan,Bitmap Heap Scan on T [Bitmap Index Scan using T_i2_gin_jsonb_ops],50,12,50,12,,24,0,0,,0,1,17,False,"{""jit"": ""off"", ""max_parallel_workers_per_gather"": ""0""}",measure,T_i2_gin_jsonb_ops,12,0,0
I-2,default,2,C1,jsonb,6,0.042,0.096,,1,Bitmap Heap Scan,Bitmap Heap Scan on T [Bitmap Index Scan using T_i2_gin_jsonb_ops],50,12,50,12,,24,0,0,,0,1,17,False,"{""jit"": ""off"", ""max_parallel_workers_per_gather"": ""0""}",measure,T_i2_gin_jsonb_ops,12,0,0
I-2,default,2,C1,jsonb,7,0.045,0.083,,1,Bitmap Heap Scan,Bitmap Heap Scan on T [Bitmap Index Scan using T_i2_gin_jsonb_ops],50,12,50,12,,24,0,0,,0,1,17,False,"{""jit"": ""off"", ""max_parallel_workers_per_gather"": ""0""}",measure,T_i2_gin_jsonb_ops,12,0,0
I-2,default,2,C1,jsonb,8,0.042,0.08,,1,Bitmap Heap Scan,Bitmap Heap Scan on T [Bitmap Index Scan using T_i2_gin_jsonb_ops],50,12,50,12,,24,0,0,,0,1,17,False,"{""jit"": ""off"", ""max_parallel_workers_per_gather"": ""0""}",measure,T_i2_gin_jsonb_ops,12,0,0
I-2,default,2,C1,jsonb,9,0.111,0.144,,1,Bitmap Heap Scan,Bitmap Heap Scan on T [Bitmap Index Scan using T_i2_gin_jsonb_ops],50,12,50,12,,24,0,0,,0,1,17,False,"{""jit"": ""off"", ""max_parallel_workers_per_gather"": ""0""}",measure,T_i2_gin_jsonb_ops,12,0,0
I-2,default,2,C1,jsonb,10,0.08,0.102,,1,Bitmap Heap Scan,Bitmap Heap Scan on T [Bitmap Index Scan using T_i2_gin_jsonb_ops],50,12,50,12,,24,0,0,,0,1,17,False,"{""jit"": ""off"", ""max_parallel_workers_per_gather"": ""0""}",measure,T_i2_gin_jsonb_ops,12,0,0
I-2,default,2,C1,jsonb,11,0.109,0.226,,1,Bitmap Heap Scan,Bitmap Heap Scan on T [Bitmap Index Scan using T_i2_gin_jsonb_ops],50,12,50,12,,24,0,0,,0,1,17,False,"{""jit"": ""off"", ""max_parallel_workers_per_gather"": ""0""}",measure,T_i2_gin_jsonb_ops,12,0,0
I-2,default,2,C1,jsonb,12,0.133,0.245,,1,Bitmap Heap Scan,Bitmap Heap Scan on T [Bitmap Index Scan using T_i2_gin_jsonb_ops],50,12,50,12,,24,0,0,,0,1,17,False,"{""jit"": ""off"", ""max_parallel_workers_per_gather"": ""0""}",measure,T_i2_gin_jsonb_ops,12,0,0
I-2,default,2,C1,jsonb,13,0.077,0.104,,1,Bitmap Heap Scan,Bitmap Heap Scan on T [Bitmap Index Scan using T_i2_gin_jsonb_ops],50,12,50,12,,24,0,0,,0,1,17,False,"{""jit"": ""off"", ""max_parallel_workers_per_gather"": ""0""}",measure,T_i2_gin_jsonb_ops,12,0,0
I-2,default,2,C1,jsonb,14,0.055,0.101,,1,Bitmap Heap Scan,Bitmap Heap Scan on T [Bitmap Index Scan using T_i2_gin_jsonb_ops],50,12,50,12,,24,0,0,,0,1,17,False,"{""jit"": ""off"", ""max_parallel_workers_per_gather"": ""0""}",measure,T_i2_gin_jsonb_ops,12,0,0
I-2,default,2,C1,jsonb,15,0.071,0.134,,1,Bitmap Heap Scan,Bitmap Heap Scan on T [Bitmap Index Scan using T_i2_gin_jsonb_ops],50,12,50,12,,24,0,0,,0,1,17,False,"{""jit"": ""off"", ""max_parallel_workers_per_gather"": ""0""}",measure,T_i2_gin_jsonb_ops,12,0,0
I-2,default,2,C1,jsonb,1,0.134,0.106,0.001,1,Bitmap Heap Scan,Bitmap Heap Scan on T [Bitmap Index Scan using T_i2_gin_jsonb_ops],50,12,50,12,,24,0,0,,0,1,17,False,"{""jit"": ""off"", ""max_parallel_workers_per_gather"": ""0""}",detail,T_i2_gin_jsonb_ops,12,0,0
I-2,default,2,C1b,jsonb,1,0.07,0.384,,1,Bitmap Heap Scan,Bitmap Heap Scan on T [Bitmap Index Scan using T_i2_gin_jsonb_ops],50,30,50,30,,47,0,0,,0,1,17,False,"{""jit"": ""off"", ""max_parallel_workers_per_gather"": ""0""}",warmup,T_i2_gin_jsonb_ops,31,0,1
I-2,default,2,C1b,jsonb,2,0.047,0.211,,1,Bitmap Heap Scan,Bitmap Heap Scan on T [Bitmap Index Scan using T_i2_gin_jsonb_ops],50,30,50,30,,47,0,0,,0,1,17,False,"{""jit"": ""off"", ""max_parallel_workers_per_gather"": ""0""}",warmup,T_i2_gin_jsonb_ops,31,0,1
I-2,default,2,C1b,jsonb,3,0.046,0.208,,1,Bitmap Heap Scan,Bitmap Heap Scan on T [Bitmap Index Scan using T_i2_gin_jsonb_ops],50,30,50,30,,47,0,0,,0,1,17,False,"{""jit"": ""off"", ""max_parallel_workers_per_gather"": ""0""}",warmup,T_i2_gin_jsonb_ops,31,0,1
I-2,default,2,C1b,jsonb,1,0.046,0.208,,1,Bitmap Heap Scan,Bitmap Heap Scan on T [Bitmap Index Scan using T_i2_gin_jsonb_ops],50,30,50,30,,47,0,0,,0,1,17,False,"{""jit"": ""off"", ""max_parallel_workers_per_gather"": ""0""}",measure,T_i2_gin_jsonb_ops,31,0,1
I-2,default,2,C1b,jsonb,2,0.046,0.208,,1,Bitmap Heap Scan,Bitmap Heap Scan on T [Bitmap Index Scan using T_i2_gin_jsonb_ops],50,30,50,30,,47,0,0,,0,1,17,False,"{""jit"": ""off"", ""max_parallel_workers_per_gather"": ""0""}",measure,T_i2_gin_jsonb_ops,31,0,1
I-2,default,2,C1b,jsonb,3,0.046,0.207,,1,Bitmap Heap Scan,Bitmap Heap Scan on T [Bitmap Index Scan using T_i2_gin_jsonb_ops],50,30,50,30,,47,0,0,,0,1,17,False,"{""jit"": ""off"", ""max_parallel_workers_per_gather"": ""0""}",measure,T_i2_gin_jsonb_ops,31,0,1
I-2,default,2,C1b,jsonb,4,0.047,0.207,,1,Bitmap Heap Scan,Bitmap Heap Scan on T [Bitmap Index Scan using T_i2_gin_jsonb_ops],50,30,50,30,,47,0,0,,0,1,17,False,"{""jit"": ""off"", ""max_parallel_workers_per_gather"": ""0""}",measure,T_i2_gin_jsonb_ops,31,0,1
I-2,default,2,C1b,jsonb,5,0.058,0.192,,1,Bitmap Heap Scan,Bitmap Heap Scan on T [Bitmap Index Scan using T_i2_gin_jsonb_ops],50,30,50,30,,47,0,0,,0,1,17,False,"{""jit"": ""off"", ""max_parallel_workers_per_gather"": ""0""}",measure,T_i2_gin_jsonb_ops,31,0,1
I-2,default,2,C1b,jsonb,6,0.046,0.2,,1,Bitmap Heap Scan,Bitmap Heap Scan on T [Bitmap Index Scan using T_i2_gin_jsonb_ops],50,30,50,30,,47,0,0,,0,1,17,False,"{""jit"": ""off"", ""max_parallel_workers_per_gather"": ""0""}",measure,T_i2_gin_jsonb_ops,31,0,1
I-2,default,2,C1b,jsonb,7,0.081,0.199,,1,Bitmap Heap Scan,Bitmap Heap Scan on T [Bitmap Index Scan using T_i2_gin_jsonb_ops],50,30,50,30,,47,0,0,,0,1,17,False,"{""jit"": ""off"", ""max_parallel_workers_per_gather"": ""0""}",measure,T_i2_gin_jsonb_ops,31,0,1
I-2,default,2,C1b,jsonb,8,0.046,0.242,,1,Bitmap Heap Scan,Bitmap Heap Scan on T [Bitmap Index Scan using T_i2_gin_jsonb_ops],50,30,50,30,,47,0,0,,0,1,17,False,"{""jit"": ""off"", ""max_parallel_workers_per_gather"": ""0""}",measure,T_i2_gin_jsonb_ops,31,0,1
I-2,default,2,C1b,jsonb,9,0.045,0.2,,1,Bitmap Heap Scan,Bitmap Heap Scan on T [Bitmap Index Scan using T_i2_gin_jsonb_ops],50,30,50,30,,47,0,0,,0,1,17,False,"{""jit"": ""off"", ""max_parallel_workers_per_gather"": ""0""}",measure,T_i2_gin_jsonb_ops,31,0,1
I-2,default,2,C1b,jsonb,10,0.043,0.195,,1,Bitmap Heap Scan,Bitmap Heap Scan on T [Bitmap Index Scan using T_i2_gin_jsonb_ops],50,30,50,30,,47,0,0,,0,1,17,False,"{""jit"": ""off"", ""max_parallel_workers_per_gather"": ""0""}",measure,T_i2_gin_jsonb_ops,31,0,1
I-2,default,2,C1b,jsonb,11,0.043,0.193,,1,Bitmap Heap Scan,Bitmap Heap Scan on T [Bitmap Index Scan using T_i2_gin_jsonb_ops],50,30,50,30,,47,0,0,,0,1,17,False,"{""jit"": ""off"", ""max_parallel_workers_per_gather"": ""0""}",measure,T_i2_gin_jsonb_ops,31,0,1
I-2,default,2,C1b,jsonb,12,0.043,0.202,,1,Bitmap Heap Scan,Bitmap Heap Scan on T [Bitmap Index Scan using T_i2_gin_jsonb_ops],50,30,50,30,,47,0,0,,0,1,17,False,"{""jit"": ""off"", ""max_parallel_workers_per_gather"": ""0""}",measure,T_i2_gin_jsonb_ops,31,0,1
I-2,default,2,C1b,jsonb,13,0.062,0.38,,1,Bitmap Heap Scan,Bitmap Heap Scan on T [Bitmap Index Scan using T_i2_gin_jsonb_ops],50,30,50,30,,47,0,0,,0,1,17,False,"{""jit"": ""off"", ""max_parallel_workers_per_gather"": ""0""}",measure,T_i2_gin_jsonb_ops,31,0,1
I-2,default,2,C1b,jsonb,14,0.043,0.194,,1,Bitmap Heap Scan,Bitmap Heap Scan on T [Bitmap Index Scan using T_i2_gin_jsonb_ops],50,30,50,30,,47,0,0,,0,1,17,False,"{""jit"": ""off"", ""max_parallel_workers_per_gather"": ""0""}",measure,T_i2_gin_jsonb_ops,31,0,1
I-2,default,2,C1b,jsonb,15,0.044,0.193,,1,Bitmap Heap Scan,Bitmap Heap Scan on T [Bitmap Index Scan using T_i2_gin_jsonb_ops],50,30,50,30,,47,0,0,,0,1,17,False,"{""jit"": ""off"", ""max_parallel_workers_per_gather"": ""0""}",measure,T_i2_gin_jsonb_ops,31,0,1
I-2,default,2,C1b,jsonb,1,0.043,0.194,0.002,1,Bitmap Heap Scan,Bitmap Heap Scan on T [Bitmap Index Scan using T_i2_gin_jsonb_ops],50,30,50,30,,47,0,0,,0,1,17,False,"{""jit"": ""off"", ""max_parallel_workers_per_gather"": ""0""}",detail,T_i2_gin_jsonb_ops,31,0,1
I-2,default,2,C1c,jsonb,1,0.043,0.144,,1,Bitmap Heap Scan,Bitmap Heap Scan on T [Bitmap Index Scan using T_i2_gin_jsonb_ops],50,3,50,3,,15,0,0,,0,1,17,False,"{""jit"": ""off"", ""max_parallel_workers_per_gather"": ""0""}",warmup,T_i2_gin_jsonb_ops,3,0,0
I-2,default,2,C1c,jsonb,2,0.042,0.072,,1,Bitmap Heap Scan,Bitmap Heap Scan on T [Bitmap Index Scan using T_i2_gin_jsonb_ops],50,3,50,3,,15,0,0,,0,1,17,False,"{""jit"": ""off"", ""max_parallel_workers_per_gather"": ""0""}",warmup,T_i2_gin_jsonb_ops,3,0,0
I-2,default,2,C1c,jsonb,3,0.041,0.071,,1,Bitmap Heap Scan,Bitmap Heap Scan on T [Bitmap Index Scan using T_i2_gin_jsonb_ops],50,3,50,3,,15,0,0,,0,1,17,False,"{""jit"": ""off"", ""max_parallel_workers_per_gather"": ""0""}",warmup,T_i2_gin_jsonb_ops,3,0,0
I-2,default,2,C1c,jsonb,1,0.041,0.071,,1,Bitmap Heap Scan,Bitmap Heap Scan on T [Bitmap Index Scan using T_i2_gin_jsonb_ops],50,3,50,3,,15,0,0,,0,1,17,False,"{""jit"": ""off"", ""max_parallel_workers_per_gather"": ""0""}",measure,T_i2_gin_jsonb_ops,3,0,0
I-2,default,2,C1c,jsonb,2,0.045,0.075,,1,Bitmap Heap Scan,Bitmap Heap Scan on T [Bitmap Index Scan using T_i2_gin_jsonb_ops],50,3,50,3,,15,0,0,,0,1,17,False,"{""jit"": ""off"", ""max_parallel_workers_per_gather"": ""0""}",measure,T_i2_gin_jsonb_ops,3,0,0
I-2,default,2,C1c,jsonb,3,0.045,0.075,,1,Bitmap Heap Scan,Bitmap Heap Scan on T [Bitmap Index Scan using T_i2_gin_jsonb_ops],50,3,50,3,,15,0,0,,0,1,17,False,"{""jit"": ""off"", ""max_parallel_workers_per_gather"": ""0""}",measure,T_i2_gin_jsonb_ops,3,0,0
I-2,default,2,C1c,jsonb,4,0.045,0.076,,1,Bitmap Heap Scan,Bitmap Heap Scan on T [Bitmap Index Scan using T_i2_gin_jsonb_ops],50,3,50,3,,15,0,0,,0,1,17,False,"{""jit"": ""off"", ""max_parallel_workers_per_gather"": ""0""}",measure,T_i2_gin_jsonb_ops,3,0,0
I-2,default,2,C1c,jsonb,5,0.045,0.075,,1,Bitmap Heap Scan,Bitmap Heap Scan on T [Bitmap Index Scan using T_i2_gin_jsonb_ops],50,3,50,3,,15,0,0,,0,1,17,False,"{""jit"": ""off"", ""max_parallel_workers_per_gather"": ""0""}",measure,T_i2_gin_jsonb_ops,3,0,0
I-2,default,2,C1c,jsonb,6,0.064,0.09,,1,Bitmap Heap Scan,Bitmap Heap Scan on T [Bitmap Index Scan using T_i2_gin_jsonb_ops],50,3,50,3,,15,0,0,,0,1,17,False,"{""jit"": ""off"", ""max_parallel_workers_per_gather"": ""0""}",measure,T_i2_gin_jsonb_ops,3,0,0
I-2,default,2,C1c,jsonb,7,0.046,0.076,,1,Bitmap Heap Scan,Bitmap Heap Scan on T [Bitmap Index Scan using T_i2_gin_jsonb_ops],50,3,50,3,,15,0,0,,0,1,17,False,"{""jit"": ""off"", ""max_parallel_workers_per_gather"": ""0""}",measure,T_i2_gin_jsonb_ops,3,0,0
I-2,default,2,C1c,jsonb,8,0.101,0.1,,1,Bitmap Heap Scan,Bitmap Heap Scan on T [Bitmap Index Scan using T_i2_gin_jsonb_ops],50,3,50,3,,15,0,0,,0,1,17,False,"{""jit"": ""off"", ""max_parallel_workers_per_gather"": ""0""}",measure,T_i2_gin_jsonb_ops,3,0,0
I-2,default,2,C1c,jsonb,9,0.045,0.075,,1,Bitmap Heap Scan,Bitmap Heap Scan on T [Bitmap Index Scan using T_i2_gin_jsonb_ops],50,3,50,3,,15,0,0,,0,1,17,False,"{""jit"": ""off"", ""max_parallel_workers_per_gather"": ""0""}",measure,T_i2_gin_jsonb_ops,3,0,0
I-2,default,2,C1c,jsonb,10,0.045,0.075,,1,Bitmap Heap Scan,Bitmap Heap Scan on T [Bitmap Index Scan using T_i2_gin_jsonb_ops],50,3,50,3,,15,0,0,,0,1,17,False,"{""jit"": ""off"", ""max_parallel_workers_per_gather"": ""0""}",measure,T_i2_gin_jsonb_ops,3,0,0
I-2,default,2,C1c,jsonb,11,0.045,0.075,,1,Bitmap Heap Scan,Bitmap Heap Scan on T [Bitmap Index Scan using T_i2_gin_jsonb_ops],50,3,50,3,,15,0,0,,0,1,17,False,"{""jit"": ""off"", ""max_parallel_workers_per_gather"": ""0""}",measure,T_i2_gin_jsonb_ops,3,0,0
I-2,default,2,C1c,jsonb,12,0.045,0.075,,1,Bitmap Heap Scan,Bitmap Heap Scan on T [Bitmap Index Scan using T_i2_gin_jsonb_ops],50,3,50,3,,15,0,0,,0,1,17,False,"{""jit"": ""off"", ""max_parallel_workers_per_gather"": ""0""}",measure,T_i2_gin_jsonb_ops,3,0,0
I-2,default,2,C1c,jsonb,13,0.087,0.111,,1,Bitmap Heap Scan,Bitmap Heap Scan on T [Bitmap Index Scan using T_i2_gin_jsonb_ops],50,3,50,3,,15,0,0,,0,1,17,False,"{""jit"": ""off"", ""max_parallel_workers_per_gather"": ""0""}",measure,T_i2_gin_jsonb_ops,3,0,0
I-2,default,2,C1c,jsonb,14,0.046,0.076,,1,Bitmap Heap Scan,Bitmap Heap Scan on T [Bitmap Index Scan using T_i2_gin_jsonb_ops],50,3,50,3,,15,0,0,,0,1,17,False,"{""jit"": ""off"", ""max_parallel_workers_per_gather"": ""0""}",measure,T_i2_gin_jsonb_ops,3,0,0
I-2,default,2,C1c,jsonb,15,0.045,0.075,,1,Bitmap Heap Scan,Bitmap Heap Scan on T [Bitmap Index Scan using T_i2_gin_jsonb_ops],50,3,50,3,,15,0,0,,0,1,17,False,"{""jit"": ""off"", ""max_parallel_workers_per_gather"": ""0""}",measure,T_i2_gin_jsonb_ops,3,0,0
I-2,default,2,C1c,jsonb,1,0.046,0.076,0.001,1,Bitmap Heap Scan,Bitmap Heap Scan on T [Bitmap Index Scan using T_i2_gin_jsonb_ops],50,3,50,3,,15,0,0,,0,1,17,False,"{""jit"": ""off"", ""max_parallel_workers_per_gather"": ""0""}",detail,T_i2_gin_jsonb_ops,3,0,0
I-2,default,2,C1d,jsonb,1,0.046,1.193,,3,Bitmap Heap Scan,Bitmap Heap Scan on T [Bitmap Index Scan using T_i2_gin_jsonb_ops],50,225,50,225,,214,0,0,,0,1,17,False,"{""jit"": ""off"", ""max_parallel_workers_per_gather"": ""0""}",warmup,T_i2_gin_jsonb_ops,198,0,0
I-2,default,2,C1d,jsonb,2,0.045,0.654,,3,Bitmap Heap Scan,Bitmap Heap Scan on T [Bitmap Index Scan using T_i2_gin_jsonb_ops],50,225,50,225,,214,0,0,,0,1,17,False,"{""jit"": ""off"", ""max_parallel_workers_per_gather"": ""0""}",warmup,T_i2_gin_jsonb_ops,198,0,0
I-2,default,2,C1d,jsonb,3,0.045,0.754,,3,Bitmap Heap Scan,Bitmap Heap Scan on T [Bitmap Index Scan using T_i2_gin_jsonb_ops],50,225,50,225,,214,0,0,,0,1,17,False,"{""jit"": ""off"", ""max_parallel_workers_per_gather"": ""0""}",warmup,T_i2_gin_jsonb_ops,198,0,0
I-2,default,2,C1d,jsonb,1,0.047,0.629,,3,Bitmap Heap Scan,Bitmap Heap Scan on T [Bitmap Index Scan using T_i2_gin_jsonb_ops],50,225,50,225,,214,0,0,,0,1,17,False,"{""jit"": ""off"", ""max_parallel_workers_per_gather"": ""0""}",measure,T_i2_gin_jsonb_ops,198,0,0
I-2,default,2,C1d,jsonb,2,0.046,0.792,,3,Bitmap Heap Scan,Bitmap Heap Scan on T [Bitmap Index Scan using T_i2_gin_jsonb_ops],50,225,50,225,,214,0,0,,0,1,17,False,"{""jit"": ""off"", ""max_parallel_workers_per_gather"": ""0""}",measure,T_i2_gin_jsonb_ops,198,0,0
I-2,default,2,C1d,jsonb,3,0.091,1.05,,3,Bitmap Heap Scan,Bitmap Heap Scan on T [Bitmap Index Scan using T_i2_gin_jsonb_ops],50,225,50,225,,214,0,0,,0,1,17,False,"{""jit"": ""off"", ""max_parallel_workers_per_gather"": ""0""}",measure,T_i2_gin_jsonb_ops,198,0,0
I-2,default,2,C1d,jsonb,4,0.113,1.093,,3,Bitmap Heap Scan,Bitmap Heap Scan on T [Bitmap Index Scan using T_i2_gin_jsonb_ops],50,225,50,225,,214,0,0,,0,1,17,False,"{""jit"": ""off"", ""max_parallel_workers_per_gather"": ""0""}",measure,T_i2_gin_jsonb_ops,198,0,0
I-2,default,2,C1d,jsonb,5,0.152,1.51,,3,Bitmap Heap Scan,Bitmap Heap Scan on T [Bitmap Index Scan using T_i2_gin_jsonb_ops],50,225,50,225,,214,0,0,,0,1,17,False,"{""jit"": ""off"", ""max_parallel_workers_per_gather"": ""0""}",measure,T_i2_gin_jsonb_ops,198,0,0
I-2,default,2,C1d,jsonb,6,0.12,0.906,,3,Bitmap Heap Scan,Bitmap Heap Scan on T [Bitmap Index Scan using T_i2_gin_jsonb_ops],50,225,50,225,,214,0,0,,0,1,17,False,"{""jit"": ""off"", ""max_parallel_workers_per_gather"": ""0""}",measure,T_i2_gin_jsonb_ops,198,0,0
I-2,default,2,C1d,jsonb,7,0.064,0.814,,3,Bitmap Heap Scan,Bitmap Heap Scan on T [Bitmap Index Scan using T_i2_gin_jsonb_ops],50,225,50,225,,214,0,0,,0,1,17,False,"{""jit"": ""off"", ""max_parallel_workers_per_gather"": ""0""}",measure,T_i2_gin_jsonb_ops,198,0,0
I-2,default,2,C1d,jsonb,8,0.07,0.759,,3,Bitmap Heap Scan,Bitmap Heap Scan on T [Bitmap Index Scan using T_i2_gin_jsonb_ops],50,225,50,225,,214,0,0,,0,1,17,False,"{""jit"": ""off"", ""max_parallel_workers_per_gather"": ""0""}",measure,T_i2_gin_jsonb_ops,198,0,0
I-2,default,2,C1d,jsonb,9,0.079,0.912,,3,Bitmap Heap Scan,Bitmap Heap Scan on T [Bitmap Index Scan using T_i2_gin_jsonb_ops],50,225,50,225,,214,0,0,,0,1,17,False,"{""jit"": ""off"", ""max_parallel_workers_per_gather"": ""0""}",measure,T_i2_gin_jsonb_ops,198,0,0
I-2,default,2,C1d,jsonb,10,0.052,0.684,,3,Bitmap Heap Scan,Bitmap Heap Scan on T [Bitmap Index Scan using T_i2_gin_jsonb_ops],50,225,50,225,,214,0,0,,0,1,17,False,"{""jit"": ""off"", ""max_parallel_workers_per_gather"": ""0""}",measure,T_i2_gin_jsonb_ops,198,0,0
I-2,default,2,C1d,jsonb,11,0.049,0.686,,3,Bitmap Heap Scan,Bitmap Heap Scan on T [Bitmap Index Scan using T_i2_gin_jsonb_ops],50,225,50,225,,214,0,0,,0,1,17,False,"{""jit"": ""off"", ""max_parallel_workers_per_gather"": ""0""}",measure,T_i2_gin_jsonb_ops,198,0,0
I-2,default,2,C1d,jsonb,12,0.048,0.671,,3,Bitmap Heap Scan,Bitmap Heap Scan on T [Bitmap Index Scan using T_i2_gin_jsonb_ops],50,225,50,225,,214,0,0,,0,1,17,False,"{""jit"": ""off"", ""max_parallel_workers_per_gather"": ""0""}",measure,T_i2_gin_jsonb_ops,198,0,0
I-2,default,2,C1d,jsonb,13,0.048,0.684,,3,Bitmap Heap Scan,Bitmap Heap Scan on T [Bitmap Index Scan using T_i2_gin_jsonb_ops],50,225,50,225,,214,0,0,,0,1,17,False,"{""jit"": ""off"", ""max_parallel_workers_per_gather"": ""0""}",measure,T_i2_gin_jsonb_ops,198,0,0
I-2,default,2,C1d,jsonb,14,0.044,0.668,,3,Bitmap Heap Scan,Bitmap Heap Scan on T [Bitmap Index Scan using T_i2_gin_jsonb_ops],50,225,50,225,,214,0,0,,0,1,17,False,"{""jit"": ""off"", ""max_parallel_workers_per_gather"": ""0""}",measure,T_i2_gin_jsonb_ops,198,0,0
I-2,default,2,C1d,jsonb,15,0.044,0.736,,3,Bitmap Heap Scan,Bitmap Heap Scan on T [Bitmap Index Scan using T_i2_gin_jsonb_ops],50,225,50,225,,214,0,0,,0,1,17,False,"{""jit"": ""off"", ""max_parallel_workers_per_gather"": ""0""}",measure,T_i2_gin_jsonb_ops,198,0,0
I-2,default,2,C1d,jsonb,1,0.044,1.065,0.034,3,Bitmap Heap Scan,Bitmap Heap Scan on T [Bitmap Index Scan using T_i2_gin_jsonb_ops],50,225,50,225,,214,0,0,,0,1,17,False,"{""jit"": ""off"", ""max_parallel_workers_per_gather"": ""0""}",detail,T_i2_gin_jsonb_ops,198,0,0
I-2,default,2,C2,jsonb,1,0.068,13.136,,1,Seq Scan,Seq Scan on T,50,3,50,3,4997,981,0,0,,0,0,16,False,"{""jit"": ""off"", ""max_parallel_workers_per_gather"": ""0""}",warmup,-,,,
I-2,default,2,C2,jsonb,2,0.06,11.817,,1,Seq Scan,Seq Scan on T,50,3,50,3,4997,981,0,0,,0,0,16,False,"{""jit"": ""off"", ""max_parallel_workers_per_gather"": ""0""}",warmup,-,,,
I-2,default,2,C2,jsonb,3,0.083,12.584,,1,Seq Scan,Seq Scan on T,50,3,50,3,4997,981,0,0,,0,0,16,False,"{""jit"": ""off"", ""max_parallel_workers_per_gather"": ""0""}",warmup,-,,,
I-2,default,2,C2,jsonb,1,0.066,12.812,,1,Seq Scan,Seq Scan on T,50,3,50,3,4997,981,0,0,,0,0,16,False,"{""jit"": ""off"", ""max_parallel_workers_per_gather"": ""0""}",measure,-,,,
I-2,default,2,C2,jsonb,2,0.071,13.471,,1,Seq Scan,Seq Scan on T,50,3,50,3,4997,981,0,0,,0,0,16,False,"{""jit"": ""off"", ""max_parallel_workers_per_gather"": ""0""}",measure,-,,,
I-2,default,2,C2,jsonb,3,0.1,12.565,,1,Seq Scan,Seq Scan on T,50,3,50,3,4997,981,0,0,,0,0,16,False,"{""jit"": ""off"", ""max_parallel_workers_per_gather"": ""0""}",measure,-,,,
I-2,default,2,C2,jsonb,4,0.113,14.678,,1,Seq Scan,Seq Scan on T,50,3,50,3,4997,981,0,0,,0,0,16,False,"{""jit"": ""off"", ""max_parallel_workers_per_gather"": ""0""}",measure,-,,,
I-2,default,2,C2,jsonb,5,0.072,12.434,,1,Seq Scan,Seq Scan on T,50,3,50,3,4997,981,0,0,,0,0,16,False,"{""jit"": ""off"", ""max_parallel_workers_per_gather"": ""0""}",measure,-,,,
I-2,default,2,C2,jsonb,6,0.07,12.171,,1,Seq Scan,Seq Scan on T,50,3,50,3,4997,981,0,0,,0,0,16,False,"{""jit"": ""off"", ""max_parallel_workers_per_gather"": ""0""}",measure,-,,,
I-2,default,2,C2,jsonb,7,0.078,13.947,,1,Seq Scan,Seq Scan on T,50,3,50,3,4997,981,0,0,,0,0,16,False,"{""jit"": ""off"", ""max_parallel_workers_per_gather"": ""0""}",measure,-,,,
I-2,default,2,C2,jsonb,8,0.08,13.848,,1,Seq Scan,Seq Scan on T,50,3,50,3,4997,981,0,0,,0,0,16,False,"{""jit"": ""off"", ""max_parallel_workers_per_gather"": ""0""}",measure,-,,,
I-2,default,2,C2,jsonb,9,0.082,13.799,,1,Seq Scan,Seq Scan on T,50,3,50,3,4997,981,0,0,,0,0,16,False,"{""jit"": ""off"", ""max_parallel_workers_per_gather"": ""0""}",measure,-,,,
I-2,default,2,C2,jsonb,10,0.074,13.087,,1,Seq Scan,Seq Scan on T,50,3,50,3,4997,981,0,0,,0,0,16,False,"{""jit"": ""off"", ""max_parallel_workers_per_gather"": ""0""}",measure,-,,,
I-2,default,2,C2,jsonb,11,0.081,14.342,,1,Seq Scan,Seq Scan on T,50,3,50,3,4997,981,0,0,,0,0,16,False,"{""jit"": ""off"", ""max_parallel_workers_per_gather"": ""0""}",measure,-,,,
I-2,default,2,C2,jsonb,12,0.074,11.748,,1,Seq Scan,Seq Scan on T,50,3,50,3,4997,981,0,0,,0,0,16,False,"{""jit"": ""off"", ""max_parallel_workers_per_gather"": ""0""}",measure,-,,,
I-2,default,2,C2,jsonb,13,0.06,11.199,,1,Seq Scan,Seq Scan on T,50,3,50,3,4997,981,0,0,,0,0,16,False,"{""jit"": ""off"", ""max_parallel_workers_per_gather"": ""0""}",measure,-,,,
I-2,default,2,C2,jsonb,14,0.063,11.006,,1,Seq Scan,Seq Scan on T,50,3,50,3,4997,981,0,0,,0,0,16,False,"{""jit"": ""off"", ""max_parallel_workers_per_gather"": ""0""}",measure,-,,,
I-2,default,2,C2,jsonb,15,0.049,11.457,,1,Seq Scan,Seq Scan on T,50,3,50,3,4997,981,0,0,,0,0,16,False,"{""jit"": ""off"", ""max_parallel_workers_per_gather"": ""0""}",measure,-,,,
I-2,default,2,C2,jsonb,1,0.052,10.584,0.015,1,Seq Scan,Seq Scan on T,50,3,50,3,4997,981,0,0,,0,0,16,False,"{""jit"": ""off"", ""max_parallel_workers_per_gather"": ""0""}",detail,-,,,
I-2,default,2,C3,jsonb,1,0.064,0.226,,1,Bitmap Heap Scan,Bitmap Heap Scan on T [Bitmap Index Scan using T_i2_gin_jsonb_ops],50,30,50,30,,47,0,0,,0,4,18,False,"{""jit"": ""off"", ""max_parallel_workers_per_gather"": ""0""}",warmup,T_i2_gin_jsonb_ops,31,0,1
I-2,default,2,C3,jsonb,2,0.046,0.201,,1,Bitmap Heap Scan,Bitmap Heap Scan on T [Bitmap Index Scan using T_i2_gin_jsonb_ops],50,30,50,30,,47,0,0,,0,1,18,False,"{""jit"": ""off"", ""max_parallel_workers_per_gather"": ""0""}",warmup,T_i2_gin_jsonb_ops,31,0,1
I-2,default,2,C3,jsonb,3,0.044,0.197,,1,Bitmap Heap Scan,Bitmap Heap Scan on T [Bitmap Index Scan using T_i2_gin_jsonb_ops],50,30,50,30,,47,0,0,,0,1,18,False,"{""jit"": ""off"", ""max_parallel_workers_per_gather"": ""0""}",warmup,T_i2_gin_jsonb_ops,31,0,1
I-2,default,2,C3,jsonb,1,0.044,0.194,,1,Bitmap Heap Scan,Bitmap Heap Scan on T [Bitmap Index Scan using T_i2_gin_jsonb_ops],50,30,50,30,,47,0,0,,0,1,18,False,"{""jit"": ""off"", ""max_parallel_workers_per_gather"": ""0""}",measure,T_i2_gin_jsonb_ops,31,0,1
I-2,default,2,C3,jsonb,2,0.043,0.195,,1,Bitmap Heap Scan,Bitmap Heap Scan on T [Bitmap Index Scan using T_i2_gin_jsonb_ops],50,30,50,30,,47,0,0,,0,1,18,False,"{""jit"": ""off"", ""max_parallel_workers_per_gather"": ""0""}",measure,T_i2_gin_jsonb_ops,31,0,1
I-2,default,2,C3,jsonb,3,0.043,0.214,,1,Bitmap Heap Scan,Bitmap Heap Scan on T [Bitmap Index Scan using T_i2_gin_jsonb_ops],50,30,50,30,,47,0,0,,0,1,18,False,"{""jit"": ""off"", ""max_parallel_workers_per_gather"": ""0""}",measure,T_i2_gin_jsonb_ops,31,0,1
I-2,default,2,C3,jsonb,4,0.044,0.193,,1,Bitmap Heap Scan,Bitmap Heap Scan on T [Bitmap Index Scan using T_i2_gin_jsonb_ops],50,30,50,30,,47,0,0,,0,1,18,False,"{""jit"": ""off"", ""max_parallel_workers_per_gather"": ""0""}",measure,T_i2_gin_jsonb_ops,31,0,1
I-2,default,2,C3,jsonb,5,0.043,0.194,,1,Bitmap Heap Scan,Bitmap Heap Scan on T [Bitmap Index Scan using T_i2_gin_jsonb_ops],50,30,50,30,,47,0,0,,0,1,18,False,"{""jit"": ""off"", ""max_parallel_workers_per_gather"": ""0""}",measure,T_i2_gin_jsonb_ops,31,0,1
I-2,default,2,C3,jsonb,6,0.043,0.194,,1,Bitmap Heap Scan,Bitmap Heap Scan on T [Bitmap Index Scan using T_i2_gin_jsonb_ops],50,30,50,30,,47,0,0,,0,1,18,False,"{""jit"": ""off"", ""max_parallel_workers_per_gather"": ""0""}",measure,T_i2_gin_jsonb_ops,31,0,1
I-2,default,2,C3,jsonb,7,0.043,0.194,,1,Bitmap Heap Scan,Bitmap Heap Scan on T [Bitmap Index Scan using T_i2_gin_jsonb_ops],50,30,50,30,,47,0,0,,0,1,18,False,"{""jit"": ""off"", ""max_parallel_workers_per_gather"": ""0""}",measure,T_i2_gin_jsonb_ops,31,0,1
I-2,default,2,C3,jsonb,8,0.043,0.193,,1,Bitmap Heap Scan,Bitmap Heap Scan on T [Bitmap Index Scan using T_i2_gin_jsonb_ops],50,30,50,30,,47,0,0,,0,1,18,False,"{""jit"": ""off"", ""max_parallel_workers_per_gather"": ""0""}",measure,T_i2_gin_jsonb_ops,31,0,1
I-2,default,2,C3,jsonb,9,0.043,0.203,,1,Bitmap Heap Scan,Bitmap Heap Scan on T [Bitmap Index Scan using T_i2_gin_jsonb_ops],50,30,50,30,,47,0,0,,0,1,18,False,"{""jit"": ""off"", ""max_parallel_workers_per_gather"": ""0""}",measure,T_i2_gin_jsonb_ops,31,0,1
I-2,default,2,C3,jsonb,10,0.043,0.194,,1,Bitmap Heap Scan,Bitmap Heap Scan on T [Bitmap Index Scan using T_i2_gin_jsonb_ops],50,30,50,30,,47,0,0,,0,1,18,False,"{""jit"": ""off"", ""max_parallel_workers_per_gather"": ""0""}",measure,T_i2_gin_jsonb_ops,31,0,1
I-2,default,2,C3,jsonb,11,0.043,0.193,,1,Bitmap Heap Scan,Bitmap Heap Scan on T [Bitmap Index Scan using T_i2_gin_jsonb_ops],50,30,50,30,,47,0,0,,0,1,18,False,"{""jit"": ""off"", ""max_parallel_workers_per_gather"": ""0""}",measure,T_i2_gin_jsonb_ops,31,0,1
I-2,default,2,C3,jsonb,12,0.044,0.193,,1,Bitmap Heap Scan,Bitmap Heap Scan on T [Bitmap Index Scan using T_i2_gin_jsonb_ops],50,30,50,30,,47,0,0,,0,1,18,False,"{""jit"": ""off"", ""max_parallel_workers_per_gather"": ""0""}",measure,T_i2_gin_jsonb_ops,31,0,1
I-2,default,2,C3,jsonb,13,0.043,0.194,,1,Bitmap Heap Scan,Bitmap Heap Scan on T [Bitmap Index Scan using T_i2_gin_jsonb_ops],50,30,50,30,,47,0,0,,0,1,18,False,"{""jit"": ""off"", ""max_parallel_workers_per_gather"": ""0""}",measure,T_i2_gin_jsonb_ops,31,0,1
I-2,default,2,C3,jsonb,14,0.043,0.194,,1,Bitmap Heap Scan,Bitmap Heap Scan on T [Bitmap Index Scan using T_i2_gin_jsonb_ops],50,30,50,30,,47,0,0,,0,1,18,False,"{""jit"": ""off"", ""max_parallel_workers_per_gather"": ""0""}",measure,T_i2_gin_jsonb_ops,31,0,1
I-2,default,2,C3,jsonb,15,0.043,0.193,,1,Bitmap Heap Scan,Bitmap Heap Scan on T [Bitmap Index Scan using T_i2_gin_jsonb_ops],50,30,50,30,,47,0,0,,0,1,18,False,"{""jit"": ""off"", ""max_parallel_workers_per_gather"": ""0""}",measure,T_i2_gin_jsonb_ops,31,0,1
I-2,default,2,C3,jsonb,1,0.043,0.196,0.002,1,Bitmap Heap Scan,Bitmap Heap Scan on T [Bitmap Index Scan using T_i2_gin_jsonb_ops],50,30,50,30,,47,0,0,,0,1,18,False,"{""jit"": ""off"", ""max_parallel_workers_per_gather"": ""0""}",detail,T_i2_gin_jsonb_ops,31,0,1
I-2,default,2,C3b,jsonb,1,0.048,0.086,,1,Bitmap Heap Scan,Bitmap Heap Scan on T [Bitmap Index Scan using T_i2_gin_jsonb_ops],50,12,50,12,,27,0,0,,0,4,18,False,"{""jit"": ""off"", ""max_parallel_workers_per_gather"": ""0""}",warmup,T_i2_gin_jsonb_ops,12,0,0
I-2,default,2,C3b,jsonb,2,0.042,0.091,,1,Bitmap Heap Scan,Bitmap Heap Scan on T [Bitmap Index Scan using T_i2_gin_jsonb_ops],50,12,50,12,,27,0,0,,0,1,18,False,"{""jit"": ""off"", ""max_parallel_workers_per_gather"": ""0""}",warmup,T_i2_gin_jsonb_ops,12,0,0
I-2,default,2,C3b,jsonb,3,0.042,0.082,,1,Bitmap Heap Scan,Bitmap Heap Scan on T [Bitmap Index Scan using T_i2_gin_jsonb_ops],50,12,50,12,,27,0,0,,0,1,18,False,"{""jit"": ""off"", ""max_parallel_workers_per_gather"": ""0""}",warmup,T_i2_gin_jsonb_ops,12,0,0
I-2,default,2,C3b,jsonb,1,0.042,0.082,,1,Bitmap Heap Scan,Bitmap Heap Scan on T [Bitmap Index Scan using T_i2_gin_jsonb_ops],50,12,50,12,,27,0,0,,0,1,18,False,"{""jit"": ""off"", ""max_parallel_workers_per_gather"": ""0""}",measure,T_i2_gin_jsonb_ops,12,0,0
I-2,default,2,C3b,jsonb,2,0.042,0.082,,1,Bitmap Heap Scan,Bitmap Heap Scan on T [Bitmap Index Scan using T_i2_gin_jsonb_ops],50,12,50,12,,27,0,0,,0,1,18,False,"{""jit"": ""off"", ""max_parallel_workers_per_gather"": ""0""}",measure,T_i2_gin_jsonb_ops,12,0,0
I-2,default,2,C3b,jsonb,3,0.042,0.081,,1,Bitmap Heap Scan,Bitmap Heap Scan on T [Bitmap Index Scan using T_i2_gin_jsonb_ops],50,12,50,12,,27,0,0,,0,1,18,False,"{""jit"": ""off"", ""max_parallel_workers_per_gather"": ""0""}",measure,T_i2_gin_jsonb_ops,12,0,0
I-2,default,2,C3b,jsonb,4,0.041,0.081,,1,Bitmap Heap Scan,Bitmap Heap Scan on T [Bitmap Index Scan using T_i2_gin_jsonb_ops],50,12,50,12,,27,0,0,,0,1,18,False,"{""jit"": ""off"", ""max_parallel_workers_per_gather"": ""0""}",measure,T_i2_gin_jsonb_ops,12,0,0
I-2,default,2,C3b,jsonb,5,0.041,0.081,,1,Bitmap Heap Scan,Bitmap Heap Scan on T [Bitmap Index Scan using T_i2_gin_jsonb_ops],50,12,50,12,,27,0,0,,0,1,18,False,"{""jit"": ""off"", ""max_parallel_workers_per_gather"": ""0""}",measure,T_i2_gin_jsonb_ops,12,0,0
I-2,default,2,C3b,jsonb,6,0.041,0.081,,1,Bitmap Heap Scan,Bitmap Heap Scan on T [Bitmap Index Scan using T_i2_gin_jsonb_ops],50,12,50,12,,27,0,0,,0,1,18,False,"{""jit"": ""off"", ""max_parallel_workers_per_gather"": ""0""}",measure,T_i2_gin_jsonb_ops,12,0,0
I-2,default,2,C3b,jsonb,7,0.084,0.086,,1,Bitmap Heap Scan,Bitmap Heap Scan on T [Bitmap Index Scan using T_i2_gin_jsonb_ops],50,12,50,12,,27,0,0,,0,1,18,False,"{""jit"": ""off"", ""max_parallel_workers_per_gather"": ""0""}",measure,T_i2_gin_jsonb_ops,12,0,0
I-2,default,2,C3b,jsonb,8,0.043,0.083,,1,Bitmap Heap Scan,Bitmap Heap Scan on T [Bitmap Index Scan using T_i2_gin_jsonb_ops],50,12,50,12,,27,0,0,,0,1,18,False,"{""jit"": ""off"", ""max_parallel_workers_per_gather"": ""0""}",measure,T_i2_gin_jsonb_ops,12,0,0
I-2,default,2,C3b,jsonb,9,0.041,0.082,,1,Bitmap Heap Scan,Bitmap Heap Scan on T [Bitmap Index Scan using T_i2_gin_jsonb_ops],50,12,50,12,,27,0,0,,0,1,18,False,"{""jit"": ""off"", ""max_parallel_workers_per_gather"": ""0""}",measure,T_i2_gin_jsonb_ops,12,0,0
I-2,default,2,C3b,jsonb,10,0.041,0.082,,1,Bitmap Heap Scan,Bitmap Heap Scan on T [Bitmap Index Scan using T_i2_gin_jsonb_ops],50,12,50,12,,27,0,0,,0,1,18,False,"{""jit"": ""off"", ""max_parallel_workers_per_gather"": ""0""}",measure,T_i2_gin_jsonb_ops,12,0,0
I-2,default,2,C3b,jsonb,11,0.041,0.082,,1,Bitmap Heap Scan,Bitmap Heap Scan on T [Bitmap Index Scan using T_i2_gin_jsonb_ops],50,12,50,12,,27,0,0,,0,1,18,False,"{""jit"": ""off"", ""max_parallel_workers_per_gather"": ""0""}",measure,T_i2_gin_jsonb_ops,12,0,0
I-2,default,2,C3b,jsonb,12,0.041,0.081,,1,Bitmap Heap Scan,Bitmap Heap Scan on T [Bitmap Index Scan using T_i2_gin_jsonb_ops],50,12,50,12,,27,0,0,,0,1,18,False,"{""jit"": ""off"", ""max_parallel_workers_per_gather"": ""0""}",measure,T_i2_gin_jsonb_ops,12,0,0
I-2,default,2,C3b,jsonb,13,0.041,0.081,,1,Bitmap Heap Scan,Bitmap Heap Scan on T [Bitmap Index Scan using T_i2_gin_jsonb_ops],50,12,50,12,,27,0,0,,0,1,18,False,"{""jit"": ""off"", ""max_parallel_workers_per_gather"": ""0""}",measure,T_i2_gin_jsonb_ops,12,0,0
I-2,default,2,C3b,jsonb,14,0.041,0.081,,1,Bitmap Heap Scan,Bitmap Heap Scan on T [Bitmap Index Scan using T_i2_gin_jsonb_ops],50,12,50,12,,27,0,0,,0,1,18,False,"{""jit"": ""off"", ""max_parallel_workers_per_gather"": ""0""}",measure,T_i2_gin_jsonb_ops,12,0,0
I-2,default,2,C3b,jsonb,15,0.091,0.147,,1,Bitmap Heap Scan,Bitmap Heap Scan on T [Bitmap Index Scan using T_i2_gin_jsonb_ops],50,12,50,12,,27,0,0,,0,1,18,False,"{""jit"": ""off"", ""max_parallel_workers_per_gather"": ""0""}",measure,T_i2_gin_jsonb_ops,12,0,0
I-2,default,2,C3b,jsonb,1,0.045,0.086,0.001,1,Bitmap Heap Scan,Bitmap Heap Scan on T [Bitmap Index Scan using T_i2_gin_jsonb_ops],50,12,50,12,,27,0,0,,0,1,18,False,"{""jit"": ""off"", ""max_parallel_workers_per_gather"": ""0""}",detail,T_i2_gin_jsonb_ops,12,0,0
I-2,default,2,Q21,jsonb,1,0.037,11.358,,1,Seq Scan,Seq Scan on T,2500,30,2500,30,4970,981,0,0,,0,0,15,False,"{""jit"": ""off"", ""max_parallel_workers_per_gather"": ""0""}",warmup,-,,,
I-2,default,2,Q21,jsonb,2,0.039,12.605,,1,Seq Scan,Seq Scan on T,2500,30,2500,30,4970,981,0,0,,0,0,15,False,"{""jit"": ""off"", ""max_parallel_workers_per_gather"": ""0""}",warmup,-,,,
I-2,default,2,Q21,jsonb,3,0.056,11.761,,1,Seq Scan,Seq Scan on T,2500,30,2500,30,4970,981,0,0,,0,0,15,False,"{""jit"": ""off"", ""max_parallel_workers_per_gather"": ""0""}",warmup,-,,,
I-2,default,2,Q21,jsonb,1,0.049,11.43,,1,Seq Scan,Seq Scan on T,2500,30,2500,30,4970,981,0,0,,0,0,15,False,"{""jit"": ""off"", ""max_parallel_workers_per_gather"": ""0""}",measure,-,,,
I-2,default,2,Q21,jsonb,2,0.042,11.534,,1,Seq Scan,Seq Scan on T,2500,30,2500,30,4970,981,0,0,,0,0,15,False,"{""jit"": ""off"", ""max_parallel_workers_per_gather"": ""0""}",measure,-,,,
I-2,default,2,Q21,jsonb,3,0.047,11.396,,1,Seq Scan,Seq Scan on T,2500,30,2500,30,4970,981,0,0,,0,0,15,False,"{""jit"": ""off"", ""max_parallel_workers_per_gather"": ""0""}",measure,-,,,
I-2,default,2,Q21,jsonb,4,0.041,11.824,,1,Seq Scan,Seq Scan on T,2500,30,2500,30,4970,981,0,0,,0,0,15,False,"{""jit"": ""off"", ""max_parallel_workers_per_gather"": ""0""}",measure,-,,,
I-2,default,2,Q21,jsonb,5,0.055,11.828,,1,Seq Scan,Seq Scan on T,2500,30,2500,30,4970,981,0,0,,0,0,15,False,"{""jit"": ""off"", ""max_parallel_workers_per_gather"": ""0""}",measure,-,,,
I-2,default,2,Q21,jsonb,6,0.044,12.181,,1,Seq Scan,Seq Scan on T,2500,30,2500,30,4970,981,0,0,,0,0,15,False,"{""jit"": ""off"", ""max_parallel_workers_per_gather"": ""0""}",measure,-,,,
I-2,default,2,Q21,jsonb,7,0.049,11.973,,1,Seq Scan,Seq Scan on T,2500,30,2500,30,4970,981,0,0,,0,0,15,False,"{""jit"": ""off"", ""max_parallel_workers_per_gather"": ""0""}",measure,-,,,
I-2,default,2,Q21,jsonb,8,0.047,13.537,,1,Seq Scan,Seq Scan on T,2500,30,2500,30,4970,981,0,0,,0,0,15,False,"{""jit"": ""off"", ""max_parallel_workers_per_gather"": ""0""}",measure,-,,,
I-2,default,2,Q21,jsonb,9,0.058,13.921,,1,Seq Scan,Seq Scan on T,2500,30,2500,30,4970,981,0,0,,0,0,15,False,"{""jit"": ""off"", ""max_parallel_workers_per_gather"": ""0""}",measure,-,,,
I-2,default,2,Q21,jsonb,10,0.048,12.625,,1,Seq Scan,Seq Scan on T,2500,30,2500,30,4970,981,0,0,,0,0,15,False,"{""jit"": ""off"", ""max_parallel_workers_per_gather"": ""0""}",measure,-,,,
I-2,default,2,Q21,jsonb,11,0.061,12.368,,1,Seq Scan,Seq Scan on T,2500,30,2500,30,4970,981,0,0,,0,0,15,False,"{""jit"": ""off"", ""max_parallel_workers_per_gather"": ""0""}",measure,-,,,
I-2,default,2,Q21,jsonb,12,0.055,12.347,,1,Seq Scan,Seq Scan on T,2500,30,2500,30,4970,981,0,0,,0,0,15,False,"{""jit"": ""off"", ""max_parallel_workers_per_gather"": ""0""}",measure,-,,,
I-2,default,2,Q21,jsonb,13,0.048,11.831,,1,Seq Scan,Seq Scan on T,2500,30,2500,30,4970,981,0,0,,0,0,15,False,"{""jit"": ""off"", ""max_parallel_workers_per_gather"": ""0""}",measure,-,,,
I-2,default,2,Q21,jsonb,14,0.043,11.631,,1,Seq Scan,Seq Scan on T,2500,30,2500,30,4970,981,0,0,,0,0,15,False,"{""jit"": ""off"", ""max_parallel_workers_per_gather"": ""0""}",measure,-,,,
I-2,default,2,Q21,jsonb,15,0.047,12.243,,1,Seq Scan,Seq Scan on T,2500,30,2500,30,4970,981,0,0,,0,0,15,False,"{""jit"": ""off"", ""max_parallel_workers_per_gather"": ""0""}",measure,-,,,
I-2,default,2,Q21,jsonb,1,0.05,11.903,0.004,1,Seq Scan,Seq Scan on T,2500,30,2500,30,4970,981,0,0,,0,0,15,False,"{""jit"": ""off"", ""max_parallel_workers_per_gather"": ""0""}",detail,-,,,
I-2,forced,2,C1,jsonb,1,0.061,0.107,,1,Bitmap Heap Scan,Bitmap Heap Scan on T [Bitmap Index Scan using T_i2_gin_jsonb_ops],50,12,50,12,,24,0,0,,0,1,17,False,"{""enable_seqscan"": ""off"", ""jit"": ""off"", ""max_parallel_workers_per_gather"": ""0""}",warmup,T_i2_gin_jsonb_ops,12,0,0
I-2,forced,2,C1,jsonb,2,0.049,0.093,,1,Bitmap Heap Scan,Bitmap Heap Scan on T [Bitmap Index Scan using T_i2_gin_jsonb_ops],50,12,50,12,,24,0,0,,0,1,17,False,"{""enable_seqscan"": ""off"", ""jit"": ""off"", ""max_parallel_workers_per_gather"": ""0""}",warmup,T_i2_gin_jsonb_ops,12,0,0
I-2,forced,2,C1,jsonb,3,0.047,0.09,,1,Bitmap Heap Scan,Bitmap Heap Scan on T [Bitmap Index Scan using T_i2_gin_jsonb_ops],50,12,50,12,,24,0,0,,0,1,17,False,"{""enable_seqscan"": ""off"", ""jit"": ""off"", ""max_parallel_workers_per_gather"": ""0""}",warmup,T_i2_gin_jsonb_ops,12,0,0
I-2,forced,2,C1,jsonb,1,0.045,0.088,,1,Bitmap Heap Scan,Bitmap Heap Scan on T [Bitmap Index Scan using T_i2_gin_jsonb_ops],50,12,50,12,,24,0,0,,0,1,17,False,"{""enable_seqscan"": ""off"", ""jit"": ""off"", ""max_parallel_workers_per_gather"": ""0""}",measure,T_i2_gin_jsonb_ops,12,0,0
I-2,forced,2,C1,jsonb,2,0.054,0.088,,1,Bitmap Heap Scan,Bitmap Heap Scan on T [Bitmap Index Scan using T_i2_gin_jsonb_ops],50,12,50,12,,24,0,0,,0,1,17,False,"{""enable_seqscan"": ""off"", ""jit"": ""off"", ""max_parallel_workers_per_gather"": ""0""}",measure,T_i2_gin_jsonb_ops,12,0,0
I-2,forced,2,C1,jsonb,3,0.045,0.101,,1,Bitmap Heap Scan,Bitmap Heap Scan on T [Bitmap Index Scan using T_i2_gin_jsonb_ops],50,12,50,12,,24,0,0,,0,1,17,False,"{""enable_seqscan"": ""off"", ""jit"": ""off"", ""max_parallel_workers_per_gather"": ""0""}",measure,T_i2_gin_jsonb_ops,12,0,0
I-2,forced,2,C1,jsonb,4,0.048,0.091,,1,Bitmap Heap Scan,Bitmap Heap Scan on T [Bitmap Index Scan using T_i2_gin_jsonb_ops],50,12,50,12,,24,0,0,,0,1,17,False,"{""enable_seqscan"": ""off"", ""jit"": ""off"", ""max_parallel_workers_per_gather"": ""0""}",measure,T_i2_gin_jsonb_ops,12,0,0
I-2,forced,2,C1,jsonb,5,0.048,0.092,,1,Bitmap Heap Scan,Bitmap Heap Scan on T [Bitmap Index Scan using T_i2_gin_jsonb_ops],50,12,50,12,,24,0,0,,0,1,17,False,"{""enable_seqscan"": ""off"", ""jit"": ""off"", ""max_parallel_workers_per_gather"": ""0""}",measure,T_i2_gin_jsonb_ops,12,0,0
I-2,forced,2,C1,jsonb,6,0.048,0.092,,1,Bitmap Heap Scan,Bitmap Heap Scan on T [Bitmap Index Scan using T_i2_gin_jsonb_ops],50,12,50,12,,24,0,0,,0,1,17,False,"{""enable_seqscan"": ""off"", ""jit"": ""off"", ""max_parallel_workers_per_gather"": ""0""}",measure,T_i2_gin_jsonb_ops,12,0,0
I-2,forced,2,C1,jsonb,7,0.053,0.098,,1,Bitmap Heap Scan,Bitmap Heap Scan on T [Bitmap Index Scan using T_i2_gin_jsonb_ops],50,12,50,12,,24,0,0,,0,1,17,False,"{""enable_seqscan"": ""off"", ""jit"": ""off"", ""max_parallel_workers_per_gather"": ""0""}",measure,T_i2_gin_jsonb_ops,12,0,0
I-2,forced,2,C1,jsonb,8,0.05,0.094,,1,Bitmap Heap Scan,Bitmap Heap Scan on T [Bitmap Index Scan using T_i2_gin_jsonb_ops],50,12,50,12,,24,0,0,,0,1,17,False,"{""enable_seqscan"": ""off"", ""jit"": ""off"", ""max_parallel_workers_per_gather"": ""0""}",measure,T_i2_gin_jsonb_ops,12,0,0
I-2,forced,2,C1,jsonb,9,0.046,0.089,,1,Bitmap Heap Scan,Bitmap Heap Scan on T [Bitmap Index Scan using T_i2_gin_jsonb_ops],50,12,50,12,,24,0,0,,0,1,17,False,"{""enable_seqscan"": ""off"", ""jit"": ""off"", ""max_parallel_workers_per_gather"": ""0""}",measure,T_i2_gin_jsonb_ops,12,0,0
I-2,forced,2,C1,jsonb,10,0.046,0.088,,1,Bitmap Heap Scan,Bitmap Heap Scan on T [Bitmap Index Scan using T_i2_gin_jsonb_ops],50,12,50,12,,24,0,0,,0,1,17,False,"{""enable_seqscan"": ""off"", ""jit"": ""off"", ""max_parallel_workers_per_gather"": ""0""}",measure,T_i2_gin_jsonb_ops,12,0,0
I-2,forced,2,C1,jsonb,11,0.046,0.143,,1,Bitmap Heap Scan,Bitmap Heap Scan on T [Bitmap Index Scan using T_i2_gin_jsonb_ops],50,12,50,12,,24,0,0,,0,1,17,False,"{""enable_seqscan"": ""off"", ""jit"": ""off"", ""max_parallel_workers_per_gather"": ""0""}",measure,T_i2_gin_jsonb_ops,12,0,0
I-2,forced,2,C1,jsonb,12,0.045,0.086,,1,Bitmap Heap Scan,Bitmap Heap Scan on T [Bitmap Index Scan using T_i2_gin_jsonb_ops],50,12,50,12,,24,0,0,,0,1,17,False,"{""enable_seqscan"": ""off"", ""jit"": ""off"", ""max_parallel_workers_per_gather"": ""0""}",measure,T_i2_gin_jsonb_ops,12,0,0
I-2,forced,2,C1,jsonb,13,0.045,0.085,,1,Bitmap Heap Scan,Bitmap Heap Scan on T [Bitmap Index Scan using T_i2_gin_jsonb_ops],50,12,50,12,,24,0,0,,0,1,17,False,"{""enable_seqscan"": ""off"", ""jit"": ""off"", ""max_parallel_workers_per_gather"": ""0""}",measure,T_i2_gin_jsonb_ops,12,0,0
I-2,forced,2,C1,jsonb,14,0.044,0.083,,1,Bitmap Heap Scan,Bitmap Heap Scan on T [Bitmap Index Scan using T_i2_gin_jsonb_ops],50,12,50,12,,24,0,0,,0,1,17,False,"{""enable_seqscan"": ""off"", ""jit"": ""off"", ""max_parallel_workers_per_gather"": ""0""}",measure,T_i2_gin_jsonb_ops,12,0,0
I-2,forced,2,C1,jsonb,15,0.043,0.083,,1,Bitmap Heap Scan,Bitmap Heap Scan on T [Bitmap Index Scan using T_i2_gin_jsonb_ops],50,12,50,12,,24,0,0,,0,1,17,False,"{""enable_seqscan"": ""off"", ""jit"": ""off"", ""max_parallel_workers_per_gather"": ""0""}",measure,T_i2_gin_jsonb_ops,12,0,0
I-2,forced,2,C1,jsonb,1,0.043,0.084,0.002,1,Bitmap Heap Scan,Bitmap Heap Scan on T [Bitmap Index Scan using T_i2_gin_jsonb_ops],50,12,50,12,,24,0,0,,0,1,17,False,"{""enable_seqscan"": ""off"", ""jit"": ""off"", ""max_parallel_workers_per_gather"": ""0""}",detail,T_i2_gin_jsonb_ops,12,0,0
I-2,forced,2,C1b,jsonb,1,0.044,0.228,,1,Bitmap Heap Scan,Bitmap Heap Scan on T [Bitmap Index Scan using T_i2_gin_jsonb_ops],50,30,50,30,,47,0,0,,0,1,17,False,"{""enable_seqscan"": ""off"", ""jit"": ""off"", ""max_parallel_workers_per_gather"": ""0""}",warmup,T_i2_gin_jsonb_ops,31,0,1
I-2,forced,2,C1b,jsonb,2,0.045,0.2,,1,Bitmap Heap Scan,Bitmap Heap Scan on T [Bitmap Index Scan using T_i2_gin_jsonb_ops],50,30,50,30,,47,0,0,,0,1,17,False,"{""enable_seqscan"": ""off"", ""jit"": ""off"", ""max_parallel_workers_per_gather"": ""0""}",warmup,T_i2_gin_jsonb_ops,31,0,1
I-2,forced,2,C1b,jsonb,3,0.057,0.222,,1,Bitmap Heap Scan,Bitmap Heap Scan on T [Bitmap Index Scan using T_i2_gin_jsonb_ops],50,30,50,30,,47,0,0,,0,1,17,False,"{""enable_seqscan"": ""off"", ""jit"": ""off"", ""max_parallel_workers_per_gather"": ""0""}",warmup,T_i2_gin_jsonb_ops,31,0,1
I-2,forced,2,C1b,jsonb,1,0.043,0.189,,1,Bitmap Heap Scan,Bitmap Heap Scan on T [Bitmap Index Scan using T_i2_gin_jsonb_ops],50,30,50,30,,47,0,0,,0,1,17,False,"{""enable_seqscan"": ""off"", ""jit"": ""off"", ""max_parallel_workers_per_gather"": ""0""}",measure,T_i2_gin_jsonb_ops,31,0,1
I-2,forced,2,C1b,jsonb,2,0.042,0.198,,1,Bitmap Heap Scan,Bitmap Heap Scan on T [Bitmap Index Scan using T_i2_gin_jsonb_ops],50,30,50,30,,47,0,0,,0,1,17,False,"{""enable_seqscan"": ""off"", ""jit"": ""off"", ""max_parallel_workers_per_gather"": ""0""}",measure,T_i2_gin_jsonb_ops,31,0,1
I-2,forced,2,C1b,jsonb,3,0.042,0.189,,1,Bitmap Heap Scan,Bitmap Heap Scan on T [Bitmap Index Scan using T_i2_gin_jsonb_ops],50,30,50,30,,47,0,0,,0,1,17,False,"{""enable_seqscan"": ""off"", ""jit"": ""off"", ""max_parallel_workers_per_gather"": ""0""}",measure,T_i2_gin_jsonb_ops,31,0,1
I-2,forced,2,C1b,jsonb,4,0.075,0.191,,1,Bitmap Heap Scan,Bitmap Heap Scan on T [Bitmap Index Scan using T_i2_gin_jsonb_ops],50,30,50,30,,47,0,0,,0,1,17,False,"{""enable_seqscan"": ""off"", ""jit"": ""off"", ""max_parallel_workers_per_gather"": ""0""}",measure,T_i2_gin_jsonb_ops,31,0,1
I-2,forced,2,C1b,jsonb,5,0.042,0.185,,1,Bitmap Heap Scan,Bitmap Heap Scan on T [Bitmap Index Scan using T_i2_gin_jsonb_ops],50,30,50,30,,47,0,0,,0,1,17,False,"{""enable_seqscan"": ""off"", ""jit"": ""off"", ""max_parallel_workers_per_gather"": ""0""}",measure,T_i2_gin_jsonb_ops,31,0,1
I-2,forced,2,C1b,jsonb,6,0.041,0.185,,1,Bitmap Heap Scan,Bitmap Heap Scan on T [Bitmap Index Scan using T_i2_gin_jsonb_ops],50,30,50,30,,47,0,0,,0,1,17,False,"{""enable_seqscan"": ""off"", ""jit"": ""off"", ""max_parallel_workers_per_gather"": ""0""}",measure,T_i2_gin_jsonb_ops,31,0,1
I-2,forced,2,C1b,jsonb,7,0.091,0.354,,1,Bitmap Heap Scan,Bitmap Heap Scan on T [Bitmap Index Scan using T_i2_gin_jsonb_ops],50,30,50,30,,47,0,0,,0,1,17,False,"{""enable_seqscan"": ""off"", ""jit"": ""off"", ""max_parallel_workers_per_gather"": ""0""}",measure,T_i2_gin_jsonb_ops,31,0,1
I-2,forced,2,C1b,jsonb,8,0.042,0.185,,1,Bitmap Heap Scan,Bitmap Heap Scan on T [Bitmap Index Scan using T_i2_gin_jsonb_ops],50,30,50,30,,47,0,0,,0,1,17,False,"{""enable_seqscan"": ""off"", ""jit"": ""off"", ""max_parallel_workers_per_gather"": ""0""}",measure,T_i2_gin_jsonb_ops,31,0,1
I-2,forced,2,C1b,jsonb,9,0.042,0.185,,1,Bitmap Heap Scan,Bitmap Heap Scan on T [Bitmap Index Scan using T_i2_gin_jsonb_ops],50,30,50,30,,47,0,0,,0,1,17,False,"{""enable_seqscan"": ""off"", ""jit"": ""off"", ""max_parallel_workers_per_gather"": ""0""}",measure,T_i2_gin_jsonb_ops,31,0,1
I-2,forced,2,C1b,jsonb,10,0.042,0.185,,1,Bitmap Heap Scan,Bitmap Heap Scan on T [Bitmap Index Scan using T_i2_gin_jsonb_ops],50,30,50,30,,47,0,0,,0,1,17,False,"{""enable_seqscan"": ""off"", ""jit"": ""off"", ""max_parallel_workers_per_gather"": ""0""}",measure,T_i2_gin_jsonb_ops,31,0,1
I-2,forced,2,C1b,jsonb,11,0.041,0.192,,1,Bitmap Heap Scan,Bitmap Heap Scan on T [Bitmap Index Scan using T_i2_gin_jsonb_ops],50,30,50,30,,47,0,0,,0,1,17,False,"{""enable_seqscan"": ""off"", ""jit"": ""off"", ""max_parallel_workers_per_gather"": ""0""}",measure,T_i2_gin_jsonb_ops,31,0,1
I-2,forced,2,C1b,jsonb,12,0.041,0.185,,1,Bitmap Heap Scan,Bitmap Heap Scan on T [Bitmap Index Scan using T_i2_gin_jsonb_ops],50,30,50,30,,47,0,0,,0,1,17,False,"{""enable_seqscan"": ""off"", ""jit"": ""off"", ""max_parallel_workers_per_gather"": ""0""}",measure,T_i2_gin_jsonb_ops,31,0,1
I-2,forced,2,C1b,jsonb,13,0.041,0.184,,1,Bitmap Heap Scan,Bitmap Heap Scan on T [Bitmap Index Scan using T_i2_gin_jsonb_ops],50,30,50,30,,47,0,0,,0,1,17,False,"{""enable_seqscan"": ""off"", ""jit"": ""off"", ""max_parallel_workers_per_gather"": ""0""}",measure,T_i2_gin_jsonb_ops,31,0,1
I-2,forced,2,C1b,jsonb,14,0.041,0.2,,1,Bitmap Heap Scan,Bitmap Heap Scan on T [Bitmap Index Scan using T_i2_gin_jsonb_ops],50,30,50,30,,47,0,0,,0,1,17,False,"{""enable_seqscan"": ""off"", ""jit"": ""off"", ""max_parallel_workers_per_gather"": ""0""}",measure,T_i2_gin_jsonb_ops,31,0,1
I-2,forced,2,C1b,jsonb,15,0.042,0.243,,1,Bitmap Heap Scan,Bitmap Heap Scan on T [Bitmap Index Scan using T_i2_gin_jsonb_ops],50,30,50,30,,47,0,0,,0,1,17,False,"{""enable_seqscan"": ""off"", ""jit"": ""off"", ""max_parallel_workers_per_gather"": ""0""}",measure,T_i2_gin_jsonb_ops,31,0,1
I-2,forced,2,C1b,jsonb,1,0.042,0.19,0.002,1,Bitmap Heap Scan,Bitmap Heap Scan on T [Bitmap Index Scan using T_i2_gin_jsonb_ops],50,30,50,30,,47,0,0,,0,1,17,False,"{""enable_seqscan"": ""off"", ""jit"": ""off"", ""max_parallel_workers_per_gather"": ""0""}",detail,T_i2_gin_jsonb_ops,31,0,1
I-2,forced,2,C1c,jsonb,1,0.042,0.072,,1,Bitmap Heap Scan,Bitmap Heap Scan on T [Bitmap Index Scan using T_i2_gin_jsonb_ops],50,3,50,3,,15,0,0,,0,1,17,False,"{""enable_seqscan"": ""off"", ""jit"": ""off"", ""max_parallel_workers_per_gather"": ""0""}",warmup,T_i2_gin_jsonb_ops,3,0,0
I-2,forced,2,C1c,jsonb,2,0.041,0.07,,1,Bitmap Heap Scan,Bitmap Heap Scan on T [Bitmap Index Scan using T_i2_gin_jsonb_ops],50,3,50,3,,15,0,0,,0,1,17,False,"{""enable_seqscan"": ""off"", ""jit"": ""off"", ""max_parallel_workers_per_gather"": ""0""}",warmup,T_i2_gin_jsonb_ops,3,0,0
I-2,forced,2,C1c,jsonb,3,0.041,0.069,,1,Bitmap Heap Scan,Bitmap Heap Scan on T [Bitmap Index Scan using T_i2_gin_jsonb_ops],50,3,50,3,,15,0,0,,0,1,17,False,"{""enable_seqscan"": ""off"", ""jit"": ""off"", ""max_parallel_workers_per_gather"": ""0""}",warmup,T_i2_gin_jsonb_ops,3,0,0
I-2,forced,2,C1c,jsonb,1,0.06,0.074,,1,Bitmap Heap Scan,Bitmap Heap Scan on T [Bitmap Index Scan using T_i2_gin_jsonb_ops],50,3,50,3,,15,0,0,,0,1,17,False,"{""enable_seqscan"": ""off"", ""jit"": ""off"", ""max_parallel_workers_per_gather"": ""0""}",measure,T_i2_gin_jsonb_ops,3,0,0
I-2,forced,2,C1c,jsonb,2,0.042,0.071,,1,Bitmap Heap Scan,Bitmap Heap Scan on T [Bitmap Index Scan using T_i2_gin_jsonb_ops],50,3,50,3,,15,0,0,,0,1,17,False,"{""enable_seqscan"": ""off"", ""jit"": ""off"", ""max_parallel_workers_per_gather"": ""0""}",measure,T_i2_gin_jsonb_ops,3,0,0
I-2,forced,2,C1c,jsonb,3,0.041,0.07,,1,Bitmap Heap Scan,Bitmap Heap Scan on T [Bitmap Index Scan using T_i2_gin_jsonb_ops],50,3,50,3,,15,0,0,,0,1,17,False,"{""enable_seqscan"": ""off"", ""jit"": ""off"", ""max_parallel_workers_per_gather"": ""0""}",measure,T_i2_gin_jsonb_ops,3,0,0
I-2,forced,2,C1c,jsonb,4,0.041,0.069,,1,Bitmap Heap Scan,Bitmap Heap Scan on T [Bitmap Index Scan using T_i2_gin_jsonb_ops],50,3,50,3,,15,0,0,,0,1,17,False,"{""enable_seqscan"": ""off"", ""jit"": ""off"", ""max_parallel_workers_per_gather"": ""0""}",measure,T_i2_gin_jsonb_ops,3,0,0
I-2,forced,2,C1c,jsonb,5,0.04,0.069,,1,Bitmap Heap Scan,Bitmap Heap Scan on T [Bitmap Index Scan using T_i2_gin_jsonb_ops],50,3,50,3,,15,0,0,,0,1,17,False,"{""enable_seqscan"": ""off"", ""jit"": ""off"", ""max_parallel_workers_per_gather"": ""0""}",measure,T_i2_gin_jsonb_ops,3,0,0
I-2,forced,2,C1c,jsonb,6,0.041,0.071,,1,Bitmap Heap Scan,Bitmap Heap Scan on T [Bitmap Index Scan using T_i2_gin_jsonb_ops],50,3,50,3,,15,0,0,,0,1,17,False,"{""enable_seqscan"": ""off"", ""jit"": ""off"", ""max_parallel_workers_per_gather"": ""0""}",measure,T_i2_gin_jsonb_ops,3,0,0
I-2,forced,2,C1c,jsonb,7,0.042,0.071,,1,Bitmap Heap Scan,Bitmap Heap Scan on T [Bitmap Index Scan using T_i2_gin_jsonb_ops],50,3,50,3,,15,0,0,,0,1,17,False,"{""enable_seqscan"": ""off"", ""jit"": ""off"", ""max_parallel_workers_per_gather"": ""0""}",measure,T_i2_gin_jsonb_ops,3,0,0
I-2,forced,2,C1c,jsonb,8,0.041,0.071,,1,Bitmap Heap Scan,Bitmap Heap Scan on T [Bitmap Index Scan using T_i2_gin_jsonb_ops],50,3,50,3,,15,0,0,,0,1,17,False,"{""enable_seqscan"": ""off"", ""jit"": ""off"", ""max_parallel_workers_per_gather"": ""0""}",measure,T_i2_gin_jsonb_ops,3,0,0
I-2,forced,2,C1c,jsonb,9,0.042,0.071,,1,Bitmap Heap Scan,Bitmap Heap Scan on T [Bitmap Index Scan using T_i2_gin_jsonb_ops],50,3,50,3,,15,0,0,,0,1,17,False,"{""enable_seqscan"": ""off"", ""jit"": ""off"", ""max_parallel_workers_per_gather"": ""0""}",measure,T_i2_gin_jsonb_ops,3,0,0
I-2,forced,2,C1c,jsonb,10,0.042,0.071,,1,Bitmap Heap Scan,Bitmap Heap Scan on T [Bitmap Index Scan using T_i2_gin_jsonb_ops],50,3,50,3,,15,0,0,,0,1,17,False,"{""enable_seqscan"": ""off"", ""jit"": ""off"", ""max_parallel_workers_per_gather"": ""0""}",measure,T_i2_gin_jsonb_ops,3,0,0
I-2,forced,2,C1c,jsonb,11,0.042,0.071,,1,Bitmap Heap Scan,Bitmap Heap Scan on T [Bitmap Index Scan using T_i2_gin_jsonb_ops],50,3,50,3,,15,0,0,,0,1,17,False,"{""enable_seqscan"": ""off"", ""jit"": ""off"", ""max_parallel_workers_per_gather"": ""0""}",measure,T_i2_gin_jsonb_ops,3,0,0
I-2,forced,2,C1c,jsonb,12,0.057,0.072,,1,Bitmap Heap Scan,Bitmap Heap Scan on T [Bitmap Index Scan using T_i2_gin_jsonb_ops],50,3,50,3,,15,0,0,,0,1,17,False,"{""enable_seqscan"": ""off"", ""jit"": ""off"", ""max_parallel_workers_per_gather"": ""0""}",measure,T_i2_gin_jsonb_ops,3,0,0
I-2,forced,2,C1c,jsonb,13,0.043,0.072,,1,Bitmap Heap Scan,Bitmap Heap Scan on T [Bitmap Index Scan using T_i2_gin_jsonb_ops],50,3,50,3,,15,0,0,,0,1,17,False,"{""enable_seqscan"": ""off"", ""jit"": ""off"", ""max_parallel_workers_per_gather"": ""0""}",measure,T_i2_gin_jsonb_ops,3,0,0
I-2,forced,2,C1c,jsonb,14,0.043,0.073,,1,Bitmap Heap Scan,Bitmap Heap Scan on T [Bitmap Index Scan using T_i2_gin_jsonb_ops],50,3,50,3,,15,0,0,,0,1,17,False,"{""enable_seqscan"": ""off"", ""jit"": ""off"", ""max_parallel_workers_per_gather"": ""0""}",measure,T_i2_gin_jsonb_ops,3,0,0
I-2,forced,2,C1c,jsonb,15,0.041,0.07,,1,Bitmap Heap Scan,Bitmap Heap Scan on T [Bitmap Index Scan using T_i2_gin_jsonb_ops],50,3,50,3,,15,0,0,,0,1,17,False,"{""enable_seqscan"": ""off"", ""jit"": ""off"", ""max_parallel_workers_per_gather"": ""0""}",measure,T_i2_gin_jsonb_ops,3,0,0
I-2,forced,2,C1c,jsonb,1,0.041,0.071,0.001,1,Bitmap Heap Scan,Bitmap Heap Scan on T [Bitmap Index Scan using T_i2_gin_jsonb_ops],50,3,50,3,,15,0,0,,0,1,17,False,"{""enable_seqscan"": ""off"", ""jit"": ""off"", ""max_parallel_workers_per_gather"": ""0""}",detail,T_i2_gin_jsonb_ops,3,0,0
I-2,forced,2,C1d,jsonb,1,0.086,0.713,,3,Bitmap Heap Scan,Bitmap Heap Scan on T [Bitmap Index Scan using T_i2_gin_jsonb_ops],50,225,50,225,,214,0,0,,0,1,17,False,"{""enable_seqscan"": ""off"", ""jit"": ""off"", ""max_parallel_workers_per_gather"": ""0""}",warmup,T_i2_gin_jsonb_ops,198,0,0
I-2,forced,2,C1d,jsonb,2,0.045,0.643,,3,Bitmap Heap Scan,Bitmap Heap Scan on T [Bitmap Index Scan using T_i2_gin_jsonb_ops],50,225,50,225,,214,0,0,,0,1,17,False,"{""enable_seqscan"": ""off"", ""jit"": ""off"", ""max_parallel_workers_per_gather"": ""0""}",warmup,T_i2_gin_jsonb_ops,198,0,0
I-2,forced,2,C1d,jsonb,3,0.046,0.667,,3,Bitmap Heap Scan,Bitmap Heap Scan on T [Bitmap Index Scan using T_i2_gin_jsonb_ops],50,225,50,225,,214,0,0,,0,1,17,False,"{""enable_seqscan"": ""off"", ""jit"": ""off"", ""max_parallel_workers_per_gather"": ""0""}",warmup,T_i2_gin_jsonb_ops,198,0,0
I-2,forced,2,C1d,jsonb,1,0.045,0.647,,3,Bitmap Heap Scan,Bitmap Heap Scan on T [Bitmap Index Scan using T_i2_gin_jsonb_ops],50,225,50,225,,214,0,0,,0,1,17,False,"{""enable_seqscan"": ""off"", ""jit"": ""off"", ""max_parallel_workers_per_gather"": ""0""}",measure,T_i2_gin_jsonb_ops,198,0,0
I-2,forced,2,C1d,jsonb,2,0.042,0.613,,3,Bitmap Heap Scan,Bitmap Heap Scan on T [Bitmap Index Scan using T_i2_gin_jsonb_ops],50,225,50,225,,214,0,0,,0,1,17,False,"{""enable_seqscan"": ""off"", ""jit"": ""off"", ""max_parallel_workers_per_gather"": ""0""}",measure,T_i2_gin_jsonb_ops,198,0,0
I-2,forced,2,C1d,jsonb,3,0.041,0.635,,3,Bitmap Heap Scan,Bitmap Heap Scan on T [Bitmap Index Scan using T_i2_gin_jsonb_ops],50,225,50,225,,214,0,0,,0,1,17,False,"{""enable_seqscan"": ""off"", ""jit"": ""off"", ""max_parallel_workers_per_gather"": ""0""}",measure,T_i2_gin_jsonb_ops,198,0,0
I-2,forced,2,C1d,jsonb,4,0.078,0.634,,3,Bitmap Heap Scan,Bitmap Heap Scan on T [Bitmap Index Scan using T_i2_gin_jsonb_ops],50,225,50,225,,214,0,0,,0,1,17,False,"{""enable_seqscan"": ""off"", ""jit"": ""off"", ""max_parallel_workers_per_gather"": ""0""}",measure,T_i2_gin_jsonb_ops,198,0,0
I-2,forced,2,C1d,jsonb,5,0.042,0.627,,3,Bitmap Heap Scan,Bitmap Heap Scan on T [Bitmap Index Scan using T_i2_gin_jsonb_ops],50,225,50,225,,214,0,0,,0,1,17,False,"{""enable_seqscan"": ""off"", ""jit"": ""off"", ""max_parallel_workers_per_gather"": ""0""}",measure,T_i2_gin_jsonb_ops,198,0,0
I-2,forced,2,C1d,jsonb,6,0.042,0.597,,3,Bitmap Heap Scan,Bitmap Heap Scan on T [Bitmap Index Scan using T_i2_gin_jsonb_ops],50,225,50,225,,214,0,0,,0,1,17,False,"{""enable_seqscan"": ""off"", ""jit"": ""off"", ""max_parallel_workers_per_gather"": ""0""}",measure,T_i2_gin_jsonb_ops,198,0,0
I-2,forced,2,C1d,jsonb,7,0.041,0.658,,3,Bitmap Heap Scan,Bitmap Heap Scan on T [Bitmap Index Scan using T_i2_gin_jsonb_ops],50,225,50,225,,214,0,0,,0,1,17,False,"{""enable_seqscan"": ""off"", ""jit"": ""off"", ""max_parallel_workers_per_gather"": ""0""}",measure,T_i2_gin_jsonb_ops,198,0,0
I-2,forced,2,C1d,jsonb,8,0.042,0.6,,3,Bitmap Heap Scan,Bitmap Heap Scan on T [Bitmap Index Scan using T_i2_gin_jsonb_ops],50,225,50,225,,214,0,0,,0,1,17,False,"{""enable_seqscan"": ""off"", ""jit"": ""off"", ""max_parallel_workers_per_gather"": ""0""}",measure,T_i2_gin_jsonb_ops,198,0,0
I-2,forced,2,C1d,jsonb,9,0.041,0.591,,3,Bitmap Heap Scan,Bitmap Heap Scan on T [Bitmap Index Scan using T_i2_gin_jsonb_ops],50,225,50,225,,214,0,0,,0,1,17,False,"{""enable_seqscan"": ""off"", ""jit"": ""off"", ""max_parallel_workers_per_gather"": ""0""}",measure,T_i2_gin_jsonb_ops,198,0,0
I-2,forced,2,C1d,jsonb,10,0.041,0.591,,3,Bitmap Heap Scan,Bitmap Heap Scan on T [Bitmap Index Scan using T_i2_gin_jsonb_ops],50,225,50,225,,214,0,0,,0,1,17,False,"{""enable_seqscan"": ""off"", ""jit"": ""off"", ""max_parallel_workers_per_gather"": ""0""}",measure,T_i2_gin_jsonb_ops,198,0,0
I-2,forced,2,C1d,jsonb,11,0.041,0.591,,3,Bitmap Heap Scan,Bitmap Heap Scan on T [Bitmap Index Scan using T_i2_gin_jsonb_ops],50,225,50,225,,214,0,0,,0,1,17,False,"{""enable_seqscan"": ""off"", ""jit"": ""off"", ""max_parallel_workers_per_gather"": ""0""}",measure,T_i2_gin_jsonb_ops,198,0,0
I-2,forced,2,C1d,jsonb,12,0.041,0.589,,3,Bitmap Heap Scan,Bitmap Heap Scan on T [Bitmap Index Scan using T_i2_gin_jsonb_ops],50,225,50,225,,214,0,0,,0,1,17,False,"{""enable_seqscan"": ""off"", ""jit"": ""off"", ""max_parallel_workers_per_gather"": ""0""}",measure,T_i2_gin_jsonb_ops,198,0,0
I-2,forced,2,C1d,jsonb,13,0.041,0.598,,3,Bitmap Heap Scan,Bitmap Heap Scan on T [Bitmap Index Scan using T_i2_gin_jsonb_ops],50,225,50,225,,214,0,0,,0,1,17,False,"{""enable_seqscan"": ""off"", ""jit"": ""off"", ""max_parallel_workers_per_gather"": ""0""}",measure,T_i2_gin_jsonb_ops,198,0,0
I-2,forced,2,C1d,jsonb,14,0.041,0.629,,3,Bitmap Heap Scan,Bitmap Heap Scan on T [Bitmap Index Scan using T_i2_gin_jsonb_ops],50,225,50,225,,214,0,0,,0,1,17,False,"{""enable_seqscan"": ""off"", ""jit"": ""off"", ""max_parallel_workers_per_gather"": ""0""}",measure,T_i2_gin_jsonb_ops,198,0,0
I-2,forced,2,C1d,jsonb,15,0.041,0.599,,3,Bitmap Heap Scan,Bitmap Heap Scan on T [Bitmap Index Scan using T_i2_gin_jsonb_ops],50,225,50,225,,214,0,0,,0,1,17,False,"{""enable_seqscan"": ""off"", ""jit"": ""off"", ""max_parallel_workers_per_gather"": ""0""}",measure,T_i2_gin_jsonb_ops,198,0,0
I-2,forced,2,C1d,jsonb,1,0.08,0.699,0.013,3,Bitmap Heap Scan,Bitmap Heap Scan on T [Bitmap Index Scan using T_i2_gin_jsonb_ops],50,225,50,225,,214,0,0,,0,1,17,False,"{""enable_seqscan"": ""off"", ""jit"": ""off"", ""max_parallel_workers_per_gather"": ""0""}",detail,T_i2_gin_jsonb_ops,198,0,0
I-2,forced,2,C2,jsonb,1,0.037,10.501,,1,Seq Scan,Seq Scan on T,50,3,50,3,4997,981,0,0,,0,0,16,False,"{""enable_seqscan"": ""off"", ""jit"": ""off"", ""max_parallel_workers_per_gather"": ""0""}",warmup,-,,,
I-2,forced,2,C2,jsonb,2,0.05,12.09,,1,Seq Scan,Seq Scan on T,50,3,50,3,4997,981,0,0,,0,0,16,False,"{""enable_seqscan"": ""off"", ""jit"": ""off"", ""max_parallel_workers_per_gather"": ""0""}",warmup,-,,,
I-2,forced,2,C2,jsonb,3,0.069,12.431,,1,Seq Scan,Seq Scan on T,50,3,50,3,4997,981,0,0,,0,0,16,False,"{""enable_seqscan"": ""off"", ""jit"": ""off"", ""max_parallel_workers_per_gather"": ""0""}",warmup,-,,,
I-2,forced,2,C2,jsonb,1,0.105,11.938,,1,Seq Scan,Seq Scan on T,50,3,50,3,4997,981,0,0,,0,0,16,False,"{""enable_seqscan"": ""off"", ""jit"": ""off"", ""max_parallel_workers_per_gather"": ""0""}",measure,-,,,
I-2,forced,2,C2,jsonb,2,0.054,10.742,,1,Seq Scan,Seq Scan on T,50,3,50,3,4997,981,0,0,,0,0,16,False,"{""enable_seqscan"": ""off"", ""jit"": ""off"", ""max_parallel_workers_per_gather"": ""0""}",measure,-,,,
I-2,forced,2,C2,jsonb,3,0.046,9.88,,1,Seq Scan,Seq Scan on T,50,3,50,3,4997,981,0,0,,0,0,16,False,"{""enable_seqscan"": ""off"", ""jit"": ""off"", ""max_parallel_workers_per_gather"": ""0""}",measure,-,,,
I-2,forced,2,C2,jsonb,4,0.061,10.905,,1,Seq Scan,Seq Scan on T,50,3,50,3,4997,981,0,0,,0,0,16,False,"{""enable_seqscan"": ""off"", ""jit"": ""off"", ""max_parallel_workers_per_gather"": ""0""}",measure,-,,,
I-2,forced,2,C2,jsonb,5,0.047,11.541,,1,Seq Scan,Seq Scan on T,50,3,50,3,4997,981,0,0,,0,0,16,False,"{""enable_seqscan"": ""off"", ""jit"": ""off"", ""max_parallel_workers_per_gather"": ""0""}",measure,-,,,
I-2,forced,2,C2,jsonb,6,0.054,11.2,,1,Seq Scan,Seq Scan on T,50,3,50,3,4997,981,0,0,,0,0,16,False,"{""enable_seqscan"": ""off"", ""jit"": ""off"", ""max_parallel_workers_per_gather"": ""0""}",measure,-,,,
I-2,forced,2,C2,jsonb,7,0.049,10.473,,1,Seq Scan,Seq Scan on T,50,3,50,3,4997,981,0,0,,0,0,16,False,"{""enable_seqscan"": ""off"", ""jit"": ""off"", ""max_parallel_workers_per_gather"": ""0""}",measure,-,,,
I-2,forced,2,C2,jsonb,8,0.048,10.267,,1,Seq Scan,Seq Scan on T,50,3,50,3,4997,981,0,0,,0,0,16,False,"{""enable_seqscan"": ""off"", ""jit"": ""off"", ""max_parallel_workers_per_gather"": ""0""}",measure,-,,,
I-2,forced,2,C2,jsonb,9,0.045,10.396,,1,Seq Scan,Seq Scan on T,50,3,50,3,4997,981,0,0,,0,0,16,False,"{""enable_seqscan"": ""off"", ""jit"": ""off"", ""max_parallel_workers_per_gather"": ""0""}",measure,-,,,
I-2,forced,2,C2,jsonb,10,0.05,10.472,,1,Seq Scan,Seq Scan on T,50,3,50,3,4997,981,0,0,,0,0,16,False,"{""enable_seqscan"": ""off"", ""jit"": ""off"", ""max_parallel_workers_per_gather"": ""0""}",measure,-,,,
I-2,forced,2,C2,jsonb,11,0.045,10.409,,1,Seq Scan,Seq Scan on T,50,3,50,3,4997,981,0,0,,0,0,16,False,"{""enable_seqscan"": ""off"", ""jit"": ""off"", ""max_parallel_workers_per_gather"": ""0""}",measure,-,,,
I-2,forced,2,C2,jsonb,12,0.047,12.467,,1,Seq Scan,Seq Scan on T,50,3,50,3,4997,981,0,0,,0,0,16,False,"{""enable_seqscan"": ""off"", ""jit"": ""off"", ""max_parallel_workers_per_gather"": ""0""}",measure,-,,,
I-2,forced,2,C2,jsonb,13,0.129,14.885,,1,Seq Scan,Seq Scan on T,50,3,50,3,4997,981,0,0,,0,0,16,False,"{""enable_seqscan"": ""off"", ""jit"": ""off"", ""max_parallel_workers_per_gather"": ""0""}",measure,-,,,
I-2,forced,2,C2,jsonb,14,0.079,12.041,,1,Seq Scan,Seq Scan on T,50,3,50,3,4997,981,0,0,,0,0,16,False,"{""enable_seqscan"": ""off"", ""jit"": ""off"", ""max_parallel_workers_per_gather"": ""0""}",measure,-,,,
I-2,forced,2,C2,jsonb,15,0.095,14.283,,1,Seq Scan,Seq Scan on T,50,3,50,3,4997,981,0,0,,0,0,16,False,"{""enable_seqscan"": ""off"", ""jit"": ""off"", ""max_parallel_workers_per_gather"": ""0""}",measure,-,,,
I-2,forced,2,C2,jsonb,1,0.114,13.488,0.006,1,Seq Scan,Seq Scan on T,50,3,50,3,4997,981,0,0,,0,0,16,False,"{""enable_seqscan"": ""off"", ""jit"": ""off"", ""max_parallel_workers_per_gather"": ""0""}",detail,-,,,
I-2,forced,2,C3,jsonb,1,0.12,0.318,,1,Bitmap Heap Scan,Bitmap Heap Scan on T [Bitmap Index Scan using T_i2_gin_jsonb_ops],50,30,50,30,,47,0,0,,0,1,18,False,"{""enable_seqscan"": ""off"", ""jit"": ""off"", ""max_parallel_workers_per_gather"": ""0""}",warmup,T_i2_gin_jsonb_ops,31,0,1
I-2,forced,2,C3,jsonb,2,0.071,0.289,,1,Bitmap Heap Scan,Bitmap Heap Scan on T [Bitmap Index Scan using T_i2_gin_jsonb_ops],50,30,50,30,,47,0,0,,0,1,18,False,"{""enable_seqscan"": ""off"", ""jit"": ""off"", ""max_parallel_workers_per_gather"": ""0""}",warmup,T_i2_gin_jsonb_ops,31,0,1
I-2,forced,2,C3,jsonb,3,0.071,0.265,,1,Bitmap Heap Scan,Bitmap Heap Scan on T [Bitmap Index Scan using T_i2_gin_jsonb_ops],50,30,50,30,,47,0,0,,0,1,18,False,"{""enable_seqscan"": ""off"", ""jit"": ""off"", ""max_parallel_workers_per_gather"": ""0""}",warmup,T_i2_gin_jsonb_ops,31,0,1
I-2,forced,2,C3,jsonb,1,0.058,0.277,,1,Bitmap Heap Scan,Bitmap Heap Scan on T [Bitmap Index Scan using T_i2_gin_jsonb_ops],50,30,50,30,,47,0,0,,0,1,18,False,"{""enable_seqscan"": ""off"", ""jit"": ""off"", ""max_parallel_workers_per_gather"": ""0""}",measure,T_i2_gin_jsonb_ops,31,0,1
I-2,forced,2,C3,jsonb,2,0.062,0.271,,1,Bitmap Heap Scan,Bitmap Heap Scan on T [Bitmap Index Scan using T_i2_gin_jsonb_ops],50,30,50,30,,47,0,0,,0,1,18,False,"{""enable_seqscan"": ""off"", ""jit"": ""off"", ""max_parallel_workers_per_gather"": ""0""}",measure,T_i2_gin_jsonb_ops,31,0,1
I-2,forced,2,C3,jsonb,3,0.06,0.264,,1,Bitmap Heap Scan,Bitmap Heap Scan on T [Bitmap Index Scan using T_i2_gin_jsonb_ops],50,30,50,30,,47,0,0,,0,1,18,False,"{""enable_seqscan"": ""off"", ""jit"": ""off"", ""max_parallel_workers_per_gather"": ""0""}",measure,T_i2_gin_jsonb_ops,31,0,1
I-2,forced,2,C3,jsonb,4,0.059,0.324,,1,Bitmap Heap Scan,Bitmap Heap Scan on T [Bitmap Index Scan using T_i2_gin_jsonb_ops],50,30,50,30,,47,0,0,,0,1,18,False,"{""enable_seqscan"": ""off"", ""jit"": ""off"", ""max_parallel_workers_per_gather"": ""0""}",measure,T_i2_gin_jsonb_ops,31,0,1
I-2,forced,2,C3,jsonb,5,0.06,0.263,,1,Bitmap Heap Scan,Bitmap Heap Scan on T [Bitmap Index Scan using T_i2_gin_jsonb_ops],50,30,50,30,,47,0,0,,0,1,18,False,"{""enable_seqscan"": ""off"", ""jit"": ""off"", ""max_parallel_workers_per_gather"": ""0""}",measure,T_i2_gin_jsonb_ops,31,0,1
I-2,forced,2,C3,jsonb,6,0.059,0.263,,1,Bitmap Heap Scan,Bitmap Heap Scan on T [Bitmap Index Scan using T_i2_gin_jsonb_ops],50,30,50,30,,47,0,0,,0,1,18,False,"{""enable_seqscan"": ""off"", ""jit"": ""off"", ""max_parallel_workers_per_gather"": ""0""}",measure,T_i2_gin_jsonb_ops,31,0,1
I-2,forced,2,C3,jsonb,7,0.059,0.306,,1,Bitmap Heap Scan,Bitmap Heap Scan on T [Bitmap Index Scan using T_i2_gin_jsonb_ops],50,30,50,30,,47,0,0,,0,1,18,False,"{""enable_seqscan"": ""off"", ""jit"": ""off"", ""max_parallel_workers_per_gather"": ""0""}",measure,T_i2_gin_jsonb_ops,31,0,1
I-2,forced,2,C3,jsonb,8,0.059,0.262,,1,Bitmap Heap Scan,Bitmap Heap Scan on T [Bitmap Index Scan using T_i2_gin_jsonb_ops],50,30,50,30,,47,0,0,,0,1,18,False,"{""enable_seqscan"": ""off"", ""jit"": ""off"", ""max_parallel_workers_per_gather"": ""0""}",measure,T_i2_gin_jsonb_ops,31,0,1
I-2,forced,2,C3,jsonb,9,0.06,0.262,,1,Bitmap Heap Scan,Bitmap Heap Scan on T [Bitmap Index Scan using T_i2_gin_jsonb_ops],50,30,50,30,,47,0,0,,0,1,18,False,"{""enable_seqscan"": ""off"", ""jit"": ""off"", ""max_parallel_workers_per_gather"": ""0""}",measure,T_i2_gin_jsonb_ops,31,0,1
I-2,forced,2,C3,jsonb,10,0.059,0.275,,1,Bitmap Heap Scan,Bitmap Heap Scan on T [Bitmap Index Scan using T_i2_gin_jsonb_ops],50,30,50,30,,47,0,0,,0,1,18,False,"{""enable_seqscan"": ""off"", ""jit"": ""off"", ""max_parallel_workers_per_gather"": ""0""}",measure,T_i2_gin_jsonb_ops,31,0,1
I-2,forced,2,C3,jsonb,11,0.052,0.232,,1,Bitmap Heap Scan,Bitmap Heap Scan on T [Bitmap Index Scan using T_i2_gin_jsonb_ops],50,30,50,30,,47,0,0,,0,1,18,False,"{""enable_seqscan"": ""off"", ""jit"": ""off"", ""max_parallel_workers_per_gather"": ""0""}",measure,T_i2_gin_jsonb_ops,31,0,1
I-2,forced,2,C3,jsonb,12,0.053,0.233,,1,Bitmap Heap Scan,Bitmap Heap Scan on T [Bitmap Index Scan using T_i2_gin_jsonb_ops],50,30,50,30,,47,0,0,,0,1,18,False,"{""enable_seqscan"": ""off"", ""jit"": ""off"", ""max_parallel_workers_per_gather"": ""0""}",measure,T_i2_gin_jsonb_ops,31,0,1
I-2,forced,2,C3,jsonb,13,0.059,0.245,,1,Bitmap Heap Scan,Bitmap Heap Scan on T [Bitmap Index Scan using T_i2_gin_jsonb_ops],50,30,50,30,,47,0,0,,0,1,18,False,"{""enable_seqscan"": ""off"", ""jit"": ""off"", ""max_parallel_workers_per_gather"": ""0""}",measure,T_i2_gin_jsonb_ops,31,0,1
I-2,forced,2,C3,jsonb,14,0.058,0.241,,1,Bitmap Heap Scan,Bitmap Heap Scan on T [Bitmap Index Scan using T_i2_gin_jsonb_ops],50,30,50,30,,47,0,0,,0,1,18,False,"{""enable_seqscan"": ""off"", ""jit"": ""off"", ""max_parallel_workers_per_gather"": ""0""}",measure,T_i2_gin_jsonb_ops,31,0,1
I-2,forced,2,C3,jsonb,15,0.06,0.246,,1,Bitmap Heap Scan,Bitmap Heap Scan on T [Bitmap Index Scan using T_i2_gin_jsonb_ops],50,30,50,30,,47,0,0,,0,1,18,False,"{""enable_seqscan"": ""off"", ""jit"": ""off"", ""max_parallel_workers_per_gather"": ""0""}",measure,T_i2_gin_jsonb_ops,31,0,1
I-2,forced,2,C3,jsonb,1,0.128,0.499,0.007,1,Bitmap Heap Scan,Bitmap Heap Scan on T [Bitmap Index Scan using T_i2_gin_jsonb_ops],50,30,50,30,,47,0,0,,0,1,18,False,"{""enable_seqscan"": ""off"", ""jit"": ""off"", ""max_parallel_workers_per_gather"": ""0""}",detail,T_i2_gin_jsonb_ops,31,0,1
I-2,forced,2,C3b,jsonb,1,0.169,0.193,,1,Bitmap Heap Scan,Bitmap Heap Scan on T [Bitmap Index Scan using T_i2_gin_jsonb_ops],50,12,50,12,,27,0,0,,0,1,18,False,"{""enable_seqscan"": ""off"", ""jit"": ""off"", ""max_parallel_workers_per_gather"": ""0""}",warmup,T_i2_gin_jsonb_ops,12,0,0
I-2,forced,2,C3b,jsonb,2,0.146,0.207,,1,Bitmap Heap Scan,Bitmap Heap Scan on T [Bitmap Index Scan using T_i2_gin_jsonb_ops],50,12,50,12,,27,0,0,,0,1,18,False,"{""enable_seqscan"": ""off"", ""jit"": ""off"", ""max_parallel_workers_per_gather"": ""0""}",warmup,T_i2_gin_jsonb_ops,12,0,0
I-2,forced,2,C3b,jsonb,3,0.126,0.12,,1,Bitmap Heap Scan,Bitmap Heap Scan on T [Bitmap Index Scan using T_i2_gin_jsonb_ops],50,12,50,12,,27,0,0,,0,1,18,False,"{""enable_seqscan"": ""off"", ""jit"": ""off"", ""max_parallel_workers_per_gather"": ""0""}",warmup,T_i2_gin_jsonb_ops,12,0,0
I-2,forced,2,C3b,jsonb,1,0.109,0.164,,1,Bitmap Heap Scan,Bitmap Heap Scan on T [Bitmap Index Scan using T_i2_gin_jsonb_ops],50,12,50,12,,27,0,0,,0,1,18,False,"{""enable_seqscan"": ""off"", ""jit"": ""off"", ""max_parallel_workers_per_gather"": ""0""}",measure,T_i2_gin_jsonb_ops,12,0,0
I-2,forced,2,C3b,jsonb,2,0.176,0.184,,1,Bitmap Heap Scan,Bitmap Heap Scan on T [Bitmap Index Scan using T_i2_gin_jsonb_ops],50,12,50,12,,27,0,0,,0,1,18,False,"{""enable_seqscan"": ""off"", ""jit"": ""off"", ""max_parallel_workers_per_gather"": ""0""}",measure,T_i2_gin_jsonb_ops,12,0,0
I-2,forced,2,C3b,jsonb,3,0.098,0.209,,1,Bitmap Heap Scan,Bitmap Heap Scan on T [Bitmap Index Scan using T_i2_gin_jsonb_ops],50,12,50,12,,27,0,0,,0,1,18,False,"{""enable_seqscan"": ""off"", ""jit"": ""off"", ""max_parallel_workers_per_gather"": ""0""}",measure,T_i2_gin_jsonb_ops,12,0,0
I-2,forced,2,C3b,jsonb,4,0.068,0.088,,1,Bitmap Heap Scan,Bitmap Heap Scan on T [Bitmap Index Scan using T_i2_gin_jsonb_ops],50,12,50,12,,27,0,0,,0,1,18,False,"{""enable_seqscan"": ""off"", ""jit"": ""off"", ""max_parallel_workers_per_gather"": ""0""}",measure,T_i2_gin_jsonb_ops,12,0,0
I-2,forced,2,C3b,jsonb,5,0.088,0.13,,1,Bitmap Heap Scan,Bitmap Heap Scan on T [Bitmap Index Scan using T_i2_gin_jsonb_ops],50,12,50,12,,27,0,0,,0,1,18,False,"{""enable_seqscan"": ""off"", ""jit"": ""off"", ""max_parallel_workers_per_gather"": ""0""}",measure,T_i2_gin_jsonb_ops,12,0,0
I-2,forced,2,C3b,jsonb,6,0.09,0.144,,1,Bitmap Heap Scan,Bitmap Heap Scan on T [Bitmap Index Scan using T_i2_gin_jsonb_ops],50,12,50,12,,27,0,0,,0,1,18,False,"{""enable_seqscan"": ""off"", ""jit"": ""off"", ""max_parallel_workers_per_gather"": ""0""}",measure,T_i2_gin_jsonb_ops,12,0,0
I-2,forced,2,C3b,jsonb,7,0.059,0.097,,1,Bitmap Heap Scan,Bitmap Heap Scan on T [Bitmap Index Scan using T_i2_gin_jsonb_ops],50,12,50,12,,27,0,0,,0,1,18,False,"{""enable_seqscan"": ""off"", ""jit"": ""off"", ""max_parallel_workers_per_gather"": ""0""}",measure,T_i2_gin_jsonb_ops,12,0,0
I-2,forced,2,C3b,jsonb,8,0.046,0.084,,1,Bitmap Heap Scan,Bitmap Heap Scan on T [Bitmap Index Scan using T_i2_gin_jsonb_ops],50,12,50,12,,27,0,0,,0,1,18,False,"{""enable_seqscan"": ""off"", ""jit"": ""off"", ""max_parallel_workers_per_gather"": ""0""}",measure,T_i2_gin_jsonb_ops,12,0,0
I-2,forced,2,C3b,jsonb,9,0.047,0.082,,1,Bitmap Heap Scan,Bitmap Heap Scan on T [Bitmap Index Scan using T_i2_gin_jsonb_ops],50,12,50,12,,27,0,0,,0,1,18,False,"{""enable_seqscan"": ""off"", ""jit"": ""off"", ""max_parallel_workers_per_gather"": ""0""}",measure,T_i2_gin_jsonb_ops,12,0,0
I-2,forced,2,C3b,jsonb,10,0.042,0.139,,1,Bitmap Heap Scan,Bitmap Heap Scan on T [Bitmap Index Scan using T_i2_gin_jsonb_ops],50,12,50,12,,27,0,0,,0,1,18,False,"{""enable_seqscan"": ""off"", ""jit"": ""off"", ""max_parallel_workers_per_gather"": ""0""}",measure,T_i2_gin_jsonb_ops,12,0,0
I-2,forced,2,C3b,jsonb,11,0.053,0.081,,1,Bitmap Heap Scan,Bitmap Heap Scan on T [Bitmap Index Scan using T_i2_gin_jsonb_ops],50,12,50,12,,27,0,0,,0,1,18,False,"{""enable_seqscan"": ""off"", ""jit"": ""off"", ""max_parallel_workers_per_gather"": ""0""}",measure,T_i2_gin_jsonb_ops,12,0,0
I-2,forced,2,C3b,jsonb,12,0.041,0.081,,1,Bitmap Heap Scan,Bitmap Heap Scan on T [Bitmap Index Scan using T_i2_gin_jsonb_ops],50,12,50,12,,27,0,0,,0,1,18,False,"{""enable_seqscan"": ""off"", ""jit"": ""off"", ""max_parallel_workers_per_gather"": ""0""}",measure,T_i2_gin_jsonb_ops,12,0,0
I-2,forced,2,C3b,jsonb,13,0.041,0.08,,1,Bitmap Heap Scan,Bitmap Heap Scan on T [Bitmap Index Scan using T_i2_gin_jsonb_ops],50,12,50,12,,27,0,0,,0,1,18,False,"{""enable_seqscan"": ""off"", ""jit"": ""off"", ""max_parallel_workers_per_gather"": ""0""}",measure,T_i2_gin_jsonb_ops,12,0,0
I-2,forced,2,C3b,jsonb,14,0.041,0.081,,1,Bitmap Heap Scan,Bitmap Heap Scan on T [Bitmap Index Scan using T_i2_gin_jsonb_ops],50,12,50,12,,27,0,0,,0,1,18,False,"{""enable_seqscan"": ""off"", ""jit"": ""off"", ""max_parallel_workers_per_gather"": ""0""}",measure,T_i2_gin_jsonb_ops,12,0,0
I-2,forced,2,C3b,jsonb,15,0.041,0.081,,1,Bitmap Heap Scan,Bitmap Heap Scan on T [Bitmap Index Scan using T_i2_gin_jsonb_ops],50,12,50,12,,27,0,0,,0,1,18,False,"{""enable_seqscan"": ""off"", ""jit"": ""off"", ""max_parallel_workers_per_gather"": ""0""}",measure,T_i2_gin_jsonb_ops,12,0,0
I-2,forced,2,C3b,jsonb,1,0.048,0.089,0.002,1,Bitmap Heap Scan,Bitmap Heap Scan on T [Bitmap Index Scan using T_i2_gin_jsonb_ops],50,12,50,12,,27,0,0,,0,1,18,False,"{""enable_seqscan"": ""off"", ""jit"": ""off"", ""max_parallel_workers_per_gather"": ""0""}",detail,T_i2_gin_jsonb_ops,12,0,0
I-2,forced,2,Q21,jsonb,1,0.038,15.238,,1,Seq Scan,Seq Scan on T,2500,30,2500,30,4970,981,0,0,,0,0,15,False,"{""enable_seqscan"": ""off"", ""jit"": ""off"", ""max_parallel_workers_per_gather"": ""0""}",warmup,-,,,
I-2,forced,2,Q21,jsonb,2,0.064,14.806,,1,Seq Scan,Seq Scan on T,2500,30,2500,30,4970,981,0,0,,0,0,15,False,"{""enable_seqscan"": ""off"", ""jit"": ""off"", ""max_parallel_workers_per_gather"": ""0""}",warmup,-,,,
I-2,forced,2,Q21,jsonb,3,0.158,15.911,,1,Seq Scan,Seq Scan on T,2500,30,2500,30,4970,981,0,0,,0,0,15,False,"{""enable_seqscan"": ""off"", ""jit"": ""off"", ""max_parallel_workers_per_gather"": ""0""}",warmup,-,,,
I-2,forced,2,Q21,jsonb,1,0.073,17.64,,1,Seq Scan,Seq Scan on T,2500,30,2500,30,4970,981,0,0,,0,0,15,False,"{""enable_seqscan"": ""off"", ""jit"": ""off"", ""max_parallel_workers_per_gather"": ""0""}",measure,-,,,
I-2,forced,2,Q21,jsonb,2,0.07,17.475,,1,Seq Scan,Seq Scan on T,2500,30,2500,30,4970,981,0,0,,0,0,15,False,"{""enable_seqscan"": ""off"", ""jit"": ""off"", ""max_parallel_workers_per_gather"": ""0""}",measure,-,,,
I-2,forced,2,Q21,jsonb,3,0.068,13.914,,1,Seq Scan,Seq Scan on T,2500,30,2500,30,4970,981,0,0,,0,0,15,False,"{""enable_seqscan"": ""off"", ""jit"": ""off"", ""max_parallel_workers_per_gather"": ""0""}",measure,-,,,
I-2,forced,2,Q21,jsonb,4,0.148,14.455,,1,Seq Scan,Seq Scan on T,2500,30,2500,30,4970,981,0,0,,0,0,15,False,"{""enable_seqscan"": ""off"", ""jit"": ""off"", ""max_parallel_workers_per_gather"": ""0""}",measure,-,,,
I-2,forced,2,Q21,jsonb,5,0.064,14.086,,1,Seq Scan,Seq Scan on T,2500,30,2500,30,4970,981,0,0,,0,0,15,False,"{""enable_seqscan"": ""off"", ""jit"": ""off"", ""max_parallel_workers_per_gather"": ""0""}",measure,-,,,
I-2,forced,2,Q21,jsonb,6,0.097,13.083,,1,Seq Scan,Seq Scan on T,2500,30,2500,30,4970,981,0,0,,0,0,15,False,"{""enable_seqscan"": ""off"", ""jit"": ""off"", ""max_parallel_workers_per_gather"": ""0""}",measure,-,,,
I-2,forced,2,Q21,jsonb,7,0.061,12.835,,1,Seq Scan,Seq Scan on T,2500,30,2500,30,4970,981,0,0,,0,0,15,False,"{""enable_seqscan"": ""off"", ""jit"": ""off"", ""max_parallel_workers_per_gather"": ""0""}",measure,-,,,
I-2,forced,2,Q21,jsonb,8,0.062,12.648,,1,Seq Scan,Seq Scan on T,2500,30,2500,30,4970,981,0,0,,0,0,15,False,"{""enable_seqscan"": ""off"", ""jit"": ""off"", ""max_parallel_workers_per_gather"": ""0""}",measure,-,,,
I-2,forced,2,Q21,jsonb,9,0.059,13.309,,1,Seq Scan,Seq Scan on T,2500,30,2500,30,4970,981,0,0,,0,0,15,False,"{""enable_seqscan"": ""off"", ""jit"": ""off"", ""max_parallel_workers_per_gather"": ""0""}",measure,-,,,
I-2,forced,2,Q21,jsonb,10,0.076,14.022,,1,Seq Scan,Seq Scan on T,2500,30,2500,30,4970,981,0,0,,0,0,15,False,"{""enable_seqscan"": ""off"", ""jit"": ""off"", ""max_parallel_workers_per_gather"": ""0""}",measure,-,,,
I-2,forced,2,Q21,jsonb,11,0.064,12.795,,1,Seq Scan,Seq Scan on T,2500,30,2500,30,4970,981,0,0,,0,0,15,False,"{""enable_seqscan"": ""off"", ""jit"": ""off"", ""max_parallel_workers_per_gather"": ""0""}",measure,-,,,
I-2,forced,2,Q21,jsonb,12,0.119,13.113,,1,Seq Scan,Seq Scan on T,2500,30,2500,30,4970,981,0,0,,0,0,15,False,"{""enable_seqscan"": ""off"", ""jit"": ""off"", ""max_parallel_workers_per_gather"": ""0""}",measure,-,,,
I-2,forced,2,Q21,jsonb,13,0.068,15.226,,1,Seq Scan,Seq Scan on T,2500,30,2500,30,4970,981,0,0,,0,0,15,False,"{""enable_seqscan"": ""off"", ""jit"": ""off"", ""max_parallel_workers_per_gather"": ""0""}",measure,-,,,
I-2,forced,2,Q21,jsonb,14,0.111,16.19,,1,Seq Scan,Seq Scan on T,2500,30,2500,30,4970,981,0,0,,0,0,15,False,"{""enable_seqscan"": ""off"", ""jit"": ""off"", ""max_parallel_workers_per_gather"": ""0""}",measure,-,,,
I-2,forced,2,Q21,jsonb,15,0.068,13.376,,1,Seq Scan,Seq Scan on T,2500,30,2500,30,4970,981,0,0,,0,0,15,False,"{""enable_seqscan"": ""off"", ""jit"": ""off"", ""max_parallel_workers_per_gather"": ""0""}",measure,-,,,
I-2,forced,2,Q21,jsonb,1,0.064,14.01,0.006,1,Seq Scan,Seq Scan on T,2500,30,2500,30,4970,981,0,0,,0,0,15,False,"{""enable_seqscan"": ""off"", ""jit"": ""off"", ""max_parallel_workers_per_gather"": ""0""}",detail,-,,,
I-3,default,1,C1,jsonb,1,3.487,0.117,,1,Bitmap Heap Scan,Bitmap Heap Scan on T [Bitmap Index Scan using T_i3_gin_jsonb_path_ops],50,12,50,12,,16,0,0,,0,36,21,False,"{""jit"": ""off"", ""max_parallel_workers_per_gather"": ""0""}",warmup,T_i3_gin_jsonb_path_ops,12,0,0
I-3,default,1,C1,jsonb,2,0.046,0.031,,1,Bitmap Heap Scan,Bitmap Heap Scan on T [Bitmap Index Scan using T_i3_gin_jsonb_path_ops],50,12,50,12,,16,0,0,,0,1,17,False,"{""jit"": ""off"", ""max_parallel_workers_per_gather"": ""0""}",warmup,T_i3_gin_jsonb_path_ops,12,0,0
I-3,default,1,C1,jsonb,3,0.043,0.027,,1,Bitmap Heap Scan,Bitmap Heap Scan on T [Bitmap Index Scan using T_i3_gin_jsonb_path_ops],50,12,50,12,,16,0,0,,0,1,17,False,"{""jit"": ""off"", ""max_parallel_workers_per_gather"": ""0""}",warmup,T_i3_gin_jsonb_path_ops,12,0,0
I-3,default,1,C1,jsonb,1,0.06,0.027,,1,Bitmap Heap Scan,Bitmap Heap Scan on T [Bitmap Index Scan using T_i3_gin_jsonb_path_ops],50,12,50,12,,16,0,0,,0,1,17,False,"{""jit"": ""off"", ""max_parallel_workers_per_gather"": ""0""}",measure,T_i3_gin_jsonb_path_ops,12,0,0
I-3,default,1,C1,jsonb,2,0.042,0.027,,1,Bitmap Heap Scan,Bitmap Heap Scan on T [Bitmap Index Scan using T_i3_gin_jsonb_path_ops],50,12,50,12,,16,0,0,,0,1,17,False,"{""jit"": ""off"", ""max_parallel_workers_per_gather"": ""0""}",measure,T_i3_gin_jsonb_path_ops,12,0,0
I-3,default,1,C1,jsonb,3,0.042,0.026,,1,Bitmap Heap Scan,Bitmap Heap Scan on T [Bitmap Index Scan using T_i3_gin_jsonb_path_ops],50,12,50,12,,16,0,0,,0,1,17,False,"{""jit"": ""off"", ""max_parallel_workers_per_gather"": ""0""}",measure,T_i3_gin_jsonb_path_ops,12,0,0
I-3,default,1,C1,jsonb,4,0.042,0.027,,1,Bitmap Heap Scan,Bitmap Heap Scan on T [Bitmap Index Scan using T_i3_gin_jsonb_path_ops],50,12,50,12,,16,0,0,,0,1,17,False,"{""jit"": ""off"", ""max_parallel_workers_per_gather"": ""0""}",measure,T_i3_gin_jsonb_path_ops,12,0,0
I-3,default,1,C1,jsonb,5,0.042,0.027,,1,Bitmap Heap Scan,Bitmap Heap Scan on T [Bitmap Index Scan using T_i3_gin_jsonb_path_ops],50,12,50,12,,16,0,0,,0,1,17,False,"{""jit"": ""off"", ""max_parallel_workers_per_gather"": ""0""}",measure,T_i3_gin_jsonb_path_ops,12,0,0
I-3,default,1,C1,jsonb,6,0.041,0.026,,1,Bitmap Heap Scan,Bitmap Heap Scan on T [Bitmap Index Scan using T_i3_gin_jsonb_path_ops],50,12,50,12,,16,0,0,,0,1,17,False,"{""jit"": ""off"", ""max_parallel_workers_per_gather"": ""0""}",measure,T_i3_gin_jsonb_path_ops,12,0,0
I-3,default,1,C1,jsonb,7,0.084,0.029,,1,Bitmap Heap Scan,Bitmap Heap Scan on T [Bitmap Index Scan using T_i3_gin_jsonb_path_ops],50,12,50,12,,16,0,0,,0,1,17,False,"{""jit"": ""off"", ""max_parallel_workers_per_gather"": ""0""}",measure,T_i3_gin_jsonb_path_ops,12,0,0
I-3,default,1,C1,jsonb,8,0.043,0.027,,1,Bitmap Heap Scan,Bitmap Heap Scan on T [Bitmap Index Scan using T_i3_gin_jsonb_path_ops],50,12,50,12,,16,0,0,,0,1,17,False,"{""jit"": ""off"", ""max_parallel_workers_per_gather"": ""0""}",measure,T_i3_gin_jsonb_path_ops,12,0,0
I-3,default,1,C1,jsonb,9,0.042,0.026,,1,Bitmap Heap Scan,Bitmap Heap Scan on T [Bitmap Index Scan using T_i3_gin_jsonb_path_ops],50,12,50,12,,16,0,0,,0,1,17,False,"{""jit"": ""off"", ""max_parallel_workers_per_gather"": ""0""}",measure,T_i3_gin_jsonb_path_ops,12,0,0
I-3,default,1,C1,jsonb,10,0.048,0.031,,1,Bitmap Heap Scan,Bitmap Heap Scan on T [Bitmap Index Scan using T_i3_gin_jsonb_path_ops],50,12,50,12,,16,0,0,,0,1,17,False,"{""jit"": ""off"", ""max_parallel_workers_per_gather"": ""0""}",measure,T_i3_gin_jsonb_path_ops,12,0,0
I-3,default,1,C1,jsonb,11,0.048,0.03,,1,Bitmap Heap Scan,Bitmap Heap Scan on T [Bitmap Index Scan using T_i3_gin_jsonb_path_ops],50,12,50,12,,16,0,0,,0,1,17,False,"{""jit"": ""off"", ""max_parallel_workers_per_gather"": ""0""}",measure,T_i3_gin_jsonb_path_ops,12,0,0
I-3,default,1,C1,jsonb,12,0.049,0.059,,1,Bitmap Heap Scan,Bitmap Heap Scan on T [Bitmap Index Scan using T_i3_gin_jsonb_path_ops],50,12,50,12,,16,0,0,,0,1,17,False,"{""jit"": ""off"", ""max_parallel_workers_per_gather"": ""0""}",measure,T_i3_gin_jsonb_path_ops,12,0,0
I-3,default,1,C1,jsonb,13,0.053,0.035,,1,Bitmap Heap Scan,Bitmap Heap Scan on T [Bitmap Index Scan using T_i3_gin_jsonb_path_ops],50,12,50,12,,16,0,0,,0,1,17,False,"{""jit"": ""off"", ""max_parallel_workers_per_gather"": ""0""}",measure,T_i3_gin_jsonb_path_ops,12,0,0
I-3,default,1,C1,jsonb,14,0.051,0.032,,1,Bitmap Heap Scan,Bitmap Heap Scan on T [Bitmap Index Scan using T_i3_gin_jsonb_path_ops],50,12,50,12,,16,0,0,,0,1,17,False,"{""jit"": ""off"", ""max_parallel_workers_per_gather"": ""0""}",measure,T_i3_gin_jsonb_path_ops,12,0,0
I-3,default,1,C1,jsonb,15,0.053,0.034,,1,Bitmap Heap Scan,Bitmap Heap Scan on T [Bitmap Index Scan using T_i3_gin_jsonb_path_ops],50,12,50,12,,16,0,0,,0,1,17,False,"{""jit"": ""off"", ""max_parallel_workers_per_gather"": ""0""}",measure,T_i3_gin_jsonb_path_ops,12,0,0
I-3,default,1,C1,jsonb,1,0.049,0.032,0.001,1,Bitmap Heap Scan,Bitmap Heap Scan on T [Bitmap Index Scan using T_i3_gin_jsonb_path_ops],50,12,50,12,,16,0,0,,0,1,17,False,"{""jit"": ""off"", ""max_parallel_workers_per_gather"": ""0""}",detail,T_i3_gin_jsonb_path_ops,12,0,0
I-3,default,1,C1b,jsonb,1,0.054,0.283,,1,Bitmap Heap Scan,Bitmap Heap Scan on T [Bitmap Index Scan using T_i3_gin_jsonb_path_ops],50,30,50,30,,34,0,0,,0,1,17,False,"{""jit"": ""off"", ""max_parallel_workers_per_gather"": ""0""}",warmup,T_i3_gin_jsonb_path_ops,30,0,0
I-3,default,1,C1b,jsonb,2,0.05,0.125,,1,Bitmap Heap Scan,Bitmap Heap Scan on T [Bitmap Index Scan using T_i3_gin_jsonb_path_ops],50,30,50,30,,34,0,0,,0,1,17,False,"{""jit"": ""off"", ""max_parallel_workers_per_gather"": ""0""}",warmup,T_i3_gin_jsonb_path_ops,30,0,0
I-3,default,1,C1b,jsonb,3,0.05,0.124,,1,Bitmap Heap Scan,Bitmap Heap Scan on T [Bitmap Index Scan using T_i3_gin_jsonb_path_ops],50,30,50,30,,34,0,0,,0,1,17,False,"{""jit"": ""off"", ""max_parallel_workers_per_gather"": ""0""}",warmup,T_i3_gin_jsonb_path_ops,30,0,0
I-3,default,1,C1b,jsonb,1,0.05,0.122,,1,Bitmap Heap Scan,Bitmap Heap Scan on T [Bitmap Index Scan using T_i3_gin_jsonb_path_ops],50,30,50,30,,34,0,0,,0,1,17,False,"{""jit"": ""off"", ""max_parallel_workers_per_gather"": ""0""}",measure,T_i3_gin_jsonb_path_ops,30,0,0
I-3,default,1,C1b,jsonb,2,0.05,0.121,,1,Bitmap Heap Scan,Bitmap Heap Scan on T [Bitmap Index Scan using T_i3_gin_jsonb_path_ops],50,30,50,30,,34,0,0,,0,1,17,False,"{""jit"": ""off"", ""max_parallel_workers_per_gather"": ""0""}",measure,T_i3_gin_jsonb_path_ops,30,0,0
I-3,default,1,C1b,jsonb,3,0.049,0.122,,1,Bitmap Heap Scan,Bitmap Heap Scan on T [Bitmap Index Scan using T_i3_gin_jsonb_path_ops],50,30,50,30,,34,0,0,,0,1,17,False,"{""jit"": ""off"", ""max_parallel_workers_per_gather"": ""0""}",measure,T_i3_gin_jsonb_path_ops,30,0,0
I-3,default,1,C1b,jsonb,4,0.05,0.13,,1,Bitmap Heap Scan,Bitmap Heap Scan on T [Bitmap Index Scan using T_i3_gin_jsonb_path_ops],50,30,50,30,,34,0,0,,0,1,17,False,"{""jit"": ""off"", ""max_parallel_workers_per_gather"": ""0""}",measure,T_i3_gin_jsonb_path_ops,30,0,0
I-3,default,1,C1b,jsonb,5,0.049,0.121,,1,Bitmap Heap Scan,Bitmap Heap Scan on T [Bitmap Index Scan using T_i3_gin_jsonb_path_ops],50,30,50,30,,34,0,0,,0,1,17,False,"{""jit"": ""off"", ""max_parallel_workers_per_gather"": ""0""}",measure,T_i3_gin_jsonb_path_ops,30,0,0
I-3,default,1,C1b,jsonb,6,0.049,0.121,,1,Bitmap Heap Scan,Bitmap Heap Scan on T [Bitmap Index Scan using T_i3_gin_jsonb_path_ops],50,30,50,30,,34,0,0,,0,1,17,False,"{""jit"": ""off"", ""max_parallel_workers_per_gather"": ""0""}",measure,T_i3_gin_jsonb_path_ops,30,0,0
I-3,default,1,C1b,jsonb,7,0.054,0.147,,1,Bitmap Heap Scan,Bitmap Heap Scan on T [Bitmap Index Scan using T_i3_gin_jsonb_path_ops],50,30,50,30,,34,0,0,,0,1,17,False,"{""jit"": ""off"", ""max_parallel_workers_per_gather"": ""0""}",measure,T_i3_gin_jsonb_path_ops,30,0,0
I-3,default,1,C1b,jsonb,8,0.051,0.125,,1,Bitmap Heap Scan,Bitmap Heap Scan on T [Bitmap Index Scan using T_i3_gin_jsonb_path_ops],50,30,50,30,,34,0,0,,0,1,17,False,"{""jit"": ""off"", ""max_parallel_workers_per_gather"": ""0""}",measure,T_i3_gin_jsonb_path_ops,30,0,0
I-3,default,1,C1b,jsonb,9,0.05,0.124,,1,Bitmap Heap Scan,Bitmap Heap Scan on T [Bitmap Index Scan using T_i3_gin_jsonb_path_ops],50,30,50,30,,34,0,0,,0,1,17,False,"{""jit"": ""off"", ""max_parallel_workers_per_gather"": ""0""}",measure,T_i3_gin_jsonb_path_ops,30,0,0
I-3,default,1,C1b,jsonb,10,0.051,0.122,,1,Bitmap Heap Scan,Bitmap Heap Scan on T [Bitmap Index Scan using T_i3_gin_jsonb_path_ops],50,30,50,30,,34,0,0,,0,1,17,False,"{""jit"": ""off"", ""max_parallel_workers_per_gather"": ""0""}",measure,T_i3_gin_jsonb_path_ops,30,0,0
I-3,default,1,C1b,jsonb,11,0.077,0.177,,1,Bitmap Heap Scan,Bitmap Heap Scan on T [Bitmap Index Scan using T_i3_gin_jsonb_path_ops],50,30,50,30,,34,0,0,,0,1,17,False,"{""jit"": ""off"", ""max_parallel_workers_per_gather"": ""0""}",measure,T_i3_gin_jsonb_path_ops,30,0,0
I-3,default,1,C1b,jsonb,12,0.068,0.179,,1,Bitmap Heap Scan,Bitmap Heap Scan on T [Bitmap Index Scan using T_i3_gin_jsonb_path_ops],50,30,50,30,,34,0,0,,0,1,17,False,"{""jit"": ""off"", ""max_parallel_workers_per_gather"": ""0""}",measure,T_i3_gin_jsonb_path_ops,30,0,0
I-3,default,1,C1b,jsonb,13,0.069,0.181,,1,Bitmap Heap Scan,Bitmap Heap Scan on T [Bitmap Index Scan using T_i3_gin_jsonb_path_ops],50,30,50,30,,34,0,0,,0,1,17,False,"{""jit"": ""off"", ""max_parallel_workers_per_gather"": ""0""}",measure,T_i3_gin_jsonb_path_ops,30,0,0
I-3,default,1,C1b,jsonb,14,0.072,0.176,,1,Bitmap Heap Scan,Bitmap Heap Scan on T [Bitmap Index Scan using T_i3_gin_jsonb_path_ops],50,30,50,30,,34,0,0,,0,1,17,False,"{""jit"": ""off"", ""max_parallel_workers_per_gather"": ""0""}",measure,T_i3_gin_jsonb_path_ops,30,0,0
I-3,default,1,C1b,jsonb,15,0.052,0.125,,1,Bitmap Heap Scan,Bitmap Heap Scan on T [Bitmap Index Scan using T_i3_gin_jsonb_path_ops],50,30,50,30,,34,0,0,,0,1,17,False,"{""jit"": ""off"", ""max_parallel_workers_per_gather"": ""0""}",measure,T_i3_gin_jsonb_path_ops,30,0,0
I-3,default,1,C1b,jsonb,1,0.05,0.126,0.003,1,Bitmap Heap Scan,Bitmap Heap Scan on T [Bitmap Index Scan using T_i3_gin_jsonb_path_ops],50,30,50,30,,34,0,0,,0,1,17,False,"{""jit"": ""off"", ""max_parallel_workers_per_gather"": ""0""}",detail,T_i3_gin_jsonb_path_ops,30,0,0
I-3,default,1,C1c,jsonb,1,0.064,0.038,,1,Bitmap Heap Scan,Bitmap Heap Scan on T [Bitmap Index Scan using T_i3_gin_jsonb_path_ops],50,3,50,3,,7,0,0,,0,1,17,False,"{""jit"": ""off"", ""max_parallel_workers_per_gather"": ""0""}",warmup,T_i3_gin_jsonb_path_ops,3,0,0
I-3,default,1,C1c,jsonb,2,0.05,0.025,,1,Bitmap Heap Scan,Bitmap Heap Scan on T [Bitmap Index Scan using T_i3_gin_jsonb_path_ops],50,3,50,3,,7,0,0,,0,1,17,False,"{""jit"": ""off"", ""max_parallel_workers_per_gather"": ""0""}",warmup,T_i3_gin_jsonb_path_ops,3,0,0
I-3,default,1,C1c,jsonb,3,0.089,0.044,,1,Bitmap Heap Scan,Bitmap Heap Scan on T [Bitmap Index Scan using T_i3_gin_jsonb_path_ops],50,3,50,3,,7,0,0,,0,1,17,False,"{""jit"": ""off"", ""max_parallel_workers_per_gather"": ""0""}",warmup,T_i3_gin_jsonb_path_ops,3,0,0
I-3,default,1,C1c,jsonb,1,0.085,0.042,,1,Bitmap Heap Scan,Bitmap Heap Scan on T [Bitmap Index Scan using T_i3_gin_jsonb_path_ops],50,3,50,3,,7,0,0,,0,1,17,False,"{""jit"": ""off"", ""max_parallel_workers_per_gather"": ""0""}",measure,T_i3_gin_jsonb_path_ops,3,0,0
I-3,default,1,C1c,jsonb,2,0.227,0.088,,1,Bitmap Heap Scan,Bitmap Heap Scan on T [Bitmap Index Scan using T_i3_gin_jsonb_path_ops],50,3,50,3,,7,0,0,,0,1,17,False,"{""jit"": ""off"", ""max_parallel_workers_per_gather"": ""0""}",measure,T_i3_gin_jsonb_path_ops,3,0,0
I-3,default,1,C1c,jsonb,3,0.086,0.038,,1,Bitmap Heap Scan,Bitmap Heap Scan on T [Bitmap Index Scan using T_i3_gin_jsonb_path_ops],50,3,50,3,,7,0,0,,0,1,17,False,"{""jit"": ""off"", ""max_parallel_workers_per_gather"": ""0""}",measure,T_i3_gin_jsonb_path_ops,3,0,0
I-3,default,1,C1c,jsonb,4,0.064,0.031,,1,Bitmap Heap Scan,Bitmap Heap Scan on T [Bitmap Index Scan using T_i3_gin_jsonb_path_ops],50,3,50,3,,7,0,0,,0,1,17,False,"{""jit"": ""off"", ""max_parallel_workers_per_gather"": ""0""}",measure,T_i3_gin_jsonb_path_ops,3,0,0
I-3,default,1,C1c,jsonb,5,0.062,0.03,,1,Bitmap Heap Scan,Bitmap Heap Scan on T [Bitmap Index Scan using T_i3_gin_jsonb_path_ops],50,3,50,3,,7,0,0,,0,1,17,False,"{""jit"": ""off"", ""max_parallel_workers_per_gather"": ""0""}",measure,T_i3_gin_jsonb_path_ops,3,0,0
I-3,default,1,C1c,jsonb,6,0.062,0.031,,1,Bitmap Heap Scan,Bitmap Heap Scan on T [Bitmap Index Scan using T_i3_gin_jsonb_path_ops],50,3,50,3,,7,0,0,,0,1,17,False,"{""jit"": ""off"", ""max_parallel_workers_per_gather"": ""0""}",measure,T_i3_gin_jsonb_path_ops,3,0,0
I-3,default,1,C1c,jsonb,7,0.082,0.04,,1,Bitmap Heap Scan,Bitmap Heap Scan on T [Bitmap Index Scan using T_i3_gin_jsonb_path_ops],50,3,50,3,,7,0,0,,0,1,17,False,"{""jit"": ""off"", ""max_parallel_workers_per_gather"": ""0""}",measure,T_i3_gin_jsonb_path_ops,3,0,0
I-3,default,1,C1c,jsonb,8,0.061,0.03,,1,Bitmap Heap Scan,Bitmap Heap Scan on T [Bitmap Index Scan using T_i3_gin_jsonb_path_ops],50,3,50,3,,7,0,0,,0,1,17,False,"{""jit"": ""off"", ""max_parallel_workers_per_gather"": ""0""}",measure,T_i3_gin_jsonb_path_ops,3,0,0
I-3,default,1,C1c,jsonb,9,0.058,0.03,,1,Bitmap Heap Scan,Bitmap Heap Scan on T [Bitmap Index Scan using T_i3_gin_jsonb_path_ops],50,3,50,3,,7,0,0,,0,1,17,False,"{""jit"": ""off"", ""max_parallel_workers_per_gather"": ""0""}",measure,T_i3_gin_jsonb_path_ops,3,0,0
I-3,default,1,C1c,jsonb,10,0.053,0.027,,1,Bitmap Heap Scan,Bitmap Heap Scan on T [Bitmap Index Scan using T_i3_gin_jsonb_path_ops],50,3,50,3,,7,0,0,,0,1,17,False,"{""jit"": ""off"", ""max_parallel_workers_per_gather"": ""0""}",measure,T_i3_gin_jsonb_path_ops,3,0,0
I-3,default,1,C1c,jsonb,11,0.051,0.026,,1,Bitmap Heap Scan,Bitmap Heap Scan on T [Bitmap Index Scan using T_i3_gin_jsonb_path_ops],50,3,50,3,,7,0,0,,0,1,17,False,"{""jit"": ""off"", ""max_parallel_workers_per_gather"": ""0""}",measure,T_i3_gin_jsonb_path_ops,3,0,0
I-3,default,1,C1c,jsonb,12,0.065,0.024,,1,Bitmap Heap Scan,Bitmap Heap Scan on T [Bitmap Index Scan using T_i3_gin_jsonb_path_ops],50,3,50,3,,7,0,0,,0,1,17,False,"{""jit"": ""off"", ""max_parallel_workers_per_gather"": ""0""}",measure,T_i3_gin_jsonb_path_ops,3,0,0
I-3,default,1,C1c,jsonb,13,0.049,0.023,,1,Bitmap Heap Scan,Bitmap Heap Scan on T [Bitmap Index Scan using T_i3_gin_jsonb_path_ops],50,3,50,3,,7,0,0,,0,1,17,False,"{""jit"": ""off"", ""max_parallel_workers_per_gather"": ""0""}",measure,T_i3_gin_jsonb_path_ops,3,0,0
I-3,default,1,C1c,jsonb,14,0.048,0.023,,1,Bitmap Heap Scan,Bitmap Heap Scan on T [Bitmap Index Scan using T_i3_gin_jsonb_path_ops],50,3,50,3,,7,0,0,,0,1,17,False,"{""jit"": ""off"", ""max_parallel_workers_per_gather"": ""0""}",measure,T_i3_gin_jsonb_path_ops,3,0,0
I-3,default,1,C1c,jsonb,15,0.048,0.059,,1,Bitmap Heap Scan,Bitmap Heap Scan on T [Bitmap Index Scan using T_i3_gin_jsonb_path_ops],50,3,50,3,,7,0,0,,0,1,17,False,"{""jit"": ""off"", ""max_parallel_workers_per_gather"": ""0""}",measure,T_i3_gin_jsonb_path_ops,3,0,0
I-3,default,1,C1c,jsonb,1,0.048,0.024,0.001,1,Bitmap Heap Scan,Bitmap Heap Scan on T [Bitmap Index Scan using T_i3_gin_jsonb_path_ops],50,3,50,3,,7,0,0,,0,1,17,False,"{""jit"": ""off"", ""max_parallel_workers_per_gather"": ""0""}",detail,T_i3_gin_jsonb_path_ops,3,0,0
I-3,default,1,C1d,jsonb,1,0.047,1.54,,3,Bitmap Heap Scan,Bitmap Heap Scan on T [Bitmap Index Scan using T_i3_gin_jsonb_path_ops],50,225,50,225,,202,0,0,,0,1,17,False,"{""jit"": ""off"", ""max_parallel_workers_per_gather"": ""0""}",warmup,T_i3_gin_jsonb_path_ops,198,0,0
I-3,default,1,C1d,jsonb,2,0.088,1.228,,3,Bitmap Heap Scan,Bitmap Heap Scan on T [Bitmap Index Scan using T_i3_gin_jsonb_path_ops],50,225,50,225,,202,0,0,,0,1,17,False,"{""jit"": ""off"", ""max_parallel_workers_per_gather"": ""0""}",warmup,T_i3_gin_jsonb_path_ops,198,0,0
I-3,default,1,C1d,jsonb,3,0.134,1.198,,3,Bitmap Heap Scan,Bitmap Heap Scan on T [Bitmap Index Scan using T_i3_gin_jsonb_path_ops],50,225,50,225,,202,0,0,,0,1,17,False,"{""jit"": ""off"", ""max_parallel_workers_per_gather"": ""0""}",warmup,T_i3_gin_jsonb_path_ops,198,0,0
I-3,default,1,C1d,jsonb,1,0.156,0.717,,3,Bitmap Heap Scan,Bitmap Heap Scan on T [Bitmap Index Scan using T_i3_gin_jsonb_path_ops],50,225,50,225,,202,0,0,,0,1,17,False,"{""jit"": ""off"", ""max_parallel_workers_per_gather"": ""0""}",measure,T_i3_gin_jsonb_path_ops,198,0,0
I-3,default,1,C1d,jsonb,2,0.061,1.108,,3,Bitmap Heap Scan,Bitmap Heap Scan on T [Bitmap Index Scan using T_i3_gin_jsonb_path_ops],50,225,50,225,,202,0,0,,0,1,17,False,"{""jit"": ""off"", ""max_parallel_workers_per_gather"": ""0""}",measure,T_i3_gin_jsonb_path_ops,198,0,0
I-3,default,1,C1d,jsonb,3,0.091,0.546,,3,Bitmap Heap Scan,Bitmap Heap Scan on T [Bitmap Index Scan using T_i3_gin_jsonb_path_ops],50,225,50,225,,202,0,0,,0,1,17,False,"{""jit"": ""off"", ""max_parallel_workers_per_gather"": ""0""}",measure,T_i3_gin_jsonb_path_ops,198,0,0
I-3,default,1,C1d,jsonb,4,0.044,0.522,,3,Bitmap Heap Scan,Bitmap Heap Scan on T [Bitmap Index Scan using T_i3_gin_jsonb_path_ops],50,225,50,225,,202,0,0,,0,1,17,False,"{""jit"": ""off"", ""max_parallel_workers_per_gather"": ""0""}",measure,T_i3_gin_jsonb_path_ops,198,0,0
I-3,default,1,C1d,jsonb,5,0.043,0.518,,3,Bitmap Heap Scan,Bitmap Heap Scan on T [Bitmap Index Scan using T_i3_gin_jsonb_path_ops],50,225,50,225,,202,0,0,,0,1,17,False,"{""jit"": ""off"", ""max_parallel_workers_per_gather"": ""0""}",measure,T_i3_gin_jsonb_path_ops,198,0,0
I-3,default,1,C1d,jsonb,6,0.049,0.867,,3,Bitmap Heap Scan,Bitmap Heap Scan on T [Bitmap Index Scan using T_i3_gin_jsonb_path_ops],50,225,50,225,,202,0,0,,0,1,17,False,"{""jit"": ""off"", ""max_parallel_workers_per_gather"": ""0""}",measure,T_i3_gin_jsonb_path_ops,198,0,0
I-3,default,1,C1d,jsonb,7,0.047,0.729,,3,Bitmap Heap Scan,Bitmap Heap Scan on T [Bitmap Index Scan using T_i3_gin_jsonb_path_ops],50,225,50,225,,202,0,0,,0,1,17,False,"{""jit"": ""off"", ""max_parallel_workers_per_gather"": ""0""}",measure,T_i3_gin_jsonb_path_ops,198,0,0
I-3,default,1,C1d,jsonb,8,0.045,0.638,,3,Bitmap Heap Scan,Bitmap Heap Scan on T [Bitmap Index Scan using T_i3_gin_jsonb_path_ops],50,225,50,225,,202,0,0,,0,1,17,False,"{""jit"": ""off"", ""max_parallel_workers_per_gather"": ""0""}",measure,T_i3_gin_jsonb_path_ops,198,0,0
I-3,default,1,C1d,jsonb,9,0.044,0.531,,3,Bitmap Heap Scan,Bitmap Heap Scan on T [Bitmap Index Scan using T_i3_gin_jsonb_path_ops],50,225,50,225,,202,0,0,,0,1,17,False,"{""jit"": ""off"", ""max_parallel_workers_per_gather"": ""0""}",measure,T_i3_gin_jsonb_path_ops,198,0,0
I-3,default,1,C1d,jsonb,10,0.043,0.528,,3,Bitmap Heap Scan,Bitmap Heap Scan on T [Bitmap Index Scan using T_i3_gin_jsonb_path_ops],50,225,50,225,,202,0,0,,0,1,17,False,"{""jit"": ""off"", ""max_parallel_workers_per_gather"": ""0""}",measure,T_i3_gin_jsonb_path_ops,198,0,0
I-3,default,1,C1d,jsonb,11,0.043,0.521,,3,Bitmap Heap Scan,Bitmap Heap Scan on T [Bitmap Index Scan using T_i3_gin_jsonb_path_ops],50,225,50,225,,202,0,0,,0,1,17,False,"{""jit"": ""off"", ""max_parallel_workers_per_gather"": ""0""}",measure,T_i3_gin_jsonb_path_ops,198,0,0
I-3,default,1,C1d,jsonb,12,0.043,0.518,,3,Bitmap Heap Scan,Bitmap Heap Scan on T [Bitmap Index Scan using T_i3_gin_jsonb_path_ops],50,225,50,225,,202,0,0,,0,1,17,False,"{""jit"": ""off"", ""max_parallel_workers_per_gather"": ""0""}",measure,T_i3_gin_jsonb_path_ops,198,0,0
I-3,default,1,C1d,jsonb,13,0.043,0.526,,3,Bitmap Heap Scan,Bitmap Heap Scan on T [Bitmap Index Scan using T_i3_gin_jsonb_path_ops],50,225,50,225,,202,0,0,,0,1,17,False,"{""jit"": ""off"", ""max_parallel_workers_per_gather"": ""0""}",measure,T_i3_gin_jsonb_path_ops,198,0,0
I-3,default,1,C1d,jsonb,14,0.043,0.517,,3,Bitmap Heap Scan,Bitmap Heap Scan on T [Bitmap Index Scan using T_i3_gin_jsonb_path_ops],50,225,50,225,,202,0,0,,0,1,17,False,"{""jit"": ""off"", ""max_parallel_workers_per_gather"": ""0""}",measure,T_i3_gin_jsonb_path_ops,198,0,0
I-3,default,1,C1d,jsonb,15,0.043,0.518,,3,Bitmap Heap Scan,Bitmap Heap Scan on T [Bitmap Index Scan using T_i3_gin_jsonb_path_ops],50,225,50,225,,202,0,0,,0,1,17,False,"{""jit"": ""off"", ""max_parallel_workers_per_gather"": ""0""}",measure,T_i3_gin_jsonb_path_ops,198,0,0
I-3,default,1,C1d,jsonb,1,0.043,0.636,0.015,3,Bitmap Heap Scan,Bitmap Heap Scan on T [Bitmap Index Scan using T_i3_gin_jsonb_path_ops],50,225,50,225,,202,0,0,,0,1,17,False,"{""jit"": ""off"", ""max_parallel_workers_per_gather"": ""0""}",detail,T_i3_gin_jsonb_path_ops,198,0,0
I-3,default,1,C2,jsonb,1,0.039,14.321,,1,Seq Scan,Seq Scan on T,50,3,50,3,4997,981,0,0,,0,0,16,False,"{""jit"": ""off"", ""max_parallel_workers_per_gather"": ""0""}",warmup,-,,,
I-3,default,1,C2,jsonb,2,0.065,11.19,,1,Seq Scan,Seq Scan on T,50,3,50,3,4997,981,0,0,,0,0,16,False,"{""jit"": ""off"", ""max_parallel_workers_per_gather"": ""0""}",warmup,-,,,
I-3,default,1,C2,jsonb,3,0.059,10.9,,1,Seq Scan,Seq Scan on T,50,3,50,3,4997,981,0,0,,0,0,16,False,"{""jit"": ""off"", ""max_parallel_workers_per_gather"": ""0""}",warmup,-,,,
I-3,default,1,C2,jsonb,1,0.061,12.012,,1,Seq Scan,Seq Scan on T,50,3,50,3,4997,981,0,0,,0,0,16,False,"{""jit"": ""off"", ""max_parallel_workers_per_gather"": ""0""}",measure,-,,,
I-3,default,1,C2,jsonb,2,0.063,11.105,,1,Seq Scan,Seq Scan on T,50,3,50,3,4997,981,0,0,,0,0,16,False,"{""jit"": ""off"", ""max_parallel_workers_per_gather"": ""0""}",measure,-,,,
I-3,default,1,C2,jsonb,3,0.06,11.208,,1,Seq Scan,Seq Scan on T,50,3,50,3,4997,981,0,0,,0,0,16,False,"{""jit"": ""off"", ""max_parallel_workers_per_gather"": ""0""}",measure,-,,,
I-3,default,1,C2,jsonb,4,0.076,11.486,,1,Seq Scan,Seq Scan on T,50,3,50,3,4997,981,0,0,,0,0,16,False,"{""jit"": ""off"", ""max_parallel_workers_per_gather"": ""0""}",measure,-,,,
I-3,default,1,C2,jsonb,5,0.064,11.038,,1,Seq Scan,Seq Scan on T,50,3,50,3,4997,981,0,0,,0,0,16,False,"{""jit"": ""off"", ""max_parallel_workers_per_gather"": ""0""}",measure,-,,,
I-3,default,1,C2,jsonb,6,0.062,11.566,,1,Seq Scan,Seq Scan on T,50,3,50,3,4997,981,0,0,,0,0,16,False,"{""jit"": ""off"", ""max_parallel_workers_per_gather"": ""0""}",measure,-,,,
I-3,default,1,C2,jsonb,7,0.091,11.447,,1,Seq Scan,Seq Scan on T,50,3,50,3,4997,981,0,0,,0,0,16,False,"{""jit"": ""off"", ""max_parallel_workers_per_gather"": ""0""}",measure,-,,,
I-3,default,1,C2,jsonb,8,0.063,11.372,,1,Seq Scan,Seq Scan on T,50,3,50,3,4997,981,0,0,,0,0,16,False,"{""jit"": ""off"", ""max_parallel_workers_per_gather"": ""0""}",measure,-,,,
I-3,default,1,C2,jsonb,9,0.062,11.911,,1,Seq Scan,Seq Scan on T,50,3,50,3,4997,981,0,0,,0,0,16,False,"{""jit"": ""off"", ""max_parallel_workers_per_gather"": ""0""}",measure,-,,,
I-3,default,1,C2,jsonb,10,0.068,11.656,,1,Seq Scan,Seq Scan on T,50,3,50,3,4997,981,0,0,,0,0,16,False,"{""jit"": ""off"", ""max_parallel_workers_per_gather"": ""0""}",measure,-,,,
I-3,default,1,C2,jsonb,11,0.101,11.333,,1,Seq Scan,Seq Scan on T,50,3,50,3,4997,981,0,0,,0,0,16,False,"{""jit"": ""off"", ""max_parallel_workers_per_gather"": ""0""}",measure,-,,,
I-3,default,1,C2,jsonb,12,0.063,11.729,,1,Seq Scan,Seq Scan on T,50,3,50,3,4997,981,0,0,,0,0,16,False,"{""jit"": ""off"", ""max_parallel_workers_per_gather"": ""0""}",measure,-,,,
I-3,default,1,C2,jsonb,13,0.072,11.986,,1,Seq Scan,Seq Scan on T,50,3,50,3,4997,981,0,0,,0,0,16,False,"{""jit"": ""off"", ""max_parallel_workers_per_gather"": ""0""}",measure,-,,,
I-3,default,1,C2,jsonb,14,0.063,12.288,,1,Seq Scan,Seq Scan on T,50,3,50,3,4997,981,0,0,,0,0,16,False,"{""jit"": ""off"", ""max_parallel_workers_per_gather"": ""0""}",measure,-,,,
I-3,default,1,C2,jsonb,15,0.082,12.593,,1,Seq Scan,Seq Scan on T,50,3,50,3,4997,981,0,0,,0,0,16,False,"{""jit"": ""off"", ""max_parallel_workers_per_gather"": ""0""}",measure,-,,,
I-3,default,1,C2,jsonb,1,0.084,11.166,0.002,1,Seq Scan,Seq Scan on T,50,3,50,3,4997,981,0,0,,0,0,16,False,"{""jit"": ""off"", ""max_parallel_workers_per_gather"": ""0""}",detail,-,,,
I-3,default,1,C3,jsonb,1,0.083,0.141,,1,Bitmap Heap Scan,Bitmap Heap Scan on T [Bitmap Index Scan using T_i3_gin_jsonb_path_ops],50,30,50,30,,34,0,0,,0,4,17,False,"{""jit"": ""off"", ""max_parallel_workers_per_gather"": ""0""}",warmup,T_i3_gin_jsonb_path_ops,30,0,0
I-3,default,1,C3,jsonb,2,0.048,0.11,,1,Bitmap Heap Scan,Bitmap Heap Scan on T [Bitmap Index Scan using T_i3_gin_jsonb_path_ops],50,30,50,30,,34,0,0,,0,1,17,False,"{""jit"": ""off"", ""max_parallel_workers_per_gather"": ""0""}",warmup,T_i3_gin_jsonb_path_ops,30,0,0
I-3,default,1,C3,jsonb,3,0.042,0.105,,1,Bitmap Heap Scan,Bitmap Heap Scan on T [Bitmap Index Scan using T_i3_gin_jsonb_path_ops],50,30,50,30,,34,0,0,,0,1,17,False,"{""jit"": ""off"", ""max_parallel_workers_per_gather"": ""0""}",warmup,T_i3_gin_jsonb_path_ops,30,0,0
I-3,default,1,C3,jsonb,1,0.079,0.11,,1,Bitmap Heap Scan,Bitmap Heap Scan on T [Bitmap Index Scan using T_i3_gin_jsonb_path_ops],50,30,50,30,,34,0,0,,0,1,17,False,"{""jit"": ""off"", ""max_parallel_workers_per_gather"": ""0""}",measure,T_i3_gin_jsonb_path_ops,30,0,0
I-3,default,1,C3,jsonb,2,0.044,0.11,,1,Bitmap Heap Scan,Bitmap Heap Scan on T [Bitmap Index Scan using T_i3_gin_jsonb_path_ops],50,30,50,30,,34,0,0,,0,1,17,False,"{""jit"": ""off"", ""max_parallel_workers_per_gather"": ""0""}",measure,T_i3_gin_jsonb_path_ops,30,0,0
I-3,default,1,C3,jsonb,3,0.059,0.11,,1,Bitmap Heap Scan,Bitmap Heap Scan on T [Bitmap Index Scan using T_i3_gin_jsonb_path_ops],50,30,50,30,,34,0,0,,0,1,17,False,"{""jit"": ""off"", ""max_parallel_workers_per_gather"": ""0""}",measure,T_i3_gin_jsonb_path_ops,30,0,0
I-3,default,1,C3,jsonb,4,0.044,0.11,,1,Bitmap Heap Scan,Bitmap Heap Scan on T [Bitmap Index Scan using T_i3_gin_jsonb_path_ops],50,30,50,30,,34,0,0,,0,1,17,False,"{""jit"": ""off"", ""max_parallel_workers_per_gather"": ""0""}",measure,T_i3_gin_jsonb_path_ops,30,0,0
I-3,default,1,C3,jsonb,5,0.042,0.105,,1,Bitmap Heap Scan,Bitmap Heap Scan on T [Bitmap Index Scan using T_i3_gin_jsonb_path_ops],50,30,50,30,,34,0,0,,0,1,17,False,"{""jit"": ""off"", ""max_parallel_workers_per_gather"": ""0""}",measure,T_i3_gin_jsonb_path_ops,30,0,0
I-3,default,1,C3,jsonb,6,0.042,0.104,,1,Bitmap Heap Scan,Bitmap Heap Scan on T [Bitmap Index Scan using T_i3_gin_jsonb_path_ops],50,30,50,30,,34,0,0,,0,1,17,False,"{""jit"": ""off"", ""max_parallel_workers_per_gather"": ""0""}",measure,T_i3_gin_jsonb_path_ops,30,0,0
I-3,default,1,C3,jsonb,7,0.041,0.104,,1,Bitmap Heap Scan,Bitmap Heap Scan on T [Bitmap Index Scan using T_i3_gin_jsonb_path_ops],50,30,50,30,,34,0,0,,0,1,17,False,"{""jit"": ""off"", ""max_parallel_workers_per_gather"": ""0""}",measure,T_i3_gin_jsonb_path_ops,30,0,0
I-3,default,1,C3,jsonb,8,0.041,0.112,,1,Bitmap Heap Scan,Bitmap Heap Scan on T [Bitmap Index Scan using T_i3_gin_jsonb_path_ops],50,30,50,30,,34,0,0,,0,1,17,False,"{""jit"": ""off"", ""max_parallel_workers_per_gather"": ""0""}",measure,T_i3_gin_jsonb_path_ops,30,0,0
I-3,default,1,C3,jsonb,9,0.042,0.103,,1,Bitmap Heap Scan,Bitmap Heap Scan on T [Bitmap Index Scan using T_i3_gin_jsonb_path_ops],50,30,50,30,,34,0,0,,0,1,17,False,"{""jit"": ""off"", ""max_parallel_workers_per_gather"": ""0""}",measure,T_i3_gin_jsonb_path_ops,30,0,0
I-3,default,1,C3,jsonb,10,0.041,0.103,,1,Bitmap Heap Scan,Bitmap Heap Scan on T [Bitmap Index Scan using T_i3_gin_jsonb_path_ops],50,30,50,30,,34,0,0,,0,1,17,False,"{""jit"": ""off"", ""max_parallel_workers_per_gather"": ""0""}",measure,T_i3_gin_jsonb_path_ops,30,0,0
I-3,default,1,C3,jsonb,11,0.041,0.103,,1,Bitmap Heap Scan,Bitmap Heap Scan on T [Bitmap Index Scan using T_i3_gin_jsonb_path_ops],50,30,50,30,,34,0,0,,0,1,17,False,"{""jit"": ""off"", ""max_parallel_workers_per_gather"": ""0""}",measure,T_i3_gin_jsonb_path_ops,30,0,0
I-3,default,1,C3,jsonb,12,0.041,0.103,,1,Bitmap Heap Scan,Bitmap Heap Scan on T [Bitmap Index Scan using T_i3_gin_jsonb_path_ops],50,30,50,30,,34,0,0,,0,1,17,False,"{""jit"": ""off"", ""max_parallel_workers_per_gather"": ""0""}",measure,T_i3_gin_jsonb_path_ops,30,0,0
I-3,default,1,C3,jsonb,13,0.041,0.102,,1,Bitmap Heap Scan,Bitmap Heap Scan on T [Bitmap Index Scan using T_i3_gin_jsonb_path_ops],50,30,50,30,,34,0,0,,0,1,17,False,"{""jit"": ""off"", ""max_parallel_workers_per_gather"": ""0""}",measure,T_i3_gin_jsonb_path_ops,30,0,0
I-3,default,1,C3,jsonb,14,0.042,0.103,,1,Bitmap Heap Scan,Bitmap Heap Scan on T [Bitmap Index Scan using T_i3_gin_jsonb_path_ops],50,30,50,30,,34,0,0,,0,1,17,False,"{""jit"": ""off"", ""max_parallel_workers_per_gather"": ""0""}",measure,T_i3_gin_jsonb_path_ops,30,0,0
I-3,default,1,C3,jsonb,15,0.056,0.103,,1,Bitmap Heap Scan,Bitmap Heap Scan on T [Bitmap Index Scan using T_i3_gin_jsonb_path_ops],50,30,50,30,,34,0,0,,0,1,17,False,"{""jit"": ""off"", ""max_parallel_workers_per_gather"": ""0""}",measure,T_i3_gin_jsonb_path_ops,30,0,0
I-3,default,1,C3,jsonb,1,0.041,0.105,0.002,1,Bitmap Heap Scan,Bitmap Heap Scan on T [Bitmap Index Scan using T_i3_gin_jsonb_path_ops],50,30,50,30,,34,0,0,,0,1,17,False,"{""jit"": ""off"", ""max_parallel_workers_per_gather"": ""0""}",detail,T_i3_gin_jsonb_path_ops,30,0,0
I-3,default,1,C3b,jsonb,1,0.047,0.03,,1,Bitmap Heap Scan,Bitmap Heap Scan on T [Bitmap Index Scan using T_i3_gin_jsonb_path_ops],50,12,50,12,,16,0,0,,0,4,17,False,"{""jit"": ""off"", ""max_parallel_workers_per_gather"": ""0""}",warmup,T_i3_gin_jsonb_path_ops,12,0,0
I-3,default,1,C3b,jsonb,2,0.04,0.027,,1,Bitmap Heap Scan,Bitmap Heap Scan on T [Bitmap Index Scan using T_i3_gin_jsonb_path_ops],50,12,50,12,,16,0,0,,0,1,17,False,"{""jit"": ""off"", ""max_parallel_workers_per_gather"": ""0""}",warmup,T_i3_gin_jsonb_path_ops,12,0,0
I-3,default,1,C3b,jsonb,3,0.04,0.027,,1,Bitmap Heap Scan,Bitmap Heap Scan on T [Bitmap Index Scan using T_i3_gin_jsonb_path_ops],50,12,50,12,,16,0,0,,0,1,17,False,"{""jit"": ""off"", ""max_parallel_workers_per_gather"": ""0""}",warmup,T_i3_gin_jsonb_path_ops,12,0,0
I-3,default,1,C3b,jsonb,1,0.056,0.047,,1,Bitmap Heap Scan,Bitmap Heap Scan on T [Bitmap Index Scan using T_i3_gin_jsonb_path_ops],50,12,50,12,,16,0,0,,0,1,17,False,"{""jit"": ""off"", ""max_parallel_workers_per_gather"": ""0""}",measure,T_i3_gin_jsonb_path_ops,12,0,0
I-3,default,1,C3b,jsonb,2,0.096,0.04,,1,Bitmap Heap Scan,Bitmap Heap Scan on T [Bitmap Index Scan using T_i3_gin_jsonb_path_ops],50,12,50,12,,16,0,0,,0,1,17,False,"{""jit"": ""off"", ""max_parallel_workers_per_gather"": ""0""}",measure,T_i3_gin_jsonb_path_ops,12,0,0
I-3,default,1,C3b,jsonb,3,0.065,0.032,,1,Bitmap Heap Scan,Bitmap Heap Scan on T [Bitmap Index Scan using T_i3_gin_jsonb_path_ops],50,12,50,12,,16,0,0,,0,1,17,False,"{""jit"": ""off"", ""max_parallel_workers_per_gather"": ""0""}",measure,T_i3_gin_jsonb_path_ops,12,0,0
I-3,default,1,C3b,jsonb,4,0.064,0.068,,1,Bitmap Heap Scan,Bitmap Heap Scan on T [Bitmap Index Scan using T_i3_gin_jsonb_path_ops],50,12,50,12,,16,0,0,,0,1,17,False,"{""jit"": ""off"", ""max_parallel_workers_per_gather"": ""0""}",measure,T_i3_gin_jsonb_path_ops,12,0,0
I-3,default,1,C3b,jsonb,5,0.049,0.033,,1,Bitmap Heap Scan,Bitmap Heap Scan on T [Bitmap Index Scan using T_i3_gin_jsonb_path_ops],50,12,50,12,,16,0,0,,0,1,17,False,"{""jit"": ""off"", ""max_parallel_workers_per_gather"": ""0""}",measure,T_i3_gin_jsonb_path_ops,12,0,0
I-3,default,1,C3b,jsonb,6,0.062,0.03,,1,Bitmap Heap Scan,Bitmap Heap Scan on T [Bitmap Index Scan using T_i3_gin_jsonb_path_ops],50,12,50,12,,16,0,0,,0,1,17,False,"{""jit"": ""off"", ""max_parallel_workers_per_gather"": ""0""}",measure,T_i3_gin_jsonb_path_ops,12,0,0
I-3,default,1,C3b,jsonb,7,0.042,0.027,,1,Bitmap Heap Scan,Bitmap Heap Scan on T [Bitmap Index Scan using T_i3_gin_jsonb_path_ops],50,12,50,12,,16,0,0,,0,1,17,False,"{""jit"": ""off"", ""max_parallel_workers_per_gather"": ""0""}",measure,T_i3_gin_jsonb_path_ops,12,0,0
I-3,default,1,C3b,jsonb,8,0.079,0.029,,1,Bitmap Heap Scan,Bitmap Heap Scan on T [Bitmap Index Scan using T_i3_gin_jsonb_path_ops],50,12,50,12,,16,0,0,,0,1,17,False,"{""jit"": ""off"", ""max_parallel_workers_per_gather"": ""0""}",measure,T_i3_gin_jsonb_path_ops,12,0,0
I-3,default,1,C3b,jsonb,9,0.056,0.027,,1,Bitmap Heap Scan,Bitmap Heap Scan on T [Bitmap Index Scan using T_i3_gin_jsonb_path_ops],50,12,50,12,,16,0,0,,0,1,17,False,"{""jit"": ""off"", ""max_parallel_workers_per_gather"": ""0""}",measure,T_i3_gin_jsonb_path_ops,12,0,0
I-3,default,1,C3b,jsonb,10,0.043,0.03,,1,Bitmap Heap Scan,Bitmap Heap Scan on T [Bitmap Index Scan using T_i3_gin_jsonb_path_ops],50,12,50,12,,16,0,0,,0,1,17,False,"{""jit"": ""off"", ""max_parallel_workers_per_gather"": ""0""}",measure,T_i3_gin_jsonb_path_ops,12,0,0
I-3,default,1,C3b,jsonb,11,0.072,0.027,,1,Bitmap Heap Scan,Bitmap Heap Scan on T [Bitmap Index Scan using T_i3_gin_jsonb_path_ops],50,12,50,12,,16,0,0,,0,1,17,False,"{""jit"": ""off"", ""max_parallel_workers_per_gather"": ""0""}",measure,T_i3_gin_jsonb_path_ops,12,0,0
I-3,default,1,C3b,jsonb,12,0.042,0.027,,1,Bitmap Heap Scan,Bitmap Heap Scan on T [Bitmap Index Scan using T_i3_gin_jsonb_path_ops],50,12,50,12,,16,0,0,,0,1,17,False,"{""jit"": ""off"", ""max_parallel_workers_per_gather"": ""0""}",measure,T_i3_gin_jsonb_path_ops,12,0,0
I-3,default,1,C3b,jsonb,13,0.041,0.027,,1,Bitmap Heap Scan,Bitmap Heap Scan on T [Bitmap Index Scan using T_i3_gin_jsonb_path_ops],50,12,50,12,,16,0,0,,0,1,17,False,"{""jit"": ""off"", ""max_parallel_workers_per_gather"": ""0""}",measure,T_i3_gin_jsonb_path_ops,12,0,0
I-3,default,1,C3b,jsonb,14,0.061,0.029,,1,Bitmap Heap Scan,Bitmap Heap Scan on T [Bitmap Index Scan using T_i3_gin_jsonb_path_ops],50,12,50,12,,16,0,0,,0,1,17,False,"{""jit"": ""off"", ""max_parallel_workers_per_gather"": ""0""}",measure,T_i3_gin_jsonb_path_ops,12,0,0
I-3,default,1,C3b,jsonb,15,0.041,0.027,,1,Bitmap Heap Scan,Bitmap Heap Scan on T [Bitmap Index Scan using T_i3_gin_jsonb_path_ops],50,12,50,12,,16,0,0,,0,1,17,False,"{""jit"": ""off"", ""max_parallel_workers_per_gather"": ""0""}",measure,T_i3_gin_jsonb_path_ops,12,0,0
I-3,default,1,C3b,jsonb,1,0.04,0.027,0.001,1,Bitmap Heap Scan,Bitmap Heap Scan on T [Bitmap Index Scan using T_i3_gin_jsonb_path_ops],50,12,50,12,,16,0,0,,0,1,17,False,"{""jit"": ""off"", ""max_parallel_workers_per_gather"": ""0""}",detail,T_i3_gin_jsonb_path_ops,12,0,0
I-3,default,1,Q21,jsonb,1,0.035,12.519,,1,Seq Scan,Seq Scan on T,2500,30,2500,30,4970,981,0,0,,0,0,15,False,"{""jit"": ""off"", ""max_parallel_workers_per_gather"": ""0""}",warmup,-,,,
I-3,default,1,Q21,jsonb,2,0.057,15.227,,1,Seq Scan,Seq Scan on T,2500,30,2500,30,4970,981,0,0,,0,0,15,False,"{""jit"": ""off"", ""max_parallel_workers_per_gather"": ""0""}",warmup,-,,,
I-3,default,1,Q21,jsonb,3,0.065,12.604,,1,Seq Scan,Seq Scan on T,2500,30,2500,30,4970,981,0,0,,0,0,15,False,"{""jit"": ""off"", ""max_parallel_workers_per_gather"": ""0""}",warmup,-,,,
I-3,default,1,Q21,jsonb,1,0.059,14.322,,1,Seq Scan,Seq Scan on T,2500,30,2500,30,4970,981,0,0,,0,0,15,False,"{""jit"": ""off"", ""max_parallel_workers_per_gather"": ""0""}",measure,-,,,
I-3,default,1,Q21,jsonb,2,0.062,15.118,,1,Seq Scan,Seq Scan on T,2500,30,2500,30,4970,981,0,0,,0,0,15,False,"{""jit"": ""off"", ""max_parallel_workers_per_gather"": ""0""}",measure,-,,,
I-3,default,1,Q21,jsonb,3,0.081,14.253,,1,Seq Scan,Seq Scan on T,2500,30,2500,30,4970,981,0,0,,0,0,15,False,"{""jit"": ""off"", ""max_parallel_workers_per_gather"": ""0""}",measure,-,,,
I-3,default,1,Q21,jsonb,4,0.067,14.365,,1,Seq Scan,Seq Scan on T,2500,30,2500,30,4970,981,0,0,,0,0,15,False,"{""jit"": ""off"", ""max_parallel_workers_per_gather"": ""0""}",measure,-,,,
I-3,default,1,Q21,jsonb,5,0.147,13.695,,1,Seq Scan,Seq Scan on T,2500,30,2500,30,4970,981,0,0,,0,0,15,False,"{""jit"": ""off"", ""max_parallel_workers_per_gather"": ""0""}",measure,-,,,
I-3,default,1,Q21,jsonb,6,0.07,13.429,,1,Seq Scan,Seq Scan on T,2500,30,2500,30,4970,981,0,0,,0,0,15,False,"{""jit"": ""off"", ""max_parallel_workers_per_gather"": ""0""}",measure,-,,,
I-3,default,1,Q21,jsonb,7,0.067,13.482,,1,Seq Scan,Seq Scan on T,2500,30,2500,30,4970,981,0,0,,0,0,15,False,"{""jit"": ""off"", ""max_parallel_workers_per_gather"": ""0""}",measure,-,,,
I-3,default,1,Q21,jsonb,8,0.072,14.373,,1,Seq Scan,Seq Scan on T,2500,30,2500,30,4970,981,0,0,,0,0,15,False,"{""jit"": ""off"", ""max_parallel_workers_per_gather"": ""0""}",measure,-,,,
I-3,default,1,Q21,jsonb,9,0.073,13.445,,1,Seq Scan,Seq Scan on T,2500,30,2500,30,4970,981,0,0,,0,0,15,False,"{""jit"": ""off"", ""max_parallel_workers_per_gather"": ""0""}",measure,-,,,
I-3,default,1,Q21,jsonb,10,0.064,14.041,,1,Seq Scan,Seq Scan on T,2500,30,2500,30,4970,981,0,0,,0,0,15,False,"{""jit"": ""off"", ""max_parallel_workers_per_gather"": ""0""}",measure,-,,,
I-3,default,1,Q21,jsonb,11,0.07,14.903,,1,Seq Scan,Seq Scan on T,2500,30,2500,30,4970,981,0,0,,0,0,15,False,"{""jit"": ""off"", ""max_parallel_workers_per_gather"": ""0""}",measure,-,,,
I-3,default,1,Q21,jsonb,12,0.07,15.123,,1,Seq Scan,Seq Scan on T,2500,30,2500,30,4970,981,0,0,,0,0,15,False,"{""jit"": ""off"", ""max_parallel_workers_per_gather"": ""0""}",measure,-,,,
I-3,default,1,Q21,jsonb,13,0.066,13.366,,1,Seq Scan,Seq Scan on T,2500,30,2500,30,4970,981,0,0,,0,0,15,False,"{""jit"": ""off"", ""max_parallel_workers_per_gather"": ""0""}",measure,-,,,
I-3,default,1,Q21,jsonb,14,0.065,14.607,,1,Seq Scan,Seq Scan on T,2500,30,2500,30,4970,981,0,0,,0,0,15,False,"{""jit"": ""off"", ""max_parallel_workers_per_gather"": ""0""}",measure,-,,,
I-3,default,1,Q21,jsonb,15,0.066,13.464,,1,Seq Scan,Seq Scan on T,2500,30,2500,30,4970,981,0,0,,0,0,15,False,"{""jit"": ""off"", ""max_parallel_workers_per_gather"": ""0""}",measure,-,,,
I-3,default,1,Q21,jsonb,1,0.11,13.365,0.006,1,Seq Scan,Seq Scan on T,2500,30,2500,30,4970,981,0,0,,0,0,15,False,"{""jit"": ""off"", ""max_parallel_workers_per_gather"": ""0""}",detail,-,,,
I-3,forced,1,C1,jsonb,1,0.154,0.052,,1,Bitmap Heap Scan,Bitmap Heap Scan on T [Bitmap Index Scan using T_i3_gin_jsonb_path_ops],50,12,50,12,,16,0,0,,0,1,17,False,"{""enable_seqscan"": ""off"", ""jit"": ""off"", ""max_parallel_workers_per_gather"": ""0""}",warmup,T_i3_gin_jsonb_path_ops,12,0,0
I-3,forced,1,C1,jsonb,2,0.057,0.034,,1,Bitmap Heap Scan,Bitmap Heap Scan on T [Bitmap Index Scan using T_i3_gin_jsonb_path_ops],50,12,50,12,,16,0,0,,0,1,17,False,"{""enable_seqscan"": ""off"", ""jit"": ""off"", ""max_parallel_workers_per_gather"": ""0""}",warmup,T_i3_gin_jsonb_path_ops,12,0,0
I-3,forced,1,C1,jsonb,3,0.148,0.077,,1,Bitmap Heap Scan,Bitmap Heap Scan on T [Bitmap Index Scan using T_i3_gin_jsonb_path_ops],50,12,50,12,,16,0,0,,0,1,17,False,"{""enable_seqscan"": ""off"", ""jit"": ""off"", ""max_parallel_workers_per_gather"": ""0""}",warmup,T_i3_gin_jsonb_path_ops,12,0,0
I-3,forced,1,C1,jsonb,1,0.079,0.05,,1,Bitmap Heap Scan,Bitmap Heap Scan on T [Bitmap Index Scan using T_i3_gin_jsonb_path_ops],50,12,50,12,,16,0,0,,0,1,17,False,"{""enable_seqscan"": ""off"", ""jit"": ""off"", ""max_parallel_workers_per_gather"": ""0""}",measure,T_i3_gin_jsonb_path_ops,12,0,0
I-3,forced,1,C1,jsonb,2,0.089,0.043,,1,Bitmap Heap Scan,Bitmap Heap Scan on T [Bitmap Index Scan using T_i3_gin_jsonb_path_ops],50,12,50,12,,16,0,0,,0,1,17,False,"{""enable_seqscan"": ""off"", ""jit"": ""off"", ""max_parallel_workers_per_gather"": ""0""}",measure,T_i3_gin_jsonb_path_ops,12,0,0
I-3,forced,1,C1,jsonb,3,0.052,0.031,,1,Bitmap Heap Scan,Bitmap Heap Scan on T [Bitmap Index Scan using T_i3_gin_jsonb_path_ops],50,12,50,12,,16,0,0,,0,1,17,False,"{""enable_seqscan"": ""off"", ""jit"": ""off"", ""max_parallel_workers_per_gather"": ""0""}",measure,T_i3_gin_jsonb_path_ops,12,0,0
I-3,forced,1,C1,jsonb,4,0.049,0.03,,1,Bitmap Heap Scan,Bitmap Heap Scan on T [Bitmap Index Scan using T_i3_gin_jsonb_path_ops],50,12,50,12,,16,0,0,,0,1,17,False,"{""enable_seqscan"": ""off"", ""jit"": ""off"", ""max_parallel_workers_per_gather"": ""0""}",measure,T_i3_gin_jsonb_path_ops,12,0,0
I-3,forced,1,C1,jsonb,5,0.047,0.03,,1,Bitmap Heap Scan,Bitmap Heap Scan on T [Bitmap Index Scan using T_i3_gin_jsonb_path_ops],50,12,50,12,,16,0,0,,0,1,17,False,"{""enable_seqscan"": ""off"", ""jit"": ""off"", ""max_parallel_workers_per_gather"": ""0""}",measure,T_i3_gin_jsonb_path_ops,12,0,0
I-3,forced,1,C1,jsonb,6,0.107,0.087,,1,Bitmap Heap Scan,Bitmap Heap Scan on T [Bitmap Index Scan using T_i3_gin_jsonb_path_ops],50,12,50,12,,16,0,0,,0,1,17,False,"{""enable_seqscan"": ""off"", ""jit"": ""off"", ""max_parallel_workers_per_gather"": ""0""}",measure,T_i3_gin_jsonb_path_ops,12,0,0
I-3,forced,1,C1,jsonb,7,0.058,0.035,,1,Bitmap Heap Scan,Bitmap Heap Scan on T [Bitmap Index Scan using T_i3_gin_jsonb_path_ops],50,12,50,12,,16,0,0,,0,1,17,False,"{""enable_seqscan"": ""off"", ""jit"": ""off"", ""max_parallel_workers_per_gather"": ""0""}",measure,T_i3_gin_jsonb_path_ops,12,0,0
I-3,forced,1,C1,jsonb,8,0.047,0.03,,1,Bitmap Heap Scan,Bitmap Heap Scan on T [Bitmap Index Scan using T_i3_gin_jsonb_path_ops],50,12,50,12,,16,0,0,,0,1,17,False,"{""enable_seqscan"": ""off"", ""jit"": ""off"", ""max_parallel_workers_per_gather"": ""0""}",measure,T_i3_gin_jsonb_path_ops,12,0,0
I-3,forced,1,C1,jsonb,9,0.085,0.029,,1,Bitmap Heap Scan,Bitmap Heap Scan on T [Bitmap Index Scan using T_i3_gin_jsonb_path_ops],50,12,50,12,,16,0,0,,0,1,17,False,"{""enable_seqscan"": ""off"", ""jit"": ""off"", ""max_parallel_workers_per_gather"": ""0""}",measure,T_i3_gin_jsonb_path_ops,12,0,0
I-3,forced,1,C1,jsonb,10,0.045,0.029,,1,Bitmap Heap Scan,Bitmap Heap Scan on T [Bitmap Index Scan using T_i3_gin_jsonb_path_ops],50,12,50,12,,16,0,0,,0,1,17,False,"{""enable_seqscan"": ""off"", ""jit"": ""off"", ""max_parallel_workers_per_gather"": ""0""}",measure,T_i3_gin_jsonb_path_ops,12,0,0
I-3,forced,1,C1,jsonb,11,0.085,0.046,,1,Bitmap Heap Scan,Bitmap Heap Scan on T [Bitmap Index Scan using T_i3_gin_jsonb_path_ops],50,12,50,12,,16,0,0,,0,1,17,False,"{""enable_seqscan"": ""off"", ""jit"": ""off"", ""max_parallel_workers_per_gather"": ""0""}",measure,T_i3_gin_jsonb_path_ops,12,0,0
I-3,forced,1,C1,jsonb,12,0.046,0.029,,1,Bitmap Heap Scan,Bitmap Heap Scan on T [Bitmap Index Scan using T_i3_gin_jsonb_path_ops],50,12,50,12,,16,0,0,,0,1,17,False,"{""enable_seqscan"": ""off"", ""jit"": ""off"", ""max_parallel_workers_per_gather"": ""0""}",measure,T_i3_gin_jsonb_path_ops,12,0,0
I-3,forced,1,C1,jsonb,13,0.045,0.028,,1,Bitmap Heap Scan,Bitmap Heap Scan on T [Bitmap Index Scan using T_i3_gin_jsonb_path_ops],50,12,50,12,,16,0,0,,0,1,17,False,"{""enable_seqscan"": ""off"", ""jit"": ""off"", ""max_parallel_workers_per_gather"": ""0""}",measure,T_i3_gin_jsonb_path_ops,12,0,0
I-3,forced,1,C1,jsonb,14,0.044,0.028,,1,Bitmap Heap Scan,Bitmap Heap Scan on T [Bitmap Index Scan using T_i3_gin_jsonb_path_ops],50,12,50,12,,16,0,0,,0,1,17,False,"{""enable_seqscan"": ""off"", ""jit"": ""off"", ""max_parallel_workers_per_gather"": ""0""}",measure,T_i3_gin_jsonb_path_ops,12,0,0
I-3,forced,1,C1,jsonb,15,0.044,0.028,,1,Bitmap Heap Scan,Bitmap Heap Scan on T [Bitmap Index Scan using T_i3_gin_jsonb_path_ops],50,12,50,12,,16,0,0,,0,1,17,False,"{""enable_seqscan"": ""off"", ""jit"": ""off"", ""max_parallel_workers_per_gather"": ""0""}",measure,T_i3_gin_jsonb_path_ops,12,0,0
I-3,forced,1,C1,jsonb,1,0.043,0.028,0.001,1,Bitmap Heap Scan,Bitmap Heap Scan on T [Bitmap Index Scan using T_i3_gin_jsonb_path_ops],50,12,50,12,,16,0,0,,0,1,17,False,"{""enable_seqscan"": ""off"", ""jit"": ""off"", ""max_parallel_workers_per_gather"": ""0""}",detail,T_i3_gin_jsonb_path_ops,12,0,0
I-3,forced,1,C1b,jsonb,1,0.043,0.127,,1,Bitmap Heap Scan,Bitmap Heap Scan on T [Bitmap Index Scan using T_i3_gin_jsonb_path_ops],50,30,50,30,,34,0,0,,0,1,17,False,"{""enable_seqscan"": ""off"", ""jit"": ""off"", ""max_parallel_workers_per_gather"": ""0""}",warmup,T_i3_gin_jsonb_path_ops,30,0,0
I-3,forced,1,C1b,jsonb,2,0.044,0.112,,1,Bitmap Heap Scan,Bitmap Heap Scan on T [Bitmap Index Scan using T_i3_gin_jsonb_path_ops],50,30,50,30,,34,0,0,,0,1,17,False,"{""enable_seqscan"": ""off"", ""jit"": ""off"", ""max_parallel_workers_per_gather"": ""0""}",warmup,T_i3_gin_jsonb_path_ops,30,0,0
I-3,forced,1,C1b,jsonb,3,0.043,0.107,,1,Bitmap Heap Scan,Bitmap Heap Scan on T [Bitmap Index Scan using T_i3_gin_jsonb_path_ops],50,30,50,30,,34,0,0,,0,1,17,False,"{""enable_seqscan"": ""off"", ""jit"": ""off"", ""max_parallel_workers_per_gather"": ""0""}",warmup,T_i3_gin_jsonb_path_ops,30,0,0
I-3,forced,1,C1b,jsonb,1,0.043,0.107,,1,Bitmap Heap Scan,Bitmap Heap Scan on T [Bitmap Index Scan using T_i3_gin_jsonb_path_ops],50,30,50,30,,34,0,0,,0,1,17,False,"{""enable_seqscan"": ""off"", ""jit"": ""off"", ""max_parallel_workers_per_gather"": ""0""}",measure,T_i3_gin_jsonb_path_ops,30,0,0
I-3,forced,1,C1b,jsonb,2,0.042,0.104,,1,Bitmap Heap Scan,Bitmap Heap Scan on T [Bitmap Index Scan using T_i3_gin_jsonb_path_ops],50,30,50,30,,34,0,0,,0,1,17,False,"{""enable_seqscan"": ""off"", ""jit"": ""off"", ""max_parallel_workers_per_gather"": ""0""}",measure,T_i3_gin_jsonb_path_ops,30,0,0
I-3,forced,1,C1b,jsonb,3,0.065,0.104,,1,Bitmap Heap Scan,Bitmap Heap Scan on T [Bitmap Index Scan using T_i3_gin_jsonb_path_ops],50,30,50,30,,34,0,0,,0,1,17,False,"{""enable_seqscan"": ""off"", ""jit"": ""off"", ""max_parallel_workers_per_gather"": ""0""}",measure,T_i3_gin_jsonb_path_ops,30,0,0
I-3,forced,1,C1b,jsonb,4,0.042,0.104,,1,Bitmap Heap Scan,Bitmap Heap Scan on T [Bitmap Index Scan using T_i3_gin_jsonb_path_ops],50,30,50,30,,34,0,0,,0,1,17,False,"{""enable_seqscan"": ""off"", ""jit"": ""off"", ""max_parallel_workers_per_gather"": ""0""}",measure,T_i3_gin_jsonb_path_ops,30,0,0
I-3,forced,1,C1b,jsonb,5,0.046,0.112,,1,Bitmap Heap Scan,Bitmap Heap Scan on T [Bitmap Index Scan using T_i3_gin_jsonb_path_ops],50,30,50,30,,34,0,0,,0,1,17,False,"{""enable_seqscan"": ""off"", ""jit"": ""off"", ""max_parallel_workers_per_gather"": ""0""}",measure,T_i3_gin_jsonb_path_ops,30,0,0
I-3,forced,1,C1b,jsonb,6,0.044,0.107,,1,Bitmap Heap Scan,Bitmap Heap Scan on T [Bitmap Index Scan using T_i3_gin_jsonb_path_ops],50,30,50,30,,34,0,0,,0,1,17,False,"{""enable_seqscan"": ""off"", ""jit"": ""off"", ""max_parallel_workers_per_gather"": ""0""}",measure,T_i3_gin_jsonb_path_ops,30,0,0
I-3,forced,1,C1b,jsonb,7,0.043,0.105,,1,Bitmap Heap Scan,Bitmap Heap Scan on T [Bitmap Index Scan using T_i3_gin_jsonb_path_ops],50,30,50,30,,34,0,0,,0,1,17,False,"{""enable_seqscan"": ""off"", ""jit"": ""off"", ""max_parallel_workers_per_gather"": ""0""}",measure,T_i3_gin_jsonb_path_ops,30,0,0
I-3,forced,1,C1b,jsonb,8,0.043,0.105,,1,Bitmap Heap Scan,Bitmap Heap Scan on T [Bitmap Index Scan using T_i3_gin_jsonb_path_ops],50,30,50,30,,34,0,0,,0,1,17,False,"{""enable_seqscan"": ""off"", ""jit"": ""off"", ""max_parallel_workers_per_gather"": ""0""}",measure,T_i3_gin_jsonb_path_ops,30,0,0
I-3,forced,1,C1b,jsonb,9,0.043,0.105,,1,Bitmap Heap Scan,Bitmap Heap Scan on T [Bitmap Index Scan using T_i3_gin_jsonb_path_ops],50,30,50,30,,34,0,0,,0,1,17,False,"{""enable_seqscan"": ""off"", ""jit"": ""off"", ""max_parallel_workers_per_gather"": ""0""}",measure,T_i3_gin_jsonb_path_ops,30,0,0
I-3,forced,1,C1b,jsonb,10,0.043,0.105,,1,Bitmap Heap Scan,Bitmap Heap Scan on T [Bitmap Index Scan using T_i3_gin_jsonb_path_ops],50,30,50,30,,34,0,0,,0,1,17,False,"{""enable_seqscan"": ""off"", ""jit"": ""off"", ""max_parallel_workers_per_gather"": ""0""}",measure,T_i3_gin_jsonb_path_ops,30,0,0
I-3,forced,1,C1b,jsonb,11,0.043,0.105,,1,Bitmap Heap Scan,Bitmap Heap Scan on T [Bitmap Index Scan using T_i3_gin_jsonb_path_ops],50,30,50,30,,34,0,0,,0,1,17,False,"{""enable_seqscan"": ""off"", ""jit"": ""off"", ""max_parallel_workers_per_gather"": ""0""}",measure,T_i3_gin_jsonb_path_ops,30,0,0
I-3,forced,1,C1b,jsonb,12,0.043,0.105,,1,Bitmap Heap Scan,Bitmap Heap Scan on T [Bitmap Index Scan using T_i3_gin_jsonb_path_ops],50,30,50,30,,34,0,0,,0,1,17,False,"{""enable_seqscan"": ""off"", ""jit"": ""off"", ""max_parallel_workers_per_gather"": ""0""}",measure,T_i3_gin_jsonb_path_ops,30,0,0
I-3,forced,1,C1b,jsonb,13,0.043,0.105,,1,Bitmap Heap Scan,Bitmap Heap Scan on T [Bitmap Index Scan using T_i3_gin_jsonb_path_ops],50,30,50,30,,34,0,0,,0,1,17,False,"{""enable_seqscan"": ""off"", ""jit"": ""off"", ""max_parallel_workers_per_gather"": ""0""}",measure,T_i3_gin_jsonb_path_ops,30,0,0
I-3,forced,1,C1b,jsonb,14,0.05,0.105,,1,Bitmap Heap Scan,Bitmap Heap Scan on T [Bitmap Index Scan using T_i3_gin_jsonb_path_ops],50,30,50,30,,34,0,0,,0,1,17,False,"{""enable_seqscan"": ""off"", ""jit"": ""off"", ""max_parallel_workers_per_gather"": ""0""}",measure,T_i3_gin_jsonb_path_ops,30,0,0
I-3,forced,1,C1b,jsonb,15,0.043,0.105,,1,Bitmap Heap Scan,Bitmap Heap Scan on T [Bitmap Index Scan using T_i3_gin_jsonb_path_ops],50,30,50,30,,34,0,0,,0,1,17,False,"{""enable_seqscan"": ""off"", ""jit"": ""off"", ""max_parallel_workers_per_gather"": ""0""}",measure,T_i3_gin_jsonb_path_ops,30,0,0
I-3,forced,1,C1b,jsonb,1,0.043,0.107,0.003,1,Bitmap Heap Scan,Bitmap Heap Scan on T [Bitmap Index Scan using T_i3_gin_jsonb_path_ops],50,30,50,30,,34,0,0,,0,1,17,False,"{""enable_seqscan"": ""off"", ""jit"": ""off"", ""max_parallel_workers_per_gather"": ""0""}",detail,T_i3_gin_jsonb_path_ops,30,0,0
I-3,forced,1,C1c,jsonb,1,0.043,0.022,,1,Bitmap Heap Scan,Bitmap Heap Scan on T [Bitmap Index Scan using T_i3_gin_jsonb_path_ops],50,3,50,3,,7,0,0,,0,1,17,False,"{""enable_seqscan"": ""off"", ""jit"": ""off"", ""max_parallel_workers_per_gather"": ""0""}",warmup,T_i3_gin_jsonb_path_ops,3,0,0
I-3,forced,1,C1c,jsonb,2,0.042,0.02,,1,Bitmap Heap Scan,Bitmap Heap Scan on T [Bitmap Index Scan using T_i3_gin_jsonb_path_ops],50,3,50,3,,7,0,0,,0,1,17,False,"{""enable_seqscan"": ""off"", ""jit"": ""off"", ""max_parallel_workers_per_gather"": ""0""}",warmup,T_i3_gin_jsonb_path_ops,3,0,0
I-3,forced,1,C1c,jsonb,3,0.094,0.043,,1,Bitmap Heap Scan,Bitmap Heap Scan on T [Bitmap Index Scan using T_i3_gin_jsonb_path_ops],50,3,50,3,,7,0,0,,0,1,17,False,"{""enable_seqscan"": ""off"", ""jit"": ""off"", ""max_parallel_workers_per_gather"": ""0""}",warmup,T_i3_gin_jsonb_path_ops,3,0,0
I-3,forced,1,C1c,jsonb,1,0.045,0.023,,1,Bitmap Heap Scan,Bitmap Heap Scan on T [Bitmap Index Scan using T_i3_gin_jsonb_path_ops],50,3,50,3,,7,0,0,,0,1,17,False,"{""enable_seqscan"": ""off"", ""jit"": ""off"", ""max_parallel_workers_per_gather"": ""0""}",measure,T_i3_gin_jsonb_path_ops,3,0,0
I-3,forced,1,C1c,jsonb,2,0.043,0.021,,1,Bitmap Heap Scan,Bitmap Heap Scan on T [Bitmap Index Scan using T_i3_gin_jsonb_path_ops],50,3,50,3,,7,0,0,,0,1,17,False,"{""enable_seqscan"": ""off"", ""jit"": ""off"", ""max_parallel_workers_per_gather"": ""0""}",measure,T_i3_gin_jsonb_path_ops,3,0,0
I-3,forced,1,C1c,jsonb,3,0.064,0.023,,1,Bitmap Heap Scan,Bitmap Heap Scan on T [Bitmap Index Scan using T_i3_gin_jsonb_path_ops],50,3,50,3,,7,0,0,,0,1,17,False,"{""enable_seqscan"": ""off"", ""jit"": ""off"", ""max_parallel_workers_per_gather"": ""0""}",measure,T_i3_gin_jsonb_path_ops,3,0,0
I-3,forced,1,C1c,jsonb,4,0.069,0.023,,1,Bitmap Heap Scan,Bitmap Heap Scan on T [Bitmap Index Scan using T_i3_gin_jsonb_path_ops],50,3,50,3,,7,0,0,,0,1,17,False,"{""enable_seqscan"": ""off"", ""jit"": ""off"", ""max_parallel_workers_per_gather"": ""0""}",measure,T_i3_gin_jsonb_path_ops,3,0,0
I-3,forced,1,C1c,jsonb,5,0.061,0.023,,1,Bitmap Heap Scan,Bitmap Heap Scan on T [Bitmap Index Scan using T_i3_gin_jsonb_path_ops],50,3,50,3,,7,0,0,,0,1,17,False,"{""enable_seqscan"": ""off"", ""jit"": ""off"", ""max_parallel_workers_per_gather"": ""0""}",measure,T_i3_gin_jsonb_path_ops,3,0,0
I-3,forced,1,C1c,jsonb,6,0.085,0.033,,1,Bitmap Heap Scan,Bitmap Heap Scan on T [Bitmap Index Scan using T_i3_gin_jsonb_path_ops],50,3,50,3,,7,0,0,,0,1,17,False,"{""enable_seqscan"": ""off"", ""jit"": ""off"", ""max_parallel_workers_per_gather"": ""0""}",measure,T_i3_gin_jsonb_path_ops,3,0,0
I-3,forced,1,C1c,jsonb,7,0.071,0.034,,1,Bitmap Heap Scan,Bitmap Heap Scan on T [Bitmap Index Scan using T_i3_gin_jsonb_path_ops],50,3,50,3,,7,0,0,,0,1,17,False,"{""enable_seqscan"": ""off"", ""jit"": ""off"", ""max_parallel_workers_per_gather"": ""0""}",measure,T_i3_gin_jsonb_path_ops,3,0,0
I-3,forced,1,C1c,jsonb,8,0.07,0.032,,1,Bitmap Heap Scan,Bitmap Heap Scan on T [Bitmap Index Scan using T_i3_gin_jsonb_path_ops],50,3,50,3,,7,0,0,,0,1,17,False,"{""enable_seqscan"": ""off"", ""jit"": ""off"", ""max_parallel_workers_per_gather"": ""0""}",measure,T_i3_gin_jsonb_path_ops,3,0,0
I-3,forced,1,C1c,jsonb,9,0.05,0.025,,1,Bitmap Heap Scan,Bitmap Heap Scan on T [Bitmap Index Scan using T_i3_gin_jsonb_path_ops],50,3,50,3,,7,0,0,,0,1,17,False,"{""enable_seqscan"": ""off"", ""jit"": ""off"", ""max_parallel_workers_per_gather"": ""0""}",measure,T_i3_gin_jsonb_path_ops,3,0,0
I-3,forced,1,C1c,jsonb,10,0.053,0.027,,1,Bitmap Heap Scan,Bitmap Heap Scan on T [Bitmap Index Scan using T_i3_gin_jsonb_path_ops],50,3,50,3,,7,0,0,,0,1,17,False,"{""enable_seqscan"": ""off"", ""jit"": ""off"", ""max_parallel_workers_per_gather"": ""0""}",measure,T_i3_gin_jsonb_path_ops,3,0,0
I-3,forced,1,C1c,jsonb,11,0.049,0.024,,1,Bitmap Heap Scan,Bitmap Heap Scan on T [Bitmap Index Scan using T_i3_gin_jsonb_path_ops],50,3,50,3,,7,0,0,,0,1,17,False,"{""enable_seqscan"": ""off"", ""jit"": ""off"", ""max_parallel_workers_per_gather"": ""0""}",measure,T_i3_gin_jsonb_path_ops,3,0,0
I-3,forced,1,C1c,jsonb,12,0.049,0.024,,1,Bitmap Heap Scan,Bitmap Heap Scan on T [Bitmap Index Scan using T_i3_gin_jsonb_path_ops],50,3,50,3,,7,0,0,,0,1,17,False,"{""enable_seqscan"": ""off"", ""jit"": ""off"", ""max_parallel_workers_per_gather"": ""0""}",measure,T_i3_gin_jsonb_path_ops,3,0,0
I-3,forced,1,C1c,jsonb,13,0.048,0.023,,1,Bitmap Heap Scan,Bitmap Heap Scan on T [Bitmap Index Scan using T_i3_gin_jsonb_path_ops],50,3,50,3,,7,0,0,,0,1,17,False,"{""enable_seqscan"": ""off"", ""jit"": ""off"", ""max_parallel_workers_per_gather"": ""0""}",measure,T_i3_gin_jsonb_path_ops,3,0,0
I-3,forced,1,C1c,jsonb,14,0.048,0.023,,1,Bitmap Heap Scan,Bitmap Heap Scan on T [Bitmap Index Scan using T_i3_gin_jsonb_path_ops],50,3,50,3,,7,0,0,,0,1,17,False,"{""enable_seqscan"": ""off"", ""jit"": ""off"", ""max_parallel_workers_per_gather"": ""0""}",measure,T_i3_gin_jsonb_path_ops,3,0,0
I-3,forced,1,C1c,jsonb,15,0.048,0.023,,1,Bitmap Heap Scan,Bitmap Heap Scan on T [Bitmap Index Scan using T_i3_gin_jsonb_path_ops],50,3,50,3,,7,0,0,,0,1,17,False,"{""enable_seqscan"": ""off"", ""jit"": ""off"", ""max_parallel_workers_per_gather"": ""0""}",measure,T_i3_gin_jsonb_path_ops,3,0,0
I-3,forced,1,C1c,jsonb,1,0.048,0.024,0.001,1,Bitmap Heap Scan,Bitmap Heap Scan on T [Bitmap Index Scan using T_i3_gin_jsonb_path_ops],50,3,50,3,,7,0,0,,0,1,17,False,"{""enable_seqscan"": ""off"", ""jit"": ""off"", ""max_parallel_workers_per_gather"": ""0""}",detail,T_i3_gin_jsonb_path_ops,3,0,0
I-3,forced,1,C1d,jsonb,1,0.047,0.704,,3,Bitmap Heap Scan,Bitmap Heap Scan on T [Bitmap Index Scan using T_i3_gin_jsonb_path_ops],50,225,50,225,,202,0,0,,0,1,17,False,"{""enable_seqscan"": ""off"", ""jit"": ""off"", ""max_parallel_workers_per_gather"": ""0""}",warmup,T_i3_gin_jsonb_path_ops,198,0,0
I-3,forced,1,C1d,jsonb,2,0.045,0.62,,3,Bitmap Heap Scan,Bitmap Heap Scan on T [Bitmap Index Scan using T_i3_gin_jsonb_path_ops],50,225,50,225,,202,0,0,,0,1,17,False,"{""enable_seqscan"": ""off"", ""jit"": ""off"", ""max_parallel_workers_per_gather"": ""0""}",warmup,T_i3_gin_jsonb_path_ops,198,0,0
I-3,forced,1,C1d,jsonb,3,0.064,0.559,,3,Bitmap Heap Scan,Bitmap Heap Scan on T [Bitmap Index Scan using T_i3_gin_jsonb_path_ops],50,225,50,225,,202,0,0,,0,1,17,False,"{""enable_seqscan"": ""off"", ""jit"": ""off"", ""max_parallel_workers_per_gather"": ""0""}",warmup,T_i3_gin_jsonb_path_ops,198,0,0
I-3,forced,1,C1d,jsonb,1,0.088,0.572,,3,Bitmap Heap Scan,Bitmap Heap Scan on T [Bitmap Index Scan using T_i3_gin_jsonb_path_ops],50,225,50,225,,202,0,0,,0,1,17,False,"{""enable_seqscan"": ""off"", ""jit"": ""off"", ""max_parallel_workers_per_gather"": ""0""}",measure,T_i3_gin_jsonb_path_ops,198,0,0
I-3,forced,1,C1d,jsonb,2,0.051,0.549,,3,Bitmap Heap Scan,Bitmap Heap Scan on T [Bitmap Index Scan using T_i3_gin_jsonb_path_ops],50,225,50,225,,202,0,0,,0,1,17,False,"{""enable_seqscan"": ""off"", ""jit"": ""off"", ""max_parallel_workers_per_gather"": ""0""}",measure,T_i3_gin_jsonb_path_ops,198,0,0
I-3,forced,1,C1d,jsonb,3,0.045,0.544,,3,Bitmap Heap Scan,Bitmap Heap Scan on T [Bitmap Index Scan using T_i3_gin_jsonb_path_ops],50,225,50,225,,202,0,0,,0,1,17,False,"{""enable_seqscan"": ""off"", ""jit"": ""off"", ""max_parallel_workers_per_gather"": ""0""}",measure,T_i3_gin_jsonb_path_ops,198,0,0
I-3,forced,1,C1d,jsonb,4,0.045,0.56,,3,Bitmap Heap Scan,Bitmap Heap Scan on T [Bitmap Index Scan using T_i3_gin_jsonb_path_ops],50,225,50,225,,202,0,0,,0,1,17,False,"{""enable_seqscan"": ""off"", ""jit"": ""off"", ""max_parallel_workers_per_gather"": ""0""}",measure,T_i3_gin_jsonb_path_ops,198,0,0
I-3,forced,1,C1d,jsonb,5,0.043,0.52,,3,Bitmap Heap Scan,Bitmap Heap Scan on T [Bitmap Index Scan using T_i3_gin_jsonb_path_ops],50,225,50,225,,202,0,0,,0,1,17,False,"{""enable_seqscan"": ""off"", ""jit"": ""off"", ""max_parallel_workers_per_gather"": ""0""}",measure,T_i3_gin_jsonb_path_ops,198,0,0
I-3,forced,1,C1d,jsonb,6,0.043,0.527,,3,Bitmap Heap Scan,Bitmap Heap Scan on T [Bitmap Index Scan using T_i3_gin_jsonb_path_ops],50,225,50,225,,202,0,0,,0,1,17,False,"{""enable_seqscan"": ""off"", ""jit"": ""off"", ""max_parallel_workers_per_gather"": ""0""}",measure,T_i3_gin_jsonb_path_ops,198,0,0
I-3,forced,1,C1d,jsonb,7,0.043,0.518,,3,Bitmap Heap Scan,Bitmap Heap Scan on T [Bitmap Index Scan using T_i3_gin_jsonb_path_ops],50,225,50,225,,202,0,0,,0,1,17,False,"{""enable_seqscan"": ""off"", ""jit"": ""off"", ""max_parallel_workers_per_gather"": ""0""}",measure,T_i3_gin_jsonb_path_ops,198,0,0
I-3,forced,1,C1d,jsonb,8,0.043,0.57,,3,Bitmap Heap Scan,Bitmap Heap Scan on T [Bitmap Index Scan using T_i3_gin_jsonb_path_ops],50,225,50,225,,202,0,0,,0,1,17,False,"{""enable_seqscan"": ""off"", ""jit"": ""off"", ""max_parallel_workers_per_gather"": ""0""}",measure,T_i3_gin_jsonb_path_ops,198,0,0
I-3,forced,1,C1d,jsonb,9,0.138,0.709,,3,Bitmap Heap Scan,Bitmap Heap Scan on T [Bitmap Index Scan using T_i3_gin_jsonb_path_ops],50,225,50,225,,202,0,0,,0,1,17,False,"{""enable_seqscan"": ""off"", ""jit"": ""off"", ""max_parallel_workers_per_gather"": ""0""}",measure,T_i3_gin_jsonb_path_ops,198,0,0
I-3,forced,1,C1d,jsonb,10,0.049,0.59,,3,Bitmap Heap Scan,Bitmap Heap Scan on T [Bitmap Index Scan using T_i3_gin_jsonb_path_ops],50,225,50,225,,202,0,0,,0,1,17,False,"{""enable_seqscan"": ""off"", ""jit"": ""off"", ""max_parallel_workers_per_gather"": ""0""}",measure,T_i3_gin_jsonb_path_ops,198,0,0
I-3,forced,1,C1d,jsonb,11,0.087,0.641,,3,Bitmap Heap Scan,Bitmap Heap Scan on T [Bitmap Index Scan using T_i3_gin_jsonb_path_ops],50,225,50,225,,202,0,0,,0,1,17,False,"{""enable_seqscan"": ""off"", ""jit"": ""off"", ""max_parallel_workers_per_gather"": ""0""}",measure,T_i3_gin_jsonb_path_ops,198,0,0
I-3,forced,1,C1d,jsonb,12,0.045,0.527,,3,Bitmap Heap Scan,Bitmap Heap Scan on T [Bitmap Index Scan using T_i3_gin_jsonb_path_ops],50,225,50,225,,202,0,0,,0,1,17,False,"{""enable_seqscan"": ""off"", ""jit"": ""off"", ""max_parallel_workers_per_gather"": ""0""}",measure,T_i3_gin_jsonb_path_ops,198,0,0
I-3,forced,1,C1d,jsonb,13,0.044,0.518,,3,Bitmap Heap Scan,Bitmap Heap Scan on T [Bitmap Index Scan using T_i3_gin_jsonb_path_ops],50,225,50,225,,202,0,0,,0,1,17,False,"{""enable_seqscan"": ""off"", ""jit"": ""off"", ""max_parallel_workers_per_gather"": ""0""}",measure,T_i3_gin_jsonb_path_ops,198,0,0
I-3,forced,1,C1d,jsonb,14,0.043,0.516,,3,Bitmap Heap Scan,Bitmap Heap Scan on T [Bitmap Index Scan using T_i3_gin_jsonb_path_ops],50,225,50,225,,202,0,0,,0,1,17,False,"{""enable_seqscan"": ""off"", ""jit"": ""off"", ""max_parallel_workers_per_gather"": ""0""}",measure,T_i3_gin_jsonb_path_ops,198,0,0
I-3,forced,1,C1d,jsonb,15,0.043,0.517,,3,Bitmap Heap Scan,Bitmap Heap Scan on T [Bitmap Index Scan using T_i3_gin_jsonb_path_ops],50,225,50,225,,202,0,0,,0,1,17,False,"{""enable_seqscan"": ""off"", ""jit"": ""off"", ""max_parallel_workers_per_gather"": ""0""}",measure,T_i3_gin_jsonb_path_ops,198,0,0
I-3,forced,1,C1d,jsonb,1,0.042,0.585,0.014,3,Bitmap Heap Scan,Bitmap Heap Scan on T [Bitmap Index Scan using T_i3_gin_jsonb_path_ops],50,225,50,225,,202,0,0,,0,1,17,False,"{""enable_seqscan"": ""off"", ""jit"": ""off"", ""max_parallel_workers_per_gather"": ""0""}",detail,T_i3_gin_jsonb_path_ops,198,0,0
I-3,forced,1,C2,jsonb,1,0.04,11.327,,1,Seq Scan,Seq Scan on T,50,3,50,3,4997,981,0,0,,0,0,16,False,"{""enable_seqscan"": ""off"", ""jit"": ""off"", ""max_parallel_workers_per_gather"": ""0""}",warmup,-,,,
I-3,forced,1,C2,jsonb,2,0.075,11.564,,1,Seq Scan,Seq Scan on T,50,3,50,3,4997,981,0,0,,0,0,16,False,"{""enable_seqscan"": ""off"", ""jit"": ""off"", ""max_parallel_workers_per_gather"": ""0""}",warmup,-,,,
I-3,forced,1,C2,jsonb,3,0.054,11.699,,1,Seq Scan,Seq Scan on T,50,3,50,3,4997,981,0,0,,0,0,16,False,"{""enable_seqscan"": ""off"", ""jit"": ""off"", ""max_parallel_workers_per_gather"": ""0""}",warmup,-,,,
I-3,forced,1,C2,jsonb,1,0.066,11.784,,1,Seq Scan,Seq Scan on T,50,3,50,3,4997,981,0,0,,0,0,16,False,"{""enable_seqscan"": ""off"", ""jit"": ""off"", ""max_parallel_workers_per_gather"": ""0""}",measure,-,,,
I-3,forced,1,C2,jsonb,2,0.062,11.514,,1,Seq Scan,Seq Scan on T,50,3,50,3,4997,981,0,0,,0,0,16,False,"{""enable_seqscan"": ""off"", ""jit"": ""off"", ""max_parallel_workers_per_gather"": ""0""}",measure,-,,,
I-3,forced,1,C2,jsonb,3,0.073,11.653,,1,Seq Scan,Seq Scan on T,50,3,50,3,4997,981,0,0,,0,0,16,False,"{""enable_seqscan"": ""off"", ""jit"": ""off"", ""max_parallel_workers_per_gather"": ""0""}",measure,-,,,
I-3,forced,1,C2,jsonb,4,0.134,12.704,,1,Seq Scan,Seq Scan on T,50,3,50,3,4997,981,0,0,,0,0,16,False,"{""enable_seqscan"": ""off"", ""jit"": ""off"", ""max_parallel_workers_per_gather"": ""0""}",measure,-,,,
I-3,forced,1,C2,jsonb,5,0.071,11.976,,1,Seq Scan,Seq Scan on T,50,3,50,3,4997,981,0,0,,0,0,16,False,"{""enable_seqscan"": ""off"", ""jit"": ""off"", ""max_parallel_workers_per_gather"": ""0""}",measure,-,,,
I-3,forced,1,C2,jsonb,6,0.068,11.557,,1,Seq Scan,Seq Scan on T,50,3,50,3,4997,981,0,0,,0,0,16,False,"{""enable_seqscan"": ""off"", ""jit"": ""off"", ""max_parallel_workers_per_gather"": ""0""}",measure,-,,,
I-3,forced,1,C2,jsonb,7,0.06,11.396,,1,Seq Scan,Seq Scan on T,50,3,50,3,4997,981,0,0,,0,0,16,False,"{""enable_seqscan"": ""off"", ""jit"": ""off"", ""max_parallel_workers_per_gather"": ""0""}",measure,-,,,
I-3,forced,1,C2,jsonb,8,0.066,11.268,,1,Seq Scan,Seq Scan on T,50,3,50,3,4997,981,0,0,,0,0,16,False,"{""enable_seqscan"": ""off"", ""jit"": ""off"", ""max_parallel_workers_per_gather"": ""0""}",measure,-,,,
I-3,forced,1,C2,jsonb,9,0.059,10.642,,1,Seq Scan,Seq Scan on T,50,3,50,3,4997,981,0,0,,0,0,16,False,"{""enable_seqscan"": ""off"", ""jit"": ""off"", ""max_parallel_workers_per_gather"": ""0""}",measure,-,,,
I-3,forced,1,C2,jsonb,10,0.096,11.477,,1,Seq Scan,Seq Scan on T,50,3,50,3,4997,981,0,0,,0,0,16,False,"{""enable_seqscan"": ""off"", ""jit"": ""off"", ""max_parallel_workers_per_gather"": ""0""}",measure,-,,,
I-3,forced,1,C2,jsonb,11,0.063,11.365,,1,Seq Scan,Seq Scan on T,50,3,50,3,4997,981,0,0,,0,0,16,False,"{""enable_seqscan"": ""off"", ""jit"": ""off"", ""max_parallel_workers_per_gather"": ""0""}",measure,-,,,
I-3,forced,1,C2,jsonb,12,0.065,11.109,,1,Seq Scan,Seq Scan on T,50,3,50,3,4997,981,0,0,,0,0,16,False,"{""enable_seqscan"": ""off"", ""jit"": ""off"", ""max_parallel_workers_per_gather"": ""0""}",measure,-,,,
I-3,forced,1,C2,jsonb,13,0.064,11.427,,1,Seq Scan,Seq Scan on T,50,3,50,3,4997,981,0,0,,0,0,16,False,"{""enable_seqscan"": ""off"", ""jit"": ""off"", ""max_parallel_workers_per_gather"": ""0""}",measure,-,,,
I-3,forced,1,C2,jsonb,14,0.06,14.006,,1,Seq Scan,Seq Scan on T,50,3,50,3,4997,981,0,0,,0,0,16,False,"{""enable_seqscan"": ""off"", ""jit"": ""off"", ""max_parallel_workers_per_gather"": ""0""}",measure,-,,,
I-3,forced,1,C2,jsonb,15,0.08,13.017,,1,Seq Scan,Seq Scan on T,50,3,50,3,4997,981,0,0,,0,0,16,False,"{""enable_seqscan"": ""off"", ""jit"": ""off"", ""max_parallel_workers_per_gather"": ""0""}",measure,-,,,
I-3,forced,1,C2,jsonb,1,0.259,15.041,0.009,1,Seq Scan,Seq Scan on T,50,3,50,3,4997,981,0,0,,0,0,16,False,"{""enable_seqscan"": ""off"", ""jit"": ""off"", ""max_parallel_workers_per_gather"": ""0""}",detail,-,,,
I-3,forced,1,C3,jsonb,1,0.154,0.25,,1,Bitmap Heap Scan,Bitmap Heap Scan on T [Bitmap Index Scan using T_i3_gin_jsonb_path_ops],50,30,50,30,,34,0,0,,0,1,17,False,"{""enable_seqscan"": ""off"", ""jit"": ""off"", ""max_parallel_workers_per_gather"": ""0""}",warmup,T_i3_gin_jsonb_path_ops,30,0,0
I-3,forced,1,C3,jsonb,2,0.055,0.14,,1,Bitmap Heap Scan,Bitmap Heap Scan on T [Bitmap Index Scan using T_i3_gin_jsonb_path_ops],50,30,50,30,,34,0,0,,0,1,17,False,"{""enable_seqscan"": ""off"", ""jit"": ""off"", ""max_parallel_workers_per_gather"": ""0""}",warmup,T_i3_gin_jsonb_path_ops,30,0,0
I-3,forced,1,C3,jsonb,3,0.067,0.133,,1,Bitmap Heap Scan,Bitmap Heap Scan on T [Bitmap Index Scan using T_i3_gin_jsonb_path_ops],50,30,50,30,,34,0,0,,0,1,17,False,"{""enable_seqscan"": ""off"", ""jit"": ""off"", ""max_parallel_workers_per_gather"": ""0""}",warmup,T_i3_gin_jsonb_path_ops,30,0,0
I-3,forced,1,C3,jsonb,1,0.051,0.111,,1,Bitmap Heap Scan,Bitmap Heap Scan on T [Bitmap Index Scan using T_i3_gin_jsonb_path_ops],50,30,50,30,,34,0,0,,0,1,17,False,"{""enable_seqscan"": ""off"", ""jit"": ""off"", ""max_parallel_workers_per_gather"": ""0""}",measure,T_i3_gin_jsonb_path_ops,30,0,0
I-3,forced,1,C3,jsonb,2,0.045,0.109,,1,Bitmap Heap Scan,Bitmap Heap Scan on T [Bitmap Index Scan using T_i3_gin_jsonb_path_ops],50,30,50,30,,34,0,0,,0,1,17,False,"{""enable_seqscan"": ""off"", ""jit"": ""off"", ""max_parallel_workers_per_gather"": ""0""}",measure,T_i3_gin_jsonb_path_ops,30,0,0
I-3,forced,1,C3,jsonb,3,0.046,0.108,,1,Bitmap Heap Scan,Bitmap Heap Scan on T [Bitmap Index Scan using T_i3_gin_jsonb_path_ops],50,30,50,30,,34,0,0,,0,1,17,False,"{""enable_seqscan"": ""off"", ""jit"": ""off"", ""max_parallel_workers_per_gather"": ""0""}",measure,T_i3_gin_jsonb_path_ops,30,0,0
I-3,forced,1,C3,jsonb,4,0.044,0.131,,1,Bitmap Heap Scan,Bitmap Heap Scan on T [Bitmap Index Scan using T_i3_gin_jsonb_path_ops],50,30,50,30,,34,0,0,,0,1,17,False,"{""enable_seqscan"": ""off"", ""jit"": ""off"", ""max_parallel_workers_per_gather"": ""0""}",measure,T_i3_gin_jsonb_path_ops,30,0,0
I-3,forced,1,C3,jsonb,5,0.044,0.11,,1,Bitmap Heap Scan,Bitmap Heap Scan on T [Bitmap Index Scan using T_i3_gin_jsonb_path_ops],50,30,50,30,,34,0,0,,0,1,17,False,"{""enable_seqscan"": ""off"", ""jit"": ""off"", ""max_parallel_workers_per_gather"": ""0""}",measure,T_i3_gin_jsonb_path_ops,30,0,0
I-3,forced,1,C3,jsonb,6,0.043,0.108,,1,Bitmap Heap Scan,Bitmap Heap Scan on T [Bitmap Index Scan using T_i3_gin_jsonb_path_ops],50,30,50,30,,34,0,0,,0,1,17,False,"{""enable_seqscan"": ""off"", ""jit"": ""off"", ""max_parallel_workers_per_gather"": ""0""}",measure,T_i3_gin_jsonb_path_ops,30,0,0
I-3,forced,1,C3,jsonb,7,0.045,0.143,,1,Bitmap Heap Scan,Bitmap Heap Scan on T [Bitmap Index Scan using T_i3_gin_jsonb_path_ops],50,30,50,30,,34,0,0,,0,1,17,False,"{""enable_seqscan"": ""off"", ""jit"": ""off"", ""max_parallel_workers_per_gather"": ""0""}",measure,T_i3_gin_jsonb_path_ops,30,0,0
I-3,forced,1,C3,jsonb,8,0.044,0.108,,1,Bitmap Heap Scan,Bitmap Heap Scan on T [Bitmap Index Scan using T_i3_gin_jsonb_path_ops],50,30,50,30,,34,0,0,,0,1,17,False,"{""enable_seqscan"": ""off"", ""jit"": ""off"", ""max_parallel_workers_per_gather"": ""0""}",measure,T_i3_gin_jsonb_path_ops,30,0,0
I-3,forced,1,C3,jsonb,9,0.048,0.116,,1,Bitmap Heap Scan,Bitmap Heap Scan on T [Bitmap Index Scan using T_i3_gin_jsonb_path_ops],50,30,50,30,,34,0,0,,0,1,17,False,"{""enable_seqscan"": ""off"", ""jit"": ""off"", ""max_parallel_workers_per_gather"": ""0""}",measure,T_i3_gin_jsonb_path_ops,30,0,0
I-3,forced,1,C3,jsonb,10,0.045,0.11,,1,Bitmap Heap Scan,Bitmap Heap Scan on T [Bitmap Index Scan using T_i3_gin_jsonb_path_ops],50,30,50,30,,34,0,0,,0,1,17,False,"{""enable_seqscan"": ""off"", ""jit"": ""off"", ""max_parallel_workers_per_gather"": ""0""}",measure,T_i3_gin_jsonb_path_ops,30,0,0
I-3,forced,1,C3,jsonb,11,0.103,0.163,,1,Bitmap Heap Scan,Bitmap Heap Scan on T [Bitmap Index Scan using T_i3_gin_jsonb_path_ops],50,30,50,30,,34,0,0,,0,1,17,False,"{""enable_seqscan"": ""off"", ""jit"": ""off"", ""max_parallel_workers_per_gather"": ""0""}",measure,T_i3_gin_jsonb_path_ops,30,0,0
I-3,forced,1,C3,jsonb,12,0.043,0.105,,1,Bitmap Heap Scan,Bitmap Heap Scan on T [Bitmap Index Scan using T_i3_gin_jsonb_path_ops],50,30,50,30,,34,0,0,,0,1,17,False,"{""enable_seqscan"": ""off"", ""jit"": ""off"", ""max_parallel_workers_per_gather"": ""0""}",measure,T_i3_gin_jsonb_path_ops,30,0,0
I-3,forced,1,C3,jsonb,13,0.043,0.106,,1,Bitmap Heap Scan,Bitmap Heap Scan on T [Bitmap Index Scan using T_i3_gin_jsonb_path_ops],50,30,50,30,,34,0,0,,0,1,17,False,"{""enable_seqscan"": ""off"", ""jit"": ""off"", ""max_parallel_workers_per_gather"": ""0""}",measure,T_i3_gin_jsonb_path_ops,30,0,0
I-3,forced,1,C3,jsonb,14,0.043,0.106,,1,Bitmap Heap Scan,Bitmap Heap Scan on T [Bitmap Index Scan using T_i3_gin_jsonb_path_ops],50,30,50,30,,34,0,0,,0,1,17,False,"{""enable_seqscan"": ""off"", ""jit"": ""off"", ""max_parallel_workers_per_gather"": ""0""}",measure,T_i3_gin_jsonb_path_ops,30,0,0
I-3,forced,1,C3,jsonb,15,0.066,0.186,,1,Bitmap Heap Scan,Bitmap Heap Scan on T [Bitmap Index Scan using T_i3_gin_jsonb_path_ops],50,30,50,30,,34,0,0,,0,1,17,False,"{""enable_seqscan"": ""off"", ""jit"": ""off"", ""max_parallel_workers_per_gather"": ""0""}",measure,T_i3_gin_jsonb_path_ops,30,0,0
I-3,forced,1,C3,jsonb,1,0.097,0.223,0.003,1,Bitmap Heap Scan,Bitmap Heap Scan on T [Bitmap Index Scan using T_i3_gin_jsonb_path_ops],50,30,50,30,,34,0,0,,0,1,17,False,"{""enable_seqscan"": ""off"", ""jit"": ""off"", ""max_parallel_workers_per_gather"": ""0""}",detail,T_i3_gin_jsonb_path_ops,30,0,0
I-3,forced,1,C3b,jsonb,1,0.086,0.077,,1,Bitmap Heap Scan,Bitmap Heap Scan on T [Bitmap Index Scan using T_i3_gin_jsonb_path_ops],50,12,50,12,,16,0,0,,0,1,17,False,"{""enable_seqscan"": ""off"", ""jit"": ""off"", ""max_parallel_workers_per_gather"": ""0""}",warmup,T_i3_gin_jsonb_path_ops,12,0,0
I-3,forced,1,C3b,jsonb,2,0.073,0.038,,1,Bitmap Heap Scan,Bitmap Heap Scan on T [Bitmap Index Scan using T_i3_gin_jsonb_path_ops],50,12,50,12,,16,0,0,,0,1,17,False,"{""enable_seqscan"": ""off"", ""jit"": ""off"", ""max_parallel_workers_per_gather"": ""0""}",warmup,T_i3_gin_jsonb_path_ops,12,0,0
I-3,forced,1,C3b,jsonb,3,0.084,0.092,,1,Bitmap Heap Scan,Bitmap Heap Scan on T [Bitmap Index Scan using T_i3_gin_jsonb_path_ops],50,12,50,12,,16,0,0,,0,1,17,False,"{""enable_seqscan"": ""off"", ""jit"": ""off"", ""max_parallel_workers_per_gather"": ""0""}",warmup,T_i3_gin_jsonb_path_ops,12,0,0
I-3,forced,1,C3b,jsonb,1,0.105,0.118,,1,Bitmap Heap Scan,Bitmap Heap Scan on T [Bitmap Index Scan using T_i3_gin_jsonb_path_ops],50,12,50,12,,16,0,0,,0,1,17,False,"{""enable_seqscan"": ""off"", ""jit"": ""off"", ""max_parallel_workers_per_gather"": ""0""}",measure,T_i3_gin_jsonb_path_ops,12,0,0
I-3,forced,1,C3b,jsonb,2,0.099,0.068,,1,Bitmap Heap Scan,Bitmap Heap Scan on T [Bitmap Index Scan using T_i3_gin_jsonb_path_ops],50,12,50,12,,16,0,0,,0,1,17,False,"{""enable_seqscan"": ""off"", ""jit"": ""off"", ""max_parallel_workers_per_gather"": ""0""}",measure,T_i3_gin_jsonb_path_ops,12,0,0
I-3,forced,1,C3b,jsonb,3,0.074,0.049,,1,Bitmap Heap Scan,Bitmap Heap Scan on T [Bitmap Index Scan using T_i3_gin_jsonb_path_ops],50,12,50,12,,16,0,0,,0,1,17,False,"{""enable_seqscan"": ""off"", ""jit"": ""off"", ""max_parallel_workers_per_gather"": ""0""}",measure,T_i3_gin_jsonb_path_ops,12,0,0
I-3,forced,1,C3b,jsonb,4,0.065,0.062,,1,Bitmap Heap Scan,Bitmap Heap Scan on T [Bitmap Index Scan using T_i3_gin_jsonb_path_ops],50,12,50,12,,16,0,0,,0,1,17,False,"{""enable_seqscan"": ""off"", ""jit"": ""off"", ""max_parallel_workers_per_gather"": ""0""}",measure,T_i3_gin_jsonb_path_ops,12,0,0
I-3,forced,1,C3b,jsonb,5,0.06,0.04,,1,Bitmap Heap Scan,Bitmap Heap Scan on T [Bitmap Index Scan using T_i3_gin_jsonb_path_ops],50,12,50,12,,16,0,0,,0,1,17,False,"{""enable_seqscan"": ""off"", ""jit"": ""off"", ""max_parallel_workers_per_gather"": ""0""}",measure,T_i3_gin_jsonb_path_ops,12,0,0
I-3,forced,1,C3b,jsonb,6,0.105,0.054,,1,Bitmap Heap Scan,Bitmap Heap Scan on T [Bitmap Index Scan using T_i3_gin_jsonb_path_ops],50,12,50,12,,16,0,0,,0,1,17,False,"{""enable_seqscan"": ""off"", ""jit"": ""off"", ""max_parallel_workers_per_gather"": ""0""}",measure,T_i3_gin_jsonb_path_ops,12,0,0
I-3,forced,1,C3b,jsonb,7,0.12,0.07,,1,Bitmap Heap Scan,Bitmap Heap Scan on T [Bitmap Index Scan using T_i3_gin_jsonb_path_ops],50,12,50,12,,16,0,0,,0,1,17,False,"{""enable_seqscan"": ""off"", ""jit"": ""off"", ""max_parallel_workers_per_gather"": ""0""}",measure,T_i3_gin_jsonb_path_ops,12,0,0
I-3,forced,1,C3b,jsonb,8,0.059,0.039,,1,Bitmap Heap Scan,Bitmap Heap Scan on T [Bitmap Index Scan using T_i3_gin_jsonb_path_ops],50,12,50,12,,16,0,0,,0,1,17,False,"{""enable_seqscan"": ""off"", ""jit"": ""off"", ""max_parallel_workers_per_gather"": ""0""}",measure,T_i3_gin_jsonb_path_ops,12,0,0
I-3,forced,1,C3b,jsonb,9,0.062,0.043,,1,Bitmap Heap Scan,Bitmap Heap Scan on T [Bitmap Index Scan using T_i3_gin_jsonb_path_ops],50,12,50,12,,16,0,0,,0,1,17,False,"{""enable_seqscan"": ""off"", ""jit"": ""off"", ""max_parallel_workers_per_gather"": ""0""}",measure,T_i3_gin_jsonb_path_ops,12,0,0
I-3,forced,1,C3b,jsonb,10,0.061,0.041,,1,Bitmap Heap Scan,Bitmap Heap Scan on T [Bitmap Index Scan using T_i3_gin_jsonb_path_ops],50,12,50,12,,16,0,0,,0,1,17,False,"{""enable_seqscan"": ""off"", ""jit"": ""off"", ""max_parallel_workers_per_gather"": ""0""}",measure,T_i3_gin_jsonb_path_ops,12,0,0
I-3,forced,1,C3b,jsonb,11,0.076,0.042,,1,Bitmap Heap Scan,Bitmap Heap Scan on T [Bitmap Index Scan using T_i3_gin_jsonb_path_ops],50,12,50,12,,16,0,0,,0,1,17,False,"{""enable_seqscan"": ""off"", ""jit"": ""off"", ""max_parallel_workers_per_gather"": ""0""}",measure,T_i3_gin_jsonb_path_ops,12,0,0
I-3,forced,1,C3b,jsonb,12,0.05,0.031,,1,Bitmap Heap Scan,Bitmap Heap Scan on T [Bitmap Index Scan using T_i3_gin_jsonb_path_ops],50,12,50,12,,16,0,0,,0,1,17,False,"{""enable_seqscan"": ""off"", ""jit"": ""off"", ""max_parallel_workers_per_gather"": ""0""}",measure,T_i3_gin_jsonb_path_ops,12,0,0
I-3,forced,1,C3b,jsonb,13,0.047,0.031,,1,Bitmap Heap Scan,Bitmap Heap Scan on T [Bitmap Index Scan using T_i3_gin_jsonb_path_ops],50,12,50,12,,16,0,0,,0,1,17,False,"{""enable_seqscan"": ""off"", ""jit"": ""off"", ""max_parallel_workers_per_gather"": ""0""}",measure,T_i3_gin_jsonb_path_ops,12,0,0
I-3,forced,1,C3b,jsonb,14,0.046,0.031,,1,Bitmap Heap Scan,Bitmap Heap Scan on T [Bitmap Index Scan using T_i3_gin_jsonb_path_ops],50,12,50,12,,16,0,0,,0,1,17,False,"{""enable_seqscan"": ""off"", ""jit"": ""off"", ""max_parallel_workers_per_gather"": ""0""}",measure,T_i3_gin_jsonb_path_ops,12,0,0
I-3,forced,1,C3b,jsonb,15,0.046,0.031,,1,Bitmap Heap Scan,Bitmap Heap Scan on T [Bitmap Index Scan using T_i3_gin_jsonb_path_ops],50,12,50,12,,16,0,0,,0,1,17,False,"{""enable_seqscan"": ""off"", ""jit"": ""off"", ""max_parallel_workers_per_gather"": ""0""}",measure,T_i3_gin_jsonb_path_ops,12,0,0
I-3,forced,1,C3b,jsonb,1,0.046,0.032,0.002,1,Bitmap Heap Scan,Bitmap Heap Scan on T [Bitmap Index Scan using T_i3_gin_jsonb_path_ops],50,12,50,12,,16,0,0,,0,1,17,False,"{""enable_seqscan"": ""off"", ""jit"": ""off"", ""max_parallel_workers_per_gather"": ""0""}",detail,T_i3_gin_jsonb_path_ops,12,0,0
I-3,forced,1,Q21,jsonb,1,0.042,15.513,,1,Seq Scan,Seq Scan on T,2500,30,2500,30,4970,981,0,0,,0,0,15,False,"{""enable_seqscan"": ""off"", ""jit"": ""off"", ""max_parallel_workers_per_gather"": ""0""}",warmup,-,,,
I-3,forced,1,Q21,jsonb,2,0.068,16.681,,1,Seq Scan,Seq Scan on T,2500,30,2500,30,4970,981,0,0,,0,0,15,False,"{""enable_seqscan"": ""off"", ""jit"": ""off"", ""max_parallel_workers_per_gather"": ""0""}",warmup,-,,,
I-3,forced,1,Q21,jsonb,3,0.065,16.051,,1,Seq Scan,Seq Scan on T,2500,30,2500,30,4970,981,0,0,,0,0,15,False,"{""enable_seqscan"": ""off"", ""jit"": ""off"", ""max_parallel_workers_per_gather"": ""0""}",warmup,-,,,
I-3,forced,1,Q21,jsonb,1,0.07,14.497,,1,Seq Scan,Seq Scan on T,2500,30,2500,30,4970,981,0,0,,0,0,15,False,"{""enable_seqscan"": ""off"", ""jit"": ""off"", ""max_parallel_workers_per_gather"": ""0""}",measure,-,,,
I-3,forced,1,Q21,jsonb,2,0.072,14.848,,1,Seq Scan,Seq Scan on T,2500,30,2500,30,4970,981,0,0,,0,0,15,False,"{""enable_seqscan"": ""off"", ""jit"": ""off"", ""max_parallel_workers_per_gather"": ""0""}",measure,-,,,
I-3,forced,1,Q21,jsonb,3,0.065,15.505,,1,Seq Scan,Seq Scan on T,2500,30,2500,30,4970,981,0,0,,0,0,15,False,"{""enable_seqscan"": ""off"", ""jit"": ""off"", ""max_parallel_workers_per_gather"": ""0""}",measure,-,,,
I-3,forced,1,Q21,jsonb,4,0.129,15.924,,1,Seq Scan,Seq Scan on T,2500,30,2500,30,4970,981,0,0,,0,0,15,False,"{""enable_seqscan"": ""off"", ""jit"": ""off"", ""max_parallel_workers_per_gather"": ""0""}",measure,-,,,
I-3,forced,1,Q21,jsonb,5,0.071,14.961,,1,Seq Scan,Seq Scan on T,2500,30,2500,30,4970,981,0,0,,0,0,15,False,"{""enable_seqscan"": ""off"", ""jit"": ""off"", ""max_parallel_workers_per_gather"": ""0""}",measure,-,,,
I-3,forced,1,Q21,jsonb,6,0.067,14.277,,1,Seq Scan,Seq Scan on T,2500,30,2500,30,4970,981,0,0,,0,0,15,False,"{""enable_seqscan"": ""off"", ""jit"": ""off"", ""max_parallel_workers_per_gather"": ""0""}",measure,-,,,
I-3,forced,1,Q21,jsonb,7,0.097,13.41,,1,Seq Scan,Seq Scan on T,2500,30,2500,30,4970,981,0,0,,0,0,15,False,"{""enable_seqscan"": ""off"", ""jit"": ""off"", ""max_parallel_workers_per_gather"": ""0""}",measure,-,,,
I-3,forced,1,Q21,jsonb,8,0.109,13.095,,1,Seq Scan,Seq Scan on T,2500,30,2500,30,4970,981,0,0,,0,0,15,False,"{""enable_seqscan"": ""off"", ""jit"": ""off"", ""max_parallel_workers_per_gather"": ""0""}",measure,-,,,
I-3,forced,1,Q21,jsonb,9,0.3,16.335,,1,Seq Scan,Seq Scan on T,2500,30,2500,30,4970,981,0,0,,0,0,15,False,"{""enable_seqscan"": ""off"", ""jit"": ""off"", ""max_parallel_workers_per_gather"": ""0""}",measure,-,,,
I-3,forced,1,Q21,jsonb,10,0.089,15.228,,1,Seq Scan,Seq Scan on T,2500,30,2500,30,4970,981,0,0,,0,0,15,False,"{""enable_seqscan"": ""off"", ""jit"": ""off"", ""max_parallel_workers_per_gather"": ""0""}",measure,-,,,
I-3,forced,1,Q21,jsonb,11,0.205,12.012,,1,Seq Scan,Seq Scan on T,2500,30,2500,30,4970,981,0,0,,0,0,15,False,"{""enable_seqscan"": ""off"", ""jit"": ""off"", ""max_parallel_workers_per_gather"": ""0""}",measure,-,,,
I-3,forced,1,Q21,jsonb,12,0.117,16.699,,1,Seq Scan,Seq Scan on T,2500,30,2500,30,4970,981,0,0,,0,0,15,False,"{""enable_seqscan"": ""off"", ""jit"": ""off"", ""max_parallel_workers_per_gather"": ""0""}",measure,-,,,
I-3,forced,1,Q21,jsonb,13,0.069,14.929,,1,Seq Scan,Seq Scan on T,2500,30,2500,30,4970,981,0,0,,0,0,15,False,"{""enable_seqscan"": ""off"", ""jit"": ""off"", ""max_parallel_workers_per_gather"": ""0""}",measure,-,,,
I-3,forced,1,Q21,jsonb,14,0.17,15.753,,1,Seq Scan,Seq Scan on T,2500,30,2500,30,4970,981,0,0,,0,0,15,False,"{""enable_seqscan"": ""off"", ""jit"": ""off"", ""max_parallel_workers_per_gather"": ""0""}",measure,-,,,
I-3,forced,1,Q21,jsonb,15,0.064,15.103,,1,Seq Scan,Seq Scan on T,2500,30,2500,30,4970,981,0,0,,0,0,15,False,"{""enable_seqscan"": ""off"", ""jit"": ""off"", ""max_parallel_workers_per_gather"": ""0""}",measure,-,,,
I-3,forced,1,Q21,jsonb,1,0.064,13.95,0.006,1,Seq Scan,Seq Scan on T,2500,30,2500,30,4970,981,0,0,,0,0,15,False,"{""enable_seqscan"": ""off"", ""jit"": ""off"", ""max_parallel_workers_per_gather"": ""0""}",detail,-,,,
I-3,default,2,C1,jsonb,1,6.179,0.16,,1,Bitmap Heap Scan,Bitmap Heap Scan on T [Bitmap Index Scan using T_i3_gin_jsonb_path_ops],50,12,50,12,,16,0,0,,0,36,21,False,"{""jit"": ""off"", ""max_parallel_workers_per_gather"": ""0""}",warmup,T_i3_gin_jsonb_path_ops,12,0,0
I-3,default,2,C1,jsonb,2,0.073,0.041,,1,Bitmap Heap Scan,Bitmap Heap Scan on T [Bitmap Index Scan using T_i3_gin_jsonb_path_ops],50,12,50,12,,16,0,0,,0,1,17,False,"{""jit"": ""off"", ""max_parallel_workers_per_gather"": ""0""}",warmup,T_i3_gin_jsonb_path_ops,12,0,0
I-3,default,2,C1,jsonb,3,0.064,0.038,,1,Bitmap Heap Scan,Bitmap Heap Scan on T [Bitmap Index Scan using T_i3_gin_jsonb_path_ops],50,12,50,12,,16,0,0,,0,1,17,False,"{""jit"": ""off"", ""max_parallel_workers_per_gather"": ""0""}",warmup,T_i3_gin_jsonb_path_ops,12,0,0
I-3,default,2,C1,jsonb,1,0.056,0.035,,1,Bitmap Heap Scan,Bitmap Heap Scan on T [Bitmap Index Scan using T_i3_gin_jsonb_path_ops],50,12,50,12,,16,0,0,,0,1,17,False,"{""jit"": ""off"", ""max_parallel_workers_per_gather"": ""0""}",measure,T_i3_gin_jsonb_path_ops,12,0,0
I-3,default,2,C1,jsonb,2,0.061,0.045,,1,Bitmap Heap Scan,Bitmap Heap Scan on T [Bitmap Index Scan using T_i3_gin_jsonb_path_ops],50,12,50,12,,16,0,0,,0,1,17,False,"{""jit"": ""off"", ""max_parallel_workers_per_gather"": ""0""}",measure,T_i3_gin_jsonb_path_ops,12,0,0
I-3,default,2,C1,jsonb,3,0.057,0.036,,1,Bitmap Heap Scan,Bitmap Heap Scan on T [Bitmap Index Scan using T_i3_gin_jsonb_path_ops],50,12,50,12,,16,0,0,,0,1,17,False,"{""jit"": ""off"", ""max_parallel_workers_per_gather"": ""0""}",measure,T_i3_gin_jsonb_path_ops,12,0,0
I-3,default,2,C1,jsonb,4,0.056,0.036,,1,Bitmap Heap Scan,Bitmap Heap Scan on T [Bitmap Index Scan using T_i3_gin_jsonb_path_ops],50,12,50,12,,16,0,0,,0,1,17,False,"{""jit"": ""off"", ""max_parallel_workers_per_gather"": ""0""}",measure,T_i3_gin_jsonb_path_ops,12,0,0
I-3,default,2,C1,jsonb,5,0.055,0.035,,1,Bitmap Heap Scan,Bitmap Heap Scan on T [Bitmap Index Scan using T_i3_gin_jsonb_path_ops],50,12,50,12,,16,0,0,,0,1,17,False,"{""jit"": ""off"", ""max_parallel_workers_per_gather"": ""0""}",measure,T_i3_gin_jsonb_path_ops,12,0,0
I-3,default,2,C1,jsonb,6,0.056,0.036,,1,Bitmap Heap Scan,Bitmap Heap Scan on T [Bitmap Index Scan using T_i3_gin_jsonb_path_ops],50,12,50,12,,16,0,0,,0,1,17,False,"{""jit"": ""off"", ""max_parallel_workers_per_gather"": ""0""}",measure,T_i3_gin_jsonb_path_ops,12,0,0
I-3,default,2,C1,jsonb,7,0.056,0.035,,1,Bitmap Heap Scan,Bitmap Heap Scan on T [Bitmap Index Scan using T_i3_gin_jsonb_path_ops],50,12,50,12,,16,0,0,,0,1,17,False,"{""jit"": ""off"", ""max_parallel_workers_per_gather"": ""0""}",measure,T_i3_gin_jsonb_path_ops,12,0,0
I-3,default,2,C1,jsonb,8,0.055,0.035,,1,Bitmap Heap Scan,Bitmap Heap Scan on T [Bitmap Index Scan using T_i3_gin_jsonb_path_ops],50,12,50,12,,16,0,0,,0,1,17,False,"{""jit"": ""off"", ""max_parallel_workers_per_gather"": ""0""}",measure,T_i3_gin_jsonb_path_ops,12,0,0
I-3,default,2,C1,jsonb,9,0.055,0.035,,1,Bitmap Heap Scan,Bitmap Heap Scan on T [Bitmap Index Scan using T_i3_gin_jsonb_path_ops],50,12,50,12,,16,0,0,,0,1,17,False,"{""jit"": ""off"", ""max_parallel_workers_per_gather"": ""0""}",measure,T_i3_gin_jsonb_path_ops,12,0,0
I-3,default,2,C1,jsonb,10,0.055,0.035,,1,Bitmap Heap Scan,Bitmap Heap Scan on T [Bitmap Index Scan using T_i3_gin_jsonb_path_ops],50,12,50,12,,16,0,0,,0,1,17,False,"{""jit"": ""off"", ""max_parallel_workers_per_gather"": ""0""}",measure,T_i3_gin_jsonb_path_ops,12,0,0
I-3,default,2,C1,jsonb,11,0.067,0.035,,1,Bitmap Heap Scan,Bitmap Heap Scan on T [Bitmap Index Scan using T_i3_gin_jsonb_path_ops],50,12,50,12,,16,0,0,,0,1,17,False,"{""jit"": ""off"", ""max_parallel_workers_per_gather"": ""0""}",measure,T_i3_gin_jsonb_path_ops,12,0,0
I-3,default,2,C1,jsonb,12,0.054,0.035,,1,Bitmap Heap Scan,Bitmap Heap Scan on T [Bitmap Index Scan using T_i3_gin_jsonb_path_ops],50,12,50,12,,16,0,0,,0,1,17,False,"{""jit"": ""off"", ""max_parallel_workers_per_gather"": ""0""}",measure,T_i3_gin_jsonb_path_ops,12,0,0
I-3,default,2,C1,jsonb,13,0.055,0.035,,1,Bitmap Heap Scan,Bitmap Heap Scan on T [Bitmap Index Scan using T_i3_gin_jsonb_path_ops],50,12,50,12,,16,0,0,,0,1,17,False,"{""jit"": ""off"", ""max_parallel_workers_per_gather"": ""0""}",measure,T_i3_gin_jsonb_path_ops,12,0,0
I-3,default,2,C1,jsonb,14,0.055,0.035,,1,Bitmap Heap Scan,Bitmap Heap Scan on T [Bitmap Index Scan using T_i3_gin_jsonb_path_ops],50,12,50,12,,16,0,0,,0,1,17,False,"{""jit"": ""off"", ""max_parallel_workers_per_gather"": ""0""}",measure,T_i3_gin_jsonb_path_ops,12,0,0
I-3,default,2,C1,jsonb,15,0.055,0.035,,1,Bitmap Heap Scan,Bitmap Heap Scan on T [Bitmap Index Scan using T_i3_gin_jsonb_path_ops],50,12,50,12,,16,0,0,,0,1,17,False,"{""jit"": ""off"", ""max_parallel_workers_per_gather"": ""0""}",measure,T_i3_gin_jsonb_path_ops,12,0,0
I-3,default,2,C1,jsonb,1,0.118,0.048,0.002,1,Bitmap Heap Scan,Bitmap Heap Scan on T [Bitmap Index Scan using T_i3_gin_jsonb_path_ops],50,12,50,12,,16,0,0,,0,1,17,False,"{""jit"": ""off"", ""max_parallel_workers_per_gather"": ""0""}",detail,T_i3_gin_jsonb_path_ops,12,0,0
I-3,default,2,C1b,jsonb,1,0.075,0.355,,1,Bitmap Heap Scan,Bitmap Heap Scan on T [Bitmap Index Scan using T_i3_gin_jsonb_path_ops],50,30,50,30,,34,0,0,,0,1,17,False,"{""jit"": ""off"", ""max_parallel_workers_per_gather"": ""0""}",warmup,T_i3_gin_jsonb_path_ops,30,0,0
I-3,default,2,C1b,jsonb,2,0.074,0.167,,1,Bitmap Heap Scan,Bitmap Heap Scan on T [Bitmap Index Scan using T_i3_gin_jsonb_path_ops],50,30,50,30,,34,0,0,,0,1,17,False,"{""jit"": ""off"", ""max_parallel_workers_per_gather"": ""0""}",warmup,T_i3_gin_jsonb_path_ops,30,0,0
I-3,default,2,C1b,jsonb,3,0.074,0.149,,1,Bitmap Heap Scan,Bitmap Heap Scan on T [Bitmap Index Scan using T_i3_gin_jsonb_path_ops],50,30,50,30,,34,0,0,,0,1,17,False,"{""jit"": ""off"", ""max_parallel_workers_per_gather"": ""0""}",warmup,T_i3_gin_jsonb_path_ops,30,0,0
I-3,default,2,C1b,jsonb,1,0.068,0.153,,1,Bitmap Heap Scan,Bitmap Heap Scan on T [Bitmap Index Scan using T_i3_gin_jsonb_path_ops],50,30,50,30,,34,0,0,,0,1,17,False,"{""jit"": ""off"", ""max_parallel_workers_per_gather"": ""0""}",measure,T_i3_gin_jsonb_path_ops,30,0,0
I-3,default,2,C1b,jsonb,2,0.066,0.155,,1,Bitmap Heap Scan,Bitmap Heap Scan on T [Bitmap Index Scan using T_i3_gin_jsonb_path_ops],50,30,50,30,,34,0,0,,0,1,17,False,"{""jit"": ""off"", ""max_parallel_workers_per_gather"": ""0""}",measure,T_i3_gin_jsonb_path_ops,30,0,0
I-3,default,2,C1b,jsonb,3,0.109,0.204,,1,Bitmap Heap Scan,Bitmap Heap Scan on T [Bitmap Index Scan using T_i3_gin_jsonb_path_ops],50,30,50,30,,34,0,0,,0,1,17,False,"{""jit"": ""off"", ""max_parallel_workers_per_gather"": ""0""}",measure,T_i3_gin_jsonb_path_ops,30,0,0
I-3,default,2,C1b,jsonb,4,0.068,0.154,,1,Bitmap Heap Scan,Bitmap Heap Scan on T [Bitmap Index Scan using T_i3_gin_jsonb_path_ops],50,30,50,30,,34,0,0,,0,1,17,False,"{""jit"": ""off"", ""max_parallel_workers_per_gather"": ""0""}",measure,T_i3_gin_jsonb_path_ops,30,0,0
I-3,default,2,C1b,jsonb,5,0.066,0.153,,1,Bitmap Heap Scan,Bitmap Heap Scan on T [Bitmap Index Scan using T_i3_gin_jsonb_path_ops],50,30,50,30,,34,0,0,,0,1,17,False,"{""jit"": ""off"", ""max_parallel_workers_per_gather"": ""0""}",measure,T_i3_gin_jsonb_path_ops,30,0,0
I-3,default,2,C1b,jsonb,6,0.106,0.155,,1,Bitmap Heap Scan,Bitmap Heap Scan on T [Bitmap Index Scan using T_i3_gin_jsonb_path_ops],50,30,50,30,,34,0,0,,0,1,17,False,"{""jit"": ""off"", ""max_parallel_workers_per_gather"": ""0""}",measure,T_i3_gin_jsonb_path_ops,30,0,0
I-3,default,2,C1b,jsonb,7,0.063,0.135,,1,Bitmap Heap Scan,Bitmap Heap Scan on T [Bitmap Index Scan using T_i3_gin_jsonb_path_ops],50,30,50,30,,34,0,0,,0,1,17,False,"{""jit"": ""off"", ""max_parallel_workers_per_gather"": ""0""}",measure,T_i3_gin_jsonb_path_ops,30,0,0
I-3,default,2,C1b,jsonb,8,0.054,0.124,,1,Bitmap Heap Scan,Bitmap Heap Scan on T [Bitmap Index Scan using T_i3_gin_jsonb_path_ops],50,30,50,30,,34,0,0,,0,1,17,False,"{""jit"": ""off"", ""max_parallel_workers_per_gather"": ""0""}",measure,T_i3_gin_jsonb_path_ops,30,0,0
I-3,default,2,C1b,jsonb,9,0.05,0.134,,1,Bitmap Heap Scan,Bitmap Heap Scan on T [Bitmap Index Scan using T_i3_gin_jsonb_path_ops],50,30,50,30,,34,0,0,,0,1,17,False,"{""jit"": ""off"", ""max_parallel_workers_per_gather"": ""0""}",measure,T_i3_gin_jsonb_path_ops,30,0,0
I-3,default,2,C1b,jsonb,10,0.051,0.123,,1,Bitmap Heap Scan,Bitmap Heap Scan on T [Bitmap Index Scan using T_i3_gin_jsonb_path_ops],50,30,50,30,,34,0,0,,0,1,17,False,"{""jit"": ""off"", ""max_parallel_workers_per_gather"": ""0""}",measure,T_i3_gin_jsonb_path_ops,30,0,0
I-3,default,2,C1b,jsonb,11,0.051,0.122,,1,Bitmap Heap Scan,Bitmap Heap Scan on T [Bitmap Index Scan using T_i3_gin_jsonb_path_ops],50,30,50,30,,34,0,0,,0,1,17,False,"{""jit"": ""off"", ""max_parallel_workers_per_gather"": ""0""}",measure,T_i3_gin_jsonb_path_ops,30,0,0
I-3,default,2,C1b,jsonb,12,0.05,0.122,,1,Bitmap Heap Scan,Bitmap Heap Scan on T [Bitmap Index Scan using T_i3_gin_jsonb_path_ops],50,30,50,30,,34,0,0,,0,1,17,False,"{""jit"": ""off"", ""max_parallel_workers_per_gather"": ""0""}",measure,T_i3_gin_jsonb_path_ops,30,0,0
I-3,default,2,C1b,jsonb,13,0.05,0.122,,1,Bitmap Heap Scan,Bitmap Heap Scan on T [Bitmap Index Scan using T_i3_gin_jsonb_path_ops],50,30,50,30,,34,0,0,,0,1,17,False,"{""jit"": ""off"", ""max_parallel_workers_per_gather"": ""0""}",measure,T_i3_gin_jsonb_path_ops,30,0,0
I-3,default,2,C1b,jsonb,14,0.05,0.123,,1,Bitmap Heap Scan,Bitmap Heap Scan on T [Bitmap Index Scan using T_i3_gin_jsonb_path_ops],50,30,50,30,,34,0,0,,0,1,17,False,"{""jit"": ""off"", ""max_parallel_workers_per_gather"": ""0""}",measure,T_i3_gin_jsonb_path_ops,30,0,0
I-3,default,2,C1b,jsonb,15,0.061,0.136,,1,Bitmap Heap Scan,Bitmap Heap Scan on T [Bitmap Index Scan using T_i3_gin_jsonb_path_ops],50,30,50,30,,34,0,0,,0,1,17,False,"{""jit"": ""off"", ""max_parallel_workers_per_gather"": ""0""}",measure,T_i3_gin_jsonb_path_ops,30,0,0
I-3,default,2,C1b,jsonb,1,0.065,0.134,0.003,1,Bitmap Heap Scan,Bitmap Heap Scan on T [Bitmap Index Scan using T_i3_gin_jsonb_path_ops],50,30,50,30,,34,0,0,,0,1,17,False,"{""jit"": ""off"", ""max_parallel_workers_per_gather"": ""0""}",detail,T_i3_gin_jsonb_path_ops,30,0,0
I-3,default,2,C1c,jsonb,1,0.048,0.035,,1,Bitmap Heap Scan,Bitmap Heap Scan on T [Bitmap Index Scan using T_i3_gin_jsonb_path_ops],50,3,50,3,,7,0,0,,0,1,17,False,"{""jit"": ""off"", ""max_parallel_workers_per_gather"": ""0""}",warmup,T_i3_gin_jsonb_path_ops,3,0,0
I-3,default,2,C1c,jsonb,2,0.046,0.022,,1,Bitmap Heap Scan,Bitmap Heap Scan on T [Bitmap Index Scan using T_i3_gin_jsonb_path_ops],50,3,50,3,,7,0,0,,0,1,17,False,"{""jit"": ""off"", ""max_parallel_workers_per_gather"": ""0""}",warmup,T_i3_gin_jsonb_path_ops,3,0,0
I-3,default,2,C1c,jsonb,3,0.044,0.022,,1,Bitmap Heap Scan,Bitmap Heap Scan on T [Bitmap Index Scan using T_i3_gin_jsonb_path_ops],50,3,50,3,,7,0,0,,0,1,17,False,"{""jit"": ""off"", ""max_parallel_workers_per_gather"": ""0""}",warmup,T_i3_gin_jsonb_path_ops,3,0,0
I-3,default,2,C1c,jsonb,1,0.053,0.022,,1,Bitmap Heap Scan,Bitmap Heap Scan on T [Bitmap Index Scan using T_i3_gin_jsonb_path_ops],50,3,50,3,,7,0,0,,0,1,17,False,"{""jit"": ""off"", ""max_parallel_workers_per_gather"": ""0""}",measure,T_i3_gin_jsonb_path_ops,3,0,0
I-3,default,2,C1c,jsonb,2,0.044,0.021,,1,Bitmap Heap Scan,Bitmap Heap Scan on T [Bitmap Index Scan using T_i3_gin_jsonb_path_ops],50,3,50,3,,7,0,0,,0,1,17,False,"{""jit"": ""off"", ""max_parallel_workers_per_gather"": ""0""}",measure,T_i3_gin_jsonb_path_ops,3,0,0
I-3,default,2,C1c,jsonb,3,0.044,0.021,,1,Bitmap Heap Scan,Bitmap Heap Scan on T [Bitmap Index Scan using T_i3_gin_jsonb_path_ops],50,3,50,3,,7,0,0,,0,1,17,False,"{""jit"": ""off"", ""max_parallel_workers_per_gather"": ""0""}",measure,T_i3_gin_jsonb_path_ops,3,0,0
I-3,default,2,C1c,jsonb,4,0.044,0.021,,1,Bitmap Heap Scan,Bitmap Heap Scan on T [Bitmap Index Scan using T_i3_gin_jsonb_path_ops],50,3,50,3,,7,0,0,,0,1,17,False,"{""jit"": ""off"", ""max_parallel_workers_per_gather"": ""0""}",measure,T_i3_gin_jsonb_path_ops,3,0,0
I-3,default,2,C1c,jsonb,5,0.043,0.021,,1,Bitmap Heap Scan,Bitmap Heap Scan on T [Bitmap Index Scan using T_i3_gin_jsonb_path_ops],50,3,50,3,,7,0,0,,0,1,17,False,"{""jit"": ""off"", ""max_parallel_workers_per_gather"": ""0""}",measure,T_i3_gin_jsonb_path_ops,3,0,0
I-3,default,2,C1c,jsonb,6,0.043,0.021,,1,Bitmap Heap Scan,Bitmap Heap Scan on T [Bitmap Index Scan using T_i3_gin_jsonb_path_ops],50,3,50,3,,7,0,0,,0,1,17,False,"{""jit"": ""off"", ""max_parallel_workers_per_gather"": ""0""}",measure,T_i3_gin_jsonb_path_ops,3,0,0
I-3,default,2,C1c,jsonb,7,0.043,0.021,,1,Bitmap Heap Scan,Bitmap Heap Scan on T [Bitmap Index Scan using T_i3_gin_jsonb_path_ops],50,3,50,3,,7,0,0,,0,1,17,False,"{""jit"": ""off"", ""max_parallel_workers_per_gather"": ""0""}",measure,T_i3_gin_jsonb_path_ops,3,0,0
I-3,default,2,C1c,jsonb,8,0.051,0.021,,1,Bitmap Heap Scan,Bitmap Heap Scan on T [Bitmap Index Scan using T_i3_gin_jsonb_path_ops],50,3,50,3,,7,0,0,,0,1,17,False,"{""jit"": ""off"", ""max_parallel_workers_per_gather"": ""0""}",measure,T_i3_gin_jsonb_path_ops,3,0,0
I-3,default,2,C1c,jsonb,9,0.043,0.021,,1,Bitmap Heap Scan,Bitmap Heap Scan on T [Bitmap Index Scan using T_i3_gin_jsonb_path_ops],50,3,50,3,,7,0,0,,0,1,17,False,"{""jit"": ""off"", ""max_parallel_workers_per_gather"": ""0""}",measure,T_i3_gin_jsonb_path_ops,3,0,0
I-3,default,2,C1c,jsonb,10,0.043,0.021,,1,Bitmap Heap Scan,Bitmap Heap Scan on T [Bitmap Index Scan using T_i3_gin_jsonb_path_ops],50,3,50,3,,7,0,0,,0,1,17,False,"{""jit"": ""off"", ""max_parallel_workers_per_gather"": ""0""}",measure,T_i3_gin_jsonb_path_ops,3,0,0
I-3,default,2,C1c,jsonb,11,0.048,0.024,,1,Bitmap Heap Scan,Bitmap Heap Scan on T [Bitmap Index Scan using T_i3_gin_jsonb_path_ops],50,3,50,3,,7,0,0,,0,1,17,False,"{""jit"": ""off"", ""max_parallel_workers_per_gather"": ""0""}",measure,T_i3_gin_jsonb_path_ops,3,0,0
I-3,default,2,C1c,jsonb,12,0.042,0.021,,1,Bitmap Heap Scan,Bitmap Heap Scan on T [Bitmap Index Scan using T_i3_gin_jsonb_path_ops],50,3,50,3,,7,0,0,,0,1,17,False,"{""jit"": ""off"", ""max_parallel_workers_per_gather"": ""0""}",measure,T_i3_gin_jsonb_path_ops,3,0,0
I-3,default,2,C1c,jsonb,13,0.041,0.02,,1,Bitmap Heap Scan,Bitmap Heap Scan on T [Bitmap Index Scan using T_i3_gin_jsonb_path_ops],50,3,50,3,,7,0,0,,0,1,17,False,"{""jit"": ""off"", ""max_parallel_workers_per_gather"": ""0""}",measure,T_i3_gin_jsonb_path_ops,3,0,0
I-3,default,2,C1c,jsonb,14,0.041,0.02,,1,Bitmap Heap Scan,Bitmap Heap Scan on T [Bitmap Index Scan using T_i3_gin_jsonb_path_ops],50,3,50,3,,7,0,0,,0,1,17,False,"{""jit"": ""off"", ""max_parallel_workers_per_gather"": ""0""}",measure,T_i3_gin_jsonb_path_ops,3,0,0
I-3,default,2,C1c,jsonb,15,0.04,0.02,,1,Bitmap Heap Scan,Bitmap Heap Scan on T [Bitmap Index Scan using T_i3_gin_jsonb_path_ops],50,3,50,3,,7,0,0,,0,1,17,False,"{""jit"": ""off"", ""max_parallel_workers_per_gather"": ""0""}",measure,T_i3_gin_jsonb_path_ops,3,0,0
I-3,default,2,C1c,jsonb,1,0.04,0.02,0.001,1,Bitmap Heap Scan,Bitmap Heap Scan on T [Bitmap Index Scan using T_i3_gin_jsonb_path_ops],50,3,50,3,,7,0,0,,0,1,17,False,"{""jit"": ""off"", ""max_parallel_workers_per_gather"": ""0""}",detail,T_i3_gin_jsonb_path_ops,3,0,0
I-3,default,2,C1d,jsonb,1,0.05,1.97,,3,Bitmap Heap Scan,Bitmap Heap Scan on T [Bitmap Index Scan using T_i3_gin_jsonb_path_ops],50,225,50,225,,202,0,0,,0,1,17,False,"{""jit"": ""off"", ""max_parallel_workers_per_gather"": ""0""}",warmup,T_i3_gin_jsonb_path_ops,198,0,0
I-3,default,2,C1d,jsonb,2,0.161,0.763,,3,Bitmap Heap Scan,Bitmap Heap Scan on T [Bitmap Index Scan using T_i3_gin_jsonb_path_ops],50,225,50,225,,202,0,0,,0,1,17,False,"{""jit"": ""off"", ""max_parallel_workers_per_gather"": ""0""}",warmup,T_i3_gin_jsonb_path_ops,198,0,0
I-3,default,2,C1d,jsonb,3,0.051,0.676,,3,Bitmap Heap Scan,Bitmap Heap Scan on T [Bitmap Index Scan using T_i3_gin_jsonb_path_ops],50,225,50,225,,202,0,0,,0,1,17,False,"{""jit"": ""off"", ""max_parallel_workers_per_gather"": ""0""}",warmup,T_i3_gin_jsonb_path_ops,198,0,0
I-3,default,2,C1d,jsonb,1,0.049,0.632,,3,Bitmap Heap Scan,Bitmap Heap Scan on T [Bitmap Index Scan using T_i3_gin_jsonb_path_ops],50,225,50,225,,202,0,0,,0,1,17,False,"{""jit"": ""off"", ""max_parallel_workers_per_gather"": ""0""}",measure,T_i3_gin_jsonb_path_ops,198,0,0
I-3,default,2,C1d,jsonb,2,0.086,1.089,,3,Bitmap Heap Scan,Bitmap Heap Scan on T [Bitmap Index Scan using T_i3_gin_jsonb_path_ops],50,225,50,225,,202,0,0,,0,1,17,False,"{""jit"": ""off"", ""max_parallel_workers_per_gather"": ""0""}",measure,T_i3_gin_jsonb_path_ops,198,0,0
I-3,default,2,C1d,jsonb,3,0.142,0.665,,3,Bitmap Heap Scan,Bitmap Heap Scan on T [Bitmap Index Scan using T_i3_gin_jsonb_path_ops],50,225,50,225,,202,0,0,,0,1,17,False,"{""jit"": ""off"", ""max_parallel_workers_per_gather"": ""0""}",measure,T_i3_gin_jsonb_path_ops,198,0,0
I-3,default,2,C1d,jsonb,4,0.043,0.522,,3,Bitmap Heap Scan,Bitmap Heap Scan on T [Bitmap Index Scan using T_i3_gin_jsonb_path_ops],50,225,50,225,,202,0,0,,0,1,17,False,"{""jit"": ""off"", ""max_parallel_workers_per_gather"": ""0""}",measure,T_i3_gin_jsonb_path_ops,198,0,0
I-3,default,2,C1d,jsonb,5,0.042,0.526,,3,Bitmap Heap Scan,Bitmap Heap Scan on T [Bitmap Index Scan using T_i3_gin_jsonb_path_ops],50,225,50,225,,202,0,0,,0,1,17,False,"{""jit"": ""off"", ""max_parallel_workers_per_gather"": ""0""}",measure,T_i3_gin_jsonb_path_ops,198,0,0
I-3,default,2,C1d,jsonb,6,0.043,0.516,,3,Bitmap Heap Scan,Bitmap Heap Scan on T [Bitmap Index Scan using T_i3_gin_jsonb_path_ops],50,225,50,225,,202,0,0,,0,1,17,False,"{""jit"": ""off"", ""max_parallel_workers_per_gather"": ""0""}",measure,T_i3_gin_jsonb_path_ops,198,0,0
I-3,default,2,C1d,jsonb,7,0.043,0.517,,3,Bitmap Heap Scan,Bitmap Heap Scan on T [Bitmap Index Scan using T_i3_gin_jsonb_path_ops],50,225,50,225,,202,0,0,,0,1,17,False,"{""jit"": ""off"", ""max_parallel_workers_per_gather"": ""0""}",measure,T_i3_gin_jsonb_path_ops,198,0,0
I-3,default,2,C1d,jsonb,8,0.043,0.517,,3,Bitmap Heap Scan,Bitmap Heap Scan on T [Bitmap Index Scan using T_i3_gin_jsonb_path_ops],50,225,50,225,,202,0,0,,0,1,17,False,"{""jit"": ""off"", ""max_parallel_workers_per_gather"": ""0""}",measure,T_i3_gin_jsonb_path_ops,198,0,0
I-3,default,2,C1d,jsonb,9,0.043,0.518,,3,Bitmap Heap Scan,Bitmap Heap Scan on T [Bitmap Index Scan using T_i3_gin_jsonb_path_ops],50,225,50,225,,202,0,0,,0,1,17,False,"{""jit"": ""off"", ""max_parallel_workers_per_gather"": ""0""}",measure,T_i3_gin_jsonb_path_ops,198,0,0
I-3,default,2,C1d,jsonb,10,0.043,0.527,,3,Bitmap Heap Scan,Bitmap Heap Scan on T [Bitmap Index Scan using T_i3_gin_jsonb_path_ops],50,225,50,225,,202,0,0,,0,1,17,False,"{""jit"": ""off"", ""max_parallel_workers_per_gather"": ""0""}",measure,T_i3_gin_jsonb_path_ops,198,0,0
I-3,default,2,C1d,jsonb,11,0.042,0.517,,3,Bitmap Heap Scan,Bitmap Heap Scan on T [Bitmap Index Scan using T_i3_gin_jsonb_path_ops],50,225,50,225,,202,0,0,,0,1,17,False,"{""jit"": ""off"", ""max_parallel_workers_per_gather"": ""0""}",measure,T_i3_gin_jsonb_path_ops,198,0,0
I-3,default,2,C1d,jsonb,12,0.043,0.518,,3,Bitmap Heap Scan,Bitmap Heap Scan on T [Bitmap Index Scan using T_i3_gin_jsonb_path_ops],50,225,50,225,,202,0,0,,0,1,17,False,"{""jit"": ""off"", ""max_parallel_workers_per_gather"": ""0""}",measure,T_i3_gin_jsonb_path_ops,198,0,0
I-3,default,2,C1d,jsonb,13,0.044,0.516,,3,Bitmap Heap Scan,Bitmap Heap Scan on T [Bitmap Index Scan using T_i3_gin_jsonb_path_ops],50,225,50,225,,202,0,0,,0,1,17,False,"{""jit"": ""off"", ""max_parallel_workers_per_gather"": ""0""}",measure,T_i3_gin_jsonb_path_ops,198,0,0
I-3,default,2,C1d,jsonb,14,0.042,1.229,,3,Bitmap Heap Scan,Bitmap Heap Scan on T [Bitmap Index Scan using T_i3_gin_jsonb_path_ops],50,225,50,225,,202,0,0,,0,1,17,False,"{""jit"": ""off"", ""max_parallel_workers_per_gather"": ""0""}",measure,T_i3_gin_jsonb_path_ops,198,0,0
I-3,default,2,C1d,jsonb,15,0.081,0.774,,3,Bitmap Heap Scan,Bitmap Heap Scan on T [Bitmap Index Scan using T_i3_gin_jsonb_path_ops],50,225,50,225,,202,0,0,,0,1,17,False,"{""jit"": ""off"", ""max_parallel_workers_per_gather"": ""0""}",measure,T_i3_gin_jsonb_path_ops,198,0,0
I-3,default,2,C1d,jsonb,1,0.085,0.725,0.015,3,Bitmap Heap Scan,Bitmap Heap Scan on T [Bitmap Index Scan using T_i3_gin_jsonb_path_ops],50,225,50,225,,202,0,0,,0,1,17,False,"{""jit"": ""off"", ""max_parallel_workers_per_gather"": ""0""}",detail,T_i3_gin_jsonb_path_ops,198,0,0
I-3,default,2,C2,jsonb,1,0.049,13.334,,1,Seq Scan,Seq Scan on T,50,3,50,3,4997,981,0,0,,0,0,16,False,"{""jit"": ""off"", ""max_parallel_workers_per_gather"": ""0""}",warmup,-,,,
I-3,default,2,C2,jsonb,2,0.105,11.082,,1,Seq Scan,Seq Scan on T,50,3,50,3,4997,981,0,0,,0,0,16,False,"{""jit"": ""off"", ""max_parallel_workers_per_gather"": ""0""}",warmup,-,,,
I-3,default,2,C2,jsonb,3,0.056,11.582,,1,Seq Scan,Seq Scan on T,50,3,50,3,4997,981,0,0,,0,0,16,False,"{""jit"": ""off"", ""max_parallel_workers_per_gather"": ""0""}",warmup,-,,,
I-3,default,2,C2,jsonb,1,0.057,12.556,,1,Seq Scan,Seq Scan on T,50,3,50,3,4997,981,0,0,,0,0,16,False,"{""jit"": ""off"", ""max_parallel_workers_per_gather"": ""0""}",measure,-,,,
I-3,default,2,C2,jsonb,2,0.056,10.783,,1,Seq Scan,Seq Scan on T,50,3,50,3,4997,981,0,0,,0,0,16,False,"{""jit"": ""off"", ""max_parallel_workers_per_gather"": ""0""}",measure,-,,,
I-3,default,2,C2,jsonb,3,0.046,10.817,,1,Seq Scan,Seq Scan on T,50,3,50,3,4997,981,0,0,,0,0,16,False,"{""jit"": ""off"", ""max_parallel_workers_per_gather"": ""0""}",measure,-,,,
I-3,default,2,C2,jsonb,4,0.049,10.823,,1,Seq Scan,Seq Scan on T,50,3,50,3,4997,981,0,0,,0,0,16,False,"{""jit"": ""off"", ""max_parallel_workers_per_gather"": ""0""}",measure,-,,,
I-3,default,2,C2,jsonb,5,0.047,10.548,,1,Seq Scan,Seq Scan on T,50,3,50,3,4997,981,0,0,,0,0,16,False,"{""jit"": ""off"", ""max_parallel_workers_per_gather"": ""0""}",measure,-,,,
I-3,default,2,C2,jsonb,6,0.051,10.301,,1,Seq Scan,Seq Scan on T,50,3,50,3,4997,981,0,0,,0,0,16,False,"{""jit"": ""off"", ""max_parallel_workers_per_gather"": ""0""}",measure,-,,,
I-3,default,2,C2,jsonb,7,0.046,10.435,,1,Seq Scan,Seq Scan on T,50,3,50,3,4997,981,0,0,,0,0,16,False,"{""jit"": ""off"", ""max_parallel_workers_per_gather"": ""0""}",measure,-,,,
I-3,default,2,C2,jsonb,8,0.049,10.16,,1,Seq Scan,Seq Scan on T,50,3,50,3,4997,981,0,0,,0,0,16,False,"{""jit"": ""off"", ""max_parallel_workers_per_gather"": ""0""}",measure,-,,,
I-3,default,2,C2,jsonb,9,0.045,9.882,,1,Seq Scan,Seq Scan on T,50,3,50,3,4997,981,0,0,,0,0,16,False,"{""jit"": ""off"", ""max_parallel_workers_per_gather"": ""0""}",measure,-,,,
I-3,default,2,C2,jsonb,10,0.041,12.64,,1,Seq Scan,Seq Scan on T,50,3,50,3,4997,981,0,0,,0,0,16,False,"{""jit"": ""off"", ""max_parallel_workers_per_gather"": ""0""}",measure,-,,,
I-3,default,2,C2,jsonb,11,0.071,11.014,,1,Seq Scan,Seq Scan on T,50,3,50,3,4997,981,0,0,,0,0,16,False,"{""jit"": ""off"", ""max_parallel_workers_per_gather"": ""0""}",measure,-,,,
I-3,default,2,C2,jsonb,12,0.048,10.444,,1,Seq Scan,Seq Scan on T,50,3,50,3,4997,981,0,0,,0,0,16,False,"{""jit"": ""off"", ""max_parallel_workers_per_gather"": ""0""}",measure,-,,,
I-3,default,2,C2,jsonb,13,0.043,9.857,,1,Seq Scan,Seq Scan on T,50,3,50,3,4997,981,0,0,,0,0,16,False,"{""jit"": ""off"", ""max_parallel_workers_per_gather"": ""0""}",measure,-,,,
I-3,default,2,C2,jsonb,14,0.043,9.708,,1,Seq Scan,Seq Scan on T,50,3,50,3,4997,981,0,0,,0,0,16,False,"{""jit"": ""off"", ""max_parallel_workers_per_gather"": ""0""}",measure,-,,,
I-3,default,2,C2,jsonb,15,0.044,10.286,,1,Seq Scan,Seq Scan on T,50,3,50,3,4997,981,0,0,,0,0,16,False,"{""jit"": ""off"", ""max_parallel_workers_per_gather"": ""0""}",measure,-,,,
I-3,default,2,C2,jsonb,1,0.048,9.911,0.001,1,Seq Scan,Seq Scan on T,50,3,50,3,4997,981,0,0,,0,0,16,False,"{""jit"": ""off"", ""max_parallel_workers_per_gather"": ""0""}",detail,-,,,
I-3,default,2,C3,jsonb,1,0.068,0.146,,1,Bitmap Heap Scan,Bitmap Heap Scan on T [Bitmap Index Scan using T_i3_gin_jsonb_path_ops],50,30,50,30,,34,0,0,,0,4,17,False,"{""jit"": ""off"", ""max_parallel_workers_per_gather"": ""0""}",warmup,T_i3_gin_jsonb_path_ops,30,0,0
I-3,default,2,C3,jsonb,2,0.049,0.129,,1,Bitmap Heap Scan,Bitmap Heap Scan on T [Bitmap Index Scan using T_i3_gin_jsonb_path_ops],50,30,50,30,,34,0,0,,0,1,17,False,"{""jit"": ""off"", ""max_parallel_workers_per_gather"": ""0""}",warmup,T_i3_gin_jsonb_path_ops,30,0,0
I-3,default,2,C3,jsonb,3,0.044,0.109,,1,Bitmap Heap Scan,Bitmap Heap Scan on T [Bitmap Index Scan using T_i3_gin_jsonb_path_ops],50,30,50,30,,34,0,0,,0,1,17,False,"{""jit"": ""off"", ""max_parallel_workers_per_gather"": ""0""}",warmup,T_i3_gin_jsonb_path_ops,30,0,0
I-3,default,2,C3,jsonb,1,0.043,0.108,,1,Bitmap Heap Scan,Bitmap Heap Scan on T [Bitmap Index Scan using T_i3_gin_jsonb_path_ops],50,30,50,30,,34,0,0,,0,1,17,False,"{""jit"": ""off"", ""max_parallel_workers_per_gather"": ""0""}",measure,T_i3_gin_jsonb_path_ops,30,0,0
I-3,default,2,C3,jsonb,2,0.041,0.104,,1,Bitmap Heap Scan,Bitmap Heap Scan on T [Bitmap Index Scan using T_i3_gin_jsonb_path_ops],50,30,50,30,,34,0,0,,0,1,17,False,"{""jit"": ""off"", ""max_parallel_workers_per_gather"": ""0""}",measure,T_i3_gin_jsonb_path_ops,30,0,0
I-3,default,2,C3,jsonb,3,0.041,0.156,,1,Bitmap Heap Scan,Bitmap Heap Scan on T [Bitmap Index Scan using T_i3_gin_jsonb_path_ops],50,30,50,30,,34,0,0,,0,1,17,False,"{""jit"": ""off"", ""max_parallel_workers_per_gather"": ""0""}",measure,T_i3_gin_jsonb_path_ops,30,0,0
I-3,default,2,C3,jsonb,4,0.042,0.103,,1,Bitmap Heap Scan,Bitmap Heap Scan on T [Bitmap Index Scan using T_i3_gin_jsonb_path_ops],50,30,50,30,,34,0,0,,0,1,17,False,"{""jit"": ""off"", ""max_parallel_workers_per_gather"": ""0""}",measure,T_i3_gin_jsonb_path_ops,30,0,0
I-3,default,2,C3,jsonb,5,0.041,0.103,,1,Bitmap Heap Scan,Bitmap Heap Scan on T [Bitmap Index Scan using T_i3_gin_jsonb_path_ops],50,30,50,30,,34,0,0,,0,1,17,False,"{""jit"": ""off"", ""max_parallel_workers_per_gather"": ""0""}",measure,T_i3_gin_jsonb_path_ops,30,0,0
I-3,default,2,C3,jsonb,6,0.041,0.102,,1,Bitmap Heap Scan,Bitmap Heap Scan on T [Bitmap Index Scan using T_i3_gin_jsonb_path_ops],50,30,50,30,,34,0,0,,0,1,17,False,"{""jit"": ""off"", ""max_parallel_workers_per_gather"": ""0""}",measure,T_i3_gin_jsonb_path_ops,30,0,0
I-3,default,2,C3,jsonb,7,0.041,0.102,,1,Bitmap Heap Scan,Bitmap Heap Scan on T [Bitmap Index Scan using T_i3_gin_jsonb_path_ops],50,30,50,30,,34,0,0,,0,1,17,False,"{""jit"": ""off"", ""max_parallel_workers_per_gather"": ""0""}",measure,T_i3_gin_jsonb_path_ops,30,0,0
I-3,default,2,C3,jsonb,8,0.041,0.276,,1,Bitmap Heap Scan,Bitmap Heap Scan on T [Bitmap Index Scan using T_i3_gin_jsonb_path_ops],50,30,50,30,,34,0,0,,0,1,17,False,"{""jit"": ""off"", ""max_parallel_workers_per_gather"": ""0""}",measure,T_i3_gin_jsonb_path_ops,30,0,0
I-3,default,2,C3,jsonb,9,0.041,0.103,,1,Bitmap Heap Scan,Bitmap Heap Scan on T [Bitmap Index Scan using T_i3_gin_jsonb_path_ops],50,30,50,30,,34,0,0,,0,1,17,False,"{""jit"": ""off"", ""max_parallel_workers_per_gather"": ""0""}",measure,T_i3_gin_jsonb_path_ops,30,0,0
I-3,default,2,C3,jsonb,10,0.041,0.103,,1,Bitmap Heap Scan,Bitmap Heap Scan on T [Bitmap Index Scan using T_i3_gin_jsonb_path_ops],50,30,50,30,,34,0,0,,0,1,17,False,"{""jit"": ""off"", ""max_parallel_workers_per_gather"": ""0""}",measure,T_i3_gin_jsonb_path_ops,30,0,0
I-3,default,2,C3,jsonb,11,0.041,0.116,,1,Bitmap Heap Scan,Bitmap Heap Scan on T [Bitmap Index Scan using T_i3_gin_jsonb_path_ops],50,30,50,30,,34,0,0,,0,1,17,False,"{""jit"": ""off"", ""max_parallel_workers_per_gather"": ""0""}",measure,T_i3_gin_jsonb_path_ops,30,0,0
I-3,default,2,C3,jsonb,12,0.04,0.101,,1,Bitmap Heap Scan,Bitmap Heap Scan on T [Bitmap Index Scan using T_i3_gin_jsonb_path_ops],50,30,50,30,,34,0,0,,0,1,17,False,"{""jit"": ""off"", ""max_parallel_workers_per_gather"": ""0""}",measure,T_i3_gin_jsonb_path_ops,30,0,0
I-3,default,2,C3,jsonb,13,0.04,0.108,,1,Bitmap Heap Scan,Bitmap Heap Scan on T [Bitmap Index Scan using T_i3_gin_jsonb_path_ops],50,30,50,30,,34,0,0,,0,1,17,False,"{""jit"": ""off"", ""max_parallel_workers_per_gather"": ""0""}",measure,T_i3_gin_jsonb_path_ops,30,0,0
I-3,default,2,C3,jsonb,14,0.04,0.1,,1,Bitmap Heap Scan,Bitmap Heap Scan on T [Bitmap Index Scan using T_i3_gin_jsonb_path_ops],50,30,50,30,,34,0,0,,0,1,17,False,"{""jit"": ""off"", ""max_parallel_workers_per_gather"": ""0""}",measure,T_i3_gin_jsonb_path_ops,30,0,0
I-3,default,2,C3,jsonb,15,0.054,0.105,,1,Bitmap Heap Scan,Bitmap Heap Scan on T [Bitmap Index Scan using T_i3_gin_jsonb_path_ops],50,30,50,30,,34,0,0,,0,1,17,False,"{""jit"": ""off"", ""max_parallel_workers_per_gather"": ""0""}",measure,T_i3_gin_jsonb_path_ops,30,0,0
I-3,default,2,C3,jsonb,1,0.042,0.107,0.002,1,Bitmap Heap Scan,Bitmap Heap Scan on T [Bitmap Index Scan using T_i3_gin_jsonb_path_ops],50,30,50,30,,34,0,0,,0,1,17,False,"{""jit"": ""off"", ""max_parallel_workers_per_gather"": ""0""}",detail,T_i3_gin_jsonb_path_ops,30,0,0
I-3,default,2,C3b,jsonb,1,0.048,0.029,,1,Bitmap Heap Scan,Bitmap Heap Scan on T [Bitmap Index Scan using T_i3_gin_jsonb_path_ops],50,12,50,12,,16,0,0,,0,4,17,False,"{""jit"": ""off"", ""max_parallel_workers_per_gather"": ""0""}",warmup,T_i3_gin_jsonb_path_ops,12,0,0
I-3,default,2,C3b,jsonb,2,0.041,0.027,,1,Bitmap Heap Scan,Bitmap Heap Scan on T [Bitmap Index Scan using T_i3_gin_jsonb_path_ops],50,12,50,12,,16,0,0,,0,1,17,False,"{""jit"": ""off"", ""max_parallel_workers_per_gather"": ""0""}",warmup,T_i3_gin_jsonb_path_ops,12,0,0
I-3,default,2,C3b,jsonb,3,0.048,0.028,,1,Bitmap Heap Scan,Bitmap Heap Scan on T [Bitmap Index Scan using T_i3_gin_jsonb_path_ops],50,12,50,12,,16,0,0,,0,1,17,False,"{""jit"": ""off"", ""max_parallel_workers_per_gather"": ""0""}",warmup,T_i3_gin_jsonb_path_ops,12,0,0
I-3,default,2,C3b,jsonb,1,0.041,0.027,,1,Bitmap Heap Scan,Bitmap Heap Scan on T [Bitmap Index Scan using T_i3_gin_jsonb_path_ops],50,12,50,12,,16,0,0,,0,1,17,False,"{""jit"": ""off"", ""max_parallel_workers_per_gather"": ""0""}",measure,T_i3_gin_jsonb_path_ops,12,0,0
I-3,default,2,C3b,jsonb,2,0.041,0.027,,1,Bitmap Heap Scan,Bitmap Heap Scan on T [Bitmap Index Scan using T_i3_gin_jsonb_path_ops],50,12,50,12,,16,0,0,,0,1,17,False,"{""jit"": ""off"", ""max_parallel_workers_per_gather"": ""0""}",measure,T_i3_gin_jsonb_path_ops,12,0,0
I-3,default,2,C3b,jsonb,3,0.041,0.027,,1,Bitmap Heap Scan,Bitmap Heap Scan on T [Bitmap Index Scan using T_i3_gin_jsonb_path_ops],50,12,50,12,,16,0,0,,0,1,17,False,"{""jit"": ""off"", ""max_parallel_workers_per_gather"": ""0""}",measure,T_i3_gin_jsonb_path_ops,12,0,0
I-3,default,2,C3b,jsonb,4,0.04,0.026,,1,Bitmap Heap Scan,Bitmap Heap Scan on T [Bitmap Index Scan using T_i3_gin_jsonb_path_ops],50,12,50,12,,16,0,0,,0,1,17,False,"{""jit"": ""off"", ""max_parallel_workers_per_gather"": ""0""}",measure,T_i3_gin_jsonb_path_ops,12,0,0
I-3,default,2,C3b,jsonb,5,0.045,0.031,,1,Bitmap Heap Scan,Bitmap Heap Scan on T [Bitmap Index Scan using T_i3_gin_jsonb_path_ops],50,12,50,12,,16,0,0,,0,1,17,False,"{""jit"": ""off"", ""max_parallel_workers_per_gather"": ""0""}",measure,T_i3_gin_jsonb_path_ops,12,0,0
I-3,default,2,C3b,jsonb,6,0.043,0.028,,1,Bitmap Heap Scan,Bitmap Heap Scan on T [Bitmap Index Scan using T_i3_gin_jsonb_path_ops],50,12,50,12,,16,0,0,,0,1,17,False,"{""jit"": ""off"", ""max_parallel_workers_per_gather"": ""0""}",measure,T_i3_gin_jsonb_path_ops,12,0,0
I-3,default,2,C3b,jsonb,7,0.041,0.028,,1,Bitmap Heap Scan,Bitmap Heap Scan on T [Bitmap Index Scan using T_i3_gin_jsonb_path_ops],50,12,50,12,,16,0,0,,0,1,17,False,"{""jit"": ""off"", ""max_parallel_workers_per_gather"": ""0""}",measure,T_i3_gin_jsonb_path_ops,12,0,0
I-3,default,2,C3b,jsonb,8,0.041,0.027,,1,Bitmap Heap Scan,Bitmap Heap Scan on T [Bitmap Index Scan using T_i3_gin_jsonb_path_ops],50,12,50,12,,16,0,0,,0,1,17,False,"{""jit"": ""off"", ""max_parallel_workers_per_gather"": ""0""}",measure,T_i3_gin_jsonb_path_ops,12,0,0
I-3,default,2,C3b,jsonb,9,0.041,0.027,,1,Bitmap Heap Scan,Bitmap Heap Scan on T [Bitmap Index Scan using T_i3_gin_jsonb_path_ops],50,12,50,12,,16,0,0,,0,1,17,False,"{""jit"": ""off"", ""max_parallel_workers_per_gather"": ""0""}",measure,T_i3_gin_jsonb_path_ops,12,0,0
I-3,default,2,C3b,jsonb,10,0.041,0.026,,1,Bitmap Heap Scan,Bitmap Heap Scan on T [Bitmap Index Scan using T_i3_gin_jsonb_path_ops],50,12,50,12,,16,0,0,,0,1,17,False,"{""jit"": ""off"", ""max_parallel_workers_per_gather"": ""0""}",measure,T_i3_gin_jsonb_path_ops,12,0,0
I-3,default,2,C3b,jsonb,11,0.041,0.027,,1,Bitmap Heap Scan,Bitmap Heap Scan on T [Bitmap Index Scan using T_i3_gin_jsonb_path_ops],50,12,50,12,,16,0,0,,0,1,17,False,"{""jit"": ""off"", ""max_parallel_workers_per_gather"": ""0""}",measure,T_i3_gin_jsonb_path_ops,12,0,0
I-3,default,2,C3b,jsonb,12,0.04,0.026,,1,Bitmap Heap Scan,Bitmap Heap Scan on T [Bitmap Index Scan using T_i3_gin_jsonb_path_ops],50,12,50,12,,16,0,0,,0,1,17,False,"{""jit"": ""off"", ""max_parallel_workers_per_gather"": ""0""}",measure,T_i3_gin_jsonb_path_ops,12,0,0
I-3,default,2,C3b,jsonb,13,0.053,0.026,,1,Bitmap Heap Scan,Bitmap Heap Scan on T [Bitmap Index Scan using T_i3_gin_jsonb_path_ops],50,12,50,12,,16,0,0,,0,1,17,False,"{""jit"": ""off"", ""max_parallel_workers_per_gather"": ""0""}",measure,T_i3_gin_jsonb_path_ops,12,0,0
I-3,default,2,C3b,jsonb,14,0.039,0.026,,1,Bitmap Heap Scan,Bitmap Heap Scan on T [Bitmap Index Scan using T_i3_gin_jsonb_path_ops],50,12,50,12,,16,0,0,,0,1,17,False,"{""jit"": ""off"", ""max_parallel_workers_per_gather"": ""0""}",measure,T_i3_gin_jsonb_path_ops,12,0,0
I-3,default,2,C3b,jsonb,15,0.039,0.026,,1,Bitmap Heap Scan,Bitmap Heap Scan on T [Bitmap Index Scan using T_i3_gin_jsonb_path_ops],50,12,50,12,,16,0,0,,0,1,17,False,"{""jit"": ""off"", ""max_parallel_workers_per_gather"": ""0""}",measure,T_i3_gin_jsonb_path_ops,12,0,0
I-3,default,2,C3b,jsonb,1,0.044,0.037,0.001,1,Bitmap Heap Scan,Bitmap Heap Scan on T [Bitmap Index Scan using T_i3_gin_jsonb_path_ops],50,12,50,12,,16,0,0,,0,1,17,False,"{""jit"": ""off"", ""max_parallel_workers_per_gather"": ""0""}",detail,T_i3_gin_jsonb_path_ops,12,0,0
I-3,default,2,Q21,jsonb,1,0.035,12.309,,1,Seq Scan,Seq Scan on T,2500,30,2500,30,4970,981,0,0,,0,0,15,False,"{""jit"": ""off"", ""max_parallel_workers_per_gather"": ""0""}",warmup,-,,,
I-3,default,2,Q21,jsonb,2,0.048,12.274,,1,Seq Scan,Seq Scan on T,2500,30,2500,30,4970,981,0,0,,0,0,15,False,"{""jit"": ""off"", ""max_parallel_workers_per_gather"": ""0""}",warmup,-,,,
I-3,default,2,Q21,jsonb,3,0.047,11.966,,1,Seq Scan,Seq Scan on T,2500,30,2500,30,4970,981,0,0,,0,0,15,False,"{""jit"": ""off"", ""max_parallel_workers_per_gather"": ""0""}",warmup,-,,,
I-3,default,2,Q21,jsonb,1,0.053,13.474,,1,Seq Scan,Seq Scan on T,2500,30,2500,30,4970,981,0,0,,0,0,15,False,"{""jit"": ""off"", ""max_parallel_workers_per_gather"": ""0""}",measure,-,,,
I-3,default,2,Q21,jsonb,2,0.061,14.508,,1,Seq Scan,Seq Scan on T,2500,30,2500,30,4970,981,0,0,,0,0,15,False,"{""jit"": ""off"", ""max_parallel_workers_per_gather"": ""0""}",measure,-,,,
I-3,default,2,Q21,jsonb,3,0.095,14.666,,1,Seq Scan,Seq Scan on T,2500,30,2500,30,4970,981,0,0,,0,0,15,False,"{""jit"": ""off"", ""max_parallel_workers_per_gather"": ""0""}",measure,-,,,
I-3,default,2,Q21,jsonb,4,0.068,12.795,,1,Seq Scan,Seq Scan on T,2500,30,2500,30,4970,981,0,0,,0,0,15,False,"{""jit"": ""off"", ""max_parallel_workers_per_gather"": ""0""}",measure,-,,,
I-3,default,2,Q21,jsonb,5,0.07,13.703,,1,Seq Scan,Seq Scan on T,2500,30,2500,30,4970,981,0,0,,0,0,15,False,"{""jit"": ""off"", ""max_parallel_workers_per_gather"": ""0""}",measure,-,,,
I-3,default,2,Q21,jsonb,6,0.066,13.036,,1,Seq Scan,Seq Scan on T,2500,30,2500,30,4970,981,0,0,,0,0,15,False,"{""jit"": ""off"", ""max_parallel_workers_per_gather"": ""0""}",measure,-,,,
I-3,default,2,Q21,jsonb,7,0.053,11.945,,1,Seq Scan,Seq Scan on T,2500,30,2500,30,4970,981,0,0,,0,0,15,False,"{""jit"": ""off"", ""max_parallel_workers_per_gather"": ""0""}",measure,-,,,
I-3,default,2,Q21,jsonb,8,0.045,11.734,,1,Seq Scan,Seq Scan on T,2500,30,2500,30,4970,981,0,0,,0,0,15,False,"{""jit"": ""off"", ""max_parallel_workers_per_gather"": ""0""}",measure,-,,,
I-3,default,2,Q21,jsonb,9,0.045,11.496,,1,Seq Scan,Seq Scan on T,2500,30,2500,30,4970,981,0,0,,0,0,15,False,"{""jit"": ""off"", ""max_parallel_workers_per_gather"": ""0""}",measure,-,,,
I-3,default,2,Q21,jsonb,10,0.044,12.037,,1,Seq Scan,Seq Scan on T,2500,30,2500,30,4970,981,0,0,,0,0,15,False,"{""jit"": ""off"", ""max_parallel_workers_per_gather"": ""0""}",measure,-,,,
I-3,default,2,Q21,jsonb,11,0.054,11.923,,1,Seq Scan,Seq Scan on T,2500,30,2500,30,4970,981,0,0,,0,0,15,False,"{""jit"": ""off"", ""max_parallel_workers_per_gather"": ""0""}",measure,-,,,
I-3,default,2,Q21,jsonb,12,0.056,12.553,,1,Seq Scan,Seq Scan on T,2500,30,2500,30,4970,981,0,0,,0,0,15,False,"{""jit"": ""off"", ""max_parallel_workers_per_gather"": ""0""}",measure,-,,,
I-3,default,2,Q21,jsonb,13,0.051,13.768,,1,Seq Scan,Seq Scan on T,2500,30,2500,30,4970,981,0,0,,0,0,15,False,"{""jit"": ""off"", ""max_parallel_workers_per_gather"": ""0""}",measure,-,,,
I-3,default,2,Q21,jsonb,14,0.063,12.207,,1,Seq Scan,Seq Scan on T,2500,30,2500,30,4970,981,0,0,,0,0,15,False,"{""jit"": ""off"", ""max_parallel_workers_per_gather"": ""0""}",measure,-,,,
I-3,default,2,Q21,jsonb,15,0.047,11.716,,1,Seq Scan,Seq Scan on T,2500,30,2500,30,4970,981,0,0,,0,0,15,False,"{""jit"": ""off"", ""max_parallel_workers_per_gather"": ""0""}",measure,-,,,
I-3,default,2,Q21,jsonb,1,0.043,13.086,0.005,1,Seq Scan,Seq Scan on T,2500,30,2500,30,4970,981,0,0,,0,0,15,False,"{""jit"": ""off"", ""max_parallel_workers_per_gather"": ""0""}",detail,-,,,
I-3,forced,2,C1,jsonb,1,0.107,0.067,,1,Bitmap Heap Scan,Bitmap Heap Scan on T [Bitmap Index Scan using T_i3_gin_jsonb_path_ops],50,12,50,12,,16,0,0,,0,1,17,False,"{""enable_seqscan"": ""off"", ""jit"": ""off"", ""max_parallel_workers_per_gather"": ""0""}",warmup,T_i3_gin_jsonb_path_ops,12,0,0
I-3,forced,2,C1,jsonb,2,0.075,0.067,,1,Bitmap Heap Scan,Bitmap Heap Scan on T [Bitmap Index Scan using T_i3_gin_jsonb_path_ops],50,12,50,12,,16,0,0,,0,1,17,False,"{""enable_seqscan"": ""off"", ""jit"": ""off"", ""max_parallel_workers_per_gather"": ""0""}",warmup,T_i3_gin_jsonb_path_ops,12,0,0
I-3,forced,2,C1,jsonb,3,0.051,0.032,,1,Bitmap Heap Scan,Bitmap Heap Scan on T [Bitmap Index Scan using T_i3_gin_jsonb_path_ops],50,12,50,12,,16,0,0,,0,1,17,False,"{""enable_seqscan"": ""off"", ""jit"": ""off"", ""max_parallel_workers_per_gather"": ""0""}",warmup,T_i3_gin_jsonb_path_ops,12,0,0
I-3,forced,2,C1,jsonb,1,0.046,0.029,,1,Bitmap Heap Scan,Bitmap Heap Scan on T [Bitmap Index Scan using T_i3_gin_jsonb_path_ops],50,12,50,12,,16,0,0,,0,1,17,False,"{""enable_seqscan"": ""off"", ""jit"": ""off"", ""max_parallel_workers_per_gather"": ""0""}",measure,T_i3_gin_jsonb_path_ops,12,0,0
I-3,forced,2,C1,jsonb,2,0.045,0.029,,1,Bitmap Heap Scan,Bitmap Heap Scan on T [Bitmap Index Scan using T_i3_gin_jsonb_path_ops],50,12,50,12,,16,0,0,,0,1,17,False,"{""enable_seqscan"": ""off"", ""jit"": ""off"", ""max_parallel_workers_per_gather"": ""0""}",measure,T_i3_gin_jsonb_path_ops,12,0,0
I-3,forced,2,C1,jsonb,3,0.045,0.028,,1,Bitmap Heap Scan,Bitmap Heap Scan on T [Bitmap Index Scan using T_i3_gin_jsonb_path_ops],50,12,50,12,,16,0,0,,0,1,17,False,"{""enable_seqscan"": ""off"", ""jit"": ""off"", ""max_parallel_workers_per_gather"": ""0""}",measure,T_i3_gin_jsonb_path_ops,12,0,0
I-3,forced,2,C1,jsonb,4,0.044,0.029,,1,Bitmap Heap Scan,Bitmap Heap Scan on T [Bitmap Index Scan using T_i3_gin_jsonb_path_ops],50,12,50,12,,16,0,0,,0,1,17,False,"{""enable_seqscan"": ""off"", ""jit"": ""off"", ""max_parallel_workers_per_gather"": ""0""}",measure,T_i3_gin_jsonb_path_ops,12,0,0
I-3,forced,2,C1,jsonb,5,0.044,0.028,,1,Bitmap Heap Scan,Bitmap Heap Scan on T [Bitmap Index Scan using T_i3_gin_jsonb_path_ops],50,12,50,12,,16,0,0,,0,1,17,False,"{""enable_seqscan"": ""off"", ""jit"": ""off"", ""max_parallel_workers_per_gather"": ""0""}",measure,T_i3_gin_jsonb_path_ops,12,0,0
I-3,forced,2,C1,jsonb,6,0.055,0.027,,1,Bitmap Heap Scan,Bitmap Heap Scan on T [Bitmap Index Scan using T_i3_gin_jsonb_path_ops],50,12,50,12,,16,0,0,,0,1,17,False,"{""enable_seqscan"": ""off"", ""jit"": ""off"", ""max_parallel_workers_per_gather"": ""0""}",measure,T_i3_gin_jsonb_path_ops,12,0,0
I-3,forced,2,C1,jsonb,7,0.044,0.029,,1,Bitmap Heap Scan,Bitmap Heap Scan on T [Bitmap Index Scan using T_i3_gin_jsonb_path_ops],50,12,50,12,,16,0,0,,0,1,17,False,"{""enable_seqscan"": ""off"", ""jit"": ""off"", ""max_parallel_workers_per_gather"": ""0""}",measure,T_i3_gin_jsonb_path_ops,12,0,0
I-3,forced,2,C1,jsonb,8,0.045,0.065,,1,Bitmap Heap Scan,Bitmap Heap Scan on T [Bitmap Index Scan using T_i3_gin_jsonb_path_ops],50,12,50,12,,16,0,0,,0,1,17,False,"{""enable_seqscan"": ""off"", ""jit"": ""off"", ""max_parallel_workers_per_gather"": ""0""}",measure,T_i3_gin_jsonb_path_ops,12,0,0
I-3,forced,2,C1,jsonb,9,0.041,0.026,,1,Bitmap Heap Scan,Bitmap Heap Scan on T [Bitmap Index Scan using T_i3_gin_jsonb_path_ops],50,12,50,12,,16,0,0,,0,1,17,False,"{""enable_seqscan"": ""off"", ""jit"": ""off"", ""max_parallel_workers_per_gather"": ""0""}",measure,T_i3_gin_jsonb_path_ops,12,0,0
I-3,forced,2,C1,jsonb,10,0.057,0.026,,1,Bitmap Heap Scan,Bitmap Heap Scan on T [Bitmap Index Scan using T_i3_gin_jsonb_path_ops],50,12,50,12,,16,0,0,,0,1,17,False,"{""enable_seqscan"": ""off"", ""jit"": ""off"", ""max_parallel_workers_per_gather"": ""0""}",measure,T_i3_gin_jsonb_path_ops,12,0,0
I-3,forced,2,C1,jsonb,11,0.044,0.028,,1,Bitmap Heap Scan,Bitmap Heap Scan on T [Bitmap Index Scan using T_i3_gin_jsonb_path_ops],50,12,50,12,,16,0,0,,0,1,17,False,"{""enable_seqscan"": ""off"", ""jit"": ""off"", ""max_parallel_workers_per_gather"": ""0""}",measure,T_i3_gin_jsonb_path_ops,12,0,0
I-3,forced,2,C1,jsonb,12,0.041,0.026,,1,Bitmap Heap Scan,Bitmap Heap Scan on T [Bitmap Index Scan using T_i3_gin_jsonb_path_ops],50,12,50,12,,16,0,0,,0,1,17,False,"{""enable_seqscan"": ""off"", ""jit"": ""off"", ""max_parallel_workers_per_gather"": ""0""}",measure,T_i3_gin_jsonb_path_ops,12,0,0
I-3,forced,2,C1,jsonb,13,0.04,0.026,,1,Bitmap Heap Scan,Bitmap Heap Scan on T [Bitmap Index Scan using T_i3_gin_jsonb_path_ops],50,12,50,12,,16,0,0,,0,1,17,False,"{""enable_seqscan"": ""off"", ""jit"": ""off"", ""max_parallel_workers_per_gather"": ""0""}",measure,T_i3_gin_jsonb_path_ops,12,0,0
I-3,forced,2,C1,jsonb,14,0.04,0.025,,1,Bitmap Heap Scan,Bitmap Heap Scan on T [Bitmap Index Scan using T_i3_gin_jsonb_path_ops],50,12,50,12,,16,0,0,,0,1,17,False,"{""enable_seqscan"": ""off"", ""jit"": ""off"", ""max_parallel_workers_per_gather"": ""0""}",measure,T_i3_gin_jsonb_path_ops,12,0,0
I-3,forced,2,C1,jsonb,15,0.04,0.025,,1,Bitmap Heap Scan,Bitmap Heap Scan on T [Bitmap Index Scan using T_i3_gin_jsonb_path_ops],50,12,50,12,,16,0,0,,0,1,17,False,"{""enable_seqscan"": ""off"", ""jit"": ""off"", ""max_parallel_workers_per_gather"": ""0""}",measure,T_i3_gin_jsonb_path_ops,12,0,0
I-3,forced,2,C1,jsonb,1,0.04,0.026,0.001,1,Bitmap Heap Scan,Bitmap Heap Scan on T [Bitmap Index Scan using T_i3_gin_jsonb_path_ops],50,12,50,12,,16,0,0,,0,1,17,False,"{""enable_seqscan"": ""off"", ""jit"": ""off"", ""max_parallel_workers_per_gather"": ""0""}",detail,T_i3_gin_jsonb_path_ops,12,0,0
I-3,forced,2,C1b,jsonb,1,0.04,0.117,,1,Bitmap Heap Scan,Bitmap Heap Scan on T [Bitmap Index Scan using T_i3_gin_jsonb_path_ops],50,30,50,30,,34,0,0,,0,1,17,False,"{""enable_seqscan"": ""off"", ""jit"": ""off"", ""max_parallel_workers_per_gather"": ""0""}",warmup,T_i3_gin_jsonb_path_ops,30,0,0
I-3,forced,2,C1b,jsonb,2,0.041,0.105,,1,Bitmap Heap Scan,Bitmap Heap Scan on T [Bitmap Index Scan using T_i3_gin_jsonb_path_ops],50,30,50,30,,34,0,0,,0,1,17,False,"{""enable_seqscan"": ""off"", ""jit"": ""off"", ""max_parallel_workers_per_gather"": ""0""}",warmup,T_i3_gin_jsonb_path_ops,30,0,0
I-3,forced,2,C1b,jsonb,3,0.045,0.126,,1,Bitmap Heap Scan,Bitmap Heap Scan on T [Bitmap Index Scan using T_i3_gin_jsonb_path_ops],50,30,50,30,,34,0,0,,0,1,17,False,"{""enable_seqscan"": ""off"", ""jit"": ""off"", ""max_parallel_workers_per_gather"": ""0""}",warmup,T_i3_gin_jsonb_path_ops,30,0,0
I-3,forced,2,C1b,jsonb,1,0.043,0.104,,1,Bitmap Heap Scan,Bitmap Heap Scan on T [Bitmap Index Scan using T_i3_gin_jsonb_path_ops],50,30,50,30,,34,0,0,,0,1,17,False,"{""enable_seqscan"": ""off"", ""jit"": ""off"", ""max_parallel_workers_per_gather"": ""0""}",measure,T_i3_gin_jsonb_path_ops,30,0,0
I-3,forced,2,C1b,jsonb,2,0.044,0.106,,1,Bitmap Heap Scan,Bitmap Heap Scan on T [Bitmap Index Scan using T_i3_gin_jsonb_path_ops],50,30,50,30,,34,0,0,,0,1,17,False,"{""enable_seqscan"": ""off"", ""jit"": ""off"", ""max_parallel_workers_per_gather"": ""0""}",measure,T_i3_gin_jsonb_path_ops,30,0,0
I-3,forced,2,C1b,jsonb,3,0.043,0.105,,1,Bitmap Heap Scan,Bitmap Heap Scan on T [Bitmap Index Scan using T_i3_gin_jsonb_path_ops],50,30,50,30,,34,0,0,,0,1,17,False,"{""enable_seqscan"": ""off"", ""jit"": ""off"", ""max_parallel_workers_per_gather"": ""0""}",measure,T_i3_gin_jsonb_path_ops,30,0,0
I-3,forced,2,C1b,jsonb,4,0.043,0.105,,1,Bitmap Heap Scan,Bitmap Heap Scan on T [Bitmap Index Scan using T_i3_gin_jsonb_path_ops],50,30,50,30,,34,0,0,,0,1,17,False,"{""enable_seqscan"": ""off"", ""jit"": ""off"", ""max_parallel_workers_per_gather"": ""0""}",measure,T_i3_gin_jsonb_path_ops,30,0,0
I-3,forced,2,C1b,jsonb,5,0.043,0.105,,1,Bitmap Heap Scan,Bitmap Heap Scan on T [Bitmap Index Scan using T_i3_gin_jsonb_path_ops],50,30,50,30,,34,0,0,,0,1,17,False,"{""enable_seqscan"": ""off"", ""jit"": ""off"", ""max_parallel_workers_per_gather"": ""0""}",measure,T_i3_gin_jsonb_path_ops,30,0,0
I-3,forced,2,C1b,jsonb,6,0.043,0.105,,1,Bitmap Heap Scan,Bitmap Heap Scan on T [Bitmap Index Scan using T_i3_gin_jsonb_path_ops],50,30,50,30,,34,0,0,,0,1,17,False,"{""enable_seqscan"": ""off"", ""jit"": ""off"", ""max_parallel_workers_per_gather"": ""0""}",measure,T_i3_gin_jsonb_path_ops,30,0,0
I-3,forced,2,C1b,jsonb,7,0.043,0.14,,1,Bitmap Heap Scan,Bitmap Heap Scan on T [Bitmap Index Scan using T_i3_gin_jsonb_path_ops],50,30,50,30,,34,0,0,,0,1,17,False,"{""enable_seqscan"": ""off"", ""jit"": ""off"", ""max_parallel_workers_per_gather"": ""0""}",measure,T_i3_gin_jsonb_path_ops,30,0,0
I-3,forced,2,C1b,jsonb,8,0.044,0.112,,1,Bitmap Heap Scan,Bitmap Heap Scan on T [Bitmap Index Scan using T_i3_gin_jsonb_path_ops],50,30,50,30,,34,0,0,,0,1,17,False,"{""enable_seqscan"": ""off"", ""jit"": ""off"", ""max_parallel_workers_per_gather"": ""0""}",measure,T_i3_gin_jsonb_path_ops,30,0,0
I-3,forced,2,C1b,jsonb,9,0.043,0.106,,1,Bitmap Heap Scan,Bitmap Heap Scan on T [Bitmap Index Scan using T_i3_gin_jsonb_path_ops],50,30,50,30,,34,0,0,,0,1,17,False,"{""enable_seqscan"": ""off"", ""jit"": ""off"", ""max_parallel_workers_per_gather"": ""0""}",measure,T_i3_gin_jsonb_path_ops,30,0,0
I-3,forced,2,C1b,jsonb,10,0.043,0.105,,1,Bitmap Heap Scan,Bitmap Heap Scan on T [Bitmap Index Scan using T_i3_gin_jsonb_path_ops],50,30,50,30,,34,0,0,,0,1,17,False,"{""enable_seqscan"": ""off"", ""jit"": ""off"", ""max_parallel_workers_per_gather"": ""0""}",measure,T_i3_gin_jsonb_path_ops,30,0,0
I-3,forced,2,C1b,jsonb,11,0.042,0.108,,1,Bitmap Heap Scan,Bitmap Heap Scan on T [Bitmap Index Scan using T_i3_gin_jsonb_path_ops],50,30,50,30,,34,0,0,,0,1,17,False,"{""enable_seqscan"": ""off"", ""jit"": ""off"", ""max_parallel_workers_per_gather"": ""0""}",measure,T_i3_gin_jsonb_path_ops,30,0,0
I-3,forced,2,C1b,jsonb,12,0.047,0.114,,1,Bitmap Heap Scan,Bitmap Heap Scan on T [Bitmap Index Scan using T_i3_gin_jsonb_path_ops],50,30,50,30,,34,0,0,,0,1,17,False,"{""enable_seqscan"": ""off"", ""jit"": ""off"", ""max_parallel_workers_per_gather"": ""0""}",measure,T_i3_gin_jsonb_path_ops,30,0,0
I-3,forced,2,C1b,jsonb,13,0.044,0.107,,1,Bitmap Heap Scan,Bitmap Heap Scan on T [Bitmap Index Scan using T_i3_gin_jsonb_path_ops],50,30,50,30,,34,0,0,,0,1,17,False,"{""enable_seqscan"": ""off"", ""jit"": ""off"", ""max_parallel_workers_per_gather"": ""0""}",measure,T_i3_gin_jsonb_path_ops,30,0,0
I-3,forced,2,C1b,jsonb,14,0.043,0.106,,1,Bitmap Heap Scan,Bitmap Heap Scan on T [Bitmap Index Scan using T_i3_gin_jsonb_path_ops],50,30,50,30,,34,0,0,,0,1,17,False,"{""enable_seqscan"": ""off"", ""jit"": ""off"", ""max_parallel_workers_per_gather"": ""0""}",measure,T_i3_gin_jsonb_path_ops,30,0,0
I-3,forced,2,C1b,jsonb,15,0.043,0.106,,1,Bitmap Heap Scan,Bitmap Heap Scan on T [Bitmap Index Scan using T_i3_gin_jsonb_path_ops],50,30,50,30,,34,0,0,,0,1,17,False,"{""enable_seqscan"": ""off"", ""jit"": ""off"", ""max_parallel_workers_per_gather"": ""0""}",measure,T_i3_gin_jsonb_path_ops,30,0,0
I-3,forced,2,C1b,jsonb,1,0.043,0.107,0.003,1,Bitmap Heap Scan,Bitmap Heap Scan on T [Bitmap Index Scan using T_i3_gin_jsonb_path_ops],50,30,50,30,,34,0,0,,0,1,17,False,"{""enable_seqscan"": ""off"", ""jit"": ""off"", ""max_parallel_workers_per_gather"": ""0""}",detail,T_i3_gin_jsonb_path_ops,30,0,0
I-3,forced,2,C1c,jsonb,1,0.043,0.022,,1,Bitmap Heap Scan,Bitmap Heap Scan on T [Bitmap Index Scan using T_i3_gin_jsonb_path_ops],50,3,50,3,,7,0,0,,0,1,17,False,"{""enable_seqscan"": ""off"", ""jit"": ""off"", ""max_parallel_workers_per_gather"": ""0""}",warmup,T_i3_gin_jsonb_path_ops,3,0,0
I-3,forced,2,C1c,jsonb,2,0.042,0.021,,1,Bitmap Heap Scan,Bitmap Heap Scan on T [Bitmap Index Scan using T_i3_gin_jsonb_path_ops],50,3,50,3,,7,0,0,,0,1,17,False,"{""enable_seqscan"": ""off"", ""jit"": ""off"", ""max_parallel_workers_per_gather"": ""0""}",warmup,T_i3_gin_jsonb_path_ops,3,0,0
I-3,forced,2,C1c,jsonb,3,0.042,0.02,,1,Bitmap Heap Scan,Bitmap Heap Scan on T [Bitmap Index Scan using T_i3_gin_jsonb_path_ops],50,3,50,3,,7,0,0,,0,1,17,False,"{""enable_seqscan"": ""off"", ""jit"": ""off"", ""max_parallel_workers_per_gather"": ""0""}",warmup,T_i3_gin_jsonb_path_ops,3,0,0
I-3,forced,2,C1c,jsonb,1,0.042,0.02,,1,Bitmap Heap Scan,Bitmap Heap Scan on T [Bitmap Index Scan using T_i3_gin_jsonb_path_ops],50,3,50,3,,7,0,0,,0,1,17,False,"{""enable_seqscan"": ""off"", ""jit"": ""off"", ""max_parallel_workers_per_gather"": ""0""}",measure,T_i3_gin_jsonb_path_ops,3,0,0
I-3,forced,2,C1c,jsonb,2,0.042,0.02,,1,Bitmap Heap Scan,Bitmap Heap Scan on T [Bitmap Index Scan using T_i3_gin_jsonb_path_ops],50,3,50,3,,7,0,0,,0,1,17,False,"{""enable_seqscan"": ""off"", ""jit"": ""off"", ""max_parallel_workers_per_gather"": ""0""}",measure,T_i3_gin_jsonb_path_ops,3,0,0
I-3,forced,2,C1c,jsonb,3,0.042,0.02,,1,Bitmap Heap Scan,Bitmap Heap Scan on T [Bitmap Index Scan using T_i3_gin_jsonb_path_ops],50,3,50,3,,7,0,0,,0,1,17,False,"{""enable_seqscan"": ""off"", ""jit"": ""off"", ""max_parallel_workers_per_gather"": ""0""}",measure,T_i3_gin_jsonb_path_ops,3,0,0
I-3,forced,2,C1c,jsonb,4,0.042,0.02,,1,Bitmap Heap Scan,Bitmap Heap Scan on T [Bitmap Index Scan using T_i3_gin_jsonb_path_ops],50,3,50,3,,7,0,0,,0,1,17,False,"{""enable_seqscan"": ""off"", ""jit"": ""off"", ""max_parallel_workers_per_gather"": ""0""}",measure,T_i3_gin_jsonb_path_ops,3,0,0
I-3,forced,2,C1c,jsonb,5,0.042,0.02,,1,Bitmap Heap Scan,Bitmap Heap Scan on T [Bitmap Index Scan using T_i3_gin_jsonb_path_ops],50,3,50,3,,7,0,0,,0,1,17,False,"{""enable_seqscan"": ""off"", ""jit"": ""off"", ""max_parallel_workers_per_gather"": ""0""}",measure,T_i3_gin_jsonb_path_ops,3,0,0
I-3,forced,2,C1c,jsonb,6,0.042,0.02,,1,Bitmap Heap Scan,Bitmap Heap Scan on T [Bitmap Index Scan using T_i3_gin_jsonb_path_ops],50,3,50,3,,7,0,0,,0,1,17,False,"{""enable_seqscan"": ""off"", ""jit"": ""off"", ""max_parallel_workers_per_gather"": ""0""}",measure,T_i3_gin_jsonb_path_ops,3,0,0
I-3,forced,2,C1c,jsonb,7,0.042,0.02,,1,Bitmap Heap Scan,Bitmap Heap Scan on T [Bitmap Index Scan using T_i3_gin_jsonb_path_ops],50,3,50,3,,7,0,0,,0,1,17,False,"{""enable_seqscan"": ""off"", ""jit"": ""off"", ""max_parallel_workers_per_gather"": ""0""}",measure,T_i3_gin_jsonb_path_ops,3,0,0
I-3,forced,2,C1c,jsonb,8,0.042,0.02,,1,Bitmap Heap Scan,Bitmap Heap Scan on T [Bitmap Index Scan using T_i3_gin_jsonb_path_ops],50,3,50,3,,7,0,0,,0,1,17,False,"{""enable_seqscan"": ""off"", ""jit"": ""off"", ""max_parallel_workers_per_gather"": ""0""}",measure,T_i3_gin_jsonb_path_ops,3,0,0
I-3,forced,2,C1c,jsonb,9,0.045,0.023,,1,Bitmap Heap Scan,Bitmap Heap Scan on T [Bitmap Index Scan using T_i3_gin_jsonb_path_ops],50,3,50,3,,7,0,0,,0,1,17,False,"{""enable_seqscan"": ""off"", ""jit"": ""off"", ""max_parallel_workers_per_gather"": ""0""}",measure,T_i3_gin_jsonb_path_ops,3,0,0
I-3,forced,2,C1c,jsonb,10,0.079,0.023,,1,Bitmap Heap Scan,Bitmap Heap Scan on T [Bitmap Index Scan using T_i3_gin_jsonb_path_ops],50,3,50,3,,7,0,0,,0,1,17,False,"{""enable_seqscan"": ""off"", ""jit"": ""off"", ""max_parallel_workers_per_gather"": ""0""}",measure,T_i3_gin_jsonb_path_ops,3,0,0
I-3,forced,2,C1c,jsonb,11,0.043,0.036,,1,Bitmap Heap Scan,Bitmap Heap Scan on T [Bitmap Index Scan using T_i3_gin_jsonb_path_ops],50,3,50,3,,7,0,0,,0,1,17,False,"{""enable_seqscan"": ""off"", ""jit"": ""off"", ""max_parallel_workers_per_gather"": ""0""}",measure,T_i3_gin_jsonb_path_ops,3,0,0
I-3,forced,2,C1c,jsonb,12,0.043,0.021,,1,Bitmap Heap Scan,Bitmap Heap Scan on T [Bitmap Index Scan using T_i3_gin_jsonb_path_ops],50,3,50,3,,7,0,0,,0,1,17,False,"{""enable_seqscan"": ""off"", ""jit"": ""off"", ""max_parallel_workers_per_gather"": ""0""}",measure,T_i3_gin_jsonb_path_ops,3,0,0
I-3,forced,2,C1c,jsonb,13,0.043,0.021,,1,Bitmap Heap Scan,Bitmap Heap Scan on T [Bitmap Index Scan using T_i3_gin_jsonb_path_ops],50,3,50,3,,7,0,0,,0,1,17,False,"{""enable_seqscan"": ""off"", ""jit"": ""off"", ""max_parallel_workers_per_gather"": ""0""}",measure,T_i3_gin_jsonb_path_ops,3,0,0
I-3,forced,2,C1c,jsonb,14,0.044,0.022,,1,Bitmap Heap Scan,Bitmap Heap Scan on T [Bitmap Index Scan using T_i3_gin_jsonb_path_ops],50,3,50,3,,7,0,0,,0,1,17,False,"{""enable_seqscan"": ""off"", ""jit"": ""off"", ""max_parallel_workers_per_gather"": ""0""}",measure,T_i3_gin_jsonb_path_ops,3,0,0
I-3,forced,2,C1c,jsonb,15,0.043,0.021,,1,Bitmap Heap Scan,Bitmap Heap Scan on T [Bitmap Index Scan using T_i3_gin_jsonb_path_ops],50,3,50,3,,7,0,0,,0,1,17,False,"{""enable_seqscan"": ""off"", ""jit"": ""off"", ""max_parallel_workers_per_gather"": ""0""}",measure,T_i3_gin_jsonb_path_ops,3,0,0
I-3,forced,2,C1c,jsonb,1,0.044,0.023,0.001,1,Bitmap Heap Scan,Bitmap Heap Scan on T [Bitmap Index Scan using T_i3_gin_jsonb_path_ops],50,3,50,3,,7,0,0,,0,1,17,False,"{""enable_seqscan"": ""off"", ""jit"": ""off"", ""max_parallel_workers_per_gather"": ""0""}",detail,T_i3_gin_jsonb_path_ops,3,0,0
I-3,forced,2,C1d,jsonb,1,0.042,0.752,,3,Bitmap Heap Scan,Bitmap Heap Scan on T [Bitmap Index Scan using T_i3_gin_jsonb_path_ops],50,225,50,225,,202,0,0,,0,1,17,False,"{""enable_seqscan"": ""off"", ""jit"": ""off"", ""max_parallel_workers_per_gather"": ""0""}",warmup,T_i3_gin_jsonb_path_ops,198,0,0
I-3,forced,2,C1d,jsonb,2,0.043,0.555,,3,Bitmap Heap Scan,Bitmap Heap Scan on T [Bitmap Index Scan using T_i3_gin_jsonb_path_ops],50,225,50,225,,202,0,0,,0,1,17,False,"{""enable_seqscan"": ""off"", ""jit"": ""off"", ""max_parallel_workers_per_gather"": ""0""}",warmup,T_i3_gin_jsonb_path_ops,198,0,0
I-3,forced,2,C1d,jsonb,3,0.043,0.518,,3,Bitmap Heap Scan,Bitmap Heap Scan on T [Bitmap Index Scan using T_i3_gin_jsonb_path_ops],50,225,50,225,,202,0,0,,0,1,17,False,"{""enable_seqscan"": ""off"", ""jit"": ""off"", ""max_parallel_workers_per_gather"": ""0""}",warmup,T_i3_gin_jsonb_path_ops,198,0,0
I-3,forced,2,C1d,jsonb,1,0.043,0.518,,3,Bitmap Heap Scan,Bitmap Heap Scan on T [Bitmap Index Scan using T_i3_gin_jsonb_path_ops],50,225,50,225,,202,0,0,,0,1,17,False,"{""enable_seqscan"": ""off"", ""jit"": ""off"", ""max_parallel_workers_per_gather"": ""0""}",measure,T_i3_gin_jsonb_path_ops,198,0,0
I-3,forced,2,C1d,jsonb,2,0.043,0.516,,3,Bitmap Heap Scan,Bitmap Heap Scan on T [Bitmap Index Scan using T_i3_gin_jsonb_path_ops],50,225,50,225,,202,0,0,,0,1,17,False,"{""enable_seqscan"": ""off"", ""jit"": ""off"", ""max_parallel_workers_per_gather"": ""0""}",measure,T_i3_gin_jsonb_path_ops,198,0,0
I-3,forced,2,C1d,jsonb,3,0.042,0.531,,3,Bitmap Heap Scan,Bitmap Heap Scan on T [Bitmap Index Scan using T_i3_gin_jsonb_path_ops],50,225,50,225,,202,0,0,,0,1,17,False,"{""enable_seqscan"": ""off"", ""jit"": ""off"", ""max_parallel_workers_per_gather"": ""0""}",measure,T_i3_gin_jsonb_path_ops,198,0,0
I-3,forced,2,C1d,jsonb,4,0.079,0.517,,3,Bitmap Heap Scan,Bitmap Heap Scan on T [Bitmap Index Scan using T_i3_gin_jsonb_path_ops],50,225,50,225,,202,0,0,,0,1,17,False,"{""enable_seqscan"": ""off"", ""jit"": ""off"", ""max_parallel_workers_per_gather"": ""0""}",measure,T_i3_gin_jsonb_path_ops,198,0,0
I-3,forced,2,C1d,jsonb,5,0.042,0.525,,3,Bitmap Heap Scan,Bitmap Heap Scan on T [Bitmap Index Scan using T_i3_gin_jsonb_path_ops],50,225,50,225,,202,0,0,,0,1,17,False,"{""enable_seqscan"": ""off"", ""jit"": ""off"", ""max_parallel_workers_per_gather"": ""0""}",measure,T_i3_gin_jsonb_path_ops,198,0,0
I-3,forced,2,C1d,jsonb,6,0.043,0.628,,3,Bitmap Heap Scan,Bitmap Heap Scan on T [Bitmap Index Scan using T_i3_gin_jsonb_path_ops],50,225,50,225,,202,0,0,,0,1,17,False,"{""enable_seqscan"": ""off"", ""jit"": ""off"", ""max_parallel_workers_per_gather"": ""0""}",measure,T_i3_gin_jsonb_path_ops,198,0,0
I-3,forced,2,C1d,jsonb,7,0.042,0.519,,3,Bitmap Heap Scan,Bitmap Heap Scan on T [Bitmap Index Scan using T_i3_gin_jsonb_path_ops],50,225,50,225,,202,0,0,,0,1,17,False,"{""enable_seqscan"": ""off"", ""jit"": ""off"", ""max_parallel_workers_per_gather"": ""0""}",measure,T_i3_gin_jsonb_path_ops,198,0,0
I-3,forced,2,C1d,jsonb,8,0.067,0.571,,3,Bitmap Heap Scan,Bitmap Heap Scan on T [Bitmap Index Scan using T_i3_gin_jsonb_path_ops],50,225,50,225,,202,0,0,,0,1,17,False,"{""enable_seqscan"": ""off"", ""jit"": ""off"", ""max_parallel_workers_per_gather"": ""0""}",measure,T_i3_gin_jsonb_path_ops,198,0,0
I-3,forced,2,C1d,jsonb,9,0.043,0.528,,3,Bitmap Heap Scan,Bitmap Heap Scan on T [Bitmap Index Scan using T_i3_gin_jsonb_path_ops],50,225,50,225,,202,0,0,,0,1,17,False,"{""enable_seqscan"": ""off"", ""jit"": ""off"", ""max_parallel_workers_per_gather"": ""0""}",measure,T_i3_gin_jsonb_path_ops,198,0,0
I-3,forced,2,C1d,jsonb,10,0.044,0.521,,3,Bitmap Heap Scan,Bitmap Heap Scan on T [Bitmap Index Scan using T_i3_gin_jsonb_path_ops],50,225,50,225,,202,0,0,,0,1,17,False,"{""enable_seqscan"": ""off"", ""jit"": ""off"", ""max_parallel_workers_per_gather"": ""0""}",measure,T_i3_gin_jsonb_path_ops,198,0,0
I-3,forced,2,C1d,jsonb,11,0.043,0.519,,3,Bitmap Heap Scan,Bitmap Heap Scan on T [Bitmap Index Scan using T_i3_gin_jsonb_path_ops],50,225,50,225,,202,0,0,,0,1,17,False,"{""enable_seqscan"": ""off"", ""jit"": ""off"", ""max_parallel_workers_per_gather"": ""0""}",measure,T_i3_gin_jsonb_path_ops,198,0,0
I-3,forced,2,C1d,jsonb,12,0.043,0.561,,3,Bitmap Heap Scan,Bitmap Heap Scan on T [Bitmap Index Scan using T_i3_gin_jsonb_path_ops],50,225,50,225,,202,0,0,,0,1,17,False,"{""enable_seqscan"": ""off"", ""jit"": ""off"", ""max_parallel_workers_per_gather"": ""0""}",measure,T_i3_gin_jsonb_path_ops,198,0,0
I-3,forced,2,C1d,jsonb,13,0.043,0.527,,3,Bitmap Heap Scan,Bitmap Heap Scan on T [Bitmap Index Scan using T_i3_gin_jsonb_path_ops],50,225,50,225,,202,0,0,,0,1,17,False,"{""enable_seqscan"": ""off"", ""jit"": ""off"", ""max_parallel_workers_per_gather"": ""0""}",measure,T_i3_gin_jsonb_path_ops,198,0,0
I-3,forced,2,C1d,jsonb,14,0.043,0.559,,3,Bitmap Heap Scan,Bitmap Heap Scan on T [Bitmap Index Scan using T_i3_gin_jsonb_path_ops],50,225,50,225,,202,0,0,,0,1,17,False,"{""enable_seqscan"": ""off"", ""jit"": ""off"", ""max_parallel_workers_per_gather"": ""0""}",measure,T_i3_gin_jsonb_path_ops,198,0,0
I-3,forced,2,C1d,jsonb,15,0.043,0.519,,3,Bitmap Heap Scan,Bitmap Heap Scan on T [Bitmap Index Scan using T_i3_gin_jsonb_path_ops],50,225,50,225,,202,0,0,,0,1,17,False,"{""enable_seqscan"": ""off"", ""jit"": ""off"", ""max_parallel_workers_per_gather"": ""0""}",measure,T_i3_gin_jsonb_path_ops,198,0,0
I-3,forced,2,C1d,jsonb,1,0.045,0.534,0.015,3,Bitmap Heap Scan,Bitmap Heap Scan on T [Bitmap Index Scan using T_i3_gin_jsonb_path_ops],50,225,50,225,,202,0,0,,0,1,17,False,"{""enable_seqscan"": ""off"", ""jit"": ""off"", ""max_parallel_workers_per_gather"": ""0""}",detail,T_i3_gin_jsonb_path_ops,198,0,0
I-3,forced,2,C2,jsonb,1,0.041,11.298,,1,Seq Scan,Seq Scan on T,50,3,50,3,4997,981,0,0,,0,0,16,False,"{""enable_seqscan"": ""off"", ""jit"": ""off"", ""max_parallel_workers_per_gather"": ""0""}",warmup,-,,,
I-3,forced,2,C2,jsonb,2,0.05,12.582,,1,Seq Scan,Seq Scan on T,50,3,50,3,4997,981,0,0,,0,0,16,False,"{""enable_seqscan"": ""off"", ""jit"": ""off"", ""max_parallel_workers_per_gather"": ""0""}",warmup,-,,,
I-3,forced,2,C2,jsonb,3,0.057,11.191,,1,Seq Scan,Seq Scan on T,50,3,50,3,4997,981,0,0,,0,0,16,False,"{""enable_seqscan"": ""off"", ""jit"": ""off"", ""max_parallel_workers_per_gather"": ""0""}",warmup,-,,,
I-3,forced,2,C2,jsonb,1,0.048,10.809,,1,Seq Scan,Seq Scan on T,50,3,50,3,4997,981,0,0,,0,0,16,False,"{""enable_seqscan"": ""off"", ""jit"": ""off"", ""max_parallel_workers_per_gather"": ""0""}",measure,-,,,
I-3,forced,2,C2,jsonb,2,0.067,13.263,,1,Seq Scan,Seq Scan on T,50,3,50,3,4997,981,0,0,,0,0,16,False,"{""enable_seqscan"": ""off"", ""jit"": ""off"", ""max_parallel_workers_per_gather"": ""0""}",measure,-,,,
I-3,forced,2,C2,jsonb,3,0.065,12.725,,1,Seq Scan,Seq Scan on T,50,3,50,3,4997,981,0,0,,0,0,16,False,"{""enable_seqscan"": ""off"", ""jit"": ""off"", ""max_parallel_workers_per_gather"": ""0""}",measure,-,,,
I-3,forced,2,C2,jsonb,4,0.08,12.611,,1,Seq Scan,Seq Scan on T,50,3,50,3,4997,981,0,0,,0,0,16,False,"{""enable_seqscan"": ""off"", ""jit"": ""off"", ""max_parallel_workers_per_gather"": ""0""}",measure,-,,,
I-3,forced,2,C2,jsonb,5,0.086,12.702,,1,Seq Scan,Seq Scan on T,50,3,50,3,4997,981,0,0,,0,0,16,False,"{""enable_seqscan"": ""off"", ""jit"": ""off"", ""max_parallel_workers_per_gather"": ""0""}",measure,-,,,
I-3,forced,2,C2,jsonb,6,0.119,14.06,,1,Seq Scan,Seq Scan on T,50,3,50,3,4997,981,0,0,,0,0,16,False,"{""enable_seqscan"": ""off"", ""jit"": ""off"", ""max_parallel_workers_per_gather"": ""0""}",measure,-,,,
I-3,forced,2,C2,jsonb,7,0.068,13.663,,1,Seq Scan,Seq Scan on T,50,3,50,3,4997,981,0,0,,0,0,16,False,"{""enable_seqscan"": ""off"", ""jit"": ""off"", ""max_parallel_workers_per_gather"": ""0""}",measure,-,,,
I-3,forced,2,C2,jsonb,8,0.089,13.74,,1,Seq Scan,Seq Scan on T,50,3,50,3,4997,981,0,0,,0,0,16,False,"{""enable_seqscan"": ""off"", ""jit"": ""off"", ""max_parallel_workers_per_gather"": ""0""}",measure,-,,,
I-3,forced,2,C2,jsonb,9,0.107,13.93,,1,Seq Scan,Seq Scan on T,50,3,50,3,4997,981,0,0,,0,0,16,False,"{""enable_seqscan"": ""off"", ""jit"": ""off"", ""max_parallel_workers_per_gather"": ""0""}",measure,-,,,
I-3,forced,2,C2,jsonb,10,0.079,13.751,,1,Seq Scan,Seq Scan on T,50,3,50,3,4997,981,0,0,,0,0,16,False,"{""enable_seqscan"": ""off"", ""jit"": ""off"", ""max_parallel_workers_per_gather"": ""0""}",measure,-,,,
I-3,forced,2,C2,jsonb,11,0.15,14.055,,1,Seq Scan,Seq Scan on T,50,3,50,3,4997,981,0,0,,0,0,16,False,"{""enable_seqscan"": ""off"", ""jit"": ""off"", ""max_parallel_workers_per_gather"": ""0""}",measure,-,,,
I-3,forced,2,C2,jsonb,12,0.086,13.646,,1,Seq Scan,Seq Scan on T,50,3,50,3,4997,981,0,0,,0,0,16,False,"{""enable_seqscan"": ""off"", ""jit"": ""off"", ""max_parallel_workers_per_gather"": ""0""}",measure,-,,,
I-3,forced,2,C2,jsonb,13,0.104,11.056,,1,Seq Scan,Seq Scan on T,50,3,50,3,4997,981,0,0,,0,0,16,False,"{""enable_seqscan"": ""off"", ""jit"": ""off"", ""max_parallel_workers_per_gather"": ""0""}",measure,-,,,
I-3,forced,2,C2,jsonb,14,0.09,13.16,,1,Seq Scan,Seq Scan on T,50,3,50,3,4997,981,0,0,,0,0,16,False,"{""enable_seqscan"": ""off"", ""jit"": ""off"", ""max_parallel_workers_per_gather"": ""0""}",measure,-,,,
I-3,forced,2,C2,jsonb,15,0.066,11.795,,1,Seq Scan,Seq Scan on T,50,3,50,3,4997,981,0,0,,0,0,16,False,"{""enable_seqscan"": ""off"", ""jit"": ""off"", ""max_parallel_workers_per_gather"": ""0""}",measure,-,,,
I-3,forced,2,C2,jsonb,1,0.062,11.962,0.003,1,Seq Scan,Seq Scan on T,50,3,50,3,4997,981,0,0,,0,0,16,False,"{""enable_seqscan"": ""off"", ""jit"": ""off"", ""max_parallel_workers_per_gather"": ""0""}",detail,-,,,
I-3,forced,2,C3,jsonb,1,0.081,0.172,,1,Bitmap Heap Scan,Bitmap Heap Scan on T [Bitmap Index Scan using T_i3_gin_jsonb_path_ops],50,30,50,30,,34,0,0,,0,1,17,False,"{""enable_seqscan"": ""off"", ""jit"": ""off"", ""max_parallel_workers_per_gather"": ""0""}",warmup,T_i3_gin_jsonb_path_ops,30,0,0
I-3,forced,2,C3,jsonb,2,0.059,0.14,,1,Bitmap Heap Scan,Bitmap Heap Scan on T [Bitmap Index Scan using T_i3_gin_jsonb_path_ops],50,30,50,30,,34,0,0,,0,1,17,False,"{""enable_seqscan"": ""off"", ""jit"": ""off"", ""max_parallel_workers_per_gather"": ""0""}",warmup,T_i3_gin_jsonb_path_ops,30,0,0
I-3,forced,2,C3,jsonb,3,0.068,0.128,,1,Bitmap Heap Scan,Bitmap Heap Scan on T [Bitmap Index Scan using T_i3_gin_jsonb_path_ops],50,30,50,30,,34,0,0,,0,1,17,False,"{""enable_seqscan"": ""off"", ""jit"": ""off"", ""max_parallel_workers_per_gather"": ""0""}",warmup,T_i3_gin_jsonb_path_ops,30,0,0
I-3,forced,2,C3,jsonb,1,0.052,0.127,,1,Bitmap Heap Scan,Bitmap Heap Scan on T [Bitmap Index Scan using T_i3_gin_jsonb_path_ops],50,30,50,30,,34,0,0,,0,1,17,False,"{""enable_seqscan"": ""off"", ""jit"": ""off"", ""max_parallel_workers_per_gather"": ""0""}",measure,T_i3_gin_jsonb_path_ops,30,0,0
I-3,forced,2,C3,jsonb,2,0.051,0.127,,1,Bitmap Heap Scan,Bitmap Heap Scan on T [Bitmap Index Scan using T_i3_gin_jsonb_path_ops],50,30,50,30,,34,0,0,,0,1,17,False,"{""enable_seqscan"": ""off"", ""jit"": ""off"", ""max_parallel_workers_per_gather"": ""0""}",measure,T_i3_gin_jsonb_path_ops,30,0,0
I-3,forced,2,C3,jsonb,3,0.051,0.127,,1,Bitmap Heap Scan,Bitmap Heap Scan on T [Bitmap Index Scan using T_i3_gin_jsonb_path_ops],50,30,50,30,,34,0,0,,0,1,17,False,"{""enable_seqscan"": ""off"", ""jit"": ""off"", ""max_parallel_workers_per_gather"": ""0""}",measure,T_i3_gin_jsonb_path_ops,30,0,0
I-3,forced,2,C3,jsonb,4,0.051,0.127,,1,Bitmap Heap Scan,Bitmap Heap Scan on T [Bitmap Index Scan using T_i3_gin_jsonb_path_ops],50,30,50,30,,34,0,0,,0,1,17,False,"{""enable_seqscan"": ""off"", ""jit"": ""off"", ""max_parallel_workers_per_gather"": ""0""}",measure,T_i3_gin_jsonb_path_ops,30,0,0
I-3,forced,2,C3,jsonb,5,0.053,0.131,,1,Bitmap Heap Scan,Bitmap Heap Scan on T [Bitmap Index Scan using T_i3_gin_jsonb_path_ops],50,30,50,30,,34,0,0,,0,1,17,False,"{""enable_seqscan"": ""off"", ""jit"": ""off"", ""max_parallel_workers_per_gather"": ""0""}",measure,T_i3_gin_jsonb_path_ops,30,0,0
I-3,forced,2,C3,jsonb,6,0.053,0.13,,1,Bitmap Heap Scan,Bitmap Heap Scan on T [Bitmap Index Scan using T_i3_gin_jsonb_path_ops],50,30,50,30,,34,0,0,,0,1,17,False,"{""enable_seqscan"": ""off"", ""jit"": ""off"", ""max_parallel_workers_per_gather"": ""0""}",measure,T_i3_gin_jsonb_path_ops,30,0,0
I-3,forced,2,C3,jsonb,7,0.064,0.135,,1,Bitmap Heap Scan,Bitmap Heap Scan on T [Bitmap Index Scan using T_i3_gin_jsonb_path_ops],50,30,50,30,,34,0,0,,0,1,17,False,"{""enable_seqscan"": ""off"", ""jit"": ""off"", ""max_parallel_workers_per_gather"": ""0""}",measure,T_i3_gin_jsonb_path_ops,30,0,0
I-3,forced,2,C3,jsonb,8,0.054,0.134,,1,Bitmap Heap Scan,Bitmap Heap Scan on T [Bitmap Index Scan using T_i3_gin_jsonb_path_ops],50,30,50,30,,34,0,0,,0,1,17,False,"{""enable_seqscan"": ""off"", ""jit"": ""off"", ""max_parallel_workers_per_gather"": ""0""}",measure,T_i3_gin_jsonb_path_ops,30,0,0
I-3,forced,2,C3,jsonb,9,0.054,0.133,,1,Bitmap Heap Scan,Bitmap Heap Scan on T [Bitmap Index Scan using T_i3_gin_jsonb_path_ops],50,30,50,30,,34,0,0,,0,1,17,False,"{""enable_seqscan"": ""off"", ""jit"": ""off"", ""max_parallel_workers_per_gather"": ""0""}",measure,T_i3_gin_jsonb_path_ops,30,0,0
I-3,forced,2,C3,jsonb,10,0.054,0.134,,1,Bitmap Heap Scan,Bitmap Heap Scan on T [Bitmap Index Scan using T_i3_gin_jsonb_path_ops],50,30,50,30,,34,0,0,,0,1,17,False,"{""enable_seqscan"": ""off"", ""jit"": ""off"", ""max_parallel_workers_per_gather"": ""0""}",measure,T_i3_gin_jsonb_path_ops,30,0,0
I-3,forced,2,C3,jsonb,11,0.066,0.14,,1,Bitmap Heap Scan,Bitmap Heap Scan on T [Bitmap Index Scan using T_i3_gin_jsonb_path_ops],50,30,50,30,,34,0,0,,0,1,17,False,"{""enable_seqscan"": ""off"", ""jit"": ""off"", ""max_parallel_workers_per_gather"": ""0""}",measure,T_i3_gin_jsonb_path_ops,30,0,0
I-3,forced,2,C3,jsonb,12,0.057,0.141,,1,Bitmap Heap Scan,Bitmap Heap Scan on T [Bitmap Index Scan using T_i3_gin_jsonb_path_ops],50,30,50,30,,34,0,0,,0,1,17,False,"{""enable_seqscan"": ""off"", ""jit"": ""off"", ""max_parallel_workers_per_gather"": ""0""}",measure,T_i3_gin_jsonb_path_ops,30,0,0
I-3,forced,2,C3,jsonb,13,0.083,0.176,,1,Bitmap Heap Scan,Bitmap Heap Scan on T [Bitmap Index Scan using T_i3_gin_jsonb_path_ops],50,30,50,30,,34,0,0,,0,1,17,False,"{""enable_seqscan"": ""off"", ""jit"": ""off"", ""max_parallel_workers_per_gather"": ""0""}",measure,T_i3_gin_jsonb_path_ops,30,0,0
I-3,forced,2,C3,jsonb,14,0.059,0.144,,1,Bitmap Heap Scan,Bitmap Heap Scan on T [Bitmap Index Scan using T_i3_gin_jsonb_path_ops],50,30,50,30,,34,0,0,,0,1,17,False,"{""enable_seqscan"": ""off"", ""jit"": ""off"", ""max_parallel_workers_per_gather"": ""0""}",measure,T_i3_gin_jsonb_path_ops,30,0,0
I-3,forced,2,C3,jsonb,15,0.054,0.133,,1,Bitmap Heap Scan,Bitmap Heap Scan on T [Bitmap Index Scan using T_i3_gin_jsonb_path_ops],50,30,50,30,,34,0,0,,0,1,17,False,"{""enable_seqscan"": ""off"", ""jit"": ""off"", ""max_parallel_workers_per_gather"": ""0""}",measure,T_i3_gin_jsonb_path_ops,30,0,0
I-3,forced,2,C3,jsonb,1,0.056,0.154,0.003,1,Bitmap Heap Scan,Bitmap Heap Scan on T [Bitmap Index Scan using T_i3_gin_jsonb_path_ops],50,30,50,30,,34,0,0,,0,1,17,False,"{""enable_seqscan"": ""off"", ""jit"": ""off"", ""max_parallel_workers_per_gather"": ""0""}",detail,T_i3_gin_jsonb_path_ops,30,0,0
I-3,forced,2,C3b,jsonb,1,0.05,0.038,,1,Bitmap Heap Scan,Bitmap Heap Scan on T [Bitmap Index Scan using T_i3_gin_jsonb_path_ops],50,12,50,12,,16,0,0,,0,1,17,False,"{""enable_seqscan"": ""off"", ""jit"": ""off"", ""max_parallel_workers_per_gather"": ""0""}",warmup,T_i3_gin_jsonb_path_ops,12,0,0
I-3,forced,2,C3b,jsonb,2,0.049,0.032,,1,Bitmap Heap Scan,Bitmap Heap Scan on T [Bitmap Index Scan using T_i3_gin_jsonb_path_ops],50,12,50,12,,16,0,0,,0,1,17,False,"{""enable_seqscan"": ""off"", ""jit"": ""off"", ""max_parallel_workers_per_gather"": ""0""}",warmup,T_i3_gin_jsonb_path_ops,12,0,0
I-3,forced,2,C3b,jsonb,3,0.048,0.032,,1,Bitmap Heap Scan,Bitmap Heap Scan on T [Bitmap Index Scan using T_i3_gin_jsonb_path_ops],50,12,50,12,,16,0,0,,0,1,17,False,"{""enable_seqscan"": ""off"", ""jit"": ""off"", ""max_parallel_workers_per_gather"": ""0""}",warmup,T_i3_gin_jsonb_path_ops,12,0,0
I-3,forced,2,C3b,jsonb,1,0.048,0.032,,1,Bitmap Heap Scan,Bitmap Heap Scan on T [Bitmap Index Scan using T_i3_gin_jsonb_path_ops],50,12,50,12,,16,0,0,,0,1,17,False,"{""enable_seqscan"": ""off"", ""jit"": ""off"", ""max_parallel_workers_per_gather"": ""0""}",measure,T_i3_gin_jsonb_path_ops,12,0,0
I-3,forced,2,C3b,jsonb,2,0.047,0.031,,1,Bitmap Heap Scan,Bitmap Heap Scan on T [Bitmap Index Scan using T_i3_gin_jsonb_path_ops],50,12,50,12,,16,0,0,,0,1,17,False,"{""enable_seqscan"": ""off"", ""jit"": ""off"", ""max_parallel_workers_per_gather"": ""0""}",measure,T_i3_gin_jsonb_path_ops,12,0,0
I-3,forced,2,C3b,jsonb,3,0.047,0.045,,1,Bitmap Heap Scan,Bitmap Heap Scan on T [Bitmap Index Scan using T_i3_gin_jsonb_path_ops],50,12,50,12,,16,0,0,,0,1,17,False,"{""enable_seqscan"": ""off"", ""jit"": ""off"", ""max_parallel_workers_per_gather"": ""0""}",measure,T_i3_gin_jsonb_path_ops,12,0,0
I-3,forced,2,C3b,jsonb,4,0.045,0.031,,1,Bitmap Heap Scan,Bitmap Heap Scan on T [Bitmap Index Scan using T_i3_gin_jsonb_path_ops],50,12,50,12,,16,0,0,,0,1,17,False,"{""enable_seqscan"": ""off"", ""jit"": ""off"", ""max_parallel_workers_per_gather"": ""0""}",measure,T_i3_gin_jsonb_path_ops,12,0,0
I-3,forced,2,C3b,jsonb,5,0.046,0.03,,1,Bitmap Heap Scan,Bitmap Heap Scan on T [Bitmap Index Scan using T_i3_gin_jsonb_path_ops],50,12,50,12,,16,0,0,,0,1,17,False,"{""enable_seqscan"": ""off"", ""jit"": ""off"", ""max_parallel_workers_per_gather"": ""0""}",measure,T_i3_gin_jsonb_path_ops,12,0,0
I-3,forced,2,C3b,jsonb,6,0.046,0.031,,1,Bitmap Heap Scan,Bitmap Heap Scan on T [Bitmap Index Scan using T_i3_gin_jsonb_path_ops],50,12,50,12,,16,0,0,,0,1,17,False,"{""enable_seqscan"": ""off"", ""jit"": ""off"", ""max_parallel_workers_per_gather"": ""0""}",measure,T_i3_gin_jsonb_path_ops,12,0,0
I-3,forced,2,C3b,jsonb,7,0.046,0.031,,1,Bitmap Heap Scan,Bitmap Heap Scan on T [Bitmap Index Scan using T_i3_gin_jsonb_path_ops],50,12,50,12,,16,0,0,,0,1,17,False,"{""enable_seqscan"": ""off"", ""jit"": ""off"", ""max_parallel_workers_per_gather"": ""0""}",measure,T_i3_gin_jsonb_path_ops,12,0,0
I-3,forced,2,C3b,jsonb,8,0.046,0.031,,1,Bitmap Heap Scan,Bitmap Heap Scan on T [Bitmap Index Scan using T_i3_gin_jsonb_path_ops],50,12,50,12,,16,0,0,,0,1,17,False,"{""enable_seqscan"": ""off"", ""jit"": ""off"", ""max_parallel_workers_per_gather"": ""0""}",measure,T_i3_gin_jsonb_path_ops,12,0,0
I-3,forced,2,C3b,jsonb,9,0.043,0.028,,1,Bitmap Heap Scan,Bitmap Heap Scan on T [Bitmap Index Scan using T_i3_gin_jsonb_path_ops],50,12,50,12,,16,0,0,,0,1,17,False,"{""enable_seqscan"": ""off"", ""jit"": ""off"", ""max_parallel_workers_per_gather"": ""0""}",measure,T_i3_gin_jsonb_path_ops,12,0,0
I-3,forced,2,C3b,jsonb,10,0.042,0.028,,1,Bitmap Heap Scan,Bitmap Heap Scan on T [Bitmap Index Scan using T_i3_gin_jsonb_path_ops],50,12,50,12,,16,0,0,,0,1,17,False,"{""enable_seqscan"": ""off"", ""jit"": ""off"", ""max_parallel_workers_per_gather"": ""0""}",measure,T_i3_gin_jsonb_path_ops,12,0,0
I-3,forced,2,C3b,jsonb,11,0.078,0.089,,1,Bitmap Heap Scan,Bitmap Heap Scan on T [Bitmap Index Scan using T_i3_gin_jsonb_path_ops],50,12,50,12,,16,0,0,,0,1,17,False,"{""enable_seqscan"": ""off"", ""jit"": ""off"", ""max_parallel_workers_per_gather"": ""0""}",measure,T_i3_gin_jsonb_path_ops,12,0,0
I-3,forced,2,C3b,jsonb,12,0.043,0.028,,1,Bitmap Heap Scan,Bitmap Heap Scan on T [Bitmap Index Scan using T_i3_gin_jsonb_path_ops],50,12,50,12,,16,0,0,,0,1,17,False,"{""enable_seqscan"": ""off"", ""jit"": ""off"", ""max_parallel_workers_per_gather"": ""0""}",measure,T_i3_gin_jsonb_path_ops,12,0,0
I-3,forced,2,C3b,jsonb,13,0.089,0.058,,1,Bitmap Heap Scan,Bitmap Heap Scan on T [Bitmap Index Scan using T_i3_gin_jsonb_path_ops],50,12,50,12,,16,0,0,,0,1,17,False,"{""enable_seqscan"": ""off"", ""jit"": ""off"", ""max_parallel_workers_per_gather"": ""0""}",measure,T_i3_gin_jsonb_path_ops,12,0,0
I-3,forced,2,C3b,jsonb,14,0.043,0.028,,1,Bitmap Heap Scan,Bitmap Heap Scan on T [Bitmap Index Scan using T_i3_gin_jsonb_path_ops],50,12,50,12,,16,0,0,,0,1,17,False,"{""enable_seqscan"": ""off"", ""jit"": ""off"", ""max_parallel_workers_per_gather"": ""0""}",measure,T_i3_gin_jsonb_path_ops,12,0,0
I-3,forced,2,C3b,jsonb,15,0.042,0.028,,1,Bitmap Heap Scan,Bitmap Heap Scan on T [Bitmap Index Scan using T_i3_gin_jsonb_path_ops],50,12,50,12,,16,0,0,,0,1,17,False,"{""enable_seqscan"": ""off"", ""jit"": ""off"", ""max_parallel_workers_per_gather"": ""0""}",measure,T_i3_gin_jsonb_path_ops,12,0,0
I-3,forced,2,C3b,jsonb,1,0.089,0.033,0.001,1,Bitmap Heap Scan,Bitmap Heap Scan on T [Bitmap Index Scan using T_i3_gin_jsonb_path_ops],50,12,50,12,,16,0,0,,0,1,17,False,"{""enable_seqscan"": ""off"", ""jit"": ""off"", ""max_parallel_workers_per_gather"": ""0""}",detail,T_i3_gin_jsonb_path_ops,12,0,0
I-3,forced,2,Q21,jsonb,1,0.038,12.445,,1,Seq Scan,Seq Scan on T,2500,30,2500,30,4970,981,0,0,,0,0,15,False,"{""enable_seqscan"": ""off"", ""jit"": ""off"", ""max_parallel_workers_per_gather"": ""0""}",warmup,-,,,
I-3,forced,2,Q21,jsonb,2,0.062,13.862,,1,Seq Scan,Seq Scan on T,2500,30,2500,30,4970,981,0,0,,0,0,15,False,"{""enable_seqscan"": ""off"", ""jit"": ""off"", ""max_parallel_workers_per_gather"": ""0""}",warmup,-,,,
I-3,forced,2,Q21,jsonb,3,0.068,14.285,,1,Seq Scan,Seq Scan on T,2500,30,2500,30,4970,981,0,0,,0,0,15,False,"{""enable_seqscan"": ""off"", ""jit"": ""off"", ""max_parallel_workers_per_gather"": ""0""}",warmup,-,,,
I-3,forced,2,Q21,jsonb,1,0.062,13.285,,1,Seq Scan,Seq Scan on T,2500,30,2500,30,4970,981,0,0,,0,0,15,False,"{""enable_seqscan"": ""off"", ""jit"": ""off"", ""max_parallel_workers_per_gather"": ""0""}",measure,-,,,
I-3,forced,2,Q21,jsonb,2,0.069,13.719,,1,Seq Scan,Seq Scan on T,2500,30,2500,30,4970,981,0,0,,0,0,15,False,"{""enable_seqscan"": ""off"", ""jit"": ""off"", ""max_parallel_workers_per_gather"": ""0""}",measure,-,,,
I-3,forced,2,Q21,jsonb,3,0.072,13.312,,1,Seq Scan,Seq Scan on T,2500,30,2500,30,4970,981,0,0,,0,0,15,False,"{""enable_seqscan"": ""off"", ""jit"": ""off"", ""max_parallel_workers_per_gather"": ""0""}",measure,-,,,
I-3,forced,2,Q21,jsonb,4,0.064,13.53,,1,Seq Scan,Seq Scan on T,2500,30,2500,30,4970,981,0,0,,0,0,15,False,"{""enable_seqscan"": ""off"", ""jit"": ""off"", ""max_parallel_workers_per_gather"": ""0""}",measure,-,,,
I-3,forced,2,Q21,jsonb,5,0.07,12.605,,1,Seq Scan,Seq Scan on T,2500,30,2500,30,4970,981,0,0,,0,0,15,False,"{""enable_seqscan"": ""off"", ""jit"": ""off"", ""max_parallel_workers_per_gather"": ""0""}",measure,-,,,
I-3,forced,2,Q21,jsonb,6,0.058,13.028,,1,Seq Scan,Seq Scan on T,2500,30,2500,30,4970,981,0,0,,0,0,15,False,"{""enable_seqscan"": ""off"", ""jit"": ""off"", ""max_parallel_workers_per_gather"": ""0""}",measure,-,,,
I-3,forced,2,Q21,jsonb,7,0.073,13.862,,1,Seq Scan,Seq Scan on T,2500,30,2500,30,4970,981,0,0,,0,0,15,False,"{""enable_seqscan"": ""off"", ""jit"": ""off"", ""max_parallel_workers_per_gather"": ""0""}",measure,-,,,
I-3,forced,2,Q21,jsonb,8,0.063,13.221,,1,Seq Scan,Seq Scan on T,2500,30,2500,30,4970,981,0,0,,0,0,15,False,"{""enable_seqscan"": ""off"", ""jit"": ""off"", ""max_parallel_workers_per_gather"": ""0""}",measure,-,,,
I-3,forced,2,Q21,jsonb,9,0.066,12.733,,1,Seq Scan,Seq Scan on T,2500,30,2500,30,4970,981,0,0,,0,0,15,False,"{""enable_seqscan"": ""off"", ""jit"": ""off"", ""max_parallel_workers_per_gather"": ""0""}",measure,-,,,
I-3,forced,2,Q21,jsonb,10,0.053,12.408,,1,Seq Scan,Seq Scan on T,2500,30,2500,30,4970,981,0,0,,0,0,15,False,"{""enable_seqscan"": ""off"", ""jit"": ""off"", ""max_parallel_workers_per_gather"": ""0""}",measure,-,,,
I-3,forced,2,Q21,jsonb,11,0.061,13.299,,1,Seq Scan,Seq Scan on T,2500,30,2500,30,4970,981,0,0,,0,0,15,False,"{""enable_seqscan"": ""off"", ""jit"": ""off"", ""max_parallel_workers_per_gather"": ""0""}",measure,-,,,
I-3,forced,2,Q21,jsonb,12,0.064,13.56,,1,Seq Scan,Seq Scan on T,2500,30,2500,30,4970,981,0,0,,0,0,15,False,"{""enable_seqscan"": ""off"", ""jit"": ""off"", ""max_parallel_workers_per_gather"": ""0""}",measure,-,,,
I-3,forced,2,Q21,jsonb,13,0.07,15.42,,1,Seq Scan,Seq Scan on T,2500,30,2500,30,4970,981,0,0,,0,0,15,False,"{""enable_seqscan"": ""off"", ""jit"": ""off"", ""max_parallel_workers_per_gather"": ""0""}",measure,-,,,
I-3,forced,2,Q21,jsonb,14,0.067,12.603,,1,Seq Scan,Seq Scan on T,2500,30,2500,30,4970,981,0,0,,0,0,15,False,"{""enable_seqscan"": ""off"", ""jit"": ""off"", ""max_parallel_workers_per_gather"": ""0""}",measure,-,,,
I-3,forced,2,Q21,jsonb,15,0.09,11.85,,1,Seq Scan,Seq Scan on T,2500,30,2500,30,4970,981,0,0,,0,0,15,False,"{""enable_seqscan"": ""off"", ""jit"": ""off"", ""max_parallel_workers_per_gather"": ""0""}",measure,-,,,
I-3,forced,2,Q21,jsonb,1,0.08,11.627,0.004,1,Seq Scan,Seq Scan on T,2500,30,2500,30,4970,981,0,0,,0,0,15,False,"{""enable_seqscan"": ""off"", ""jit"": ""off"", ""max_parallel_workers_per_gather"": ""0""}",detail,-,,,
