session,run,series,block,stmt,label,type,config,group,kind,round,attempt,used,retry_requested,flags,check_ok,exec_ms,per_row_ms,planning_ms,client_begin_ms,client_stmt_ms,client_commit_ms,client_total_ms,snapshot_gap_ms,explain_wal_records,explain_wal_bytes,explain_wal_fpi,loop_wal_bytes,lsn_diff_bytes,commit_and_page_overhead_bytes,stat_wal_records,stat_wal_fpi,stat_wal_bytes,stat_wal_buffers_full,stat_wal_write,stat_wal_sync,stat_wal_write_ms,stat_wal_sync_ms,shared_hit,shared_read,shared_dirtied,shared_written,temp_written,planning_shared_hit,io_hits,io_reads,io_writes,io_extends,io_fsyncs,io_write_ms,io_extend_ms,io_fsync_ms,rows_inserted,rows_updated,hot_updates,newpage_updates,live_after,dead_after,heap_bytes_before,heap_bytes_after,heap_growth,heap_pages_after,fsm_bytes_after,vm_bytes_after,toast_bytes_before,toast_bytes_after,toast_growth,toast_index_growth,pkey_growth,secondary_index_bytes_before,secondary_index_bytes_after,secondary_index_growth,index_bytes_after,docs_compressed_before,docs_compressed_after,docs_external_before,docs_external_after,doc_stored_bytes_before,doc_stored_bytes_after,updated_text_differs,updated_stored_text_bytes,updated_expected_text_bytes,extra_checkpoints_in_cycle,others_connected,plan_shape
1,W1/json/X-0/w01,W1/json/X-0,W1,W1,json,json,X-0,head-to-head,warmup,1,1,True,False,,True,186.801,,0.064,0.089,187.268,6.646,194.003,217.729,10014,9059086,0,,9103064,43978,10015.0,0.0,9059120.0,600.0,602.0,0.0,96.01699999999983,0.0,18373,0,1267,1268,0,3,18784.0,0.0,0.0,1268.0,0.0,0.0,18.241000000000213,0.0,5000.0,0.0,0.0,0.0,5000,0,0,10240000,10240000.0,1250,24576,0,0,0,0.0,0.0,122880,0,0,0,"{""access_log_json_w_pkey"":131072}",0,1,0,0,0,8434066,0,0,0,0,4,ModifyTable on access_log_json_w [Index Scan using canonical_doc_pkey]
1,W1/jsonb/X-0/w01,W1/jsonb/X-0,W1,W1,jsonb,jsonb,X-0,head-to-head,warmup,1,1,True,False,,True,300.307,,0.045,0.093,300.645,3.836,304.574,317.645,10014,7844703,0,,7884272,39569,10015.0,0.0,7844737.0,150.0,153.0,0.0,35.0,0.0,18397,0,998,999,0,0,18465.0,0.0,0.0,999.0,0.0,0.0,15.541999999999916,0.0,5000.0,0.0,0.0,0.0,5000,0,0,8036352,8036352.0,981,24576,0,0,0,0.0,0.0,122880,0,0,0,"{""access_log_jsonb_w_pkey"":131072}",0,2880,0,0,0,7219683,,,,0,4,ModifyTable on access_log_jsonb_w [Index Scan using canonical_doc_pkey]
1,W1/json/X-1/w01,W1/json/X-1,W1,W1,json,json,X-1,head-to-head,warmup,1,1,True,False,,True,630.134,,0.048,0.097,630.456,1.506,632.059,645.178,35281,10955870,0,,11006000,50130,35282.0,0.0,10955904.0,43.0,48.0,0.0,7.550999999999476,0.0,63894,0,1338,1334,0,0,64002.0,0.0,0.0,1334.0,0.0,0.0,18.936999999999898,0.0,5000.0,0.0,0.0,0.0,5000,0,0,10240000,10240000.0,1250,24576,0,0,0,0.0,0.0,122880,40960,581632,540672,"{""access_log_json_w_i1a_record_validity"":57344,""access_log_json_w_i1b_entity_type_code"":65536,""access_log_json_w_i1c_status_code"":57344,""access_log_json_w_i1d_latitude_degrees"":163840,""access_log_json_w_i1e_event_timestamp_utc"":237568,""access_log_json_w_pkey"":131072}",0,1,0,0,0,8434066,0,0,0,0,4,ModifyTable on access_log_json_w [Index Scan using canonical_doc_pkey]
1,W1/jsonb/X-1/w01,W1/jsonb/X-1,W1,W1,jsonb,jsonb,X-1,head-to-head,warmup,1,1,True,False,,True,339.831,,0.057,0.106,340.163,3.901,344.17,360.715,35284,9741849,0,,9788288,46439,35285.0,0.0,9741883.0,170.0,173.0,0.0,38.722999999999956,0.0,63918,0,1069,1065,0,0,64027.0,0.0,0.0,1065.0,0.0,0.0,15.631000000000085,0.0,5000.0,0.0,0.0,0.0,5000,0,0,8036352,8036352.0,981,24576,0,0,0,0.0,0.0,122880,40960,581632,540672,"{""access_log_jsonb_w_i1a_record_validity"":57344,""access_log_jsonb_w_i1b_entity_type_code"":65536,""access_log_jsonb_w_i1c_status_code"":57344,""access_log_jsonb_w_i1d_latitude_degrees"":163840,""access_log_jsonb_w_i1e_event_timestamp_utc"":237568,""access_log_jsonb_w_pkey"":131072}",0,2880,0,0,0,7219683,,,,0,4,ModifyTable on access_log_jsonb_w [Index Scan using canonical_doc_pkey]
1,W1/jsonb/X-2/w01,W1/jsonb/X-2,W1,W1,jsonb,jsonb,X-2,separate: GIN (jsonb only),warmup,1,1,True,False,,True,1098.626,,0.058,0.124,1098.968,1.071,1100.163,1119.884,87077,27427915,743,,27719584,291669,87078.0,743.0,27427949.0,1674.0,1681.0,0.0,209.20100000000093,0.0,191879,0,2002,1996,0,0,191995.0,0.0,0.0,1996.0,0.0,0.0,29.343000000000075,0.0,5000.0,0.0,0.0,0.0,5000,0,0,8036352,8036352.0,981,24576,0,0,0,0.0,0.0,122880,57344,8200192,8142848,"{""access_log_jsonb_w_i1a_record_validity"":57344,""access_log_jsonb_w_i1b_entity_type_code"":65536,""access_log_jsonb_w_i1c_status_code"":57344,""access_log_jsonb_w_i1d_latitude_degrees"":163840,""access_log_jsonb_w_i1e_event_timestamp_utc"":237568,""access_log_jsonb_w_i2_gin_jsonb_ops"":7618560,""access_log_jsonb_w_pkey"":131072}",0,2880,0,0,0,7219683,,,,0,4,ModifyTable on access_log_jsonb_w [Index Scan using canonical_doc_pkey]
1,W1/jsonb/X-3/w01,W1/jsonb/X-3,W1,W1,jsonb,jsonb,X-3,separate: GIN (jsonb only),warmup,1,1,True,False,,True,892.856,,0.048,0.101,893.157,5.343,898.601,911.801,69157,20348036,470,,20549016,200980,69158.0,470.0,20348070.0,1440.0,1447.0,0.0,257.8119999999999,0.0,132811,0,1847,1841,0,0,132925.0,0.0,0.0,1841.0,0.0,0.0,30.743999999999915,0.0,5000.0,0.0,0.0,0.0,5000,0,0,8036352,8036352.0,981,24576,0,0,0,0.0,0.0,122880,57344,6930432,6873088,"{""access_log_jsonb_w_i1a_record_validity"":57344,""access_log_jsonb_w_i1b_entity_type_code"":65536,""access_log_jsonb_w_i1c_status_code"":57344,""access_log_jsonb_w_i1d_latitude_degrees"":163840,""access_log_jsonb_w_i1e_event_timestamp_utc"":237568,""access_log_jsonb_w_i3_gin_jsonb_path_ops"":6348800,""access_log_jsonb_w_pkey"":131072}",0,2880,0,0,0,7219683,,,,0,4,ModifyTable on access_log_jsonb_w [Index Scan using canonical_doc_pkey]
1,W1/jsonb/X-4/w01,W1/jsonb/X-4,W1,W1,jsonb,jsonb,X-4,separate: GIN (jsonb only),warmup,1,1,True,False,,True,1447.587,,0.047,0.103,1447.881,4.141,1452.1250000000002,1465.937,120950,38034102,1213,,38480336,446234,120951.0,1213.0,38034136.0,2195.0,2204.0,0.0,312.5779999999995,0.0,260772,0,2780,2772,0,0,260895.0,0.0,0.0,2772.0,0.0,0.0,40.18100000000004,0.0,5000.0,0.0,0.0,0.0,5000,0,0,8036352,8036352.0,981,24576,0,0,0,0.0,0.0,122880,73728,14548992,14475264,"{""access_log_jsonb_w_i1a_record_validity"":57344,""access_log_jsonb_w_i1b_entity_type_code"":65536,""access_log_jsonb_w_i1c_status_code"":57344,""access_log_jsonb_w_i1d_latitude_degrees"":163840,""access_log_jsonb_w_i1e_event_timestamp_utc"":237568,""access_log_jsonb_w_i2_gin_jsonb_ops"":7618560,""access_log_jsonb_w_i3_gin_jsonb_path_ops"":6348800,""access_log_jsonb_w_pkey"":131072}",0,2880,0,0,0,7219683,,,,0,4,ModifyTable on access_log_jsonb_w [Index Scan using canonical_doc_pkey]
1,W1/jsonb/X-4/w02,W1/jsonb/X-4,W1,W1,jsonb,jsonb,X-4,separate: GIN (jsonb only),warmup,2,1,True,False,,True,1463.309,,0.052,0.097,1463.618,3.882,1467.597,1486.226,120950,38034102,1213,,38480336,446234,120951.0,1213.0,38034136.0,2624.0,2633.0,0.0,302.15099999999984,0.0,260772,0,2780,2772,0,0,260893.0,0.0,0.0,2772.0,0.0,0.0,42.85100000000011,0.0,5000.0,0.0,0.0,0.0,5000,0,0,8036352,8036352.0,981,24576,0,0,0,0.0,0.0,122880,73728,14548992,14475264,"{""access_log_jsonb_w_i1a_record_validity"":57344,""access_log_jsonb_w_i1b_entity_type_code"":65536,""access_log_jsonb_w_i1c_status_code"":57344,""access_log_jsonb_w_i1d_latitude_degrees"":163840,""access_log_jsonb_w_i1e_event_timestamp_utc"":237568,""access_log_jsonb_w_i2_gin_jsonb_ops"":7618560,""access_log_jsonb_w_i3_gin_jsonb_path_ops"":6348800,""access_log_jsonb_w_pkey"":131072}",0,2880,0,0,0,7219683,,,,0,4,ModifyTable on access_log_jsonb_w [Index Scan using canonical_doc_pkey]
1,W1/jsonb/X-3/w02,W1/jsonb/X-3,W1,W1,jsonb,jsonb,X-3,separate: GIN (jsonb only),warmup,2,1,True,False,,True,747.193,,0.046,0.095,747.492,4.386,751.973,764.042,69157,20348036,470,,20549024,200988,69158.0,470.0,20348070.0,1317.0,1323.0,0.0,172.7489999999998,0.0,132811,0,1847,1841,0,0,132927.0,0.0,0.0,1841.0,0.0,0.0,29.06100000000015,0.0,5000.0,0.0,0.0,0.0,5000,0,0,8036352,8036352.0,981,24576,0,0,0,0.0,0.0,122880,57344,6930432,6873088,"{""access_log_jsonb_w_i1a_record_validity"":57344,""access_log_jsonb_w_i1b_entity_type_code"":65536,""access_log_jsonb_w_i1c_status_code"":57344,""access_log_jsonb_w_i1d_latitude_degrees"":163840,""access_log_jsonb_w_i1e_event_timestamp_utc"":237568,""access_log_jsonb_w_i3_gin_jsonb_path_ops"":6348800,""access_log_jsonb_w_pkey"":131072}",0,2880,0,0,0,7219683,,,,0,4,ModifyTable on access_log_jsonb_w [Index Scan using canonical_doc_pkey]
1,W1/jsonb/X-2/w02,W1/jsonb/X-2,W1,W1,jsonb,jsonb,X-2,separate: GIN (jsonb only),warmup,2,1,True,False,,True,1205.519,,0.078,0.08,1205.953,4.293,1210.3259999999998,1222.447,87077,27427915,743,,27719600,291685,87078.0,743.0,27427949.0,2215.0,2223.0,0.0,290.1869999999999,0.0,191879,0,2002,1996,0,0,191995.0,0.0,0.0,1996.0,0.0,0.0,29.764000000000124,0.0,5000.0,0.0,0.0,0.0,5000,0,0,8036352,8036352.0,981,24576,0,0,0,0.0,0.0,122880,57344,8200192,8142848,"{""access_log_jsonb_w_i1a_record_validity"":57344,""access_log_jsonb_w_i1b_entity_type_code"":65536,""access_log_jsonb_w_i1c_status_code"":57344,""access_log_jsonb_w_i1d_latitude_degrees"":163840,""access_log_jsonb_w_i1e_event_timestamp_utc"":237568,""access_log_jsonb_w_i2_gin_jsonb_ops"":7618560,""access_log_jsonb_w_pkey"":131072}",0,2880,0,0,0,7219683,,,,0,4,ModifyTable on access_log_jsonb_w [Index Scan using canonical_doc_pkey]
1,W1/jsonb/X-1/w02,W1/jsonb/X-1,W1,W1,jsonb,jsonb,X-1,head-to-head,warmup,2,1,True,False,,True,363.959,,0.058,0.125,364.263,6.005,370.393,383.936,35284,9741849,0,,9788288,46439,35285.0,0.0,9741883.0,403.0,407.0,0.0,58.88699999999881,0.0,63918,0,1069,1065,0,0,64027.0,0.0,0.0,1065.0,0.0,0.0,15.130999999999858,0.0,5000.0,0.0,0.0,0.0,5000,0,0,8036352,8036352.0,981,24576,0,0,0,0.0,0.0,122880,40960,581632,540672,"{""access_log_jsonb_w_i1a_record_validity"":57344,""access_log_jsonb_w_i1b_entity_type_code"":65536,""access_log_jsonb_w_i1c_status_code"":57344,""access_log_jsonb_w_i1d_latitude_degrees"":163840,""access_log_jsonb_w_i1e_event_timestamp_utc"":237568,""access_log_jsonb_w_pkey"":131072}",0,2880,0,0,0,7219683,,,,0,4,ModifyTable on access_log_jsonb_w [Index Scan using canonical_doc_pkey]
1,W1/json/X-1/w02,W1/json/X-1,W1,W1,json,json,X-1,head-to-head,warmup,2,1,True,False,,True,716.891,,0.049,0.08,717.174,4.611,721.865,737.187,35281,10955870,0,,11006040,50170,35283.0,0.0,10955958.0,263.0,268.0,0.0,47.58800000000156,0.0,63894,0,1338,1334,0,0,64002.0,0.0,0.0,1334.0,0.0,0.0,19.519000000000233,0.0,5000.0,0.0,0.0,0.0,5000,0,0,10240000,10240000.0,1250,24576,0,0,0,0.0,0.0,122880,40960,581632,540672,"{""access_log_json_w_i1a_record_validity"":57344,""access_log_json_w_i1b_entity_type_code"":65536,""access_log_json_w_i1c_status_code"":57344,""access_log_json_w_i1d_latitude_degrees"":163840,""access_log_json_w_i1e_event_timestamp_utc"":237568,""access_log_json_w_pkey"":131072}",0,1,0,0,0,8434066,0,0,0,0,4,ModifyTable on access_log_json_w [Index Scan using canonical_doc_pkey]
1,W1/jsonb/X-0/w02,W1/jsonb/X-0,W1,W1,jsonb,jsonb,X-0,head-to-head,warmup,2,1,True,False,,True,269.127,,0.055,0.112,269.413,15.491,285.016,300.196,10014,7844703,0,,7884312,39609,10015.0,0.0,7844737.0,99.0,101.0,0.0,26.860000000000582,0.0,18397,0,998,999,0,0,18462.0,0.0,0.0,999.0,0.0,0.0,12.06899999999996,0.0,5000.0,0.0,0.0,0.0,5000,0,0,8036352,8036352.0,981,24576,0,0,0,0.0,0.0,122880,0,0,0,"{""access_log_jsonb_w_pkey"":131072}",0,2880,0,0,0,7219683,,,,0,4,ModifyTable on access_log_jsonb_w [Index Scan using canonical_doc_pkey]
1,W1/json/X-0/w02,W1/json/X-0,W1,W1,json,json,X-0,head-to-head,warmup,2,1,True,False,,True,163.991,,0.043,0.097,164.271,4.165,168.533,178.18,10014,9059086,0,,9103048,43962,10015.0,0.0,9059120.0,600.0,602.0,0.0,81.34799999999996,0.0,18373,0,1267,1268,0,0,18447.0,0.0,0.0,1268.0,0.0,0.0,16.30699999999979,0.0,5000.0,0.0,0.0,0.0,5000,0,0,10240000,10240000.0,1250,24576,0,0,0,0.0,0.0,122880,0,0,0,"{""access_log_json_w_pkey"":131072}",0,1,0,0,0,8434066,0,0,0,0,4,ModifyTable on access_log_json_w [Index Scan using canonical_doc_pkey]
1,W1/jsonb/X-0/w03,W1/jsonb/X-0,W1,W1,jsonb,jsonb,X-0,head-to-head,warmup,3,1,True,False,,True,277.779,,0.061,0.088,278.264,4.324,282.67600000000004,292.641,10014,7844703,0,,7884288,39585,10015.0,0.0,7844737.0,160.0,163.0,0.0,26.89300000000003,0.0,18397,0,998,999,0,0,18462.0,0.0,0.0,999.0,0.0,0.0,12.702999999999975,0.0,5000.0,0.0,0.0,0.0,5000,0,0,8036352,8036352.0,981,24576,0,0,0,0.0,0.0,122880,0,0,0,"{""access_log_jsonb_w_pkey"":131072}",0,2880,0,0,0,7219683,,,,0,4,ModifyTable on access_log_jsonb_w [Index Scan using canonical_doc_pkey]
1,W1/json/X-0/w03,W1/json/X-0,W1,W1,json,json,X-0,head-to-head,warmup,3,1,True,False,,True,128.495,,0.049,0.096,128.768,4.074,132.93800000000002,143.547,10014,9059086,0,,9103048,43962,10015.0,0.0,9059120.0,355.0,358.0,0.0,55.884000000000015,0.0,18373,0,1267,1268,0,0,18437.0,0.0,0.0,1268.0,0.0,0.0,13.867999999999938,0.0,5000.0,0.0,0.0,0.0,5000,0,0,10240000,10240000.0,1250,24576,0,0,0,0.0,0.0,122880,0,0,0,"{""access_log_json_w_pkey"":131072}",0,1,0,0,0,8434066,0,0,0,0,4,ModifyTable on access_log_json_w [Index Scan using canonical_doc_pkey]
1,W1/jsonb/X-1/w03,W1/jsonb/X-1,W1,W1,jsonb,jsonb,X-1,head-to-head,warmup,3,1,True,False,,True,374.21,,0.052,0.095,374.521,4.044,378.66,395.019,35284,9741849,0,,9788288,46439,35285.0,0.0,9741883.0,458.0,461.0,0.0,73.95000000000073,0.0,63918,0,1069,1065,0,0,64025.0,0.0,0.0,1065.0,0.0,0.0,14.96100000000024,0.0,5000.0,0.0,0.0,0.0,5000,0,0,8036352,8036352.0,981,24576,0,0,0,0.0,0.0,122880,40960,581632,540672,"{""access_log_jsonb_w_i1a_record_validity"":57344,""access_log_jsonb_w_i1b_entity_type_code"":65536,""access_log_jsonb_w_i1c_status_code"":57344,""access_log_jsonb_w_i1d_latitude_degrees"":163840,""access_log_jsonb_w_i1e_event_timestamp_utc"":237568,""access_log_jsonb_w_pkey"":131072}",0,2880,0,0,0,7219683,,,,0,4,ModifyTable on access_log_jsonb_w [Index Scan using canonical_doc_pkey]
1,W1/json/X-1/w03,W1/json/X-1,W1,W1,json,json,X-1,head-to-head,warmup,3,1,True,False,,True,692.742,,0.053,0.087,693.039,2.645,695.771,710.826,35281,10955870,0,,11006000,50130,35282.0,0.0,10955904.0,364.0,369.0,0.0,45.39300000000003,0.0,63894,0,1338,1334,0,0,64002.0,0.0,0.0,1334.0,0.0,0.0,20.978999999999814,0.0,5000.0,0.0,0.0,0.0,5000,0,0,10240000,10240000.0,1250,24576,0,0,0,0.0,0.0,122880,40960,581632,540672,"{""access_log_json_w_i1a_record_validity"":57344,""access_log_json_w_i1b_entity_type_code"":65536,""access_log_json_w_i1c_status_code"":57344,""access_log_json_w_i1d_latitude_degrees"":163840,""access_log_json_w_i1e_event_timestamp_utc"":237568,""access_log_json_w_pkey"":131072}",0,1,0,0,0,8434066,0,0,0,0,4,ModifyTable on access_log_json_w [Index Scan using canonical_doc_pkey]
1,W1/jsonb/X-2/w03,W1/jsonb/X-2,W1,W1,jsonb,jsonb,X-2,separate: GIN (jsonb only),warmup,3,1,True,False,,True,1167.139,,0.052,0.086,1167.474,4.761,1172.321,1186.199,87077,27427915,743,,27719608,291693,87078.0,743.0,27427949.0,1904.0,1911.0,0.0,276.3809999999994,0.0,191879,0,2002,1996,0,0,191995.0,0.0,0.0,1996.0,0.0,0.0,30.96600000000035,0.0,5000.0,0.0,0.0,0.0,5000,0,0,8036352,8036352.0,981,24576,0,0,0,0.0,0.0,122880,57344,8200192,8142848,"{""access_log_jsonb_w_i1a_record_validity"":57344,""access_log_jsonb_w_i1b_entity_type_code"":65536,""access_log_jsonb_w_i1c_status_code"":57344,""access_log_jsonb_w_i1d_latitude_degrees"":163840,""access_log_jsonb_w_i1e_event_timestamp_utc"":237568,""access_log_jsonb_w_i2_gin_jsonb_ops"":7618560,""access_log_jsonb_w_pkey"":131072}",0,2880,0,0,0,7219683,,,,0,4,ModifyTable on access_log_jsonb_w [Index Scan using canonical_doc_pkey]
1,W1/jsonb/X-3/w03,W1/jsonb/X-3,W1,W1,jsonb,jsonb,X-3,separate: GIN (jsonb only),warmup,3,1,True,False,,True,746.024,,0.054,0.096,746.34,3.368,749.8040000000001,764.104,69157,20348036,470,,20549000,200964,69158.0,470.0,20348070.0,1439.0,1444.0,0.0,193.36599999999999,0.0,132811,0,1847,1841,0,0,132925.0,0.0,0.0,1841.0,0.0,0.0,27.001999999999953,0.0,5000.0,0.0,0.0,0.0,5000,0,0,8036352,8036352.0,981,24576,0,0,0,0.0,0.0,122880,57344,6930432,6873088,"{""access_log_jsonb_w_i1a_record_validity"":57344,""access_log_jsonb_w_i1b_entity_type_code"":65536,""access_log_jsonb_w_i1c_status_code"":57344,""access_log_jsonb_w_i1d_latitude_degrees"":163840,""access_log_jsonb_w_i1e_event_timestamp_utc"":237568,""access_log_jsonb_w_i3_gin_jsonb_path_ops"":6348800,""access_log_jsonb_w_pkey"":131072}",0,2880,0,0,0,7219683,,,,0,4,ModifyTable on access_log_jsonb_w [Index Scan using canonical_doc_pkey]
1,W1/jsonb/X-4/w03,W1/jsonb/X-4,W1,W1,jsonb,jsonb,X-4,separate: GIN (jsonb only),warmup,3,1,True,False,,True,1519.365,,0.048,0.082,1519.694,5.55,1525.326,1539.828,120950,38034102,1213,,38480352,446250,120951.0,1213.0,38034136.0,2359.0,2368.0,0.0,351.34300000000076,0.0,260772,0,2780,2772,0,0,260895.0,0.0,0.0,2772.0,0.0,0.0,41.4050000000002,0.0,5000.0,0.0,0.0,0.0,5000,0,0,8036352,8036352.0,981,24576,0,0,0,0.0,0.0,122880,73728,14548992,14475264,"{""access_log_jsonb_w_i1a_record_validity"":57344,""access_log_jsonb_w_i1b_entity_type_code"":65536,""access_log_jsonb_w_i1c_status_code"":57344,""access_log_jsonb_w_i1d_latitude_degrees"":163840,""access_log_jsonb_w_i1e_event_timestamp_utc"":237568,""access_log_jsonb_w_i2_gin_jsonb_ops"":7618560,""access_log_jsonb_w_i3_gin_jsonb_path_ops"":6348800,""access_log_jsonb_w_pkey"":131072}",0,2880,0,0,0,7219683,,,,0,4,ModifyTable on access_log_jsonb_w [Index Scan using canonical_doc_pkey]
1,W1/jsonb/X-4/m01,W1/jsonb/X-4,W1,W1,jsonb,jsonb,X-4,separate: GIN (jsonb only),measured,1,1,True,False,,True,1540.902,,0.049,0.084,1541.189,4.496,1545.7690000000002,1561.552,120950,38034102,1213,,38480336,446234,120951.0,1213.0,38034136.0,3002.0,3012.0,0.0,389.0159999999996,0.0,260772,0,2780,2772,0,0,260893.0,0.0,0.0,2772.0,0.0,0.0,41.0630000000001,0.0,5000.0,0.0,0.0,0.0,5000,0,0,8036352,8036352.0,981,24576,0,0,0,0.0,0.0,122880,73728,14548992,14475264,"{""access_log_jsonb_w_i1a_record_validity"":57344,""access_log_jsonb_w_i1b_entity_type_code"":65536,""access_log_jsonb_w_i1c_status_code"":57344,""access_log_jsonb_w_i1d_latitude_degrees"":163840,""access_log_jsonb_w_i1e_event_timestamp_utc"":237568,""access_log_jsonb_w_i2_gin_jsonb_ops"":7618560,""access_log_jsonb_w_i3_gin_jsonb_path_ops"":6348800,""access_log_jsonb_w_pkey"":131072}",0,2880,0,0,0,7219683,,,,0,4,ModifyTable on access_log_jsonb_w [Index Scan using canonical_doc_pkey]
1,W1/jsonb/X-3/m01,W1/jsonb/X-3,W1,W1,jsonb,jsonb,X-3,separate: GIN (jsonb only),measured,1,1,True,False,,True,742.225,,0.05,0.098,742.517,4.198,746.813,762.898,69157,20348036,470,,20549024,200988,69158.0,470.0,20348070.0,1143.0,1149.0,0.0,177.11999999999898,0.0,132811,0,1847,1841,0,0,132927.0,0.0,0.0,1841.0,0.0,0.0,26.751000000000204,0.0,5000.0,0.0,0.0,0.0,5000,0,0,8036352,8036352.0,981,24576,0,0,0,0.0,0.0,122880,57344,6930432,6873088,"{""access_log_jsonb_w_i1a_record_validity"":57344,""access_log_jsonb_w_i1b_entity_type_code"":65536,""access_log_jsonb_w_i1c_status_code"":57344,""access_log_jsonb_w_i1d_latitude_degrees"":163840,""access_log_jsonb_w_i1e_event_timestamp_utc"":237568,""access_log_jsonb_w_i3_gin_jsonb_path_ops"":6348800,""access_log_jsonb_w_pkey"":131072}",0,2880,0,0,0,7219683,,,,0,4,ModifyTable on access_log_jsonb_w [Index Scan using canonical_doc_pkey]
1,W1/jsonb/X-2/m01,W1/jsonb/X-2,W1,W1,jsonb,jsonb,X-2,separate: GIN (jsonb only),measured,1,1,True,False,,True,1267.103,,0.048,0.082,1267.391,4.203,1271.6760000000002,1285.881,87077,27427915,743,,27719656,291741,87079.0,743.0,27428003.0,1914.0,1923.0,0.0,249.63600000000042,0.0,191879,0,2002,1996,0,0,191995.0,0.0,0.0,1996.0,0.0,0.0,34.971000000000004,0.0,5000.0,0.0,0.0,0.0,5000,0,0,8036352,8036352.0,981,24576,0,0,0,0.0,0.0,122880,57344,8200192,8142848,"{""access_log_jsonb_w_i1a_record_validity"":57344,""access_log_jsonb_w_i1b_entity_type_code"":65536,""access_log_jsonb_w_i1c_status_code"":57344,""access_log_jsonb_w_i1d_latitude_degrees"":163840,""access_log_jsonb_w_i1e_event_timestamp_utc"":237568,""access_log_jsonb_w_i2_gin_jsonb_ops"":7618560,""access_log_jsonb_w_pkey"":131072}",0,2880,0,0,0,7219683,,,,0,4,ModifyTable on access_log_jsonb_w [Index Scan using canonical_doc_pkey]
1,W1/json/X-1/m01,W1/json/X-1,W1,W1,json,json,X-1,head-to-head,measured,1,1,True,False,,True,700.979,,0.046,0.096,701.273,14.242,715.611,727.964,35281,10955870,0,,11006024,50154,35282.0,0.0,10955904.0,173.0,177.0,0.0,47.8809999999994,0.0,63894,0,1338,1334,0,0,64002.0,0.0,0.0,1334.0,0.0,0.0,44.233999999999924,0.0,5000.0,0.0,0.0,0.0,5000,0,0,10240000,10240000.0,1250,24576,0,0,0,0.0,0.0,122880,40960,581632,540672,"{""access_log_json_w_i1a_record_validity"":57344,""access_log_json_w_i1b_entity_type_code"":65536,""access_log_json_w_i1c_status_code"":57344,""access_log_json_w_i1d_latitude_degrees"":163840,""access_log_json_w_i1e_event_timestamp_utc"":237568,""access_log_json_w_pkey"":131072}",0,1,0,0,0,8434066,0,0,0,0,4,ModifyTable on access_log_json_w [Index Scan using canonical_doc_pkey]
1,W1/jsonb/X-1/m01,W1/jsonb/X-1,W1,W1,jsonb,jsonb,X-1,head-to-head,measured,1,1,True,False,,True,329.261,,0.047,0.081,329.552,13.546,343.17900000000003,355.772,35284,9741849,0,,9788272,46423,35285.0,0.0,9741883.0,184.0,187.0,0.0,31.144000000000233,0.0,63918,0,1069,1065,0,0,64027.0,0.0,0.0,1065.0,0.0,0.0,15.251000000000204,0.0,5000.0,0.0,0.0,0.0,5000,0,0,8036352,8036352.0,981,24576,0,0,0,0.0,0.0,122880,40960,581632,540672,"{""access_log_jsonb_w_i1a_record_validity"":57344,""access_log_jsonb_w_i1b_entity_type_code"":65536,""access_log_jsonb_w_i1c_status_code"":57344,""access_log_jsonb_w_i1d_latitude_degrees"":163840,""access_log_jsonb_w_i1e_event_timestamp_utc"":237568,""access_log_jsonb_w_pkey"":131072}",0,2880,0,0,0,7219683,,,,0,4,ModifyTable on access_log_jsonb_w [Index Scan using canonical_doc_pkey]
1,W1/json/X-0/m01,W1/json/X-0,W1,W1,json,json,X-0,head-to-head,measured,1,1,True,False,,True,159.179,,0.049,0.105,159.515,11.117,170.73699999999997,181.204,10014,9059086,0,,9103088,44002,10015.0,0.0,9059120.0,601.0,603.0,0.0,86.5560000000005,0.0,18373,0,1267,1268,0,0,18437.0,0.0,0.0,1268.0,0.0,0.0,16.144999999999982,0.0,5000.0,0.0,0.0,0.0,5000,0,0,10240000,10240000.0,1250,24576,0,0,0,0.0,0.0,122880,0,0,0,"{""access_log_json_w_pkey"":131072}",0,1,0,0,0,8434066,0,0,0,0,4,ModifyTable on access_log_json_w [Index Scan using canonical_doc_pkey]
1,W1/jsonb/X-0/m01,W1/jsonb/X-0,W1,W1,jsonb,jsonb,X-0,head-to-head,measured,1,1,True,False,,True,301.826,,0.05,0.1,302.127,4.075,306.302,319.367,10014,7844703,0,,7884296,39593,10015.0,0.0,7844737.0,350.0,353.0,0.0,52.75,0.0,18397,0,998,999,0,0,18471.0,0.0,0.0,999.0,0.0,0.0,13.599999999999909,0.0,5000.0,0.0,0.0,0.0,5000,0,0,8036352,8036352.0,981,24576,0,0,0,0.0,0.0,122880,0,0,0,"{""access_log_jsonb_w_pkey"":131072}",0,2880,0,0,0,7219683,,,,0,4,ModifyTable on access_log_jsonb_w [Index Scan using canonical_doc_pkey]
1,W1/json/X-0/m02,W1/json/X-0,W1,W1,json,json,X-0,head-to-head,measured,2,1,True,False,,True,150.116,,0.051,0.097,150.398,4.024,154.519,166.28,10014,9059086,0,,9103064,43978,10015.0,0.0,9059120.0,568.0,571.0,0.0,73.91100000000006,0.0,18373,0,1267,1268,0,0,18437.0,0.0,0.0,1268.0,0.0,0.0,16.188000000000102,0.0,5000.0,0.0,0.0,0.0,5000,0,0,10240000,10240000.0,1250,24576,0,0,0,0.0,0.0,122880,0,0,0,"{""access_log_json_w_pkey"":131072}",0,1,0,0,0,8434066,0,0,0,0,4,ModifyTable on access_log_json_w [Index Scan using canonical_doc_pkey]
1,W1/jsonb/X-0/m02,W1/jsonb/X-0,W1,W1,jsonb,jsonb,X-0,head-to-head,measured,2,1,True,False,,True,261.621,,0.054,0.111,261.911,3.911,265.933,276.937,10014,7844703,0,,7884272,39569,10015.0,0.0,7844737.0,81.0,83.0,0.0,17.372999999999593,0.0,18397,0,998,999,0,0,18462.0,0.0,0.0,999.0,0.0,0.0,13.903999999999996,0.0,5000.0,0.0,0.0,0.0,5000,0,0,8036352,8036352.0,981,24576,0,0,0,0.0,0.0,122880,0,0,0,"{""access_log_jsonb_w_pkey"":131072}",0,2880,0,0,0,7219683,,,,0,4,ModifyTable on access_log_jsonb_w [Index Scan using canonical_doc_pkey]
1,W1/json/X-1/m02,W1/json/X-1,W1,W1,json,json,X-1,head-to-head,measured,2,1,False,True,autovacuum-worker|wal-foreign-activity,True,702.869,,0.057,0.219,703.918,16.684,720.821,744.571,35281,10955870,0,,11395272,439402,35626.0,113.0,11462894.0,119.0,128.0,0.0,33.78700000000026,0.0,63894,0,1338,1334,0,0,64000.0,0.0,0.0,1334.0,0.0,0.0,20.406999999999698,0.0,5000.0,0.0,0.0,0.0,5000,0,0,10240000,10240000.0,1250,24576,0,0,0,0.0,0.0,122880,40960,581632,540672,"{""access_log_json_w_i1a_record_validity"":57344,""access_log_json_w_i1b_entity_type_code"":65536,""access_log_json_w_i1c_status_code"":57344,""access_log_json_w_i1d_latitude_degrees"":163840,""access_log_json_w_i1e_event_timestamp_utc"":237568,""access_log_json_w_pkey"":131072}",0,1,0,0,0,8434066,0,0,0,0,4,ModifyTable on access_log_json_w [Index Scan using canonical_doc_pkey]
1,W1/json/X-1/m02,W1/json/X-1,W1,W1,json,json,X-1,head-to-head,measured,2,2,True,False,,True,689.101,,0.049,0.083,689.401,2.882,692.3659999999999,706.293,35281,10955870,0,,11006024,50154,35282.0,0.0,10955904.0,183.0,188.0,0.0,46.891999999999825,0.0,63894,0,1338,1334,0,0,64001.0,0.0,0.0,1334.0,0.0,0.0,17.871000000000095,0.0,5000.0,0.0,0.0,0.0,5000,0,0,10240000,10240000.0,1250,24576,0,0,0,0.0,0.0,122880,40960,581632,540672,"{""access_log_json_w_i1a_record_validity"":57344,""access_log_json_w_i1b_entity_type_code"":65536,""access_log_json_w_i1c_status_code"":57344,""access_log_json_w_i1d_latitude_degrees"":163840,""access_log_json_w_i1e_event_timestamp_utc"":237568,""access_log_json_w_pkey"":131072}",0,1,0,0,0,8434066,0,0,0,0,4,ModifyTable on access_log_json_w [Index Scan using canonical_doc_pkey]
1,W1/jsonb/X-1/m02,W1/jsonb/X-1,W1,W1,jsonb,jsonb,X-1,head-to-head,measured,2,1,True,False,,True,329.31,,0.05,0.082,329.594,3.595,333.271,351.08,35284,9741849,0,,9788272,46423,35285.0,0.0,9741883.0,292.0,295.0,0.0,42.43000000000029,0.0,63918,0,1069,1065,0,0,64029.0,0.0,0.0,1065.0,0.0,0.0,14.288000000000011,0.0,5000.0,0.0,0.0,0.0,5000,0,0,8036352,8036352.0,981,24576,0,0,0,0.0,0.0,122880,40960,581632,540672,"{""access_log_jsonb_w_i1a_record_validity"":57344,""access_log_jsonb_w_i1b_entity_type_code"":65536,""access_log_jsonb_w_i1c_status_code"":57344,""access_log_jsonb_w_i1d_latitude_degrees"":163840,""access_log_jsonb_w_i1e_event_timestamp_utc"":237568,""access_log_jsonb_w_pkey"":131072}",0,2880,0,0,0,7219683,,,,0,4,ModifyTable on access_log_jsonb_w [Index Scan using canonical_doc_pkey]
1,W1/jsonb/X-2/m02,W1/jsonb/X-2,W1,W1,jsonb,jsonb,X-2,separate: GIN (jsonb only),measured,2,1,True,False,,True,1078.608,,0.055,0.1,1078.919,4.37,1083.389,1099.483,87077,27427915,743,,27719600,291685,87078.0,743.0,27427949.0,1448.0,1455.0,0.0,187.4250000000011,0.0,191879,0,2002,1996,0,0,191995.0,0.0,0.0,1996.0,0.0,0.0,27.659999999999854,0.0,5000.0,0.0,0.0,0.0,5000,0,0,8036352,8036352.0,981,24576,0,0,0,0.0,0.0,122880,57344,8200192,8142848,"{""access_log_jsonb_w_i1a_record_validity"":57344,""access_log_jsonb_w_i1b_entity_type_code"":65536,""access_log_jsonb_w_i1c_status_code"":57344,""access_log_jsonb_w_i1d_latitude_degrees"":163840,""access_log_jsonb_w_i1e_event_timestamp_utc"":237568,""access_log_jsonb_w_i2_gin_jsonb_ops"":7618560,""access_log_jsonb_w_pkey"":131072}",0,2880,0,0,0,7219683,,,,0,4,ModifyTable on access_log_jsonb_w [Index Scan using canonical_doc_pkey]
1,W1/jsonb/X-3/m02,W1/jsonb/X-3,W1,W1,jsonb,jsonb,X-3,separate: GIN (jsonb only),measured,2,1,True,False,,True,707.706,,0.063,0.093,708.079,5.066,713.2379999999999,726.24,69157,20348036,470,,20549000,200964,69158.0,470.0,20348070.0,1297.0,1302.0,0.0,157.97900000000118,0.0,132811,0,1847,1841,0,0,132925.0,0.0,0.0,1841.0,0.0,0.0,27.389000000000124,0.0,5000.0,0.0,0.0,0.0,5000,0,0,8036352,8036352.0,981,24576,0,0,0,0.0,0.0,122880,57344,6930432,6873088,"{""access_log_jsonb_w_i1a_record_validity"":57344,""access_log_jsonb_w_i1b_entity_type_code"":65536,""access_log_jsonb_w_i1c_status_code"":57344,""access_log_jsonb_w_i1d_latitude_degrees"":163840,""access_log_jsonb_w_i1e_event_timestamp_utc"":237568,""access_log_jsonb_w_i3_gin_jsonb_path_ops"":6348800,""access_log_jsonb_w_pkey"":131072}",0,2880,0,0,0,7219683,,,,0,4,ModifyTable on access_log_jsonb_w [Index Scan using canonical_doc_pkey]
1,W1/jsonb/X-4/m02,W1/jsonb/X-4,W1,W1,jsonb,jsonb,X-4,separate: GIN (jsonb only),measured,2,1,True,False,,True,1465.958,,0.048,0.082,1466.254,3.79,1470.126,1484.328,120950,38034102,1213,,38480336,446234,120951.0,1213.0,38034136.0,2401.0,2410.0,0.0,319.1459999999988,0.0,260772,0,2780,2772,0,0,260895.0,0.0,0.0,2772.0,0.0,0.0,40.284999999999854,0.0,5000.0,0.0,0.0,0.0,5000,0,0,8036352,8036352.0,981,24576,0,0,0,0.0,0.0,122880,73728,14548992,14475264,"{""access_log_jsonb_w_i1a_record_validity"":57344,""access_log_jsonb_w_i1b_entity_type_code"":65536,""access_log_jsonb_w_i1c_status_code"":57344,""access_log_jsonb_w_i1d_latitude_degrees"":163840,""access_log_jsonb_w_i1e_event_timestamp_utc"":237568,""access_log_jsonb_w_i2_gin_jsonb_ops"":7618560,""access_log_jsonb_w_i3_gin_jsonb_path_ops"":6348800,""access_log_jsonb_w_pkey"":131072}",0,2880,0,0,0,7219683,,,,0,4,ModifyTable on access_log_jsonb_w [Index Scan using canonical_doc_pkey]
1,W1/jsonb/X-4/m03,W1/jsonb/X-4,W1,W1,jsonb,jsonb,X-4,separate: GIN (jsonb only),measured,3,1,True,False,,True,1492.485,,0.054,0.16,1492.819,5.189,1498.1680000000001,1513.275,120950,38034102,1213,,38480432,446330,120952.0,1213.0,38034190.0,2312.0,2321.0,0.0,348.6219999999994,0.0,260772,0,2780,2772,0,0,260893.0,0.0,0.0,2772.0,0.0,0.0,39.55199999999968,0.0,5000.0,0.0,0.0,0.0,5000,0,0,8036352,8036352.0,981,24576,0,0,0,0.0,0.0,122880,73728,14548992,14475264,"{""access_log_jsonb_w_i1a_record_validity"":57344,""access_log_jsonb_w_i1b_entity_type_code"":65536,""access_log_jsonb_w_i1c_status_code"":57344,""access_log_jsonb_w_i1d_latitude_degrees"":163840,""access_log_jsonb_w_i1e_event_timestamp_utc"":237568,""access_log_jsonb_w_i2_gin_jsonb_ops"":7618560,""access_log_jsonb_w_i3_gin_jsonb_path_ops"":6348800,""access_log_jsonb_w_pkey"":131072}",0,2880,0,0,0,7219683,,,,0,4,ModifyTable on access_log_jsonb_w [Index Scan using canonical_doc_pkey]
1,W1/jsonb/X-3/m03,W1/jsonb/X-3,W1,W1,jsonb,jsonb,X-3,separate: GIN (jsonb only),measured,3,1,True,False,,True,717.769,,0.052,0.101,718.052,3.878,722.0310000000001,737.159,69157,20348036,470,,20549000,200964,69158.0,470.0,20348070.0,1240.0,1245.0,0.0,172.96999999999935,0.0,132811,0,1847,1841,0,0,132927.0,0.0,0.0,1841.0,0.0,0.0,28.73700000000008,0.0,5000.0,0.0,0.0,0.0,5000,0,0,8036352,8036352.0,981,24576,0,0,0,0.0,0.0,122880,57344,6930432,6873088,"{""access_log_jsonb_w_i1a_record_validity"":57344,""access_log_jsonb_w_i1b_entity_type_code"":65536,""access_log_jsonb_w_i1c_status_code"":57344,""access_log_jsonb_w_i1d_latitude_degrees"":163840,""access_log_jsonb_w_i1e_event_timestamp_utc"":237568,""access_log_jsonb_w_i3_gin_jsonb_path_ops"":6348800,""access_log_jsonb_w_pkey"":131072}",0,2880,0,0,0,7219683,,,,0,4,ModifyTable on access_log_jsonb_w [Index Scan using canonical_doc_pkey]
1,W1/jsonb/X-2/m03,W1/jsonb/X-2,W1,W1,jsonb,jsonb,X-2,separate: GIN (jsonb only),measured,3,1,True,False,,True,1179.874,,0.047,0.085,1180.17,5.941,1186.1960000000001,1200.349,87077,27427915,743,,27719624,291709,87078.0,743.0,27427949.0,1607.0,1615.0,0.0,195.24199999999837,0.0,191879,0,2002,1996,0,0,191995.0,0.0,0.0,1996.0,0.0,0.0,31.643999999999778,0.0,5000.0,0.0,0.0,0.0,5000,0,0,8036352,8036352.0,981,24576,0,0,0,0.0,0.0,122880,57344,8200192,8142848,"{""access_log_jsonb_w_i1a_record_validity"":57344,""access_log_jsonb_w_i1b_entity_type_code"":65536,""access_log_jsonb_w_i1c_status_code"":57344,""access_log_jsonb_w_i1d_latitude_degrees"":163840,""access_log_jsonb_w_i1e_event_timestamp_utc"":237568,""access_log_jsonb_w_i2_gin_jsonb_ops"":7618560,""access_log_jsonb_w_pkey"":131072}",0,2880,0,0,0,7219683,,,,0,4,ModifyTable on access_log_jsonb_w [Index Scan using canonical_doc_pkey]
1,W1/jsonb/X-1/m03,W1/jsonb/X-1,W1,W1,jsonb,jsonb,X-1,head-to-head,measured,3,1,True,False,,True,371.331,,0.062,0.118,371.664,4.196,375.978,389.962,35284,9741849,0,,9788272,46423,35285.0,0.0,9741883.0,472.0,476.0,0.0,79.0099999999984,0.0,63918,0,1069,1065,0,0,64027.0,0.0,0.0,1065.0,0.0,0.0,14.048999999999978,0.0,5000.0,0.0,0.0,0.0,5000,0,0,8036352,8036352.0,981,24576,0,0,0,0.0,0.0,122880,40960,581632,540672,"{""access_log_jsonb_w_i1a_record_validity"":57344,""access_log_jsonb_w_i1b_entity_type_code"":65536,""access_log_jsonb_w_i1c_status_code"":57344,""access_log_jsonb_w_i1d_latitude_degrees"":163840,""access_log_jsonb_w_i1e_event_timestamp_utc"":237568,""access_log_jsonb_w_pkey"":131072}",0,2880,0,0,0,7219683,,,,0,4,ModifyTable on access_log_jsonb_w [Index Scan using canonical_doc_pkey]
1,W1/json/X-1/m03,W1/json/X-1,W1,W1,json,json,X-1,head-to-head,measured,3,1,True,False,,True,622.141,,0.049,0.101,622.428,4.313,626.842,641.657,35281,10955870,0,,11006024,50154,35282.0,0.0,10955904.0,108.0,113.0,0.0,19.590000000000146,0.0,63894,0,1338,1334,0,0,63997.0,0.0,0.0,1334.0,0.0,0.0,17.40599999999995,0.0,5000.0,0.0,0.0,0.0,5000,0,0,10240000,10240000.0,1250,24576,0,0,0,0.0,0.0,122880,40960,581632,540672,"{""access_log_json_w_i1a_record_validity"":57344,""access_log_json_w_i1b_entity_type_code"":65536,""access_log_json_w_i1c_status_code"":57344,""access_log_json_w_i1d_latitude_degrees"":163840,""access_log_json_w_i1e_event_timestamp_utc"":237568,""access_log_json_w_pkey"":131072}",0,1,0,0,0,8434066,0,0,0,0,4,ModifyTable on access_log_json_w [Index Scan using canonical_doc_pkey]
1,W1/jsonb/X-0/m03,W1/jsonb/X-0,W1,W1,jsonb,jsonb,X-0,head-to-head,measured,3,1,True,False,,True,267.183,,0.045,0.102,267.459,4.276,271.837,282.394,10014,7844703,0,,7884272,39569,10015.0,0.0,7844737.0,155.0,158.0,0.0,36.57300000000032,0.0,18397,0,998,999,0,0,18462.0,0.0,0.0,999.0,0.0,0.0,13.014000000000124,0.0,5000.0,0.0,0.0,0.0,5000,0,0,8036352,8036352.0,981,24576,0,0,0,0.0,0.0,122880,0,0,0,"{""access_log_jsonb_w_pkey"":131072}",0,2880,0,0,0,7219683,,,,0,4,ModifyTable on access_log_jsonb_w [Index Scan using canonical_doc_pkey]
1,W1/json/X-0/m03,W1/json/X-0,W1,W1,json,json,X-0,head-to-head,measured,3,1,True,False,,True,114.153,,0.046,0.089,114.439,4.206,118.734,128.207,10014,9059086,0,,9103064,43978,10015.0,0.0,9059120.0,359.0,362.0,0.0,45.39099999999962,0.0,18373,0,1267,1268,0,0,18450.0,0.0,0.0,1268.0,0.0,0.0,13.728000000000065,0.0,5000.0,0.0,0.0,0.0,5000,0,0,10240000,10240000.0,1250,24576,0,0,0,0.0,0.0,122880,0,0,0,"{""access_log_json_w_pkey"":131072}",0,1,0,0,0,8434066,0,0,0,0,4,ModifyTable on access_log_json_w [Index Scan using canonical_doc_pkey]
1,W1/jsonb/X-0/m04,W1/jsonb/X-0,W1,W1,jsonb,jsonb,X-0,head-to-head,measured,4,1,True,False,,True,291.75,,0.052,0.115,292.044,4.071,296.23,306.662,10014,7844703,0,,7884272,39569,10015.0,0.0,7844737.0,256.0,260.0,0.0,48.97699999999895,0.0,18397,0,998,999,0,0,18462.0,0.0,0.0,999.0,0.0,0.0,12.9699999999998,0.0,5000.0,0.0,0.0,0.0,5000,0,0,8036352,8036352.0,981,24576,0,0,0,0.0,0.0,122880,0,0,0,"{""access_log_jsonb_w_pkey"":131072}",0,2880,0,0,0,7219683,,,,0,4,ModifyTable on access_log_jsonb_w [Index Scan using canonical_doc_pkey]
1,W1/json/X-0/m04,W1/json/X-0,W1,W1,json,json,X-0,head-to-head,measured,4,1,True,False,,True,156.417,,0.045,0.099,156.711,4.028,160.838,171.048,10014,9059086,0,,9103088,44002,10015.0,0.0,9059120.0,601.0,603.0,0.0,79.45800000000236,0.0,18373,0,1267,1268,0,0,18437.0,0.0,0.0,1268.0,0.0,0.0,15.533000000000357,0.0,5000.0,0.0,0.0,0.0,5000,0,0,10240000,10240000.0,1250,24576,0,0,0,0.0,0.0,122880,0,0,0,"{""access_log_json_w_pkey"":131072}",0,1,0,0,0,8434066,0,0,0,0,4,ModifyTable on access_log_json_w [Index Scan using canonical_doc_pkey]
1,W1/jsonb/X-1/m04,W1/jsonb/X-1,W1,W1,jsonb,jsonb,X-1,head-to-head,measured,4,1,True,False,,True,339.79,,0.064,0.131,340.121,13.324,353.57599999999996,366.514,35284,9741849,0,,9788272,46423,35285.0,0.0,9741883.0,165.0,168.0,0.0,35.102999999999156,0.0,63918,0,1069,1065,0,0,64025.0,0.0,0.0,1065.0,0.0,0.0,20.773999999999887,0.0,5000.0,0.0,0.0,0.0,5000,0,0,8036352,8036352.0,981,24576,0,0,0,0.0,0.0,122880,40960,581632,540672,"{""access_log_jsonb_w_i1a_record_validity"":57344,""access_log_jsonb_w_i1b_entity_type_code"":65536,""access_log_jsonb_w_i1c_status_code"":57344,""access_log_jsonb_w_i1d_latitude_degrees"":163840,""access_log_jsonb_w_i1e_event_timestamp_utc"":237568,""access_log_jsonb_w_pkey"":131072}",0,2880,0,0,0,7219683,,,,0,4,ModifyTable on access_log_jsonb_w [Index Scan using canonical_doc_pkey]
1,W1/json/X-1/m04,W1/json/X-1,W1,W1,json,json,X-1,head-to-head,measured,4,1,True,False,,True,670.757,,0.048,0.081,671.03,1.974,673.085,685.949,35281,10955870,0,,11006024,50154,35282.0,0.0,10955904.0,78.0,83.0,0.0,13.070999999999913,0.0,63894,0,1338,1334,0,0,63997.0,0.0,0.0,1334.0,0.0,0.0,19.201000000000022,0.0,5000.0,0.0,0.0,0.0,5000,0,0,10240000,10240000.0,1250,24576,0,0,0,0.0,0.0,122880,40960,581632,540672,"{""access_log_json_w_i1a_record_validity"":57344,""access_log_json_w_i1b_entity_type_code"":65536,""access_log_json_w_i1c_status_code"":57344,""access_log_json_w_i1d_latitude_degrees"":163840,""access_log_json_w_i1e_event_timestamp_utc"":237568,""access_log_json_w_pkey"":131072}",0,1,0,0,0,8434066,0,0,0,0,4,ModifyTable on access_log_json_w [Index Scan using canonical_doc_pkey]
1,W1/jsonb/X-2/m04,W1/jsonb/X-2,W1,W1,jsonb,jsonb,X-2,separate: GIN (jsonb only),measured,4,1,True,False,,True,1172.963,,0.048,0.082,1173.262,15.663,1189.007,1203.334,87077,27427915,743,,27719624,291709,87078.0,743.0,27427949.0,2126.0,2133.0,0.0,269.5030000000006,0.0,191879,0,2002,1996,0,0,191995.0,0.0,0.0,1996.0,0.0,0.0,31.471000000000004,0.0,5000.0,0.0,0.0,0.0,5000,0,0,8036352,8036352.0,981,24576,0,0,0,0.0,0.0,122880,57344,8200192,8142848,"{""access_log_jsonb_w_i1a_record_validity"":57344,""access_log_jsonb_w_i1b_entity_type_code"":65536,""access_log_jsonb_w_i1c_status_code"":57344,""access_log_jsonb_w_i1d_latitude_degrees"":163840,""access_log_jsonb_w_i1e_event_timestamp_utc"":237568,""access_log_jsonb_w_i2_gin_jsonb_ops"":7618560,""access_log_jsonb_w_pkey"":131072}",0,2880,0,0,0,7219683,,,,0,4,ModifyTable on access_log_jsonb_w [Index Scan using canonical_doc_pkey]
1,W1/jsonb/X-3/m04,W1/jsonb/X-3,W1,W1,jsonb,jsonb,X-3,separate: GIN (jsonb only),measured,4,1,True,False,,True,762.469,,0.058,0.114,762.779,4.027,766.9200000000001,781.043,69157,20348036,470,,20549000,200964,69158.0,470.0,20348070.0,1422.0,1427.0,0.0,209.2589999999982,0.0,132811,0,1847,1841,0,0,132925.0,0.0,0.0,1841.0,0.0,0.0,25.434000000000196,0.0,5000.0,0.0,0.0,0.0,5000,0,0,8036352,8036352.0,981,24576,0,0,0,0.0,0.0,122880,57344,6930432,6873088,"{""access_log_jsonb_w_i1a_record_validity"":57344,""access_log_jsonb_w_i1b_entity_type_code"":65536,""access_log_jsonb_w_i1c_status_code"":57344,""access_log_jsonb_w_i1d_latitude_degrees"":163840,""access_log_jsonb_w_i1e_event_timestamp_utc"":237568,""access_log_jsonb_w_i3_gin_jsonb_path_ops"":6348800,""access_log_jsonb_w_pkey"":131072}",0,2880,0,0,0,7219683,,,,0,4,ModifyTable on access_log_jsonb_w [Index Scan using canonical_doc_pkey]
1,W1/jsonb/X-4/m04,W1/jsonb/X-4,W1,W1,jsonb,jsonb,X-4,separate: GIN (jsonb only),measured,4,1,True,False,,True,1499.5,,0.049,0.096,1499.799,4.842,1504.737,1524.11,120950,38034102,1213,,38480336,446234,120952.0,1213.0,38034186.0,2710.0,2719.0,0.0,343.3690000000024,0.0,260772,0,2780,2772,0,0,260895.0,0.0,0.0,2772.0,0.0,0.0,41.189000000000306,0.0,5000.0,0.0,0.0,0.0,5000,0,0,8036352,8036352.0,981,24576,0,0,0,0.0,0.0,122880,73728,14548992,14475264,"{""access_log_jsonb_w_i1a_record_validity"":57344,""access_log_jsonb_w_i1b_entity_type_code"":65536,""access_log_jsonb_w_i1c_status_code"":57344,""access_log_jsonb_w_i1d_latitude_degrees"":163840,""access_log_jsonb_w_i1e_event_timestamp_utc"":237568,""access_log_jsonb_w_i2_gin_jsonb_ops"":7618560,""access_log_jsonb_w_i3_gin_jsonb_path_ops"":6348800,""access_log_jsonb_w_pkey"":131072}",0,2880,0,0,0,7219683,,,,0,4,ModifyTable on access_log_jsonb_w [Index Scan using canonical_doc_pkey]
1,W1/jsonb/X-4/m05,W1/jsonb/X-4,W1,W1,jsonb,jsonb,X-4,separate: GIN (jsonb only),measured,5,1,True,False,,True,1460.585,,0.067,0.13,1460.909,5.638,1466.6770000000001,1481.611,120950,38034102,1213,,38480352,446250,120951.0,1213.0,38034136.0,2227.0,2236.0,0.0,312.0519999999997,0.0,260772,0,2780,2772,0,0,260893.0,0.0,0.0,2772.0,0.0,0.0,38.96399999999994,0.0,5000.0,0.0,0.0,0.0,5000,0,0,8036352,8036352.0,981,24576,0,0,0,0.0,0.0,122880,73728,14548992,14475264,"{""access_log_jsonb_w_i1a_record_validity"":57344,""access_log_jsonb_w_i1b_entity_type_code"":65536,""access_log_jsonb_w_i1c_status_code"":57344,""access_log_jsonb_w_i1d_latitude_degrees"":163840,""access_log_jsonb_w_i1e_event_timestamp_utc"":237568,""access_log_jsonb_w_i2_gin_jsonb_ops"":7618560,""access_log_jsonb_w_i3_gin_jsonb_path_ops"":6348800,""access_log_jsonb_w_pkey"":131072}",0,2880,0,0,0,7219683,,,,0,4,ModifyTable on access_log_jsonb_w [Index Scan using canonical_doc_pkey]
1,W1/jsonb/X-3/m05,W1/jsonb/X-3,W1,W1,jsonb,jsonb,X-3,separate: GIN (jsonb only),measured,5,1,True,False,,True,709.804,,0.045,0.079,710.079,4.462,714.6199999999999,726.887,69157,20348036,470,,20549000,200964,69158.0,470.0,20348070.0,1095.0,1101.0,0.0,154.64400000000023,0.0,132811,0,1847,1841,0,0,132927.0,0.0,0.0,1841.0,0.0,0.0,25.02500000000009,0.0,5000.0,0.0,0.0,0.0,5000,0,0,8036352,8036352.0,981,24576,0,0,0,0.0,0.0,122880,57344,6930432,6873088,"{""access_log_jsonb_w_i1a_record_validity"":57344,""access_log_jsonb_w_i1b_entity_type_code"":65536,""access_log_jsonb_w_i1c_status_code"":57344,""access_log_jsonb_w_i1d_latitude_degrees"":163840,""access_log_jsonb_w_i1e_event_timestamp_utc"":237568,""access_log_jsonb_w_i3_gin_jsonb_path_ops"":6348800,""access_log_jsonb_w_pkey"":131072}",0,2880,0,0,0,7219683,,,,0,4,ModifyTable on access_log_jsonb_w [Index Scan using canonical_doc_pkey]
1,W1/jsonb/X-2/m05,W1/jsonb/X-2,W1,W1,jsonb,jsonb,X-2,separate: GIN (jsonb only),measured,5,1,True,False,,True,1206.614,,0.062,0.125,1206.942,4.124,1211.191,1223.908,87077,27427915,743,,27719608,291693,87078.0,743.0,27427949.0,2143.0,2150.0,0.0,293.4850000000006,0.0,191879,0,2002,1996,0,0,191995.0,0.0,0.0,1996.0,0.0,0.0,30.228000000000065,0.0,5000.0,0.0,0.0,0.0,5000,0,0,8036352,8036352.0,981,24576,0,0,0,0.0,0.0,122880,57344,8200192,8142848,"{""access_log_jsonb_w_i1a_record_validity"":57344,""access_log_jsonb_w_i1b_entity_type_code"":65536,""access_log_jsonb_w_i1c_status_code"":57344,""access_log_jsonb_w_i1d_latitude_degrees"":163840,""access_log_jsonb_w_i1e_event_timestamp_utc"":237568,""access_log_jsonb_w_i2_gin_jsonb_ops"":7618560,""access_log_jsonb_w_pkey"":131072}",0,2880,0,0,0,7219683,,,,0,4,ModifyTable on access_log_jsonb_w [Index Scan using canonical_doc_pkey]
1,W1/json/X-1/m05,W1/json/X-1,W1,W1,json,json,X-1,head-to-head,measured,5,1,True,False,,True,690.936,,0.046,0.098,691.214,4.566,695.878,707.816,35281,10955870,0,,11006000,50130,35282.0,0.0,10955904.0,277.0,282.0,0.0,40.25299999999697,0.0,63894,0,1338,1334,0,0,63997.0,0.0,0.0,1334.0,0.0,0.0,17.46900000000005,0.0,5000.0,0.0,0.0,0.0,5000,0,0,10240000,10240000.0,1250,24576,0,0,0,0.0,0.0,122880,40960,581632,540672,"{""access_log_json_w_i1a_record_validity"":57344,""access_log_json_w_i1b_entity_type_code"":65536,""access_log_json_w_i1c_status_code"":57344,""access_log_json_w_i1d_latitude_degrees"":163840,""access_log_json_w_i1e_event_timestamp_utc"":237568,""access_log_json_w_pkey"":131072}",0,1,0,0,0,8434066,0,0,0,0,4,ModifyTable on access_log_json_w [Index Scan using canonical_doc_pkey]
1,W1/jsonb/X-1/m05,W1/jsonb/X-1,W1,W1,jsonb,jsonb,X-1,head-to-head,measured,5,1,True,False,,True,363.75,,0.046,0.097,364.207,4.869,369.173,382.164,35284,9741849,0,,9788288,46439,35285.0,0.0,9741883.0,330.0,333.0,0.0,47.13600000000224,0.0,63918,0,1069,1065,0,0,64027.0,0.0,0.0,1065.0,0.0,0.0,15.797000000000025,0.0,5000.0,0.0,0.0,0.0,5000,0,0,8036352,8036352.0,981,24576,0,0,0,0.0,0.0,122880,40960,581632,540672,"{""access_log_jsonb_w_i1a_record_validity"":57344,""access_log_jsonb_w_i1b_entity_type_code"":65536,""access_log_jsonb_w_i1c_status_code"":57344,""access_log_jsonb_w_i1d_latitude_degrees"":163840,""access_log_jsonb_w_i1e_event_timestamp_utc"":237568,""access_log_jsonb_w_pkey"":131072}",0,2880,0,0,0,7219683,,,,0,4,ModifyTable on access_log_jsonb_w [Index Scan using canonical_doc_pkey]
1,W1/json/X-0/m05,W1/json/X-0,W1,W1,json,json,X-0,head-to-head,measured,5,1,True,False,,True,85.726,,0.045,0.094,86.018,4.114,90.226,100.826,10014,9059086,0,,9103072,43986,10015.0,0.0,9059120.0,111.0,114.0,0.0,18.57300000000032,0.0,18373,0,1267,1268,0,0,18437.0,0.0,0.0,1268.0,0.0,0.0,11.545999999999822,0.0,5000.0,0.0,0.0,0.0,5000,0,0,10240000,10240000.0,1250,24576,0,0,0,0.0,0.0,122880,0,0,0,"{""access_log_json_w_pkey"":131072}",0,1,0,0,0,8434066,0,0,0,0,4,ModifyTable on access_log_json_w [Index Scan using canonical_doc_pkey]
1,W1/jsonb/X-0/m05,W1/jsonb/X-0,W1,W1,jsonb,jsonb,X-0,head-to-head,measured,5,1,True,False,,True,277.302,,0.047,0.099,277.603,5.271,282.973,293.456,10014,7844703,0,,7884312,39609,10015.0,0.0,7844737.0,171.0,174.0,0.0,37.18999999999869,0.0,18397,0,998,999,0,0,18471.0,0.0,0.0,999.0,0.0,0.0,12.996000000000095,0.0,5000.0,0.0,0.0,0.0,5000,0,0,8036352,8036352.0,981,24576,0,0,0,0.0,0.0,122880,0,0,0,"{""access_log_jsonb_w_pkey"":131072}",0,2880,0,0,0,7219683,,,,0,4,ModifyTable on access_log_jsonb_w [Index Scan using canonical_doc_pkey]
1,W1/json/X-0/m06,W1/json/X-0,W1,W1,json,json,X-0,head-to-head,measured,6,1,True,False,,True,155.618,,0.05,0.1,155.904,4.137,160.141,173.449,10014,9059086,0,,9103048,43962,10015.0,0.0,9059120.0,600.0,602.0,0.0,78.45499999999811,0.0,18373,0,1267,1268,0,0,18437.0,0.0,0.0,1268.0,0.0,0.0,17.097999999999956,0.0,5000.0,0.0,0.0,0.0,5000,0,0,10240000,10240000.0,1250,24576,0,0,0,0.0,0.0,122880,0,0,0,"{""access_log_json_w_pkey"":131072}",0,1,0,0,0,8434066,0,0,0,0,4,ModifyTable on access_log_json_w [Index Scan using canonical_doc_pkey]
1,W1/jsonb/X-0/m06,W1/jsonb/X-0,W1,W1,jsonb,jsonb,X-0,head-to-head,measured,6,1,True,False,,True,291.663,,0.042,0.099,291.954,0.548,292.601,302.754,10014,7844703,0,,7884288,39585,10015.0,0.0,7844737.0,141.0,144.0,0.0,19.50499999999738,0.0,18397,0,998,999,0,0,18462.0,0.0,0.0,999.0,0.0,0.0,15.192000000000007,0.0,5000.0,0.0,0.0,0.0,5000,0,0,8036352,8036352.0,981,24576,0,0,0,0.0,0.0,122880,0,0,0,"{""access_log_jsonb_w_pkey"":131072}",0,2880,0,0,0,7219683,,,,0,4,ModifyTable on access_log_jsonb_w [Index Scan using canonical_doc_pkey]
1,W1/json/X-1/m06,W1/json/X-1,W1,W1,json,json,X-1,head-to-head,measured,6,1,True,False,,True,599.736,,0.05,0.093,600.034,2.974,603.101,617.848,35281,10955870,0,,11005984,50114,35282.0,0.0,10955904.0,6.0,10.0,0.0,14.146999999997206,0.0,63894,0,1338,1334,0,0,63995.0,0.0,0.0,1334.0,0.0,0.0,16.157000000000153,0.0,5000.0,0.0,0.0,0.0,5000,0,0,10240000,10240000.0,1250,24576,0,0,0,0.0,0.0,122880,40960,581632,540672,"{""access_log_json_w_i1a_record_validity"":57344,""access_log_json_w_i1b_entity_type_code"":65536,""access_log_json_w_i1c_status_code"":57344,""access_log_json_w_i1d_latitude_degrees"":163840,""access_log_json_w_i1e_event_timestamp_utc"":237568,""access_log_json_w_pkey"":131072}",0,1,0,0,0,8434066,0,0,0,0,4,ModifyTable on access_log_json_w [Index Scan using canonical_doc_pkey]
1,W1/jsonb/X-1/m06,W1/jsonb/X-1,W1,W1,jsonb,jsonb,X-1,head-to-head,measured,6,1,True,False,,True,352.177,,0.049,0.086,352.445,4.295,356.826,369.992,35284,9741849,0,,9788288,46439,35285.0,0.0,9741883.0,189.0,192.0,0.0,52.43699999999808,0.0,63918,0,1069,1065,0,0,64027.0,0.0,0.0,1065.0,0.0,0.0,14.196999999999662,0.0,5000.0,0.0,0.0,0.0,5000,0,0,8036352,8036352.0,981,24576,0,0,0,0.0,0.0,122880,40960,581632,540672,"{""access_log_jsonb_w_i1a_record_validity"":57344,""access_log_jsonb_w_i1b_entity_type_code"":65536,""access_log_jsonb_w_i1c_status_code"":57344,""access_log_jsonb_w_i1d_latitude_degrees"":163840,""access_log_jsonb_w_i1e_event_timestamp_utc"":237568,""access_log_jsonb_w_pkey"":131072}",0,2880,0,0,0,7219683,,,,0,4,ModifyTable on access_log_jsonb_w [Index Scan using canonical_doc_pkey]
1,W1/jsonb/X-2/m06,W1/jsonb/X-2,W1,W1,jsonb,jsonb,X-2,separate: GIN (jsonb only),measured,6,1,True,False,,True,1383.225,,0.062,0.12,1383.646,15.436,1399.2019999999998,1422.726,87077,27427915,743,,27719680,291765,87079.0,743.0,27428003.0,463.0,471.0,0.0,129.83100000000195,0.0,191879,0,2002,1996,0,0,191995.0,0.0,0.0,1996.0,0.0,0.0,48.62300000000005,0.0,5000.0,0.0,0.0,0.0,5000,0,0,8036352,8036352.0,981,24576,0,0,0,0.0,0.0,122880,57344,8200192,8142848,"{""access_log_jsonb_w_i1a_record_validity"":57344,""access_log_jsonb_w_i1b_entity_type_code"":65536,""access_log_jsonb_w_i1c_status_code"":57344,""access_log_jsonb_w_i1d_latitude_degrees"":163840,""access_log_jsonb_w_i1e_event_timestamp_utc"":237568,""access_log_jsonb_w_i2_gin_jsonb_ops"":7618560,""access_log_jsonb_w_pkey"":131072}",0,2880,0,0,0,7219683,,,,0,4,ModifyTable on access_log_jsonb_w [Index Scan using canonical_doc_pkey]
1,W1/jsonb/X-3/m06,W1/jsonb/X-3,W1,W1,jsonb,jsonb,X-3,separate: GIN (jsonb only),measured,6,1,True,False,,True,1032.656,,0.064,0.13,1033.04,3.022,1036.192,1056.991,69157,20348036,470,,20549000,200964,69158.0,470.0,20348070.0,984.0,990.0,0.0,195.9190000000017,0.0,132811,0,1847,1841,0,0,132925.0,0.0,0.0,1841.0,0.0,0.0,56.0329999999999,0.0,5000.0,0.0,0.0,0.0,5000,0,0,8036352,8036352.0,981,24576,0,0,0,0.0,0.0,122880,57344,6930432,6873088,"{""access_log_jsonb_w_i1a_record_validity"":57344,""access_log_jsonb_w_i1b_entity_type_code"":65536,""access_log_jsonb_w_i1c_status_code"":57344,""access_log_jsonb_w_i1d_latitude_degrees"":163840,""access_log_jsonb_w_i1e_event_timestamp_utc"":237568,""access_log_jsonb_w_i3_gin_jsonb_path_ops"":6348800,""access_log_jsonb_w_pkey"":131072}",0,2880,0,0,0,7219683,,,,0,4,ModifyTable on access_log_jsonb_w [Index Scan using canonical_doc_pkey]
1,W1/jsonb/X-4/m06,W1/jsonb/X-4,W1,W1,jsonb,jsonb,X-4,separate: GIN (jsonb only),measured,6,1,True,False,,True,1827.566,,0.13,0.2,1828.265,4.352,1832.8170000000002,1866.012,120950,38034102,1213,,38480336,446234,120951.0,1213.0,38034136.0,971.0,981.0,0.0,264.8349999999991,0.0,260772,0,2780,2772,0,0,260895.0,0.0,0.0,2772.0,0.0,0.0,85.2159999999999,0.0,5000.0,0.0,0.0,0.0,5000,0,0,8036352,8036352.0,981,24576,0,0,0,0.0,0.0,122880,73728,14548992,14475264,"{""access_log_jsonb_w_i1a_record_validity"":57344,""access_log_jsonb_w_i1b_entity_type_code"":65536,""access_log_jsonb_w_i1c_status_code"":57344,""access_log_jsonb_w_i1d_latitude_degrees"":163840,""access_log_jsonb_w_i1e_event_timestamp_utc"":237568,""access_log_jsonb_w_i2_gin_jsonb_ops"":7618560,""access_log_jsonb_w_i3_gin_jsonb_path_ops"":6348800,""access_log_jsonb_w_pkey"":131072}",0,2880,0,0,0,7219683,,,,0,4,ModifyTable on access_log_jsonb_w [Index Scan using canonical_doc_pkey]
1,W1/jsonb/X-4/m07,W1/jsonb/X-4,W1,W1,jsonb,jsonb,X-4,separate: GIN (jsonb only),measured,7,1,True,False,,True,1926.186,,0.057,0.121,1926.573,29.816,1956.5100000000002,1980.642,120950,38034102,1213,,38480352,446250,120951.0,1213.0,38034136.0,1260.0,1271.0,0.0,328.97499999999854,0.0,260772,0,2780,2772,0,0,260893.0,0.0,0.0,2772.0,0.0,0.0,81.84299999999985,0.0,5000.0,0.0,0.0,0.0,5000,0,0,8036352,8036352.0,981,24576,0,0,0,0.0,0.0,122880,73728,14548992,14475264,"{""access_log_jsonb_w_i1a_record_validity"":57344,""access_log_jsonb_w_i1b_entity_type_code"":65536,""access_log_jsonb_w_i1c_status_code"":57344,""access_log_jsonb_w_i1d_latitude_degrees"":163840,""access_log_jsonb_w_i1e_event_timestamp_utc"":237568,""access_log_jsonb_w_i2_gin_jsonb_ops"":7618560,""access_log_jsonb_w_i3_gin_jsonb_path_ops"":6348800,""access_log_jsonb_w_pkey"":131072}",0,2880,0,0,0,7219683,,,,0,4,ModifyTable on access_log_jsonb_w [Index Scan using canonical_doc_pkey]
1,W1/jsonb/X-3/m07,W1/jsonb/X-3,W1,W1,jsonb,jsonb,X-3,separate: GIN (jsonb only),measured,7,1,True,False,,True,913.966,,0.056,0.133,914.312,22.175,936.62,956.75,69157,20348036,470,,20549024,200988,69158.0,470.0,20348070.0,533.0,538.0,0.0,136.82199999999648,0.0,132811,0,1847,1841,0,0,132929.0,0.0,0.0,1841.0,0.0,0.0,60.26499999999987,0.0,5000.0,0.0,0.0,0.0,5000,0,0,8036352,8036352.0,981,24576,0,0,0,0.0,0.0,122880,57344,6930432,6873088,"{""access_log_jsonb_w_i1a_record_validity"":57344,""access_log_jsonb_w_i1b_entity_type_code"":65536,""access_log_jsonb_w_i1c_status_code"":57344,""access_log_jsonb_w_i1d_latitude_degrees"":163840,""access_log_jsonb_w_i1e_event_timestamp_utc"":237568,""access_log_jsonb_w_i3_gin_jsonb_path_ops"":6348800,""access_log_jsonb_w_pkey"":131072}",0,2880,0,0,0,7219683,,,,0,4,ModifyTable on access_log_jsonb_w [Index Scan using canonical_doc_pkey]
1,W1/jsonb/X-2/m07,W1/jsonb/X-2,W1,W1,jsonb,jsonb,X-2,separate: GIN (jsonb only),measured,7,1,True,False,,True,1379.431,,0.065,0.096,1379.854,3.111,1383.0610000000001,1407.349,87077,27427915,743,,27719608,291693,87078.0,743.0,27427949.0,651.0,660.0,0.0,162.63999999999942,0.0,191879,0,2002,1996,0,0,191995.0,0.0,0.0,1996.0,0.0,0.0,54.72699999999986,0.0,5000.0,0.0,0.0,0.0,5000,0,0,8036352,8036352.0,981,24576,0,0,0,0.0,0.0,122880,57344,8200192,8142848,"{""access_log_jsonb_w_i1a_record_validity"":57344,""access_log_jsonb_w_i1b_entity_type_code"":65536,""access_log_jsonb_w_i1c_status_code"":57344,""access_log_jsonb_w_i1d_latitude_degrees"":163840,""access_log_jsonb_w_i1e_event_timestamp_utc"":237568,""access_log_jsonb_w_i2_gin_jsonb_ops"":7618560,""access_log_jsonb_w_pkey"":131072}",0,2880,0,0,0,7219683,,,,0,4,ModifyTable on access_log_jsonb_w [Index Scan using canonical_doc_pkey]
1,W1/jsonb/X-1/m07,W1/jsonb/X-1,W1,W1,jsonb,jsonb,X-1,head-to-head,measured,7,1,True,False,,True,440.733,,0.078,0.128,441.495,25.032,466.655,489.957,35284,9741849,0,,9788288,46439,35285.0,0.0,9741883.0,71.0,74.0,0.0,39.85900000000038,0.0,63918,0,1069,1065,0,0,64025.0,0.0,0.0,1065.0,0.0,0.0,30.58199999999988,0.0,5000.0,0.0,0.0,0.0,5000,0,0,8036352,8036352.0,981,24576,0,0,0,0.0,0.0,122880,40960,581632,540672,"{""access_log_jsonb_w_i1a_record_validity"":57344,""access_log_jsonb_w_i1b_entity_type_code"":65536,""access_log_jsonb_w_i1c_status_code"":57344,""access_log_jsonb_w_i1d_latitude_degrees"":163840,""access_log_jsonb_w_i1e_event_timestamp_utc"":237568,""access_log_jsonb_w_pkey"":131072}",0,2880,0,0,0,7219683,,,,0,4,ModifyTable on access_log_jsonb_w [Index Scan using canonical_doc_pkey]
1,W1/json/X-1/m07,W1/json/X-1,W1,W1,json,json,X-1,head-to-head,measured,7,1,True,False,,True,861.353,,0.064,0.097,861.714,10.002,871.813,895.683,35281,10955870,0,,11006000,50130,35282.0,0.0,10955904.0,31.0,36.0,0.0,14.221000000001368,0.0,63894,0,1338,1334,0,0,63997.0,0.0,0.0,1334.0,0.0,0.0,37.615999999999985,0.0,5000.0,0.0,0.0,0.0,5000,0,0,10240000,10240000.0,1250,24576,0,0,0,0.0,0.0,122880,40960,581632,540672,"{""access_log_json_w_i1a_record_validity"":57344,""access_log_json_w_i1b_entity_type_code"":65536,""access_log_json_w_i1c_status_code"":57344,""access_log_json_w_i1d_latitude_degrees"":163840,""access_log_json_w_i1e_event_timestamp_utc"":237568,""access_log_json_w_pkey"":131072}",0,1,0,0,0,8434066,0,0,0,0,4,ModifyTable on access_log_json_w [Index Scan using canonical_doc_pkey]
1,W1/jsonb/X-0/m07,W1/jsonb/X-0,W1,W1,jsonb,jsonb,X-0,head-to-head,measured,7,1,True,False,,True,396.557,,0.062,0.157,397.127,4.558,401.842,419.686,10014,7844703,0,,7884352,39649,10016.0,0.0,7844791.0,366.0,370.0,0.0,81.69700000000012,0.0,18397,0,998,999,0,0,18462.0,0.0,0.0,999.0,0.0,0.0,21.70400000000018,0.0,5000.0,0.0,0.0,0.0,5000,0,0,8036352,8036352.0,981,24576,0,0,0,0.0,0.0,122880,0,0,0,"{""access_log_jsonb_w_pkey"":131072}",0,2880,0,0,0,7219683,,,,0,4,ModifyTable on access_log_jsonb_w [Index Scan using canonical_doc_pkey]
1,W1/json/X-0/m07,W1/json/X-0,W1,W1,json,json,X-0,head-to-head,measured,7,1,True,False,,True,187.998,,0.073,0.116,188.49,5.141,193.747,210.71,10014,9059086,0,,9103088,44002,10015.0,0.0,9059120.0,323.0,325.0,0.0,50.888999999999214,0.0,18373,0,1267,1268,0,0,18444.0,0.0,0.0,1268.0,0.0,0.0,29.44900000000007,0.0,5000.0,0.0,0.0,0.0,5000,0,0,10240000,10240000.0,1250,24576,0,0,0,0.0,0.0,122880,0,0,0,"{""access_log_json_w_pkey"":131072}",0,1,0,0,0,8434066,0,0,0,0,4,ModifyTable on access_log_json_w [Index Scan using canonical_doc_pkey]
1,W1/jsonb/X-0/m08,W1/jsonb/X-0,W1,W1,jsonb,jsonb,X-0,head-to-head,measured,8,1,True,False,,True,361.076,,0.066,0.126,361.696,3.2,365.022,380.742,10014,7844703,0,,7884296,39593,10015.0,0.0,7844737.0,207.0,210.0,0.0,48.55000000000291,0.0,18397,0,998,999,0,0,18462.0,0.0,0.0,999.0,0.0,0.0,22.39300000000003,0.0,5000.0,0.0,0.0,0.0,5000,0,0,8036352,8036352.0,981,24576,0,0,0,0.0,0.0,122880,0,0,0,"{""access_log_jsonb_w_pkey"":131072}",0,2880,0,0,0,7219683,,,,0,4,ModifyTable on access_log_jsonb_w [Index Scan using canonical_doc_pkey]
1,W1/json/X-0/m08,W1/json/X-0,W1,W1,json,json,X-0,head-to-head,measured,8,1,True,False,,True,170.198,,0.053,0.108,170.521,4.981,175.60999999999999,191.813,10014,9059086,0,,9103088,44002,10015.0,0.0,9059120.0,372.0,374.0,0.0,61.11800000000221,0.0,18373,0,1267,1268,0,0,18437.0,0.0,0.0,1268.0,0.0,0.0,24.528999999999996,0.0,5000.0,0.0,0.0,0.0,5000,0,0,10240000,10240000.0,1250,24576,0,0,0,0.0,0.0,122880,0,0,0,"{""access_log_json_w_pkey"":131072}",0,1,0,0,0,8434066,0,0,0,0,4,ModifyTable on access_log_json_w [Index Scan using canonical_doc_pkey]
1,W1/jsonb/X-1/m08,W1/jsonb/X-1,W1,W1,jsonb,jsonb,X-1,head-to-head,measured,8,1,True,False,,True,420.726,,0.062,0.123,421.066,4.196,425.385,438.471,35284,9741849,0,,9788272,46423,35285.0,0.0,9741883.0,608.0,612.0,0.0,94.63300000000163,0.0,63918,0,1069,1065,0,0,64027.0,0.0,0.0,1065.0,0.0,0.0,16.4699999999998,0.0,5000.0,0.0,0.0,0.0,5000,0,0,8036352,8036352.0,981,24576,0,0,0,0.0,0.0,122880,40960,581632,540672,"{""access_log_jsonb_w_i1a_record_validity"":57344,""access_log_jsonb_w_i1b_entity_type_code"":65536,""access_log_jsonb_w_i1c_status_code"":57344,""access_log_jsonb_w_i1d_latitude_degrees"":163840,""access_log_jsonb_w_i1e_event_timestamp_utc"":237568,""access_log_jsonb_w_pkey"":131072}",0,2880,0,0,0,7219683,,,,0,4,ModifyTable on access_log_jsonb_w [Index Scan using canonical_doc_pkey]
1,W1/json/X-1/m08,W1/json/X-1,W1,W1,json,json,X-1,head-to-head,measured,8,1,True,False,,True,656.39,,0.05,0.085,656.684,4.723,661.492,675.534,35281,10955870,0,,11006000,50130,35282.0,0.0,10955904.0,0.0,5.0,0.0,3.5380000000004657,0.0,63894,0,1338,1334,0,0,63997.0,0.0,0.0,1334.0,0.0,0.0,18.342999999999847,0.0,5000.0,0.0,0.0,0.0,5000,0,0,10240000,10240000.0,1250,24576,0,0,0,0.0,0.0,122880,40960,581632,540672,"{""access_log_json_w_i1a_record_validity"":57344,""access_log_json_w_i1b_entity_type_code"":65536,""access_log_json_w_i1c_status_code"":57344,""access_log_json_w_i1d_latitude_degrees"":163840,""access_log_json_w_i1e_event_timestamp_utc"":237568,""access_log_json_w_pkey"":131072}",0,1,0,0,0,8434066,0,0,0,0,4,ModifyTable on access_log_json_w [Index Scan using canonical_doc_pkey]
1,W1/jsonb/X-2/m08,W1/jsonb/X-2,W1,W1,jsonb,jsonb,X-2,separate: GIN (jsonb only),measured,8,1,True,False,,True,1349.586,,0.074,0.119,1350.975,4.599,1355.6929999999998,1385.962,87077,27427915,743,,27960488,532573,87271.0,801.0,27667153.0,747.0,758.0,0.0,149.64900000000125,0.0,191879,0,2002,1996,0,0,191993.0,0.0,0.0,1996.0,0.0,0.0,48.44200000000001,0.0,5000.0,0.0,0.0,0.0,5000,0,0,8036352,8036352.0,981,24576,0,0,0,0.0,0.0,122880,57344,8200192,8142848,"{""access_log_jsonb_w_i1a_record_validity"":57344,""access_log_jsonb_w_i1b_entity_type_code"":65536,""access_log_jsonb_w_i1c_status_code"":57344,""access_log_jsonb_w_i1d_latitude_degrees"":163840,""access_log_jsonb_w_i1e_event_timestamp_utc"":237568,""access_log_jsonb_w_i2_gin_jsonb_ops"":7618560,""access_log_jsonb_w_pkey"":131072}",0,2880,0,0,0,7219683,,,,0,4,ModifyTable on access_log_jsonb_w [Index Scan using canonical_doc_pkey]
1,W1/jsonb/X-3/m08,W1/jsonb/X-3,W1,W1,jsonb,jsonb,X-3,separate: GIN (jsonb only),measured,8,1,True,False,,True,851.409,,0.073,0.088,851.875,5.697,857.66,872.755,69157,20348036,470,,20549024,200988,69158.0,470.0,20348070.0,1058.0,1064.0,0.0,173.89999999999782,0.0,132811,0,1847,1841,0,0,132923.0,0.0,0.0,1841.0,0.0,0.0,37.88700000000017,0.0,5000.0,0.0,0.0,0.0,5000,0,0,8036352,8036352.0,981,24576,0,0,0,0.0,0.0,122880,57344,6930432,6873088,"{""access_log_jsonb_w_i1a_record_validity"":57344,""access_log_jsonb_w_i1b_entity_type_code"":65536,""access_log_jsonb_w_i1c_status_code"":57344,""access_log_jsonb_w_i1d_latitude_degrees"":163840,""access_log_jsonb_w_i1e_event_timestamp_utc"":237568,""access_log_jsonb_w_i3_gin_jsonb_path_ops"":6348800,""access_log_jsonb_w_pkey"":131072}",0,2880,0,0,0,7219683,,,,0,4,ModifyTable on access_log_jsonb_w [Index Scan using canonical_doc_pkey]
1,W1/jsonb/X-4/m08,W1/jsonb/X-4,W1,W1,jsonb,jsonb,X-4,separate: GIN (jsonb only),measured,8,1,True,False,,True,1889.401,,0.052,0.102,1889.91,13.996,1904.0080000000003,1922.651,120950,38034102,1213,,38480360,446258,120951.0,1213.0,38034136.0,1777.0,1788.0,0.0,361.5379999999968,0.0,260772,0,2780,2772,0,0,260888.0,0.0,0.0,2772.0,0.0,0.0,59.52800000000025,0.0,5000.0,0.0,0.0,0.0,5000,0,0,8036352,8036352.0,981,24576,0,0,0,0.0,0.0,122880,73728,14548992,14475264,"{""access_log_jsonb_w_i1a_record_validity"":57344,""access_log_jsonb_w_i1b_entity_type_code"":65536,""access_log_jsonb_w_i1c_status_code"":57344,""access_log_jsonb_w_i1d_latitude_degrees"":163840,""access_log_jsonb_w_i1e_event_timestamp_utc"":237568,""access_log_jsonb_w_i2_gin_jsonb_ops"":7618560,""access_log_jsonb_w_i3_gin_jsonb_path_ops"":6348800,""access_log_jsonb_w_pkey"":131072}",0,2880,0,0,0,7219683,,,,0,4,ModifyTable on access_log_jsonb_w [Index Scan using canonical_doc_pkey]
1,W1/jsonb/X-4/m09,W1/jsonb/X-4,W1,W1,jsonb,jsonb,X-4,separate: GIN (jsonb only),measured,9,1,True,False,,True,2009.881,,0.138,0.253,2010.423,13.865,2024.541,2049.682,120950,38034102,1213,,38480336,446234,120951.0,1213.0,38034136.0,1305.0,1316.0,0.0,316.85299999999916,0.0,260772,0,2780,2772,0,0,260886.0,0.0,0.0,2772.0,0.0,0.0,81.91600000000017,0.0,5000.0,0.0,0.0,0.0,5000,0,0,8036352,8036352.0,981,24576,0,0,0,0.0,0.0,122880,73728,14548992,14475264,"{""access_log_jsonb_w_i1a_record_validity"":57344,""access_log_jsonb_w_i1b_entity_type_code"":65536,""access_log_jsonb_w_i1c_status_code"":57344,""access_log_jsonb_w_i1d_latitude_degrees"":163840,""access_log_jsonb_w_i1e_event_timestamp_utc"":237568,""access_log_jsonb_w_i2_gin_jsonb_ops"":7618560,""access_log_jsonb_w_i3_gin_jsonb_path_ops"":6348800,""access_log_jsonb_w_pkey"":131072}",0,2880,0,0,0,7219683,,,,0,4,ModifyTable on access_log_jsonb_w [Index Scan using canonical_doc_pkey]
1,W1/jsonb/X-3/m09,W1/jsonb/X-3,W1,W1,jsonb,jsonb,X-3,separate: GIN (jsonb only),measured,9,1,True,False,,True,843.435,,0.087,0.109,843.826,4.633,848.5680000000001,866.225,69157,20348036,470,,20549072,201036,69159.0,470.0,20348124.0,743.0,749.0,0.0,147.81700000000274,0.0,132811,0,1847,1841,0,0,132921.0,0.0,0.0,1841.0,0.0,0.0,37.34599999999955,0.0,5000.0,0.0,0.0,0.0,5000,0,0,8036352,8036352.0,981,24576,0,0,0,0.0,0.0,122880,57344,6930432,6873088,"{""access_log_jsonb_w_i1a_record_validity"":57344,""access_log_jsonb_w_i1b_entity_type_code"":65536,""access_log_jsonb_w_i1c_status_code"":57344,""access_log_jsonb_w_i1d_latitude_degrees"":163840,""access_log_jsonb_w_i1e_event_timestamp_utc"":237568,""access_log_jsonb_w_i3_gin_jsonb_path_ops"":6348800,""access_log_jsonb_w_pkey"":131072}",0,2880,0,0,0,7219683,,,,0,4,ModifyTable on access_log_jsonb_w [Index Scan using canonical_doc_pkey]
1,W1/jsonb/X-2/m09,W1/jsonb/X-2,W1,W1,jsonb,jsonb,X-2,separate: GIN (jsonb only),measured,9,1,True,False,,True,1457.142,,0.061,0.112,1457.544,1.896,1459.5520000000001,1481.318,87077,27427915,743,,27719584,291669,87078.0,743.0,27427949.0,1372.0,1381.0,0.0,259.4429999999993,0.0,191879,0,2002,1996,0,0,191989.0,0.0,0.0,1996.0,0.0,0.0,45.96299999999974,0.0,5000.0,0.0,0.0,0.0,5000,0,0,8036352,8036352.0,981,24576,0,0,0,0.0,0.0,122880,57344,8200192,8142848,"{""access_log_jsonb_w_i1a_record_validity"":57344,""access_log_jsonb_w_i1b_entity_type_code"":65536,""access_log_jsonb_w_i1c_status_code"":57344,""access_log_jsonb_w_i1d_latitude_degrees"":163840,""access_log_jsonb_w_i1e_event_timestamp_utc"":237568,""access_log_jsonb_w_i2_gin_jsonb_ops"":7618560,""access_log_jsonb_w_pkey"":131072}",0,2880,0,0,0,7219683,,,,0,4,ModifyTable on access_log_jsonb_w [Index Scan using canonical_doc_pkey]
1,W1/json/X-1/m09,W1/json/X-1,W1,W1,json,json,X-1,head-to-head,measured,9,1,True,False,,True,987.431,,0.051,0.099,987.786,13.313,1001.198,1014.551,35281,10955870,0,,11006024,50154,35282.0,0.0,10955904.0,0.0,7.0,0.0,1.849000000001979,0.0,63894,0,1338,1334,0,0,63999.0,0.0,0.0,1334.0,0.0,0.0,39.96599999999944,0.0,5000.0,0.0,0.0,0.0,5000,0,0,10240000,10240000.0,1250,24576,0,0,0,0.0,0.0,122880,40960,581632,540672,"{""access_log_json_w_i1a_record_validity"":57344,""access_log_json_w_i1b_entity_type_code"":65536,""access_log_json_w_i1c_status_code"":57344,""access_log_json_w_i1d_latitude_degrees"":163840,""access_log_json_w_i1e_event_timestamp_utc"":237568,""access_log_json_w_pkey"":131072}",0,1,0,0,0,8434066,0,0,0,0,4,ModifyTable on access_log_json_w [Index Scan using canonical_doc_pkey]
1,W1/jsonb/X-1/m09,W1/jsonb/X-1,W1,W1,jsonb,jsonb,X-1,head-to-head,measured,9,1,True,False,,True,480.056,,0.097,0.257,480.629,9.81,490.696,507.957,35284,9741849,0,,9788288,46439,35285.0,0.0,9741883.0,281.0,285.0,0.0,69.21199999999953,0.0,63918,0,1069,1065,0,0,64022.0,0.0,0.0,1065.0,0.0,0.0,23.84100000000035,0.0,5000.0,0.0,0.0,0.0,5000,0,0,8036352,8036352.0,981,24576,0,0,0,0.0,0.0,122880,40960,581632,540672,"{""access_log_jsonb_w_i1a_record_validity"":57344,""access_log_jsonb_w_i1b_entity_type_code"":65536,""access_log_jsonb_w_i1c_status_code"":57344,""access_log_jsonb_w_i1d_latitude_degrees"":163840,""access_log_jsonb_w_i1e_event_timestamp_utc"":237568,""access_log_jsonb_w_pkey"":131072}",0,2880,0,0,0,7219683,,,,0,4,ModifyTable on access_log_jsonb_w [Index Scan using canonical_doc_pkey]
1,W1/json/X-0/m09,W1/json/X-0,W1,W1,json,json,X-0,head-to-head,measured,9,1,True,False,,True,202.291,,0.069,0.234,202.656,2.665,205.555,222.519,10014,9059086,0,,9103048,43962,10015.0,0.0,9059120.0,480.0,482.0,0.0,80.98699999999735,0.0,18373,0,1267,1268,0,0,18437.0,0.0,0.0,1268.0,0.0,0.0,25.875,0.0,5000.0,0.0,0.0,0.0,5000,0,0,10240000,10240000.0,1250,24576,0,0,0,0.0,0.0,122880,0,0,0,"{""access_log_json_w_pkey"":131072}",0,1,0,0,0,8434066,0,0,0,0,4,ModifyTable on access_log_json_w [Index Scan using canonical_doc_pkey]
1,W1/jsonb/X-0/m09,W1/jsonb/X-0,W1,W1,jsonb,jsonb,X-0,head-to-head,measured,9,1,True,False,,True,366.312,,0.105,0.17,366.851,4.388,371.409,388.501,10014,7844703,0,,7884288,39585,10015.0,0.0,7844737.0,234.0,237.0,0.0,61.17900000000009,0.0,18397,0,998,999,0,0,18473.0,0.0,0.0,999.0,0.0,0.0,19.69800000000032,0.0,5000.0,0.0,0.0,0.0,5000,0,0,8036352,8036352.0,981,24576,0,0,0,0.0,0.0,122880,0,0,0,"{""access_log_jsonb_w_pkey"":131072}",0,2880,0,0,0,7219683,,,,0,4,ModifyTable on access_log_jsonb_w [Index Scan using canonical_doc_pkey]
1,W1/json/X-0/m10,W1/json/X-0,W1,W1,json,json,X-0,head-to-head,measured,10,1,True,False,,True,133.187,,0.195,0.114,133.664,4.039,137.81699999999998,149.474,10014,9059086,0,,9103048,43962,10015.0,0.0,9059120.0,600.0,602.0,0.0,56.0679999999993,0.0,18373,0,1267,1268,0,0,18437.0,0.0,0.0,1268.0,0.0,0.0,16.594999999999345,0.0,5000.0,0.0,0.0,0.0,5000,0,0,10240000,10240000.0,1250,24576,0,0,0,0.0,0.0,122880,0,0,0,"{""access_log_json_w_pkey"":131072}",0,1,0,0,0,8434066,0,0,0,0,4,ModifyTable on access_log_json_w [Index Scan using canonical_doc_pkey]
1,W1/jsonb/X-0/m10,W1/jsonb/X-0,W1,W1,jsonb,jsonb,X-0,head-to-head,measured,10,1,True,False,,True,292.636,,0.052,0.099,292.937,7.22,300.25600000000003,310.751,10014,7844703,0,,7884288,39585,10015.0,0.0,7844737.0,278.0,281.0,0.0,35.376000000000204,0.0,18397,0,998,999,0,0,18462.0,0.0,0.0,999.0,0.0,0.0,13.442000000000007,0.0,5000.0,0.0,0.0,0.0,5000,0,0,8036352,8036352.0,981,24576,0,0,0,0.0,0.0,122880,0,0,0,"{""access_log_jsonb_w_pkey"":131072}",0,2880,0,0,0,7219683,,,,0,4,ModifyTable on access_log_jsonb_w [Index Scan using canonical_doc_pkey]
1,W1/json/X-1/m10,W1/json/X-1,W1,W1,json,json,X-1,head-to-head,measured,10,1,True,False,,True,731.528,,0.046,0.084,731.841,1.717,733.6419999999999,748.763,35281,10955870,0,,11006008,50138,35282.0,0.0,10955904.0,311.0,316.0,0.0,47.72400000000198,0.0,63894,0,1338,1334,0,0,63995.0,0.0,0.0,1334.0,0.0,0.0,20.33600000000024,0.0,5000.0,0.0,0.0,0.0,5000,0,0,10240000,10240000.0,1250,24576,0,0,0,0.0,0.0,122880,40960,581632,540672,"{""access_log_json_w_i1a_record_validity"":57344,""access_log_json_w_i1b_entity_type_code"":65536,""access_log_json_w_i1c_status_code"":57344,""access_log_json_w_i1d_latitude_degrees"":163840,""access_log_json_w_i1e_event_timestamp_utc"":237568,""access_log_json_w_pkey"":131072}",0,1,0,0,0,8434066,0,0,0,0,4,ModifyTable on access_log_json_w [Index Scan using canonical_doc_pkey]
1,W1/jsonb/X-1/m10,W1/jsonb/X-1,W1,W1,jsonb,jsonb,X-1,head-to-head,measured,10,1,True,False,,True,330.185,,0.057,0.097,330.51,2.433,333.03999999999996,347.113,35284,9741849,0,,9788264,46415,35285.0,0.0,9741883.0,166.0,169.0,0.0,36.23899999999776,0.0,63918,0,1069,1065,0,0,64022.0,0.0,0.0,1065.0,0.0,0.0,13.193000000000211,0.0,5000.0,0.0,0.0,0.0,5000,0,0,8036352,8036352.0,981,24576,0,0,0,0.0,0.0,122880,40960,581632,540672,"{""access_log_jsonb_w_i1a_record_validity"":57344,""access_log_jsonb_w_i1b_entity_type_code"":65536,""access_log_jsonb_w_i1c_status_code"":57344,""access_log_jsonb_w_i1d_latitude_degrees"":163840,""access_log_jsonb_w_i1e_event_timestamp_utc"":237568,""access_log_jsonb_w_pkey"":131072}",0,2880,0,0,0,7219683,,,,0,4,ModifyTable on access_log_jsonb_w [Index Scan using canonical_doc_pkey]
1,W1/jsonb/X-2/m10,W1/jsonb/X-2,W1,W1,jsonb,jsonb,X-2,separate: GIN (jsonb only),measured,10,1,True,False,,True,1306.192,,0.106,0.083,1306.605,5.946,1312.634,1327.554,87077,27427915,743,,27719600,291685,87078.0,743.0,27427949.0,2327.0,2336.0,0.0,320.354000000003,0.0,191879,0,2002,1996,0,0,191989.0,0.0,0.0,1996.0,0.0,0.0,34.8730000000005,0.0,5000.0,0.0,0.0,0.0,5000,0,0,8036352,8036352.0,981,24576,0,0,0,0.0,0.0,122880,57344,8200192,8142848,"{""access_log_jsonb_w_i1a_record_validity"":57344,""access_log_jsonb_w_i1b_entity_type_code"":65536,""access_log_jsonb_w_i1c_status_code"":57344,""access_log_jsonb_w_i1d_latitude_degrees"":163840,""access_log_jsonb_w_i1e_event_timestamp_utc"":237568,""access_log_jsonb_w_i2_gin_jsonb_ops"":7618560,""access_log_jsonb_w_pkey"":131072}",0,2880,0,0,0,7219683,,,,0,4,ModifyTable on access_log_jsonb_w [Index Scan using canonical_doc_pkey]
1,W1/jsonb/X-3/m10,W1/jsonb/X-3,W1,W1,jsonb,jsonb,X-3,separate: GIN (jsonb only),measured,10,1,True,False,,True,831.632,,0.066,0.146,832.02,4.85,837.016,861.691,69157,20348036,470,,20549000,200964,69158.0,470.0,20348070.0,1297.0,1303.0,0.0,213.14099999999962,0.0,132811,0,1847,1841,0,0,132919.0,0.0,0.0,1841.0,0.0,0.0,33.08300000000054,0.0,5000.0,0.0,0.0,0.0,5000,0,0,8036352,8036352.0,981,24576,0,0,0,0.0,0.0,122880,57344,6930432,6873088,"{""access_log_jsonb_w_i1a_record_validity"":57344,""access_log_jsonb_w_i1b_entity_type_code"":65536,""access_log_jsonb_w_i1c_status_code"":57344,""access_log_jsonb_w_i1d_latitude_degrees"":163840,""access_log_jsonb_w_i1e_event_timestamp_utc"":237568,""access_log_jsonb_w_i3_gin_jsonb_path_ops"":6348800,""access_log_jsonb_w_pkey"":131072}",0,2880,0,0,0,7219683,,,,0,4,ModifyTable on access_log_jsonb_w [Index Scan using canonical_doc_pkey]
1,W1/jsonb/X-4/m10,W1/jsonb/X-4,W1,W1,jsonb,jsonb,X-4,separate: GIN (jsonb only),measured,10,1,True,False,,True,1659.324,,0.067,0.214,1659.762,12.068,1672.0439999999999,1696.656,120950,38034102,1213,,38480416,446314,120952.0,1213.0,38034190.0,1811.0,1822.0,0.0,324.35399999999936,0.0,260772,0,2780,2772,0,0,260888.0,0.0,0.0,2772.0,0.0,0.0,60.26800000000003,0.0,5000.0,0.0,0.0,0.0,5000,0,0,8036352,8036352.0,981,24576,0,0,0,0.0,0.0,122880,73728,14548992,14475264,"{""access_log_jsonb_w_i1a_record_validity"":57344,""access_log_jsonb_w_i1b_entity_type_code"":65536,""access_log_jsonb_w_i1c_status_code"":57344,""access_log_jsonb_w_i1d_latitude_degrees"":163840,""access_log_jsonb_w_i1e_event_timestamp_utc"":237568,""access_log_jsonb_w_i2_gin_jsonb_ops"":7618560,""access_log_jsonb_w_i3_gin_jsonb_path_ops"":6348800,""access_log_jsonb_w_pkey"":131072}",0,2880,0,0,0,7219683,,,,0,4,ModifyTable on access_log_jsonb_w [Index Scan using canonical_doc_pkey]
1,W1/jsonb/X-4/m11,W1/jsonb/X-4,W1,W1,jsonb,jsonb,X-4,separate: GIN (jsonb only),measured,11,1,True,False,,True,1507.762,,0.049,0.082,1508.052,4.006,1512.14,1528.035,120950,38034102,1213,,38480360,446258,120951.0,1213.0,38034136.0,2040.0,2049.0,0.0,277.90399999999863,0.0,260772,0,2780,2772,0,0,260886.0,0.0,0.0,2772.0,0.0,0.0,44.65799999999945,0.0,5000.0,0.0,0.0,0.0,5000,0,0,8036352,8036352.0,981,24576,0,0,0,0.0,0.0,122880,73728,14548992,14475264,"{""access_log_jsonb_w_i1a_record_validity"":57344,""access_log_jsonb_w_i1b_entity_type_code"":65536,""access_log_jsonb_w_i1c_status_code"":57344,""access_log_jsonb_w_i1d_latitude_degrees"":163840,""access_log_jsonb_w_i1e_event_timestamp_utc"":237568,""access_log_jsonb_w_i2_gin_jsonb_ops"":7618560,""access_log_jsonb_w_i3_gin_jsonb_path_ops"":6348800,""access_log_jsonb_w_pkey"":131072}",0,2880,0,0,0,7219683,,,,0,4,ModifyTable on access_log_jsonb_w [Index Scan using canonical_doc_pkey]
1,W1/jsonb/X-3/m11,W1/jsonb/X-3,W1,W1,jsonb,jsonb,X-3,separate: GIN (jsonb only),measured,11,1,True,False,,True,998.929,,0.057,0.113,999.278,10.614,1010.0050000000001,1031.399,69157,20348036,470,,20549040,201004,69158.0,470.0,20348070.0,956.0,962.0,0.0,202.2569999999978,0.0,132811,0,1847,1841,0,0,132921.0,0.0,0.0,1841.0,0.0,0.0,47.444000000000415,0.0,5000.0,0.0,0.0,0.0,5000,0,0,8036352,8036352.0,981,24576,0,0,0,0.0,0.0,122880,57344,6930432,6873088,"{""access_log_jsonb_w_i1a_record_validity"":57344,""access_log_jsonb_w_i1b_entity_type_code"":65536,""access_log_jsonb_w_i1c_status_code"":57344,""access_log_jsonb_w_i1d_latitude_degrees"":163840,""access_log_jsonb_w_i1e_event_timestamp_utc"":237568,""access_log_jsonb_w_i3_gin_jsonb_path_ops"":6348800,""access_log_jsonb_w_pkey"":131072}",0,2880,0,0,0,7219683,,,,0,4,ModifyTable on access_log_jsonb_w [Index Scan using canonical_doc_pkey]
1,W1/jsonb/X-2/m11,W1/jsonb/X-2,W1,W1,jsonb,jsonb,X-2,separate: GIN (jsonb only),measured,11,1,True,False,,True,1356.374,,0.086,0.177,1356.784,4.9,1361.861,1385.454,87077,27427915,743,,27719608,291693,87078.0,743.0,27427949.0,620.0,628.0,0.0,170.86399999999776,0.0,191879,0,2002,1996,0,0,191989.0,0.0,0.0,1996.0,0.0,0.0,46.9409999999998,0.0,5000.0,0.0,0.0,0.0,5000,0,0,8036352,8036352.0,981,24576,0,0,0,0.0,0.0,122880,57344,8200192,8142848,"{""access_log_jsonb_w_i1a_record_validity"":57344,""access_log_jsonb_w_i1b_entity_type_code"":65536,""access_log_jsonb_w_i1c_status_code"":57344,""access_log_jsonb_w_i1d_latitude_degrees"":163840,""access_log_jsonb_w_i1e_event_timestamp_utc"":237568,""access_log_jsonb_w_i2_gin_jsonb_ops"":7618560,""access_log_jsonb_w_pkey"":131072}",0,2880,0,0,0,7219683,,,,0,4,ModifyTable on access_log_jsonb_w [Index Scan using canonical_doc_pkey]
1,W1/jsonb/X-1/m11,W1/jsonb/X-1,W1,W1,jsonb,jsonb,X-1,head-to-head,measured,11,1,True,False,,True,486.032,,0.056,0.134,486.344,5.45,491.928,515.562,35284,9741849,0,,9788288,46439,35285.0,0.0,9741883.0,282.0,286.0,0.0,53.12700000000041,0.0,63918,0,1069,1065,0,0,64022.0,0.0,0.0,1065.0,0.0,0.0,30.55200000000059,0.0,5000.0,0.0,0.0,0.0,5000,0,0,8036352,8036352.0,981,24576,0,0,0,0.0,0.0,122880,40960,581632,540672,"{""access_log_jsonb_w_i1a_record_validity"":57344,""access_log_jsonb_w_i1b_entity_type_code"":65536,""access_log_jsonb_w_i1c_status_code"":57344,""access_log_jsonb_w_i1d_latitude_degrees"":163840,""access_log_jsonb_w_i1e_event_timestamp_utc"":237568,""access_log_jsonb_w_pkey"":131072}",0,2880,0,0,0,7219683,,,,0,4,ModifyTable on access_log_jsonb_w [Index Scan using canonical_doc_pkey]
1,W1/json/X-1/m11,W1/json/X-1,W1,W1,json,json,X-1,head-to-head,measured,11,1,True,False,,True,1003.787,,0.097,0.158,1004.328,11.246,1015.732,1053.882,35281,10955870,0,,11006024,50154,35282.0,0.0,10955904.0,55.0,61.0,0.0,12.43699999999808,0.0,63894,0,1338,1334,0,0,63997.0,0.0,0.0,1334.0,0.0,0.0,54.92699999999968,0.0,5000.0,0.0,0.0,0.0,5000,0,0,10240000,10240000.0,1250,24576,0,0,0,0.0,0.0,122880,40960,581632,540672,"{""access_log_json_w_i1a_record_validity"":57344,""access_log_json_w_i1b_entity_type_code"":65536,""access_log_json_w_i1c_status_code"":57344,""access_log_json_w_i1d_latitude_degrees"":163840,""access_log_json_w_i1e_event_timestamp_utc"":237568,""access_log_json_w_pkey"":131072}",0,1,0,0,0,8434066,0,0,0,0,4,ModifyTable on access_log_json_w [Index Scan using canonical_doc_pkey]
1,W1/jsonb/X-0/m11,W1/jsonb/X-0,W1,W1,jsonb,jsonb,X-0,head-to-head,measured,11,1,True,False,,True,389.929,,0.051,0.102,390.309,5.177,395.588,406.84,10014,7844703,0,,7884272,39569,10015.0,0.0,7844737.0,75.0,79.0,0.0,39.83499999999913,0.0,18397,0,998,999,0,0,18462.0,0.0,0.0,999.0,0.0,0.0,27.210000000000036,0.0,5000.0,0.0,0.0,0.0,5000,0,0,8036352,8036352.0,981,24576,0,0,0,0.0,0.0,122880,0,0,0,"{""access_log_jsonb_w_pkey"":131072}",0,2880,0,0,0,7219683,,,,0,4,ModifyTable on access_log_jsonb_w [Index Scan using canonical_doc_pkey]
1,W1/json/X-0/m11,W1/json/X-0,W1,W1,json,json,X-0,head-to-head,measured,11,1,True,False,,True,201.823,,0.061,0.118,202.149,11.336,213.603,232.958,10014,9059086,0,,9103088,44002,10015.0,0.0,9059120.0,428.0,431.0,0.0,87.16100000000006,0.0,18373,0,1267,1268,0,0,18446.0,0.0,0.0,1268.0,0.0,0.0,30.4970000000003,0.0,5000.0,0.0,0.0,0.0,5000,0,0,10240000,10240000.0,1250,24576,0,0,0,0.0,0.0,122880,0,0,0,"{""access_log_json_w_pkey"":131072}",0,1,0,0,0,8434066,0,0,0,0,4,ModifyTable on access_log_json_w [Index Scan using canonical_doc_pkey]
1,W1/jsonb/X-0/m12,W1/jsonb/X-0,W1,W1,jsonb,jsonb,X-0,head-to-head,measured,12,1,True,False,,True,325.515,,0.051,0.096,325.797,4.346,330.23900000000003,342.415,10014,7844703,0,,7884272,39569,10015.0,0.0,7844737.0,104.0,108.0,0.0,41.90700000000288,0.0,18397,0,998,999,0,0,18462.0,0.0,0.0,999.0,0.0,0.0,16.56999999999971,0.0,5000.0,0.0,0.0,0.0,5000,0,0,8036352,8036352.0,981,24576,0,0,0,0.0,0.0,122880,0,0,0,"{""access_log_jsonb_w_pkey"":131072}",0,2880,0,0,0,7219683,,,,0,4,ModifyTable on access_log_jsonb_w [Index Scan using canonical_doc_pkey]
1,W1/json/X-0/m12,W1/json/X-0,W1,W1,json,json,X-0,head-to-head,measured,12,1,True,False,,True,176.004,,0.052,0.104,176.48,7.234,183.818,198.321,10014,9059086,0,,9103088,44002,10015.0,0.0,9059120.0,487.0,490.0,0.0,82.54400000000169,0.0,18373,0,1267,1268,0,0,18437.0,0.0,0.0,1268.0,0.0,0.0,21.902000000000044,0.0,5000.0,0.0,0.0,0.0,5000,0,0,10240000,10240000.0,1250,24576,0,0,0,0.0,0.0,122880,0,0,0,"{""access_log_json_w_pkey"":131072}",0,1,0,0,0,8434066,0,0,0,0,4,ModifyTable on access_log_json_w [Index Scan using canonical_doc_pkey]
1,W1/jsonb/X-1/m12,W1/jsonb/X-1,W1,W1,jsonb,jsonb,X-1,head-to-head,measured,12,1,True,False,,True,388.22,,0.104,0.271,388.697,3.043,392.011,410.891,35284,9741849,0,,9788328,46479,35286.0,0.0,9741937.0,155.0,158.0,0.0,37.123999999999796,0.0,63918,0,1069,1065,0,0,64020.0,0.0,0.0,1065.0,0.0,0.0,18.89099999999962,0.0,5000.0,0.0,0.0,0.0,5000,0,0,8036352,8036352.0,981,24576,0,0,0,0.0,0.0,122880,40960,581632,540672,"{""access_log_jsonb_w_i1a_record_validity"":57344,""access_log_jsonb_w_i1b_entity_type_code"":65536,""access_log_jsonb_w_i1c_status_code"":57344,""access_log_jsonb_w_i1d_latitude_degrees"":163840,""access_log_jsonb_w_i1e_event_timestamp_utc"":237568,""access_log_jsonb_w_pkey"":131072}",0,2880,0,0,0,7219683,,,,0,4,ModifyTable on access_log_jsonb_w [Index Scan using canonical_doc_pkey]
1,W1/json/X-1/m12,W1/json/X-1,W1,W1,json,json,X-1,head-to-head,measured,12,1,True,False,,True,763.369,,0.097,0.172,763.83,1.443,765.445,782.175,35281,10955870,0,,11006000,50130,35282.0,0.0,10955904.0,298.0,303.0,0.0,42.83600000000297,0.0,63894,0,1338,1334,0,0,63997.0,0.0,0.0,1334.0,0.0,0.0,31.679000000000087,0.0,5000.0,0.0,0.0,0.0,5000,0,0,10240000,10240000.0,1250,24576,0,0,0,0.0,0.0,122880,40960,581632,540672,"{""access_log_json_w_i1a_record_validity"":57344,""access_log_json_w_i1b_entity_type_code"":65536,""access_log_json_w_i1c_status_code"":57344,""access_log_json_w_i1d_latitude_degrees"":163840,""access_log_json_w_i1e_event_timestamp_utc"":237568,""access_log_json_w_pkey"":131072}",0,1,0,0,0,8434066,0,0,0,0,4,ModifyTable on access_log_json_w [Index Scan using canonical_doc_pkey]
1,W1/jsonb/X-2/m12,W1/jsonb/X-2,W1,W1,jsonb,jsonb,X-2,separate: GIN (jsonb only),measured,12,1,True,False,,True,1279.472,,0.056,0.17,1279.885,6.679,1286.7340000000002,1302.37,87077,27427915,743,,27719584,291669,87078.0,743.0,27427949.0,1549.0,1557.0,0.0,267.32000000000335,0.0,191879,0,2002,1996,0,0,191989.0,0.0,0.0,1996.0,0.0,0.0,41.983000000000175,0.0,5000.0,0.0,0.0,0.0,5000,0,0,8036352,8036352.0,981,24576,0,0,0,0.0,0.0,122880,57344,8200192,8142848,"{""access_log_jsonb_w_i1a_record_validity"":57344,""access_log_jsonb_w_i1b_entity_type_code"":65536,""access_log_jsonb_w_i1c_status_code"":57344,""access_log_jsonb_w_i1d_latitude_degrees"":163840,""access_log_jsonb_w_i1e_event_timestamp_utc"":237568,""access_log_jsonb_w_i2_gin_jsonb_ops"":7618560,""access_log_jsonb_w_pkey"":131072}",0,2880,0,0,0,7219683,,,,0,4,ModifyTable on access_log_jsonb_w [Index Scan using canonical_doc_pkey]
1,W1/jsonb/X-3/m12,W1/jsonb/X-3,W1,W1,jsonb,jsonb,X-3,separate: GIN (jsonb only),measured,12,1,True,False,,True,804.014,,0.054,0.115,804.319,6.181,810.615,825.772,69157,20348036,470,,20549040,201004,69158.0,470.0,20348070.0,1260.0,1266.0,0.0,204.08599999999933,0.0,132811,0,1847,1841,0,0,132919.0,0.0,0.0,1841.0,0.0,0.0,29.938999999999396,0.0,5000.0,0.0,0.0,0.0,5000,0,0,8036352,8036352.0,981,24576,0,0,0,0.0,0.0,122880,57344,6930432,6873088,"{""access_log_jsonb_w_i1a_record_validity"":57344,""access_log_jsonb_w_i1b_entity_type_code"":65536,""access_log_jsonb_w_i1c_status_code"":57344,""access_log_jsonb_w_i1d_latitude_degrees"":163840,""access_log_jsonb_w_i1e_event_timestamp_utc"":237568,""access_log_jsonb_w_i3_gin_jsonb_path_ops"":6348800,""access_log_jsonb_w_pkey"":131072}",0,2880,0,0,0,7219683,,,,0,4,ModifyTable on access_log_jsonb_w [Index Scan using canonical_doc_pkey]
1,W1/jsonb/X-4/m12,W1/jsonb/X-4,W1,W1,jsonb,jsonb,X-4,separate: GIN (jsonb only),measured,12,1,True,False,,True,1573.75,,0.087,0.125,1574.112,5.49,1579.727,1596.755,120950,38034102,1213,,38480360,446258,120951.0,1213.0,38034136.0,2358.0,2368.0,0.0,354.0460000000021,0.0,260772,0,2780,2772,0,0,260888.0,0.0,0.0,2772.0,0.0,0.0,48.237999999999374,0.0,5000.0,0.0,0.0,0.0,5000,0,0,8036352,8036352.0,981,24576,0,0,0,0.0,0.0,122880,73728,14548992,14475264,"{""access_log_jsonb_w_i1a_record_validity"":57344,""access_log_jsonb_w_i1b_entity_type_code"":65536,""access_log_jsonb_w_i1c_status_code"":57344,""access_log_jsonb_w_i1d_latitude_degrees"":163840,""access_log_jsonb_w_i1e_event_timestamp_utc"":237568,""access_log_jsonb_w_i2_gin_jsonb_ops"":7618560,""access_log_jsonb_w_i3_gin_jsonb_path_ops"":6348800,""access_log_jsonb_w_pkey"":131072}",0,2880,0,0,0,7219683,,,,0,4,ModifyTable on access_log_jsonb_w [Index Scan using canonical_doc_pkey]
1,W1/jsonb/X-4/m13,W1/jsonb/X-4,W1,W1,jsonb,jsonb,X-4,separate: GIN (jsonb only),measured,13,1,True,False,,True,1606.402,,0.056,0.111,1606.806,4.606,1611.5230000000001,1628.2,120950,38034102,1213,,38480360,446258,120951.0,1213.0,38034136.0,2441.0,2451.0,0.0,398.0689999999995,0.0,260772,0,2780,2772,0,0,260886.0,0.0,0.0,2772.0,0.0,0.0,43.8769999999995,0.0,5000.0,0.0,0.0,0.0,5000,0,0,8036352,8036352.0,981,24576,0,0,0,0.0,0.0,122880,73728,14548992,14475264,"{""access_log_jsonb_w_i1a_record_validity"":57344,""access_log_jsonb_w_i1b_entity_type_code"":65536,""access_log_jsonb_w_i1c_status_code"":57344,""access_log_jsonb_w_i1d_latitude_degrees"":163840,""access_log_jsonb_w_i1e_event_timestamp_utc"":237568,""access_log_jsonb_w_i2_gin_jsonb_ops"":7618560,""access_log_jsonb_w_i3_gin_jsonb_path_ops"":6348800,""access_log_jsonb_w_pkey"":131072}",0,2880,0,0,0,7219683,,,,0,4,ModifyTable on access_log_jsonb_w [Index Scan using canonical_doc_pkey]
1,W1/jsonb/X-3/m13,W1/jsonb/X-3,W1,W1,jsonb,jsonb,X-3,separate: GIN (jsonb only),measured,13,1,True,False,,True,764.394,,0.054,0.104,764.696,5.522,770.3220000000001,785.257,69157,20348036,470,,20549040,201004,69158.0,470.0,20348070.0,1196.0,1202.0,0.0,175.9290000000001,0.0,132811,0,1847,1841,0,0,132921.0,0.0,0.0,1841.0,0.0,0.0,27.9970000000003,0.0,5000.0,0.0,0.0,0.0,5000,0,0,8036352,8036352.0,981,24576,0,0,0,0.0,0.0,122880,57344,6930432,6873088,"{""access_log_jsonb_w_i1a_record_validity"":57344,""access_log_jsonb_w_i1b_entity_type_code"":65536,""access_log_jsonb_w_i1c_status_code"":57344,""access_log_jsonb_w_i1d_latitude_degrees"":163840,""access_log_jsonb_w_i1e_event_timestamp_utc"":237568,""access_log_jsonb_w_i3_gin_jsonb_path_ops"":6348800,""access_log_jsonb_w_pkey"":131072}",0,2880,0,0,0,7219683,,,,0,4,ModifyTable on access_log_jsonb_w [Index Scan using canonical_doc_pkey]
1,W1/jsonb/X-2/m13,W1/jsonb/X-2,W1,W1,jsonb,jsonb,X-2,separate: GIN (jsonb only),measured,13,1,True,False,,True,1295.759,,0.086,0.1,1296.137,3.506,1299.743,1320.853,87077,27427915,743,,27719608,291693,87078.0,743.0,27427949.0,1119.0,1127.0,0.0,239.1790000000001,0.0,191879,0,2002,1996,0,0,191989.0,0.0,0.0,1996.0,0.0,0.0,42.03700000000026,0.0,5000.0,0.0,0.0,0.0,5000,0,0,8036352,8036352.0,981,24576,0,0,0,0.0,0.0,122880,57344,8200192,8142848,"{""access_log_jsonb_w_i1a_record_validity"":57344,""access_log_jsonb_w_i1b_entity_type_code"":65536,""access_log_jsonb_w_i1c_status_code"":57344,""access_log_jsonb_w_i1d_latitude_degrees"":163840,""access_log_jsonb_w_i1e_event_timestamp_utc"":237568,""access_log_jsonb_w_i2_gin_jsonb_ops"":7618560,""access_log_jsonb_w_pkey"":131072}",0,2880,0,0,0,7219683,,,,0,4,ModifyTable on access_log_jsonb_w [Index Scan using canonical_doc_pkey]
1,W1/json/X-1/m13,W1/json/X-1,W1,W1,json,json,X-1,head-to-head,measured,13,1,True,False,,True,890.954,,0.072,0.21,891.575,19.605,911.3900000000001,934.933,35281,10955870,0,,11006000,50130,35282.0,0.0,10955904.0,100.0,106.0,0.0,37.922999999998865,0.0,63894,0,1338,1334,0,0,63997.0,0.0,0.0,1334.0,0.0,0.0,49.16700000000037,0.0,5000.0,0.0,0.0,0.0,5000,0,0,10240000,10240000.0,1250,24576,0,0,0,0.0,0.0,122880,40960,581632,540672,"{""access_log_json_w_i1a_record_validity"":57344,""access_log_json_w_i1b_entity_type_code"":65536,""access_log_json_w_i1c_status_code"":57344,""access_log_json_w_i1d_latitude_degrees"":163840,""access_log_json_w_i1e_event_timestamp_utc"":237568,""access_log_json_w_pkey"":131072}",0,1,0,0,0,8434066,0,0,0,0,4,ModifyTable on access_log_json_w [Index Scan using canonical_doc_pkey]
1,W1/jsonb/X-1/m13,W1/jsonb/X-1,W1,W1,jsonb,jsonb,X-1,head-to-head,measured,13,1,True,False,,True,437.321,,0.059,0.149,437.668,15.965,453.782,477.925,35284,9741849,0,,9788328,46479,35286.0,0.0,9741937.0,99.0,102.0,0.0,46.79100000000108,0.0,63918,0,1069,1065,0,0,64022.0,0.0,0.0,1065.0,0.0,0.0,25.350999999999658,0.0,5000.0,0.0,0.0,0.0,5000,0,0,8036352,8036352.0,981,24576,0,0,0,0.0,0.0,122880,40960,581632,540672,"{""access_log_jsonb_w_i1a_record_validity"":57344,""access_log_jsonb_w_i1b_entity_type_code"":65536,""access_log_jsonb_w_i1c_status_code"":57344,""access_log_jsonb_w_i1d_latitude_degrees"":163840,""access_log_jsonb_w_i1e_event_timestamp_utc"":237568,""access_log_jsonb_w_pkey"":131072}",0,2880,0,0,0,7219683,,,,0,4,ModifyTable on access_log_jsonb_w [Index Scan using canonical_doc_pkey]
1,W1/json/X-0/m13,W1/json/X-0,W1,W1,json,json,X-0,head-to-head,measured,13,1,True,False,,True,207.925,,0.083,0.149,208.304,4.843,213.296,231.292,10014,9059086,0,,9103088,44002,10015.0,0.0,9059120.0,546.0,549.0,0.0,95.27000000000044,0.0,18373,0,1267,1268,0,0,18437.0,0.0,0.0,1268.0,0.0,0.0,22.646999999999935,0.0,5000.0,0.0,0.0,0.0,5000,0,0,10240000,10240000.0,1250,24576,0,0,0,0.0,0.0,122880,0,0,0,"{""access_log_json_w_pkey"":131072}",0,1,0,0,0,8434066,0,0,0,0,4,ModifyTable on access_log_json_w [Index Scan using canonical_doc_pkey]
1,W1/jsonb/X-0/m13,W1/jsonb/X-0,W1,W1,jsonb,jsonb,X-0,head-to-head,measured,13,1,True,False,,True,300.284,,0.062,0.12,300.755,14.699,315.574,330.906,10014,7844703,0,,7884272,39569,10015.0,0.0,7844737.0,1.0,3.0,0.0,24.613000000001193,0.0,18397,0,998,999,0,0,18471.0,0.0,0.0,999.0,0.0,0.0,17.668000000000575,0.0,5000.0,0.0,0.0,0.0,5000,0,0,8036352,8036352.0,981,24576,0,0,0,0.0,0.0,122880,0,0,0,"{""access_log_jsonb_w_pkey"":131072}",0,2880,0,0,0,7219683,,,,0,4,ModifyTable on access_log_jsonb_w [Index Scan using canonical_doc_pkey]
1,W1/json/X-0/m14,W1/json/X-0,W1,W1,json,json,X-0,head-to-head,measured,14,1,True,False,,True,191.092,,0.08,0.24,191.494,6.749,198.483,219.516,10014,9059086,0,,9103064,43978,10015.0,0.0,9059120.0,564.0,567.0,0.0,94.27899999999863,0.0,18373,0,1267,1268,0,0,18437.0,0.0,0.0,1268.0,0.0,0.0,20.523999999999432,0.0,5000.0,0.0,0.0,0.0,5000,0,0,10240000,10240000.0,1250,24576,0,0,0,0.0,0.0,122880,0,0,0,"{""access_log_json_w_pkey"":131072}",0,1,0,0,0,8434066,0,0,0,0,4,ModifyTable on access_log_json_w [Index Scan using canonical_doc_pkey]
1,W1/jsonb/X-0/m14,W1/jsonb/X-0,W1,W1,jsonb,jsonb,X-0,head-to-head,measured,14,1,True,False,,True,320.186,,0.051,0.104,320.491,8.058,328.65299999999996,344.934,10014,7844703,0,,7884272,39569,10015.0,0.0,7844737.0,114.0,117.0,0.0,36.86099999999715,0.0,18397,0,998,999,0,0,18462.0,0.0,0.0,999.0,0.0,0.0,17.664999999999964,0.0,5000.0,0.0,0.0,0.0,5000,0,0,8036352,8036352.0,981,24576,0,0,0,0.0,0.0,122880,0,0,0,"{""access_log_jsonb_w_pkey"":131072}",0,2880,0,0,0,7219683,,,,0,4,ModifyTable on access_log_jsonb_w [Index Scan using canonical_doc_pkey]
1,W1/json/X-1/m14,W1/json/X-1,W1,W1,json,json,X-1,head-to-head,measured,14,1,True,False,,True,731.618,,0.06,0.118,731.947,9.21,741.2750000000001,760.304,35281,10955870,0,,11006008,50138,35282.0,0.0,10955904.0,0.0,5.0,0.0,8.981999999999971,0.0,63894,0,1338,1334,0,0,63995.0,0.0,0.0,1334.0,0.0,0.0,31.71600000000035,0.0,5000.0,0.0,0.0,0.0,5000,0,0,10240000,10240000.0,1250,24576,0,0,0,0.0,0.0,122880,40960,581632,540672,"{""access_log_json_w_i1a_record_validity"":57344,""access_log_json_w_i1b_entity_type_code"":65536,""access_log_json_w_i1c_status_code"":57344,""access_log_json_w_i1d_latitude_degrees"":163840,""access_log_json_w_i1e_event_timestamp_utc"":237568,""access_log_json_w_pkey"":131072}",0,1,0,0,0,8434066,0,0,0,0,4,ModifyTable on access_log_json_w [Index Scan using canonical_doc_pkey]
1,W1/jsonb/X-1/m14,W1/jsonb/X-1,W1,W1,jsonb,jsonb,X-1,head-to-head,measured,14,1,True,False,wal-foreign-activity,True,384.327,,0.052,0.106,385.49,14.719,400.315,431.531,35284,9741849,0,,10145728,403879,35538.0,78.0,10097074.0,0.0,13.0,0.0,3.3729999999995925,0.0,63918,0,1069,1065,0,0,64022.0,0.0,0.0,1065.0,0.0,0.0,19.8720000000003,0.0,5000.0,0.0,0.0,0.0,5000,0,0,8036352,8036352.0,981,24576,0,0,0,0.0,0.0,122880,40960,581632,540672,"{""access_log_jsonb_w_i1a_record_validity"":57344,""access_log_jsonb_w_i1b_entity_type_code"":65536,""access_log_jsonb_w_i1c_status_code"":57344,""access_log_jsonb_w_i1d_latitude_degrees"":163840,""access_log_jsonb_w_i1e_event_timestamp_utc"":237568,""access_log_jsonb_w_pkey"":131072}",0,2880,0,0,0,7219683,,,,0,4,ModifyTable on access_log_jsonb_w [Index Scan using canonical_doc_pkey]
1,W1/jsonb/X-2/m14,W1/jsonb/X-2,W1,W1,jsonb,jsonb,X-2,separate: GIN (jsonb only),measured,14,1,True,False,,True,1313.822,,0.058,0.11,1314.164,3.316,1317.59,1336.512,87077,27427915,743,,27719608,291693,87078.0,743.0,27427949.0,1226.0,1234.0,0.0,247.89400000000023,0.0,191879,0,2002,1996,0,0,191991.0,0.0,0.0,1996.0,0.0,0.0,40.302999999999884,0.0,5000.0,0.0,0.0,0.0,5000,0,0,8036352,8036352.0,981,24576,0,0,0,0.0,0.0,122880,57344,8200192,8142848,"{""access_log_jsonb_w_i1a_record_validity"":57344,""access_log_jsonb_w_i1b_entity_type_code"":65536,""access_log_jsonb_w_i1c_status_code"":57344,""access_log_jsonb_w_i1d_latitude_degrees"":163840,""access_log_jsonb_w_i1e_event_timestamp_utc"":237568,""access_log_jsonb_w_i2_gin_jsonb_ops"":7618560,""access_log_jsonb_w_pkey"":131072}",0,2880,0,0,0,7219683,,,,0,4,ModifyTable on access_log_jsonb_w [Index Scan using canonical_doc_pkey]
1,W1/jsonb/X-3/m14,W1/jsonb/X-3,W1,W1,jsonb,jsonb,X-3,separate: GIN (jsonb only),measured,14,1,True,False,,True,849.166,,0.064,0.126,849.524,4.542,854.192,874.464,69157,20348036,470,,20549016,200980,69158.0,470.0,20348070.0,1152.0,1157.0,0.0,206.5739999999969,0.0,132811,0,1847,1841,0,0,132921.0,0.0,0.0,1841.0,0.0,0.0,35.878999999999905,0.0,5000.0,0.0,0.0,0.0,5000,0,0,8036352,8036352.0,981,24576,0,0,0,0.0,0.0,122880,57344,6930432,6873088,"{""access_log_jsonb_w_i1a_record_validity"":57344,""access_log_jsonb_w_i1b_entity_type_code"":65536,""access_log_jsonb_w_i1c_status_code"":57344,""access_log_jsonb_w_i1d_latitude_degrees"":163840,""access_log_jsonb_w_i1e_event_timestamp_utc"":237568,""access_log_jsonb_w_i3_gin_jsonb_path_ops"":6348800,""access_log_jsonb_w_pkey"":131072}",0,2880,0,0,0,7219683,,,,0,4,ModifyTable on access_log_jsonb_w [Index Scan using canonical_doc_pkey]
1,W1/jsonb/X-4/m14,W1/jsonb/X-4,W1,W1,jsonb,jsonb,X-4,separate: GIN (jsonb only),measured,14,1,True,False,,True,1915.942,,0.057,0.097,1916.303,3.778,1920.178,1938.771,120950,38034102,1213,,38480360,446258,120951.0,1213.0,38034136.0,2348.0,2358.0,0.0,440.867000000002,0.0,260772,0,2780,2772,0,0,260886.0,0.0,0.0,2772.0,0.0,0.0,58.15899999999965,0.0,5000.0,0.0,0.0,0.0,5000,0,0,8036352,8036352.0,981,24576,0,0,0,0.0,0.0,122880,73728,14548992,14475264,"{""access_log_jsonb_w_i1a_record_validity"":57344,""access_log_jsonb_w_i1b_entity_type_code"":65536,""access_log_jsonb_w_i1c_status_code"":57344,""access_log_jsonb_w_i1d_latitude_degrees"":163840,""access_log_jsonb_w_i1e_event_timestamp_utc"":237568,""access_log_jsonb_w_i2_gin_jsonb_ops"":7618560,""access_log_jsonb_w_i3_gin_jsonb_path_ops"":6348800,""access_log_jsonb_w_pkey"":131072}",0,2880,0,0,0,7219683,,,,0,4,ModifyTable on access_log_jsonb_w [Index Scan using canonical_doc_pkey]
1,W1/jsonb/X-4/m15,W1/jsonb/X-4,W1,W1,jsonb,jsonb,X-4,separate: GIN (jsonb only),measured,15,1,True,False,,True,1900.273,,0.077,0.107,1900.634,9.751,1910.492,1932.62,120950,38034102,1213,,38480336,446234,120951.0,1213.0,38034136.0,2424.0,2435.0,0.0,475.1110000000008,0.0,260772,0,2780,2772,0,0,260888.0,0.0,0.0,2772.0,0.0,0.0,59.052999999999884,0.0,5000.0,0.0,0.0,0.0,5000,0,0,8036352,8036352.0,981,24576,0,0,0,0.0,0.0,122880,73728,14548992,14475264,"{""access_log_jsonb_w_i1a_record_validity"":57344,""access_log_jsonb_w_i1b_entity_type_code"":65536,""access_log_jsonb_w_i1c_status_code"":57344,""access_log_jsonb_w_i1d_latitude_degrees"":163840,""access_log_jsonb_w_i1e_event_timestamp_utc"":237568,""access_log_jsonb_w_i2_gin_jsonb_ops"":7618560,""access_log_jsonb_w_i3_gin_jsonb_path_ops"":6348800,""access_log_jsonb_w_pkey"":131072}",0,2880,0,0,0,7219683,,,,0,4,ModifyTable on access_log_jsonb_w [Index Scan using canonical_doc_pkey]
1,W1/jsonb/X-3/m15,W1/jsonb/X-3,W1,W1,jsonb,jsonb,X-3,separate: GIN (jsonb only),measured,15,1,True,False,,True,823.623,,0.063,0.126,823.962,5.258,829.346,847.167,69157,20348036,470,,20549024,200988,69158.0,470.0,20348070.0,903.0,908.0,0.0,159.57300000000032,0.0,132811,0,1847,1841,0,0,132919.0,0.0,0.0,1841.0,0.0,0.0,32.08299999999963,0.0,5000.0,0.0,0.0,0.0,5000,0,0,8036352,8036352.0,981,24576,0,0,0,0.0,0.0,122880,57344,6930432,6873088,"{""access_log_jsonb_w_i1a_record_validity"":57344,""access_log_jsonb_w_i1b_entity_type_code"":65536,""access_log_jsonb_w_i1c_status_code"":57344,""access_log_jsonb_w_i1d_latitude_degrees"":163840,""access_log_jsonb_w_i1e_event_timestamp_utc"":237568,""access_log_jsonb_w_i3_gin_jsonb_path_ops"":6348800,""access_log_jsonb_w_pkey"":131072}",0,2880,0,0,0,7219683,,,,0,4,ModifyTable on access_log_jsonb_w [Index Scan using canonical_doc_pkey]
1,W1/jsonb/X-2/m15,W1/jsonb/X-2,W1,W1,jsonb,jsonb,X-2,separate: GIN (jsonb only),measured,15,1,True,False,,True,1247.353,,0.051,0.105,1247.655,2.705,1250.465,1267.41,87077,27427915,743,,27719624,291709,87078.0,743.0,27427949.0,932.0,939.0,0.0,203.8889999999992,0.0,191879,0,2002,1996,0,0,191989.0,0.0,0.0,1996.0,0.0,0.0,39.2450000000008,0.0,5000.0,0.0,0.0,0.0,5000,0,0,8036352,8036352.0,981,24576,0,0,0,0.0,0.0,122880,57344,8200192,8142848,"{""access_log_jsonb_w_i1a_record_validity"":57344,""access_log_jsonb_w_i1b_entity_type_code"":65536,""access_log_jsonb_w_i1c_status_code"":57344,""access_log_jsonb_w_i1d_latitude_degrees"":163840,""access_log_jsonb_w_i1e_event_timestamp_utc"":237568,""access_log_jsonb_w_i2_gin_jsonb_ops"":7618560,""access_log_jsonb_w_pkey"":131072}",0,2880,0,0,0,7219683,,,,0,4,ModifyTable on access_log_jsonb_w [Index Scan using canonical_doc_pkey]
1,W1/jsonb/X-1/m15,W1/jsonb/X-1,W1,W1,jsonb,jsonb,X-1,head-to-head,measured,15,1,True,False,,True,457.625,,0.058,0.097,457.959,13.032,471.08799999999997,488.137,35284,9741849,0,,9788264,46415,35285.0,0.0,9741883.0,423.0,427.0,0.0,90.2039999999979,0.0,63918,0,1069,1065,0,0,64022.0,0.0,0.0,1065.0,0.0,0.0,22.323999999999614,0.0,5000.0,0.0,0.0,0.0,5000,0,0,8036352,8036352.0,981,24576,0,0,0,0.0,0.0,122880,40960,581632,540672,"{""access_log_jsonb_w_i1a_record_validity"":57344,""access_log_jsonb_w_i1b_entity_type_code"":65536,""access_log_jsonb_w_i1c_status_code"":57344,""access_log_jsonb_w_i1d_latitude_degrees"":163840,""access_log_jsonb_w_i1e_event_timestamp_utc"":237568,""access_log_jsonb_w_pkey"":131072}",0,2880,0,0,0,7219683,,,,0,4,ModifyTable on access_log_jsonb_w [Index Scan using canonical_doc_pkey]
1,W1/json/X-1/m15,W1/json/X-1,W1,W1,json,json,X-1,head-to-head,measured,15,1,True,False,,True,759.57,,0.056,0.105,759.88,3.504,763.489,779.812,35281,10955870,0,,11005984,50114,35282.0,0.0,10955904.0,31.0,36.0,0.0,10.675999999999476,0.0,63894,0,1338,1334,0,0,63999.0,0.0,0.0,1334.0,0.0,0.0,33.149999999999636,0.0,5000.0,0.0,0.0,0.0,5000,0,0,10240000,10240000.0,1250,24576,0,0,0,0.0,0.0,122880,40960,581632,540672,"{""access_log_json_w_i1a_record_validity"":57344,""access_log_json_w_i1b_entity_type_code"":65536,""access_log_json_w_i1c_status_code"":57344,""access_log_json_w_i1d_latitude_degrees"":163840,""access_log_json_w_i1e_event_timestamp_utc"":237568,""access_log_json_w_pkey"":131072}",0,1,0,0,0,8434066,0,0,0,0,4,ModifyTable on access_log_json_w [Index Scan using canonical_doc_pkey]
1,W1/jsonb/X-0/m15,W1/jsonb/X-0,W1,W1,jsonb,jsonb,X-0,head-to-head,measured,15,1,True,False,,True,322.279,,0.192,0.234,322.81,2.24,325.284,337.546,10014,7844703,0,,7884288,39585,10015.0,0.0,7844737.0,126.0,129.0,0.0,22.80199999999968,0.0,18397,0,998,999,0,0,18462.0,0.0,0.0,999.0,0.0,0.0,16.317000000000007,0.0,5000.0,0.0,0.0,0.0,5000,0,0,8036352,8036352.0,981,24576,0,0,0,0.0,0.0,122880,0,0,0,"{""access_log_jsonb_w_pkey"":131072}",0,2880,0,0,0,7219683,,,,0,4,ModifyTable on access_log_jsonb_w [Index Scan using canonical_doc_pkey]
1,W1/json/X-0/m15,W1/json/X-0,W1,W1,json,json,X-0,head-to-head,measured,15,1,True,False,,True,165.658,,0.087,0.102,165.995,4.828,170.925,181.865,10014,9059086,0,,9103048,43962,10015.0,0.0,9059120.0,445.0,447.0,0.0,71.36200000000099,0.0,18373,0,1267,1268,0,0,18448.0,0.0,0.0,1268.0,0.0,0.0,20.152000000000044,0.0,5000.0,0.0,0.0,0.0,5000,0,0,10240000,10240000.0,1250,24576,0,0,0,0.0,0.0,122880,0,0,0,"{""access_log_json_w_pkey"":131072}",0,1,0,0,0,8434066,0,0,0,0,4,ModifyTable on access_log_json_w [Index Scan using canonical_doc_pkey]
1,W1/json/X-0/d01,W1/json/X-0,W1,W1,json,json,X-0,head-to-head,detail,1,1,True,False,,True,189.805,,0.07,0.14,190.199,4.926,195.265,211.312,10014,9059086,0,,9103088,44002,10015.0,0.0,9059120.0,507.0,509.0,0.0,83.81399999999849,0.0,18373,0,1267,1268,0,0,18437.0,0.0,0.0,1268.0,0.0,0.0,22.95800000000054,0.0,5000.0,0.0,0.0,0.0,5000,0,0,10240000,10240000.0,1250,24576,0,0,0,0.0,0.0,122880,0,0,0,"{""access_log_json_w_pkey"":131072}",0,1,0,0,0,8434066,0,0,0,0,4,ModifyTable on access_log_json_w [Index Scan using canonical_doc_pkey]
1,W1/json/X-1/d01,W1/json/X-1,W1,W1,json,json,X-1,head-to-head,detail,1,1,True,False,,True,770.842,,0.052,0.089,771.255,17.206,788.5500000000001,803.295,35281,10955870,0,,11006024,50154,35282.0,0.0,10955904.0,45.0,50.0,0.0,32.31199999999808,0.0,63894,0,1338,1334,0,0,63997.0,0.0,0.0,1334.0,0.0,0.0,32.35499999999956,0.0,5000.0,0.0,0.0,0.0,5000,0,0,10240000,10240000.0,1250,24576,0,0,0,0.0,0.0,122880,40960,581632,540672,"{""access_log_json_w_i1a_record_validity"":57344,""access_log_json_w_i1b_entity_type_code"":65536,""access_log_json_w_i1c_status_code"":57344,""access_log_json_w_i1d_latitude_degrees"":163840,""access_log_json_w_i1e_event_timestamp_utc"":237568,""access_log_json_w_pkey"":131072}",0,1,0,0,0,8434066,0,0,0,0,4,ModifyTable on access_log_json_w [Index Scan using canonical_doc_pkey]
1,W1/jsonb/X-0/d01,W1/jsonb/X-0,W1,W1,jsonb,jsonb,X-0,head-to-head,detail,1,1,True,False,,True,488.059,,0.15,0.185,488.712,4.053,492.95,510.617,10014,7844703,0,,7884272,39569,10015.0,0.0,7844737.0,106.0,110.0,0.0,33.65200000000186,0.0,18397,0,998,999,0,0,18462.0,0.0,0.0,999.0,0.0,0.0,34.3130000000001,0.0,5000.0,0.0,0.0,0.0,5000,0,0,8036352,8036352.0,981,24576,0,0,0,0.0,0.0,122880,0,0,0,"{""access_log_jsonb_w_pkey"":131072}",0,2880,0,0,0,7219683,,,,0,4,ModifyTable on access_log_jsonb_w [Index Scan using canonical_doc_pkey]
1,W1/jsonb/X-1/d01,W1/jsonb/X-1,W1,W1,jsonb,jsonb,X-1,head-to-head,detail,1,1,True,False,,True,466.508,,0.056,0.127,466.828,17.568,484.52299999999997,506.609,35284,9741849,0,,9788288,46439,35285.0,0.0,9741883.0,162.0,165.0,0.0,57.324000000000524,0.0,63918,0,1069,1065,0,0,64020.0,0.0,0.0,1065.0,0.0,0.0,27.771999999999935,0.0,5000.0,0.0,0.0,0.0,5000,0,0,8036352,8036352.0,981,24576,0,0,0,0.0,0.0,122880,40960,581632,540672,"{""access_log_jsonb_w_i1a_record_validity"":57344,""access_log_jsonb_w_i1b_entity_type_code"":65536,""access_log_jsonb_w_i1c_status_code"":57344,""access_log_jsonb_w_i1d_latitude_degrees"":163840,""access_log_jsonb_w_i1e_event_timestamp_utc"":237568,""access_log_jsonb_w_pkey"":131072}",0,2880,0,0,0,7219683,,,,0,4,ModifyTable on access_log_jsonb_w [Index Scan using canonical_doc_pkey]
1,W1/jsonb/X-2/d01,W1/jsonb/X-2,W1,W1,jsonb,jsonb,X-2,separate: GIN (jsonb only),detail,1,1,True,False,,True,1460.832,,0.078,0.123,1461.266,2.071,1463.46,1487.5,87077,27427915,743,,27719608,291693,87078.0,743.0,27427949.0,1049.0,1057.0,0.0,238.9539999999979,0.0,191879,0,2002,1996,0,0,191987.0,0.0,0.0,1996.0,0.0,0.0,56.40099999999984,0.0,5000.0,0.0,0.0,0.0,5000,0,0,8036352,8036352.0,981,24576,0,0,0,0.0,0.0,122880,57344,8200192,8142848,"{""access_log_jsonb_w_i1a_record_validity"":57344,""access_log_jsonb_w_i1b_entity_type_code"":65536,""access_log_jsonb_w_i1c_status_code"":57344,""access_log_jsonb_w_i1d_latitude_degrees"":163840,""access_log_jsonb_w_i1e_event_timestamp_utc"":237568,""access_log_jsonb_w_i2_gin_jsonb_ops"":7618560,""access_log_jsonb_w_pkey"":131072}",0,2880,0,0,0,7219683,,,,0,4,ModifyTable on access_log_jsonb_w [Index Scan using canonical_doc_pkey]
1,W1/jsonb/X-3/d01,W1/jsonb/X-3,W1,W1,jsonb,jsonb,X-3,separate: GIN (jsonb only),detail,1,1,True,False,,True,886.51,,0.055,0.103,887.084,5.874,893.0609999999999,908.656,69157,20348036,470,,20549096,201060,69159.0,470.0,20348124.0,1096.0,1102.0,0.0,176.16600000000108,0.0,132811,0,1847,1841,0,0,132919.0,0.0,0.0,1841.0,0.0,0.0,38.15699999999924,0.0,5000.0,0.0,0.0,0.0,5000,0,0,8036352,8036352.0,981,24576,0,0,0,0.0,0.0,122880,57344,6930432,6873088,"{""access_log_jsonb_w_i1a_record_validity"":57344,""access_log_jsonb_w_i1b_entity_type_code"":65536,""access_log_jsonb_w_i1c_status_code"":57344,""access_log_jsonb_w_i1d_latitude_degrees"":163840,""access_log_jsonb_w_i1e_event_timestamp_utc"":237568,""access_log_jsonb_w_i3_gin_jsonb_path_ops"":6348800,""access_log_jsonb_w_pkey"":131072}",0,2880,0,0,0,7219683,,,,0,4,ModifyTable on access_log_jsonb_w [Index Scan using canonical_doc_pkey]
1,W1/jsonb/X-4/d01,W1/jsonb/X-4,W1,W1,jsonb,jsonb,X-4,separate: GIN (jsonb only),detail,1,1,True,False,,True,1720.214,,0.062,0.169,1720.602,4.148,1724.919,1743.589,120950,38034102,1213,,38480360,446258,120951.0,1213.0,38034136.0,2161.0,2171.0,0.0,377.71800000000076,0.0,260772,0,2780,2772,0,0,260888.0,0.0,0.0,2772.0,0.0,0.0,54.84699999999975,0.0,5000.0,0.0,0.0,0.0,5000,0,0,8036352,8036352.0,981,24576,0,0,0,0.0,0.0,122880,73728,14548992,14475264,"{""access_log_jsonb_w_i1a_record_validity"":57344,""access_log_jsonb_w_i1b_entity_type_code"":65536,""access_log_jsonb_w_i1c_status_code"":57344,""access_log_jsonb_w_i1d_latitude_degrees"":163840,""access_log_jsonb_w_i1e_event_timestamp_utc"":237568,""access_log_jsonb_w_i2_gin_jsonb_ops"":7618560,""access_log_jsonb_w_i3_gin_jsonb_path_ops"":6348800,""access_log_jsonb_w_pkey"":131072}",0,2880,0,0,0,7219683,,,,0,4,ModifyTable on access_log_jsonb_w [Index Scan using canonical_doc_pkey]
1,W1b/json/X-0/w01,W1b/json/X-0,W1b,W1b,json,json,X-0,head-to-head,warmup,1,1,True,False,,True,8.735,0.03494,,0.146,12.822,0.881,13.849,53.622,,,,558376,558416,40.0,501.0,15.0,555847.0,0.0,1.0,0.0,0.7220000000015716,0.0,,,,,,,3454.0,0.0,0.0,62.0,0.0,0.0,1.3820000000005166,0.0,250.0,0.0,0.0,0.0,9750,0,9732096,10240000,507904.0,1250,24576,8192,0,0,0.0,0.0,0,0,0,0,"{""access_log_json_w_pkey"":122880}",1,1,0,0,8013364,8434066,0,0,0,0,4,DO loop (250 single-row INSERT)
1,W1b/jsonb/X-0/w01,W1b/jsonb/X-0,W1b,W1b,jsonb,jsonb,X-0,head-to-head,warmup,1,1,True,False,,True,15.074,0.060296,,0.134,18.152,0.94,19.226000000000003,49.577,,,,500608,500648,40.0,502.0,15.0,503731.0,0.0,1.0,0.0,0.7770000000018626,0.0,,,,,,,3151.0,0.0,0.0,50.0,0.0,0.0,1.1850000000004002,0.0,250.0,0.0,0.0,0.0,9750,0,7643136,8052736,409600.0,983,24576,8192,0,0,0.0,0.0,0,0,0,0,"{""access_log_jsonb_w_pkey"":122880}",2743,2880,0,0,6853343,7219683,,,,0,4,DO loop (250 single-row INSERT)
1,W1b/json/X-1/w01,W1b/json/X-1,W1b,W1b,json,json,X-1,head-to-head,warmup,1,1,True,False,,True,37.896,0.151584,,0.206,41.245,14.742,56.193,92.92,,,,957032,957072,40.0,1754.0,62.0,953092.0,0.0,2.0,0.0,13.07300000000032,0.0,,,,,,,5883.0,50.0,0.0,64.0,0.0,0.0,1.1880000000001019,0.0,250.0,0.0,0.0,0.0,5000,0,9732096,10240000,507904.0,1250,24576,8192,0,0,0.0,0.0,0,475136,491520,16384,"{""access_log_json_w_i1a_record_validity"":57344,""access_log_json_w_i1b_entity_type_code"":65536,""access_log_json_w_i1c_status_code"":57344,""access_log_json_w_i1d_latitude_degrees"":139264,""access_log_json_w_i1e_event_timestamp_utc"":172032,""access_log_json_w_pkey"":122880}",1,1,0,0,8013364,8434066,0,0,0,0,4,DO loop (250 single-row INSERT)
1,W1b/jsonb/X-1/w01,W1b/jsonb/X-1,W1b,W1b,jsonb,jsonb,X-1,head-to-head,warmup,1,1,True,False,,True,24.361,0.097444,,0.1,27.323,1.685,29.108,63.229,,,,876992,877032,40.0,1754.0,58.0,873392.0,0.0,1.0,0.0,1.4360000000015134,0.0,,,,,,,5642.0,47.0,0.0,52.0,0.0,0.0,1.0890000000008513,0.0,250.0,0.0,0.0,0.0,9750,0,7643136,8052736,409600.0,983,24576,8192,0,0,0.0,0.0,0,475136,491520,16384,"{""access_log_jsonb_w_i1a_record_validity"":57344,""access_log_jsonb_w_i1b_entity_type_code"":65536,""access_log_jsonb_w_i1c_status_code"":57344,""access_log_jsonb_w_i1d_latitude_degrees"":139264,""access_log_jsonb_w_i1e_event_timestamp_utc"":172032,""access_log_jsonb_w_pkey"":122880}",2743,2880,0,0,6853343,7219683,,,,0,4,DO loop (250 single-row INSERT)
1,W1b/jsonb/X-4/w01,W1b/jsonb/X-4,W1b,W1b,jsonb,jsonb,X-4,separate: GIN (jsonb only),warmup,1,1,True,False,,True,54.241,0.216964,,0.123,57.068,2.529,59.72,94.102,,,,1675848,1675888,40.0,2384.0,58.0,1668660.0,0.0,1.0,0.0,2.2190000000009604,0.0,,,,,,,6652.0,47.0,0.0,182.0,0.0,0.0,4.429000000000087,0.0,250.0,0.0,0.0,0.0,5000,0,7643136,8052736,409600.0,983,24576,8192,0,0,0.0,0.0,0,8380416,9461760,1081344,"{""access_log_jsonb_w_i1a_record_validity"":57344,""access_log_jsonb_w_i1b_entity_type_code"":65536,""access_log_jsonb_w_i1c_status_code"":57344,""access_log_jsonb_w_i1d_latitude_degrees"":139264,""access_log_jsonb_w_i1e_event_timestamp_utc"":172032,""access_log_jsonb_w_i2_gin_jsonb_ops"":4988928,""access_log_jsonb_w_i3_gin_jsonb_path_ops"":3981312,""access_log_jsonb_w_pkey"":122880}",2743,2880,0,0,6853343,7219683,,,,0,4,DO loop (250 single-row INSERT)
1,W1b/jsonb/X-4/w02,W1b/jsonb/X-4,W1b,W1b,jsonb,jsonb,X-4,separate: GIN (jsonb only),warmup,2,1,True,False,,True,110.651,0.442604,,0.146,117.869,13.383,131.398,211.551,,,,1675872,1675912,40.0,2384.0,58.0,1668660.0,0.0,2.0,0.0,12.717999999997119,0.0,,,,,,,6650.0,47.0,0.0,182.0,0.0,0.0,9.335000000000036,0.0,250.0,0.0,0.0,0.0,5000,0,7643136,8052736,409600.0,983,24576,8192,0,0,0.0,0.0,0,8380416,9461760,1081344,"{""access_log_jsonb_w_i1a_record_validity"":57344,""access_log_jsonb_w_i1b_entity_type_code"":65536,""access_log_jsonb_w_i1c_status_code"":57344,""access_log_jsonb_w_i1d_latitude_degrees"":139264,""access_log_jsonb_w_i1e_event_timestamp_utc"":172032,""access_log_jsonb_w_i2_gin_jsonb_ops"":4988928,""access_log_jsonb_w_i3_gin_jsonb_path_ops"":3981312,""access_log_jsonb_w_pkey"":122880}",2743,2880,0,0,6853343,7219683,,,,0,4,DO loop (250 single-row INSERT)
1,W1b/jsonb/X-1/w02,W1b/jsonb/X-1,W1b,W1b,jsonb,jsonb,X-1,head-to-head,warmup,2,1,True,False,,True,27.056,0.108224,,0.185,32.315,1.267,33.767,65.177,,,,876992,877032,40.0,1754.0,58.0,873392.0,0.0,1.0,0.0,1.102999999999156,0.0,,,,,,,5642.0,47.0,0.0,52.0,0.0,0.0,1.329000000000633,0.0,250.0,0.0,0.0,0.0,9750,0,7643136,8052736,409600.0,983,24576,8192,0,0,0.0,0.0,0,475136,491520,16384,"{""access_log_jsonb_w_i1a_record_validity"":57344,""access_log_jsonb_w_i1b_entity_type_code"":65536,""access_log_jsonb_w_i1c_status_code"":57344,""access_log_jsonb_w_i1d_latitude_degrees"":139264,""access_log_jsonb_w_i1e_event_timestamp_utc"":172032,""access_log_jsonb_w_pkey"":122880}",2743,2880,0,0,6853343,7219683,,,,0,4,DO loop (250 single-row INSERT)
1,W1b/json/X-1/w02,W1b/json/X-1,W1b,W1b,json,json,X-1,head-to-head,warmup,2,1,True,False,,True,33.781,0.135124,,0.105,36.205,0.39,36.699999999999996,61.384,,,,957016,957056,40.0,1754.0,62.0,953092.0,0.0,2.0,0.0,0.23500000000058208,0.0,,,,,,,5885.0,50.0,0.0,64.0,0.0,0.0,1.1220000000002983,0.0,250.0,0.0,0.0,0.0,9750,0,9732096,10240000,507904.0,1250,24576,8192,0,0,0.0,0.0,0,475136,491520,16384,"{""access_log_json_w_i1a_record_validity"":57344,""access_log_json_w_i1b_entity_type_code"":65536,""access_log_json_w_i1c_status_code"":57344,""access_log_json_w_i1d_latitude_degrees"":139264,""access_log_json_w_i1e_event_timestamp_utc"":172032,""access_log_json_w_pkey"":122880}",1,1,0,0,8013364,8434066,0,0,0,0,4,DO loop (250 single-row INSERT)
1,W1b/jsonb/X-0/w02,W1b/jsonb/X-0,W1b,W1b,jsonb,jsonb,X-0,head-to-head,warmup,2,1,True,False,,True,23.644,0.094576,,0.183,27.795,1.176,29.154,63.706,,,,500608,500648,40.0,501.0,14.0,498314.0,0.0,1.0,0.0,1.0020000000004075,0.0,,,,,,,3147.0,0.0,0.0,50.0,0.0,0.0,1.3260000000000218,0.0,250.0,0.0,0.0,0.0,9750,0,7643136,8052736,409600.0,983,24576,8192,0,0,0.0,0.0,0,0,0,0,"{""access_log_jsonb_w_pkey"":122880}",2743,2880,0,0,6853343,7219683,,,,0,4,DO loop (250 single-row INSERT)
1,W1b/json/X-0/w02,W1b/json/X-0,W1b,W1b,json,json,X-0,head-to-head,warmup,2,1,True,False,,True,4.888,0.019552,,0.137,7.294,0.849,8.28,33.402,,,,558376,558416,40.0,502.0,16.0,561272.0,0.0,1.0,0.0,0.7470000000030268,0.0,,,,,,,3399.0,0.0,0.0,62.0,0.0,0.0,0.8670000000001892,0.0,250.0,0.0,0.0,0.0,9750,0,9732096,10240000,507904.0,1250,24576,8192,0,0,0.0,0.0,0,0,0,0,"{""access_log_json_w_pkey"":122880}",1,1,0,0,8013364,8434066,0,0,0,0,4,DO loop (250 single-row INSERT)
1,W1b/jsonb/X-0/w03,W1b/jsonb/X-0,W1b,W1b,jsonb,jsonb,X-0,head-to-head,warmup,3,1,True,False,,True,14.228,0.056912,,0.101,16.69,0.935,17.726,40.015,,,,500608,500648,40.0,501.0,14.0,498314.0,0.0,1.0,0.0,0.7680000000000291,0.0,,,,,,,3147.0,0.0,0.0,50.0,0.0,0.0,0.8659999999999854,0.0,250.0,0.0,0.0,0.0,9750,0,7643136,8052736,409600.0,983,24576,8192,0,0,0.0,0.0,0,0,0,0,"{""access_log_jsonb_w_pkey"":122880}",2743,2880,0,0,6853343,7219683,,,,0,4,DO loop (250 single-row INSERT)
1,W1b/json/X-0/w03,W1b/json/X-0,W1b,W1b,json,json,X-0,head-to-head,warmup,3,1,True,False,,True,6.73,0.026920000000000003,,0.096,10.996,1.002,12.094000000000001,44.656,,,,558376,558416,40.0,501.0,15.0,555847.0,0.0,1.0,0.0,0.8300000000017462,0.0,,,,,,,3393.0,0.0,0.0,62.0,0.0,0.0,1.1940000000004147,0.0,250.0,0.0,0.0,0.0,9750,0,9732096,10240000,507904.0,1250,24576,8192,0,0,0.0,0.0,0,0,0,0,"{""access_log_json_w_pkey"":122880}",1,1,0,0,8013364,8434066,0,0,0,0,4,DO loop (250 single-row INSERT)
1,W1b/jsonb/X-1/w03,W1b/jsonb/X-1,W1b,W1b,jsonb,jsonb,X-1,head-to-head,warmup,3,1,True,False,,True,18.34,0.07336,,0.084,21.344,1.288,22.716,47.636,,,,876992,877032,40.0,1754.0,58.0,873392.0,0.0,1.0,0.0,1.1370000000024447,0.0,,,,,,,5642.0,47.0,0.0,52.0,0.0,0.0,0.8230000000003201,0.0,250.0,0.0,0.0,0.0,9750,0,7643136,8052736,409600.0,983,24576,8192,0,0,0.0,0.0,0,475136,491520,16384,"{""access_log_jsonb_w_i1a_record_validity"":57344,""access_log_jsonb_w_i1b_entity_type_code"":65536,""access_log_jsonb_w_i1c_status_code"":57344,""access_log_jsonb_w_i1d_latitude_degrees"":139264,""access_log_jsonb_w_i1e_event_timestamp_utc"":172032,""access_log_jsonb_w_pkey"":122880}",2743,2880,0,0,6853343,7219683,,,,0,4,DO loop (250 single-row INSERT)
1,W1b/json/X-1/w03,W1b/json/X-1,W1b,W1b,json,json,X-1,head-to-head,warmup,3,1,True,False,,True,53.412,0.213648,,0.144,57.311,1.387,58.842,100.015,,,,957016,957056,40.0,1754.0,62.0,953092.0,0.0,1.0,0.0,1.2290000000029977,0.0,,,,,,,5885.0,50.0,0.0,64.0,0.0,0.0,1.9290000000000873,0.0,250.0,0.0,0.0,0.0,9750,0,9732096,10240000,507904.0,1250,24576,8192,0,0,0.0,0.0,0,475136,491520,16384,"{""access_log_json_w_i1a_record_validity"":57344,""access_log_json_w_i1b_entity_type_code"":65536,""access_log_json_w_i1c_status_code"":57344,""access_log_json_w_i1d_latitude_degrees"":139264,""access_log_json_w_i1e_event_timestamp_utc"":172032,""access_log_json_w_pkey"":122880}",1,1,0,0,8013364,8434066,0,0,0,0,4,DO loop (250 single-row INSERT)
1,W1b/jsonb/X-4/w03,W1b/jsonb/X-4,W1b,W1b,jsonb,jsonb,X-4,separate: GIN (jsonb only),warmup,3,1,True,False,,True,58.95,0.2358,,0.114,62.041,1.078,63.233,97.605,,,,1675872,1675912,40.0,2384.0,58.0,1668660.0,0.0,2.0,0.0,0.885999999998603,0.0,,,,,,,6650.0,47.0,0.0,182.0,0.0,0.0,3.623000000000502,0.0,250.0,0.0,0.0,0.0,5000,0,7643136,8052736,409600.0,983,24576,8192,0,0,0.0,0.0,0,8380416,9461760,1081344,"{""access_log_jsonb_w_i1a_record_validity"":57344,""access_log_jsonb_w_i1b_entity_type_code"":65536,""access_log_jsonb_w_i1c_status_code"":57344,""access_log_jsonb_w_i1d_latitude_degrees"":139264,""access_log_jsonb_w_i1e_event_timestamp_utc"":172032,""access_log_jsonb_w_i2_gin_jsonb_ops"":4988928,""access_log_jsonb_w_i3_gin_jsonb_path_ops"":3981312,""access_log_jsonb_w_pkey"":122880}",2743,2880,0,0,6853343,7219683,,,,0,4,DO loop (250 single-row INSERT)
1,W1b/jsonb/X-4/m01,W1b/jsonb/X-4,W1b,W1b,jsonb,jsonb,X-4,separate: GIN (jsonb only),measured,1,1,True,False,,True,45.324,0.18129599999999998,,0.176,48.091,2.23,50.497,77.349,,,,1675848,1675888,40.0,2384.0,58.0,1668660.0,0.0,1.0,0.0,2.061999999998079,0.0,,,,,,,6650.0,47.0,0.0,182.0,0.0,0.0,3.4630000000006476,0.0,250.0,0.0,0.0,0.0,5000,0,7643136,8052736,409600.0,983,24576,8192,0,0,0.0,0.0,0,8380416,9461760,1081344,"{""access_log_jsonb_w_i1a_record_validity"":57344,""access_log_jsonb_w_i1b_entity_type_code"":65536,""access_log_jsonb_w_i1c_status_code"":57344,""access_log_jsonb_w_i1d_latitude_degrees"":139264,""access_log_jsonb_w_i1e_event_timestamp_utc"":172032,""access_log_jsonb_w_i2_gin_jsonb_ops"":4988928,""access_log_jsonb_w_i3_gin_jsonb_path_ops"":3981312,""access_log_jsonb_w_pkey"":122880}",2743,2880,0,0,6853343,7219683,,,,0,4,DO loop (250 single-row INSERT)
1,W1b/json/X-1/m01,W1b/json/X-1,W1b,W1b,json,json,X-1,head-to-head,measured,1,1,True,False,,True,34.11,0.13644,,0.101,36.405,1.194,37.7,63.614,,,,957016,957056,40.0,1756.0,63.0,958555.0,0.0,1.0,0.0,1.0380000000004657,0.0,,,,,,,5885.0,50.0,0.0,64.0,0.0,0.0,1.094000000000051,0.0,250.0,0.0,0.0,0.0,9750,0,9732096,10240000,507904.0,1250,24576,8192,0,0,0.0,0.0,0,475136,491520,16384,"{""access_log_json_w_i1a_record_validity"":57344,""access_log_json_w_i1b_entity_type_code"":65536,""access_log_json_w_i1c_status_code"":57344,""access_log_json_w_i1d_latitude_degrees"":139264,""access_log_json_w_i1e_event_timestamp_utc"":172032,""access_log_json_w_pkey"":122880}",1,1,0,0,8013364,8434066,0,0,0,0,4,DO loop (250 single-row INSERT)
1,W1b/jsonb/X-1/m01,W1b/jsonb/X-1,W1b,W1b,jsonb,jsonb,X-1,head-to-head,measured,1,1,True,False,,True,18.594,0.07437600000000001,,0.16,21.058,1.439,22.657,47.939,,,,876992,877032,40.0,1754.0,58.0,873392.0,0.0,1.0,0.0,1.1920000000027358,0.0,,,,,,,5642.0,47.0,0.0,52.0,0.0,0.0,0.9470000000001164,0.0,250.0,0.0,0.0,0.0,9750,0,7643136,8052736,409600.0,983,24576,8192,0,0,0.0,0.0,0,475136,491520,16384,"{""access_log_jsonb_w_i1a_record_validity"":57344,""access_log_jsonb_w_i1b_entity_type_code"":65536,""access_log_jsonb_w_i1c_status_code"":57344,""access_log_jsonb_w_i1d_latitude_degrees"":139264,""access_log_jsonb_w_i1e_event_timestamp_utc"":172032,""access_log_jsonb_w_pkey"":122880}",2743,2880,0,0,6853343,7219683,,,,0,4,DO loop (250 single-row INSERT)
1,W1b/json/X-0/m01,W1b/json/X-0,W1b,W1b,json,json,X-0,head-to-head,measured,1,1,True,False,,True,4.66,0.01864,,0.105,7.014,0.868,7.987000000000001,28.593,,,,558376,558416,40.0,501.0,15.0,555847.0,0.0,1.0,0.0,0.7520000000004075,0.0,,,,,,,3393.0,0.0,0.0,62.0,0.0,0.0,0.6170000000001892,0.0,250.0,0.0,0.0,0.0,9750,0,9732096,10240000,507904.0,1250,24576,8192,0,0,0.0,0.0,0,0,0,0,"{""access_log_json_w_pkey"":122880}",1,1,0,0,8013364,8434066,0,0,0,0,4,DO loop (250 single-row INSERT)
1,W1b/jsonb/X-0/m01,W1b/jsonb/X-0,W1b,W1b,jsonb,jsonb,X-0,head-to-head,measured,1,1,True,False,,True,12.244,0.048976,,0.083,14.571,0.81,15.464,36.962,,,,500608,500648,40.0,501.0,14.0,498314.0,0.0,1.0,0.0,0.6610000000000582,0.0,,,,,,,3153.0,0.0,0.0,50.0,0.0,0.0,0.6460000000006403,0.0,250.0,0.0,0.0,0.0,9750,0,7643136,8052736,409600.0,983,24576,8192,0,0,0.0,0.0,0,0,0,0,"{""access_log_jsonb_w_pkey"":122880}",2743,2880,0,0,6853343,7219683,,,,0,4,DO loop (250 single-row INSERT)
1,W1b/json/X-0/m02,W1b/json/X-0,W1b,W1b,json,json,X-0,head-to-head,measured,2,1,True,False,,True,5.198,0.020792,,0.104,7.35,0.84,8.294,29.905,,,,558376,558416,40.0,501.0,15.0,555847.0,0.0,1.0,0.0,0.7430000000022119,0.0,,,,,,,3393.0,0.0,0.0,62.0,0.0,0.0,0.7989999999999782,0.0,250.0,0.0,0.0,0.0,9750,0,9732096,10240000,507904.0,1250,24576,8192,0,0,0.0,0.0,0,0,0,0,"{""access_log_json_w_pkey"":122880}",1,1,0,0,8013364,8434066,0,0,0,0,4,DO loop (250 single-row INSERT)
1,W1b/jsonb/X-0/m02,W1b/jsonb/X-0,W1b,W1b,jsonb,jsonb,X-0,head-to-head,measured,2,1,True,False,,True,16.678,0.06671200000000001,,0.12,19.685,0.851,20.656,46.767,,,,500608,500648,40.0,501.0,14.0,498314.0,0.0,1.0,0.0,0.6980000000003201,0.0,,,,,,,3147.0,0.0,0.0,50.0,0.0,0.0,0.875,0.0,250.0,0.0,0.0,0.0,9750,0,7643136,8052736,409600.0,983,24576,8192,0,0,0.0,0.0,0,0,0,0,"{""access_log_jsonb_w_pkey"":122880}",2743,2880,0,0,6853343,7219683,,,,0,4,DO loop (250 single-row INSERT)
1,W1b/json/X-1/m02,W1b/json/X-1,W1b,W1b,json,json,X-1,head-to-head,measured,2,1,True,False,,True,34.431,0.13772399999999999,,0.129,38.182,1.329,39.64,62.795,,,,957016,957056,40.0,1756.0,64.0,966578.0,0.0,1.0,0.0,1.161999999996624,0.0,,,,,,,5930.0,50.0,0.0,64.0,0.0,0.0,1.1939999999995052,0.0,250.0,0.0,0.0,0.0,9750,0,9732096,10240000,507904.0,1250,24576,8192,0,0,0.0,0.0,0,475136,491520,16384,"{""access_log_json_w_i1a_record_validity"":57344,""access_log_json_w_i1b_entity_type_code"":65536,""access_log_json_w_i1c_status_code"":57344,""access_log_json_w_i1d_latitude_degrees"":139264,""access_log_json_w_i1e_event_timestamp_utc"":172032,""access_log_json_w_pkey"":122880}",1,1,0,0,8013364,8434066,0,0,0,0,4,DO loop (250 single-row INSERT)
1,W1b/jsonb/X-1/m02,W1b/jsonb/X-1,W1b,W1b,jsonb,jsonb,X-1,head-to-head,measured,2,1,True,False,,True,17.9,0.0716,,0.104,20.189,1.367,21.66,46.703,,,,876992,877032,40.0,1755.0,59.0,878781.0,0.0,2.0,0.0,1.2139999999999418,0.0,,,,,,,5649.0,47.0,0.0,52.0,0.0,0.0,0.7649999999994179,0.0,250.0,0.0,0.0,0.0,9750,0,7643136,8052736,409600.0,983,24576,8192,0,0,0.0,0.0,0,475136,491520,16384,"{""access_log_jsonb_w_i1a_record_validity"":57344,""access_log_jsonb_w_i1b_entity_type_code"":65536,""access_log_jsonb_w_i1c_status_code"":57344,""access_log_jsonb_w_i1d_latitude_degrees"":139264,""access_log_jsonb_w_i1e_event_timestamp_utc"":172032,""access_log_jsonb_w_pkey"":122880}",2743,2880,0,0,6853343,7219683,,,,0,4,DO loop (250 single-row INSERT)
1,W1b/jsonb/X-4/m02,W1b/jsonb/X-4,W1b,W1b,jsonb,jsonb,X-4,separate: GIN (jsonb only),measured,2,1,True,False,,True,51.662,0.206648,,0.104,54.109,2.223,56.436,87.426,,,,1675848,1675888,40.0,2384.0,58.0,1668660.0,0.0,1.0,0.0,2.0460000000020955,0.0,,,,,,,6659.0,47.0,0.0,182.0,0.0,0.0,3.219000000000051,0.0,250.0,0.0,0.0,0.0,5000,0,7643136,8052736,409600.0,983,24576,8192,0,0,0.0,0.0,0,8380416,9461760,1081344,"{""access_log_jsonb_w_i1a_record_validity"":57344,""access_log_jsonb_w_i1b_entity_type_code"":65536,""access_log_jsonb_w_i1c_status_code"":57344,""access_log_jsonb_w_i1d_latitude_degrees"":139264,""access_log_jsonb_w_i1e_event_timestamp_utc"":172032,""access_log_jsonb_w_i2_gin_jsonb_ops"":4988928,""access_log_jsonb_w_i3_gin_jsonb_path_ops"":3981312,""access_log_jsonb_w_pkey"":122880}",2743,2880,0,0,6853343,7219683,,,,0,4,DO loop (250 single-row INSERT)
1,W1b/jsonb/X-4/m03,W1b/jsonb/X-4,W1b,W1b,jsonb,jsonb,X-4,separate: GIN (jsonb only),measured,3,1,True,False,,True,41.924,0.167696,,0.098,44.509,1.484,46.091,75.727,,,,1675848,1675888,40.0,2384.0,58.0,1668660.0,0.0,2.0,0.0,0.2750000000014552,0.0,,,,,,,6657.0,47.0,0.0,182.0,0.0,0.0,2.6669999999994616,0.0,250.0,0.0,0.0,0.0,5000,0,7643136,8052736,409600.0,983,24576,8192,0,0,0.0,0.0,0,8380416,9461760,1081344,"{""access_log_jsonb_w_i1a_record_validity"":57344,""access_log_jsonb_w_i1b_entity_type_code"":65536,""access_log_jsonb_w_i1c_status_code"":57344,""access_log_jsonb_w_i1d_latitude_degrees"":139264,""access_log_jsonb_w_i1e_event_timestamp_utc"":172032,""access_log_jsonb_w_i2_gin_jsonb_ops"":4988928,""access_log_jsonb_w_i3_gin_jsonb_path_ops"":3981312,""access_log_jsonb_w_pkey"":122880}",2743,2880,0,0,6853343,7219683,,,,0,4,DO loop (250 single-row INSERT)
1,W1b/jsonb/X-1/m03,W1b/jsonb/X-1,W1b,W1b,jsonb,jsonb,X-1,head-to-head,measured,3,1,True,False,,True,17.717,0.070868,,0.104,19.958,1.437,21.499,49.363,,,,876992,877032,40.0,1754.0,58.0,873392.0,0.0,2.0,0.0,1.2550000000010186,0.0,,,,,,,5647.0,47.0,0.0,52.0,0.0,0.0,0.7359999999998763,0.0,250.0,0.0,0.0,0.0,9750,0,7643136,8052736,409600.0,983,24576,8192,0,0,0.0,0.0,0,475136,491520,16384,"{""access_log_jsonb_w_i1a_record_validity"":57344,""access_log_jsonb_w_i1b_entity_type_code"":65536,""access_log_jsonb_w_i1c_status_code"":57344,""access_log_jsonb_w_i1d_latitude_degrees"":139264,""access_log_jsonb_w_i1e_event_timestamp_utc"":172032,""access_log_jsonb_w_pkey"":122880}",2743,2880,0,0,6853343,7219683,,,,0,4,DO loop (250 single-row INSERT)
1,W1b/json/X-1/m03,W1b/json/X-1,W1b,W1b,json,json,X-1,head-to-head,measured,3,1,True,False,,True,36.132,0.144528,,0.097,38.469,0.431,38.997,64.746,,,,957016,957056,40.0,1754.0,62.0,953092.0,0.0,2.0,0.0,0.2680000000000291,0.0,,,,,,,5887.0,50.0,0.0,64.0,0.0,0.0,1.0739999999996144,0.0,250.0,0.0,0.0,0.0,9750,0,9732096,10240000,507904.0,1250,24576,8192,0,0,0.0,0.0,0,475136,491520,16384,"{""access_log_json_w_i1a_record_validity"":57344,""access_log_json_w_i1b_entity_type_code"":65536,""access_log_json_w_i1c_status_code"":57344,""access_log_json_w_i1d_latitude_degrees"":139264,""access_log_json_w_i1e_event_timestamp_utc"":172032,""access_log_json_w_pkey"":122880}",1,1,0,0,8013364,8434066,0,0,0,0,4,DO loop (250 single-row INSERT)
1,W1b/jsonb/X-0/m03,W1b/jsonb/X-0,W1b,W1b,jsonb,jsonb,X-0,head-to-head,measured,3,1,True,False,,True,13.363,0.053452,,0.087,15.568,0.877,16.532,38.138,,,,500608,500648,40.0,501.0,14.0,498314.0,0.0,1.0,0.0,0.7619999999988067,0.0,,,,,,,3147.0,0.0,0.0,50.0,0.0,0.0,0.6860000000006039,0.0,250.0,0.0,0.0,0.0,9750,0,7643136,8052736,409600.0,983,24576,8192,0,0,0.0,0.0,0,0,0,0,"{""access_log_jsonb_w_pkey"":122880}",2743,2880,0,0,6853343,7219683,,,,0,4,DO loop (250 single-row INSERT)
1,W1b/json/X-0/m03,W1b/json/X-0,W1b,W1b,json,json,X-0,head-to-head,measured,3,1,True,False,,True,5.106,0.020424,,0.101,7.532,1.027,8.66,28.848,,,,558376,558416,40.0,501.0,15.0,555847.0,0.0,1.0,0.0,0.897000000000844,0.0,,,,,,,3402.0,0.0,0.0,62.0,0.0,0.0,0.9160000000001673,0.0,250.0,0.0,0.0,0.0,9750,0,9732096,10240000,507904.0,1250,24576,8192,0,0,0.0,0.0,0,0,0,0,"{""access_log_json_w_pkey"":122880}",1,1,0,0,8013364,8434066,0,0,0,0,4,DO loop (250 single-row INSERT)
1,W1b/jsonb/X-0/m04,W1b/jsonb/X-0,W1b,W1b,jsonb,jsonb,X-0,head-to-head,measured,4,1,True,False,,True,18.383,0.073532,,0.115,21.462,0.864,22.441,45.171,,,,500608,500648,40.0,501.0,14.0,498314.0,0.0,1.0,0.0,0.690999999998894,0.0,,,,,,,3147.0,0.0,0.0,50.0,0.0,0.0,1.0099999999993088,0.0,250.0,0.0,0.0,0.0,9750,0,7643136,8052736,409600.0,983,24576,8192,0,0,0.0,0.0,0,0,0,0,"{""access_log_jsonb_w_pkey"":122880}",2743,2880,0,0,6853343,7219683,,,,0,4,DO loop (250 single-row INSERT)
1,W1b/json/X-0/m04,W1b/json/X-0,W1b,W1b,json,json,X-0,head-to-head,measured,4,1,True,False,,True,8.804,0.035216000000000004,,0.135,12.077,0.904,13.116,33.619,,,,558376,558416,40.0,502.0,16.0,561260.0,0.0,1.0,0.0,0.7489999999997963,0.0,,,,,,,3393.0,0.0,0.0,62.0,0.0,0.0,1.074999999999818,0.0,250.0,0.0,0.0,0.0,9750,0,9732096,10240000,507904.0,1250,24576,8192,0,0,0.0,0.0,0,0,0,0,"{""access_log_json_w_pkey"":122880}",1,1,0,0,8013364,8434066,0,0,0,0,4,DO loop (250 single-row INSERT)
1,W1b/jsonb/X-1/m04,W1b/jsonb/X-1,W1b,W1b,jsonb,jsonb,X-1,head-to-head,measured,4,1,True,False,,True,18.132,0.07252800000000001,,0.098,20.317,2.47,22.884999999999998,48.767,,,,877008,877048,40.0,1754.0,58.0,873392.0,0.0,2.0,0.0,1.5139999999992142,0.0,,,,,,,5647.0,47.0,0.0,52.0,0.0,0.0,0.8000000000001819,0.0,250.0,0.0,0.0,0.0,9750,0,7643136,8052736,409600.0,983,24576,8192,0,0,0.0,0.0,0,475136,491520,16384,"{""access_log_jsonb_w_i1a_record_validity"":57344,""access_log_jsonb_w_i1b_entity_type_code"":65536,""access_log_jsonb_w_i1c_status_code"":57344,""access_log_jsonb_w_i1d_latitude_degrees"":139264,""access_log_jsonb_w_i1e_event_timestamp_utc"":172032,""access_log_jsonb_w_pkey"":122880}",2743,2880,0,0,6853343,7219683,,,,0,4,DO loop (250 single-row INSERT)
1,W1b/json/X-1/m04,W1b/json/X-1,W1b,W1b,json,json,X-1,head-to-head,measured,4,1,True,False,,True,32.192,0.128768,,0.11,34.744,1.351,36.205,58.32,,,,956992,957032,40.0,1754.0,62.0,953092.0,0.0,1.0,0.0,1.194999999999709,0.0,,,,,,,5885.0,50.0,0.0,64.0,0.0,0.0,1.0339999999996508,0.0,250.0,0.0,0.0,0.0,9750,0,9732096,10240000,507904.0,1250,24576,8192,0,0,0.0,0.0,0,475136,491520,16384,"{""access_log_json_w_i1a_record_validity"":57344,""access_log_json_w_i1b_entity_type_code"":65536,""access_log_json_w_i1c_status_code"":57344,""access_log_json_w_i1d_latitude_degrees"":139264,""access_log_json_w_i1e_event_timestamp_utc"":172032,""access_log_json_w_pkey"":122880}",1,1,0,0,8013364,8434066,0,0,0,0,4,DO loop (250 single-row INSERT)
1,W1b/jsonb/X-4/m04,W1b/jsonb/X-4,W1b,W1b,jsonb,jsonb,X-4,separate: GIN (jsonb only),measured,4,1,True,False,,True,41.823,0.167292,,0.102,44.084,2.047,46.233,72.342,,,,1675872,1675912,40.0,2384.0,58.0,1668660.0,0.0,1.0,0.0,1.9209999999984575,0.0,,,,,,,6657.0,47.0,0.0,182.0,0.0,0.0,2.488999999999578,0.0,250.0,0.0,0.0,0.0,5000,0,7643136,8052736,409600.0,983,24576,8192,0,0,0.0,0.0,0,8380416,9461760,1081344,"{""access_log_jsonb_w_i1a_record_validity"":57344,""access_log_jsonb_w_i1b_entity_type_code"":65536,""access_log_jsonb_w_i1c_status_code"":57344,""access_log_jsonb_w_i1d_latitude_degrees"":139264,""access_log_jsonb_w_i1e_event_timestamp_utc"":172032,""access_log_jsonb_w_i2_gin_jsonb_ops"":4988928,""access_log_jsonb_w_i3_gin_jsonb_path_ops"":3981312,""access_log_jsonb_w_pkey"":122880}",2743,2880,0,0,6853343,7219683,,,,0,4,DO loop (250 single-row INSERT)
1,W1b/jsonb/X-4/m05,W1b/jsonb/X-4,W1b,W1b,jsonb,jsonb,X-4,separate: GIN (jsonb only),measured,5,1,True,False,,True,43.694,0.17477600000000001,,0.101,45.988,11.131,57.22,82.205,,,,1675848,1675888,40.0,2384.0,58.0,1668660.0,0.0,2.0,0.0,1.7330000000001746,0.0,,,,,,,6657.0,47.0,0.0,182.0,0.0,0.0,2.6890000000003056,0.0,250.0,0.0,0.0,0.0,5000,0,7643136,8052736,409600.0,983,24576,8192,0,0,0.0,0.0,0,8380416,9461760,1081344,"{""access_log_jsonb_w_i1a_record_validity"":57344,""access_log_jsonb_w_i1b_entity_type_code"":65536,""access_log_jsonb_w_i1c_status_code"":57344,""access_log_jsonb_w_i1d_latitude_degrees"":139264,""access_log_jsonb_w_i1e_event_timestamp_utc"":172032,""access_log_jsonb_w_i2_gin_jsonb_ops"":4988928,""access_log_jsonb_w_i3_gin_jsonb_path_ops"":3981312,""access_log_jsonb_w_pkey"":122880}",2743,2880,0,0,6853343,7219683,,,,0,4,DO loop (250 single-row INSERT)
1,W1b/json/X-1/m05,W1b/json/X-1,W1b,W1b,json,json,X-1,head-to-head,measured,5,1,True,False,,True,32.502,0.130008,,0.102,34.8,1.318,36.21999999999999,60.521,,,,956992,957032,40.0,1755.0,63.0,958485.0,0.0,1.0,0.0,1.1629999999968277,0.0,,,,,,,5885.0,50.0,0.0,64.0,0.0,0.0,1.08600000000024,0.0,250.0,0.0,0.0,0.0,9750,0,9732096,10240000,507904.0,1250,24576,8192,0,0,0.0,0.0,0,475136,491520,16384,"{""access_log_json_w_i1a_record_validity"":57344,""access_log_json_w_i1b_entity_type_code"":65536,""access_log_json_w_i1c_status_code"":57344,""access_log_json_w_i1d_latitude_degrees"":139264,""access_log_json_w_i1e_event_timestamp_utc"":172032,""access_log_json_w_pkey"":122880}",1,1,0,0,8013364,8434066,0,0,0,0,4,DO loop (250 single-row INSERT)
1,W1b/jsonb/X-1/m05,W1b/jsonb/X-1,W1b,W1b,jsonb,jsonb,X-1,head-to-head,measured,5,1,True,False,,True,18.618,0.074472,,0.105,20.811,1.178,22.094,47.421,,,,876992,877032,40.0,1754.0,58.0,873392.0,0.0,1.0,0.0,1.0020000000004075,0.0,,,,,,,5647.0,47.0,0.0,52.0,0.0,0.0,0.8810000000003129,0.0,250.0,0.0,0.0,0.0,9750,0,7643136,8052736,409600.0,983,24576,8192,0,0,0.0,0.0,0,475136,491520,16384,"{""access_log_jsonb_w_i1a_record_validity"":57344,""access_log_jsonb_w_i1b_entity_type_code"":65536,""access_log_jsonb_w_i1c_status_code"":57344,""access_log_jsonb_w_i1d_latitude_degrees"":139264,""access_log_jsonb_w_i1e_event_timestamp_utc"":172032,""access_log_jsonb_w_pkey"":122880}",2743,2880,0,0,6853343,7219683,,,,0,4,DO loop (250 single-row INSERT)
1,W1b/json/X-0/m05,W1b/json/X-0,W1b,W1b,json,json,X-0,head-to-head,measured,5,1,True,False,,True,4.6,0.0184,,0.096,6.675,0.888,7.659,28.092,,,,558376,558416,40.0,501.0,15.0,555847.0,0.0,1.0,0.0,0.7769999999945867,0.0,,,,,,,3393.0,0.0,0.0,62.0,0.0,0.0,0.7340000000003783,0.0,250.0,0.0,0.0,0.0,9750,0,9732096,10240000,507904.0,1250,24576,8192,0,0,0.0,0.0,0,0,0,0,"{""access_log_json_w_pkey"":122880}",1,1,0,0,8013364,8434066,0,0,0,0,4,DO loop (250 single-row INSERT)
1,W1b/jsonb/X-0/m05,W1b/jsonb/X-0,W1b,W1b,jsonb,jsonb,X-0,head-to-head,measured,5,1,True,False,,True,12.941,0.051764000000000004,,0.178,15.119,0.757,16.054000000000002,38.215,,,,500608,500648,40.0,501.0,14.0,498314.0,0.0,1.0,0.0,0.6569999999992433,0.0,,,,,,,3153.0,0.0,0.0,50.0,0.0,0.0,0.6749999999992724,0.0,250.0,0.0,0.0,0.0,9750,0,7643136,8052736,409600.0,983,24576,8192,0,0,0.0,0.0,0,0,0,0,"{""access_log_jsonb_w_pkey"":122880}",2743,2880,0,0,6853343,7219683,,,,0,4,DO loop (250 single-row INSERT)
1,W1b/json/X-0/m06,W1b/json/X-0,W1b,W1b,json,json,X-0,head-to-head,measured,6,1,True,False,,True,5.264,0.021056000000000002,,0.104,7.539,2.004,9.647,30.32,,,,558392,558432,40.0,501.0,15.0,555847.0,0.0,2.0,0.0,1.0610000000015134,0.0,,,,,,,3393.0,0.0,0.0,62.0,0.0,0.0,0.8580000000001746,0.0,250.0,0.0,0.0,0.0,9750,0,9732096,10240000,507904.0,1250,24576,8192,0,0,0.0,0.0,0,0,0,0,"{""access_log_json_w_pkey"":122880}",1,1,0,0,8013364,8434066,0,0,0,0,4,DO loop (250 single-row INSERT)
1,W1b/jsonb/X-0/m06,W1b/jsonb/X-0,W1b,W1b,jsonb,jsonb,X-0,head-to-head,measured,6,1,True,False,,True,14.013,0.056052,,0.13,16.576,0.47,17.176,40.106,,,,500608,500648,40.0,501.0,14.0,498314.0,0.0,2.0,0.0,0.3260000000009313,0.0,,,,,,,3147.0,0.0,0.0,50.0,0.0,0.0,0.8239999999996144,0.0,250.0,0.0,0.0,0.0,9750,0,7643136,8052736,409600.0,983,24576,8192,0,0,0.0,0.0,0,0,0,0,"{""access_log_jsonb_w_pkey"":122880}",2743,2880,0,0,6853343,7219683,,,,0,4,DO loop (250 single-row INSERT)
1,W1b/json/X-1/m06,W1b/json/X-1,W1b,W1b,json,json,X-1,head-to-head,measured,6,1,True,False,,True,33.623,0.134492,,0.099,36.059,1.445,37.602999999999994,61.135,,,,956992,957032,40.0,1755.0,63.0,958505.0,0.0,1.0,0.0,1.2810000000026776,0.0,,,,,,,5885.0,50.0,0.0,64.0,0.0,0.0,1.0799999999999272,0.0,250.0,0.0,0.0,0.0,9750,0,9732096,10240000,507904.0,1250,24576,8192,0,0,0.0,0.0,0,475136,491520,16384,"{""access_log_json_w_i1a_record_validity"":57344,""access_log_json_w_i1b_entity_type_code"":65536,""access_log_json_w_i1c_status_code"":57344,""access_log_json_w_i1d_latitude_degrees"":139264,""access_log_json_w_i1e_event_timestamp_utc"":172032,""access_log_json_w_pkey"":122880}",1,1,0,0,8013364,8434066,0,0,0,0,4,DO loop (250 single-row INSERT)
1,W1b/jsonb/X-1/m06,W1b/jsonb/X-1,W1b,W1b,jsonb,jsonb,X-1,head-to-head,measured,6,1,True,False,,True,17.5,0.07,,0.082,19.752,1.273,21.107,46.769,,,,876992,877032,40.0,1754.0,58.0,873392.0,0.0,1.0,0.0,1.125,0.0,,,,,,,5647.0,47.0,0.0,52.0,0.0,0.0,0.7240000000001601,0.0,250.0,0.0,0.0,0.0,9750,0,7643136,8052736,409600.0,983,24576,8192,0,0,0.0,0.0,0,475136,491520,16384,"{""access_log_jsonb_w_i1a_record_validity"":57344,""access_log_jsonb_w_i1b_entity_type_code"":65536,""access_log_jsonb_w_i1c_status_code"":57344,""access_log_jsonb_w_i1d_latitude_degrees"":139264,""access_log_jsonb_w_i1e_event_timestamp_utc"":172032,""access_log_jsonb_w_pkey"":122880}",2743,2880,0,0,6853343,7219683,,,,0,4,DO loop (250 single-row INSERT)
1,W1b/jsonb/X-4/m06,W1b/jsonb/X-4,W1b,W1b,jsonb,jsonb,X-4,separate: GIN (jsonb only),measured,6,1,True,False,,True,41.816,0.16726400000000002,,0.101,44.326,11.763,56.19,80.642,,,,1675848,1675888,40.0,2384.0,58.0,1668660.0,0.0,1.0,0.0,11.580000000001746,0.0,,,,,,,6657.0,47.0,0.0,182.0,0.0,0.0,2.5219999999999345,0.0,250.0,0.0,0.0,0.0,5000,0,7643136,8052736,409600.0,983,24576,8192,0,0,0.0,0.0,0,8380416,9461760,1081344,"{""access_log_jsonb_w_i1a_record_validity"":57344,""access_log_jsonb_w_i1b_entity_type_code"":65536,""access_log_jsonb_w_i1c_status_code"":57344,""access_log_jsonb_w_i1d_latitude_degrees"":139264,""access_log_jsonb_w_i1e_event_timestamp_utc"":172032,""access_log_jsonb_w_i2_gin_jsonb_ops"":4988928,""access_log_jsonb_w_i3_gin_jsonb_path_ops"":3981312,""access_log_jsonb_w_pkey"":122880}",2743,2880,0,0,6853343,7219683,,,,0,4,DO loop (250 single-row INSERT)
1,W1b/jsonb/X-4/m07,W1b/jsonb/X-4,W1b,W1b,jsonb,jsonb,X-4,separate: GIN (jsonb only),measured,7,1,True,False,,True,45.696,0.182784,,0.103,48.085,11.476,59.664,84.593,,,,1675848,1675888,40.0,2384.0,58.0,1668660.0,0.0,2.0,0.0,11.24199999999837,0.0,,,,,,,6659.0,47.0,0.0,182.0,0.0,0.0,2.9570000000003347,0.0,250.0,0.0,0.0,0.0,5000,0,7643136,8052736,409600.0,983,24576,8192,0,0,0.0,0.0,0,8380416,9461760,1081344,"{""access_log_jsonb_w_i1a_record_validity"":57344,""access_log_jsonb_w_i1b_entity_type_code"":65536,""access_log_jsonb_w_i1c_status_code"":57344,""access_log_jsonb_w_i1d_latitude_degrees"":139264,""access_log_jsonb_w_i1e_event_timestamp_utc"":172032,""access_log_jsonb_w_i2_gin_jsonb_ops"":4988928,""access_log_jsonb_w_i3_gin_jsonb_path_ops"":3981312,""access_log_jsonb_w_pkey"":122880}",2743,2880,0,0,6853343,7219683,,,,0,4,DO loop (250 single-row INSERT)
1,W1b/jsonb/X-1/m07,W1b/jsonb/X-1,W1b,W1b,jsonb,jsonb,X-1,head-to-head,measured,7,1,True,False,,True,18.004,0.07201600000000001,,0.084,20.396,1.249,21.729,44.859,,,,876992,877032,40.0,1754.0,58.0,873392.0,0.0,1.0,0.0,1.09599999999773,0.0,,,,,,,5645.0,47.0,0.0,52.0,0.0,0.0,0.7860000000000582,0.0,250.0,0.0,0.0,0.0,9750,0,7643136,8052736,409600.0,983,24576,8192,0,0,0.0,0.0,0,475136,491520,16384,"{""access_log_jsonb_w_i1a_record_validity"":57344,""access_log_jsonb_w_i1b_entity_type_code"":65536,""access_log_jsonb_w_i1c_status_code"":57344,""access_log_jsonb_w_i1d_latitude_degrees"":139264,""access_log_jsonb_w_i1e_event_timestamp_utc"":172032,""access_log_jsonb_w_pkey"":122880}",2743,2880,0,0,6853343,7219683,,,,0,4,DO loop (250 single-row INSERT)
1,W1b/json/X-1/m07,W1b/json/X-1,W1b,W1b,json,json,X-1,head-to-head,measured,7,1,True,False,,True,32.986,0.13194399999999998,,0.099,35.252,0.526,35.877,59.684,,,,957016,957056,40.0,1754.0,62.0,953092.0,0.0,2.0,0.0,0.3929999999963911,0.0,,,,,,,5885.0,50.0,0.0,64.0,0.0,0.0,0.9169999999994616,0.0,250.0,0.0,0.0,0.0,9750,0,9732096,10240000,507904.0,1250,24576,8192,0,0,0.0,0.0,0,475136,491520,16384,"{""access_log_json_w_i1a_record_validity"":57344,""access_log_json_w_i1b_entity_type_code"":65536,""access_log_json_w_i1c_status_code"":57344,""access_log_json_w_i1d_latitude_degrees"":139264,""access_log_json_w_i1e_event_timestamp_utc"":172032,""access_log_json_w_pkey"":122880}",1,1,0,0,8013364,8434066,0,0,0,0,4,DO loop (250 single-row INSERT)
1,W1b/jsonb/X-0/m07,W1b/jsonb/X-0,W1b,W1b,jsonb,jsonb,X-0,head-to-head,measured,7,1,True,False,,True,12.219,0.048875999999999996,,0.084,14.339,0.892,15.315,37.794,,,,500608,500648,40.0,501.0,14.0,498314.0,0.0,1.0,0.0,0.7309999999997672,0.0,,,,,,,3147.0,0.0,0.0,50.0,0.0,0.0,0.6350000000002183,0.0,250.0,0.0,0.0,0.0,9750,0,7643136,8052736,409600.0,983,24576,8192,0,0,0.0,0.0,0,0,0,0,"{""access_log_jsonb_w_pkey"":122880}",2743,2880,0,0,6853343,7219683,,,,0,4,DO loop (250 single-row INSERT)
1,W1b/json/X-0/m07,W1b/json/X-0,W1b,W1b,json,json,X-0,head-to-head,measured,7,1,True,False,,True,4.756,0.019024,,0.102,6.967,1.352,8.421,27.837,,,,558376,558416,40.0,501.0,15.0,555847.0,0.0,1.0,0.0,1.1779999999998836,0.0,,,,,,,3399.0,0.0,0.0,62.0,0.0,0.0,0.761000000000422,0.0,250.0,0.0,0.0,0.0,9750,0,9732096,10240000,507904.0,1250,24576,8192,0,0,0.0,0.0,0,0,0,0,"{""access_log_json_w_pkey"":122880}",1,1,0,0,8013364,8434066,0,0,0,0,4,DO loop (250 single-row INSERT)
1,W1b/jsonb/X-0/m08,W1b/jsonb/X-0,W1b,W1b,jsonb,jsonb,X-0,head-to-head,measured,8,1,True,False,,True,12.468,0.049872,,0.103,14.704,0.497,15.304,38.785,,,,500608,500648,40.0,501.0,14.0,498314.0,0.0,2.0,0.0,0.35499999999592546,0.0,,,,,,,3147.0,0.0,0.0,50.0,0.0,0.0,0.6620000000002619,0.0,250.0,0.0,0.0,0.0,9750,0,7643136,8052736,409600.0,983,24576,8192,0,0,0.0,0.0,0,0,0,0,"{""access_log_jsonb_w_pkey"":122880}",2743,2880,0,0,6853343,7219683,,,,0,4,DO loop (250 single-row INSERT)
1,W1b/json/X-0/m08,W1b/json/X-0,W1b,W1b,json,json,X-0,head-to-head,measured,8,1,True,False,,True,4.705,0.01882,,0.101,6.878,1.002,7.981,29.215,,,,558400,558440,40.0,502.0,16.0,561272.0,0.0,1.0,0.0,0.8869999999951688,0.0,,,,,,,3393.0,0.0,0.0,62.0,0.0,0.0,0.7190000000000509,0.0,250.0,0.0,0.0,0.0,9750,0,9732096,10240000,507904.0,1250,24576,8192,0,0,0.0,0.0,0,0,0,0,"{""access_log_json_w_pkey"":122880}",1,1,0,0,8013364,8434066,0,0,0,0,4,DO loop (250 single-row INSERT)
1,W1b/jsonb/X-1/m08,W1b/jsonb/X-1,W1b,W1b,jsonb,jsonb,X-1,head-to-head,measured,8,1,True,False,,True,18.684,0.07473600000000001,,0.1,21.127,3.17,24.397,48.58,,,,877008,877048,40.0,1754.0,58.0,873392.0,0.0,2.0,0.0,1.871000000006461,0.0,,,,,,,5647.0,47.0,0.0,52.0,0.0,0.0,0.8519999999998618,0.0,250.0,0.0,0.0,0.0,9750,0,7643136,8052736,409600.0,983,24576,8192,0,0,0.0,0.0,0,475136,491520,16384,"{""access_log_jsonb_w_i1a_record_validity"":57344,""access_log_jsonb_w_i1b_entity_type_code"":65536,""access_log_jsonb_w_i1c_status_code"":57344,""access_log_jsonb_w_i1d_latitude_degrees"":139264,""access_log_jsonb_w_i1e_event_timestamp_utc"":172032,""access_log_jsonb_w_pkey"":122880}",2743,2880,0,0,6853343,7219683,,,,0,4,DO loop (250 single-row INSERT)
1,W1b/json/X-1/m08,W1b/json/X-1,W1b,W1b,json,json,X-1,head-to-head,measured,8,1,True,False,,True,32.509,0.130036,,0.097,34.652,1.177,35.926,60.792,,,,956992,957032,40.0,1754.0,62.0,953092.0,0.0,1.0,0.0,1.0119999999951688,0.0,,,,,,,5885.0,50.0,0.0,64.0,0.0,0.0,0.9480000000003201,0.0,250.0,0.0,0.0,0.0,9750,0,9732096,10240000,507904.0,1250,24576,8192,0,0,0.0,0.0,0,475136,491520,16384,"{""access_log_json_w_i1a_record_validity"":57344,""access_log_json_w_i1b_entity_type_code"":65536,""access_log_json_w_i1c_status_code"":57344,""access_log_json_w_i1d_latitude_degrees"":139264,""access_log_json_w_i1e_event_timestamp_utc"":172032,""access_log_json_w_pkey"":122880}",1,1,0,0,8013364,8434066,0,0,0,0,4,DO loop (250 single-row INSERT)
1,W1b/jsonb/X-4/m08,W1b/jsonb/X-4,W1b,W1b,jsonb,jsonb,X-4,separate: GIN (jsonb only),measured,8,1,True,False,,True,43.742,0.17496799999999998,,0.102,46.41,11.909,58.42099999999999,83.068,,,,1675872,1675912,40.0,2384.0,58.0,1668660.0,0.0,1.0,0.0,11.682999999997264,0.0,,,,,,,6657.0,47.0,0.0,182.0,0.0,0.0,2.5029999999997017,0.0,250.0,0.0,0.0,0.0,5000,0,7643136,8052736,409600.0,983,24576,8192,0,0,0.0,0.0,0,8380416,9461760,1081344,"{""access_log_jsonb_w_i1a_record_validity"":57344,""access_log_jsonb_w_i1b_entity_type_code"":65536,""access_log_jsonb_w_i1c_status_code"":57344,""access_log_jsonb_w_i1d_latitude_degrees"":139264,""access_log_jsonb_w_i1e_event_timestamp_utc"":172032,""access_log_jsonb_w_i2_gin_jsonb_ops"":4988928,""access_log_jsonb_w_i3_gin_jsonb_path_ops"":3981312,""access_log_jsonb_w_pkey"":122880}",2743,2880,0,0,6853343,7219683,,,,0,4,DO loop (250 single-row INSERT)
1,W1b/jsonb/X-4/m09,W1b/jsonb/X-4,W1b,W1b,jsonb,jsonb,X-4,separate: GIN (jsonb only),measured,9,1,True,False,,True,42.097,0.168388,,0.098,44.296,2.164,46.558,72.662,,,,1675872,1675912,40.0,2384.0,58.0,1668660.0,0.0,2.0,0.0,1.97099999999773,0.0,,,,,,,6657.0,47.0,0.0,182.0,0.0,0.0,3.0850000000000364,0.0,250.0,0.0,0.0,0.0,5000,0,7643136,8052736,409600.0,983,24576,8192,0,0,0.0,0.0,0,8380416,9461760,1081344,"{""access_log_jsonb_w_i1a_record_validity"":57344,""access_log_jsonb_w_i1b_entity_type_code"":65536,""access_log_jsonb_w_i1c_status_code"":57344,""access_log_jsonb_w_i1d_latitude_degrees"":139264,""access_log_jsonb_w_i1e_event_timestamp_utc"":172032,""access_log_jsonb_w_i2_gin_jsonb_ops"":4988928,""access_log_jsonb_w_i3_gin_jsonb_path_ops"":3981312,""access_log_jsonb_w_pkey"":122880}",2743,2880,0,0,6853343,7219683,,,,0,4,DO loop (250 single-row INSERT)
1,W1b/json/X-1/m09,W1b/json/X-1,W1b,W1b,json,json,X-1,head-to-head,measured,9,1,True,False,,True,33.037,0.132148,,0.104,35.266,11.357,46.727,75.602,,,,957016,957056,40.0,1754.0,62.0,953092.0,0.0,1.0,0.0,11.163999999997031,0.0,,,,,,,5885.0,50.0,0.0,64.0,0.0,0.0,1.0210000000006403,0.0,250.0,0.0,0.0,0.0,9750,0,9732096,10240000,507904.0,1250,24576,8192,0,0,0.0,0.0,0,475136,491520,16384,"{""access_log_json_w_i1a_record_validity"":57344,""access_log_json_w_i1b_entity_type_code"":65536,""access_log_json_w_i1c_status_code"":57344,""access_log_json_w_i1d_latitude_degrees"":139264,""access_log_json_w_i1e_event_timestamp_utc"":172032,""access_log_json_w_pkey"":122880}",1,1,0,0,8013364,8434066,0,0,0,0,4,DO loop (250 single-row INSERT)
1,W1b/jsonb/X-1/m09,W1b/jsonb/X-1,W1b,W1b,jsonb,jsonb,X-1,head-to-head,measured,9,1,True,False,,True,17.569,0.07027599999999999,,0.09,19.738,1.141,20.969,45.528,,,,876992,877032,40.0,1754.0,58.0,873392.0,0.0,1.0,0.0,0.9959999999991851,0.0,,,,,,,5647.0,47.0,0.0,52.0,0.0,0.0,0.7619999999997162,0.0,250.0,0.0,0.0,0.0,9750,0,7643136,8052736,409600.0,983,24576,8192,0,0,0.0,0.0,0,475136,491520,16384,"{""access_log_jsonb_w_i1a_record_validity"":57344,""access_log_jsonb_w_i1b_entity_type_code"":65536,""access_log_jsonb_w_i1c_status_code"":57344,""access_log_jsonb_w_i1d_latitude_degrees"":139264,""access_log_jsonb_w_i1e_event_timestamp_utc"":172032,""access_log_jsonb_w_pkey"":122880}",2743,2880,0,0,6853343,7219683,,,,0,4,DO loop (250 single-row INSERT)
1,W1b/json/X-0/m09,W1b/json/X-0,W1b,W1b,json,json,X-0,head-to-head,measured,9,1,True,False,,True,5.772,0.023088,,0.098,7.978,0.444,8.520000000000001,30.287,,,,558376,558416,40.0,502.0,16.0,561252.0,0.0,2.0,0.0,0.3260000000009313,0.0,,,,,,,3393.0,0.0,0.0,62.0,0.0,0.0,0.8800000000001091,0.0,250.0,0.0,0.0,0.0,9750,0,9732096,10240000,507904.0,1250,24576,8192,0,0,0.0,0.0,0,0,0,0,"{""access_log_json_w_pkey"":122880}",1,1,0,0,8013364,8434066,0,0,0,0,4,DO loop (250 single-row INSERT)
1,W1b/jsonb/X-0/m09,W1b/jsonb/X-0,W1b,W1b,jsonb,jsonb,X-0,head-to-head,measured,9,1,True,False,,True,12.885,0.05154,,0.099,15.001,0.969,16.069,38.984,,,,500632,500672,40.0,501.0,14.0,498314.0,0.0,1.0,0.0,0.8209999999962747,0.0,,,,,,,3153.0,0.0,0.0,50.0,0.0,0.0,0.8300000000008367,0.0,250.0,0.0,0.0,0.0,9750,0,7643136,8052736,409600.0,983,24576,8192,0,0,0.0,0.0,0,0,0,0,"{""access_log_jsonb_w_pkey"":122880}",2743,2880,0,0,6853343,7219683,,,,0,4,DO loop (250 single-row INSERT)
1,W1b/json/X-0/m10,W1b/json/X-0,W1b,W1b,json,json,X-0,head-to-head,measured,10,1,True,False,,True,5.067,0.020268,,0.093,7.566,2.086,9.745,31.754,,,,558392,558432,40.0,501.0,15.0,555847.0,0.0,2.0,0.0,1.0780000000013388,0.0,,,,,,,3393.0,0.0,0.0,62.0,0.0,0.0,0.7489999999997963,0.0,250.0,0.0,0.0,0.0,9750,0,9732096,10240000,507904.0,1250,24576,8192,0,0,0.0,0.0,0,0,0,0,"{""access_log_json_w_pkey"":122880}",1,1,0,0,8013364,8434066,0,0,0,0,4,DO loop (250 single-row INSERT)
1,W1b/jsonb/X-0/m10,W1b/jsonb/X-0,W1b,W1b,jsonb,jsonb,X-0,head-to-head,measured,10,1,True,False,,True,11.949,0.047796,,0.101,14.043,0.968,15.112,36.246,,,,500608,500648,40.0,501.0,14.0,498314.0,0.0,2.0,0.0,0.8120000000053551,0.0,,,,,,,3147.0,0.0,0.0,50.0,0.0,0.0,0.6170000000001892,0.0,250.0,0.0,0.0,0.0,9750,0,7643136,8052736,409600.0,983,24576,8192,0,0,0.0,0.0,0,0,0,0,"{""access_log_jsonb_w_pkey"":122880}",2743,2880,0,0,6853343,7219683,,,,0,4,DO loop (250 single-row INSERT)
1,W1b/json/X-1/m10,W1b/json/X-1,W1b,W1b,json,json,X-1,head-to-head,measured,10,1,True,False,,True,36.821,0.147284,,0.105,39.348,1.309,40.76199999999999,64.991,,,,957016,957056,40.0,1754.0,62.0,953092.0,0.0,1.0,0.0,1.1659999999974389,0.0,,,,,,,5885.0,50.0,0.0,64.0,0.0,0.0,1.332999999999629,0.0,250.0,0.0,0.0,0.0,9750,0,9732096,10240000,507904.0,1250,24576,8192,0,0,0.0,0.0,0,475136,491520,16384,"{""access_log_json_w_i1a_record_validity"":57344,""access_log_json_w_i1b_entity_type_code"":65536,""access_log_json_w_i1c_status_code"":57344,""access_log_json_w_i1d_latitude_degrees"":139264,""access_log_json_w_i1e_event_timestamp_utc"":172032,""access_log_json_w_pkey"":122880}",1,1,0,0,8013364,8434066,0,0,0,0,4,DO loop (250 single-row INSERT)
1,W1b/jsonb/X-1/m10,W1b/jsonb/X-1,W1b,W1b,jsonb,jsonb,X-1,head-to-head,measured,10,1,True,False,,True,18.164,0.07265600000000001,,0.115,20.568,1.225,21.908,46.393,,,,876992,877032,40.0,1754.0,58.0,873392.0,0.0,1.0,0.0,1.0429999999978463,0.0,,,,,,,5647.0,47.0,0.0,52.0,0.0,0.0,0.8139999999993961,0.0,250.0,0.0,0.0,0.0,9750,0,7643136,8052736,409600.0,983,24576,8192,0,0,0.0,0.0,0,475136,491520,16384,"{""access_log_jsonb_w_i1a_record_validity"":57344,""access_log_jsonb_w_i1b_entity_type_code"":65536,""access_log_jsonb_w_i1c_status_code"":57344,""access_log_jsonb_w_i1d_latitude_degrees"":139264,""access_log_jsonb_w_i1e_event_timestamp_utc"":172032,""access_log_jsonb_w_pkey"":122880}",2743,2880,0,0,6853343,7219683,,,,0,4,DO loop (250 single-row INSERT)
1,W1b/jsonb/X-4/m10,W1b/jsonb/X-4,W1b,W1b,jsonb,jsonb,X-4,separate: GIN (jsonb only),measured,10,1,True,False,,True,47.336,0.18934399999999998,,0.105,49.849,0.763,50.71699999999999,75.594,,,,1675872,1675912,40.0,2384.0,58.0,1668660.0,0.0,2.0,0.0,0.591999999996915,0.0,,,,,,,6659.0,47.0,0.0,182.0,0.0,0.0,2.719000000000051,0.0,250.0,0.0,0.0,0.0,5000,0,7643136,8052736,409600.0,983,24576,8192,0,0,0.0,0.0,0,8380416,9461760,1081344,"{""access_log_jsonb_w_i1a_record_validity"":57344,""access_log_jsonb_w_i1b_entity_type_code"":65536,""access_log_jsonb_w_i1c_status_code"":57344,""access_log_jsonb_w_i1d_latitude_degrees"":139264,""access_log_jsonb_w_i1e_event_timestamp_utc"":172032,""access_log_jsonb_w_i2_gin_jsonb_ops"":4988928,""access_log_jsonb_w_i3_gin_jsonb_path_ops"":3981312,""access_log_jsonb_w_pkey"":122880}",2743,2880,0,0,6853343,7219683,,,,0,4,DO loop (250 single-row INSERT)
1,W1b/jsonb/X-4/m11,W1b/jsonb/X-4,W1b,W1b,jsonb,jsonb,X-4,separate: GIN (jsonb only),measured,11,1,True,False,,True,44.212,0.176848,,0.085,46.971,2.249,49.305,78.15,,,,1675872,1675912,40.0,2384.0,58.0,1668660.0,0.0,2.0,0.0,2.0899999999965075,0.0,,,,,,,6657.0,47.0,0.0,182.0,0.0,0.0,2.8950000000004366,0.0,250.0,0.0,0.0,0.0,5000,0,7643136,8052736,409600.0,983,24576,8192,0,0,0.0,0.0,0,8380416,9461760,1081344,"{""access_log_jsonb_w_i1a_record_validity"":57344,""access_log_jsonb_w_i1b_entity_type_code"":65536,""access_log_jsonb_w_i1c_status_code"":57344,""access_log_jsonb_w_i1d_latitude_degrees"":139264,""access_log_jsonb_w_i1e_event_timestamp_utc"":172032,""access_log_jsonb_w_i2_gin_jsonb_ops"":4988928,""access_log_jsonb_w_i3_gin_jsonb_path_ops"":3981312,""access_log_jsonb_w_pkey"":122880}",2743,2880,0,0,6853343,7219683,,,,0,4,DO loop (250 single-row INSERT)
1,W1b/jsonb/X-1/m11,W1b/jsonb/X-1,W1b,W1b,jsonb,jsonb,X-1,head-to-head,measured,11,1,True,False,,True,20.178,0.080712,,0.089,22.777,1.276,24.142,60.217,,,,876992,877032,40.0,1754.0,58.0,873392.0,0.0,1.0,0.0,1.1300000000046566,0.0,,,,,,,5647.0,47.0,0.0,52.0,0.0,0.0,1.2550000000001091,0.0,250.0,0.0,0.0,0.0,9750,0,7643136,8052736,409600.0,983,24576,8192,0,0,0.0,0.0,0,475136,491520,16384,"{""access_log_jsonb_w_i1a_record_validity"":57344,""access_log_jsonb_w_i1b_entity_type_code"":65536,""access_log_jsonb_w_i1c_status_code"":57344,""access_log_jsonb_w_i1d_latitude_degrees"":139264,""access_log_jsonb_w_i1e_event_timestamp_utc"":172032,""access_log_jsonb_w_pkey"":122880}",2743,2880,0,0,6853343,7219683,,,,0,4,DO loop (250 single-row INSERT)
1,W1b/json/X-1/m11,W1b/json/X-1,W1b,W1b,json,json,X-1,head-to-head,measured,11,1,True,False,,True,34.333,0.13733199999999998,,0.085,36.533,1.374,37.992000000000004,60.171,,,,957016,957056,40.0,1755.0,63.0,958517.0,0.0,1.0,0.0,1.2149999999965075,0.0,,,,,,,5885.0,50.0,0.0,64.0,0.0,0.0,1.1239999999997963,0.0,250.0,0.0,0.0,0.0,9750,0,9732096,10240000,507904.0,1250,24576,8192,0,0,0.0,0.0,0,475136,491520,16384,"{""access_log_json_w_i1a_record_validity"":57344,""access_log_json_w_i1b_entity_type_code"":65536,""access_log_json_w_i1c_status_code"":57344,""access_log_json_w_i1d_latitude_degrees"":139264,""access_log_json_w_i1e_event_timestamp_utc"":172032,""access_log_json_w_pkey"":122880}",1,1,0,0,8013364,8434066,0,0,0,0,4,DO loop (250 single-row INSERT)
1,W1b/jsonb/X-0/m11,W1b/jsonb/X-0,W1b,W1b,jsonb,jsonb,X-0,head-to-head,measured,11,1,True,False,,True,12.449,0.049796,,0.095,14.547,0.843,15.485000000000001,36.949,,,,500608,500648,40.0,501.0,14.0,498314.0,0.0,1.0,0.0,0.6850000000049477,0.0,,,,,,,3147.0,0.0,0.0,50.0,0.0,0.0,0.6149999999997817,0.0,250.0,0.0,0.0,0.0,9750,0,7643136,8052736,409600.0,983,24576,8192,0,0,0.0,0.0,0,0,0,0,"{""access_log_jsonb_w_pkey"":122880}",2743,2880,0,0,6853343,7219683,,,,0,4,DO loop (250 single-row INSERT)
1,W1b/json/X-0/m11,W1b/json/X-0,W1b,W1b,json,json,X-0,head-to-head,measured,11,1,True,False,,True,4.622,0.018488,,0.096,6.774,0.887,7.757,28.17,,,,558376,558416,40.0,501.0,15.0,555847.0,0.0,1.0,0.0,0.7910000000047148,0.0,,,,,,,3400.0,0.0,0.0,62.0,0.0,0.0,0.7080000000005384,0.0,250.0,0.0,0.0,0.0,9750,0,9732096,10240000,507904.0,1250,24576,8192,0,0,0.0,0.0,0,0,0,0,"{""access_log_json_w_pkey"":122880}",1,1,0,0,8013364,8434066,0,0,0,0,4,DO loop (250 single-row INSERT)
1,W1b/jsonb/X-0/m12,W1b/jsonb/X-0,W1b,W1b,jsonb,jsonb,X-0,head-to-head,measured,12,1,False,True,autovacuum-worker|wal-counter-inconsistent|wal-foreign-activity,True,13.695,0.05478,,0.316,15.974,0.45,16.74,41.567,,,,504712,585384,80672.0,501.0,14.0,498314.0,0.0,2.0,0.0,0.29399999999441206,0.0,,,,,,,3154.0,0.0,0.0,50.0,0.0,0.0,0.6789999999991778,0.0,250.0,0.0,0.0,0.0,9750,0,7643136,8052736,409600.0,983,24576,8192,0,0,0.0,0.0,0,0,0,0,"{""access_log_jsonb_w_pkey"":122880}",2743,2880,0,0,6853343,7219683,,,,0,4,DO loop (250 single-row INSERT)
1,W1b/jsonb/X-0/m12,W1b/jsonb/X-0,W1b,W1b,jsonb,jsonb,X-0,head-to-head,measured,12,2,True,False,,True,13.062,0.052247999999999996,,0.094,15.279,0.845,16.218,40.259,,,,500608,500648,40.0,501.0,14.0,498314.0,0.0,1.0,0.0,0.6899999999950523,0.0,,,,,,,3159.0,0.0,0.0,50.0,0.0,0.0,0.6620000000002619,0.0,250.0,0.0,0.0,0.0,9750,0,7643136,8052736,409600.0,983,24576,8192,0,0,0.0,0.0,0,0,0,0,"{""access_log_jsonb_w_pkey"":122880}",2743,2880,0,0,6853343,7219683,,,,0,4,DO loop (250 single-row INSERT)
1,W1b/json/X-0/m12,W1b/json/X-0,W1b,W1b,json,json,X-0,head-to-head,measured,12,1,True,False,,True,5.757,0.023028,,0.107,8.0,0.825,8.931999999999999,29.096,,,,558400,558440,40.0,502.0,16.0,561256.0,0.0,2.0,0.0,0.6569999999992433,0.0,,,,,,,3394.0,0.0,0.0,62.0,0.0,0.0,0.875,0.0,250.0,0.0,0.0,0.0,9750,0,9732096,10240000,507904.0,1250,24576,8192,0,0,0.0,0.0,0,0,0,0,"{""access_log_json_w_pkey"":122880}",1,1,0,0,8013364,8434066,0,0,0,0,4,DO loop (250 single-row INSERT)
1,W1b/jsonb/X-1/m12,W1b/jsonb/X-1,W1b,W1b,jsonb,jsonb,X-1,head-to-head,measured,12,1,True,False,,True,18.367,0.073468,,0.104,20.804,1.343,22.250999999999998,49.843,,,,876992,877032,40.0,1754.0,58.0,873392.0,0.0,1.0,0.0,1.1940000000031432,0.0,,,,,,,5647.0,47.0,0.0,52.0,0.0,0.0,0.9589999999998327,0.0,250.0,0.0,0.0,0.0,9750,0,7643136,8052736,409600.0,983,24576,8192,0,0,0.0,0.0,0,475136,491520,16384,"{""access_log_jsonb_w_i1a_record_validity"":57344,""access_log_jsonb_w_i1b_entity_type_code"":65536,""access_log_jsonb_w_i1c_status_code"":57344,""access_log_jsonb_w_i1d_latitude_degrees"":139264,""access_log_jsonb_w_i1e_event_timestamp_utc"":172032,""access_log_jsonb_w_pkey"":122880}",2743,2880,0,0,6853343,7219683,,,,0,4,DO loop (250 single-row INSERT)
1,W1b/json/X-1/m12,W1b/json/X-1,W1b,W1b,json,json,X-1,head-to-head,measured,12,1,True,False,,True,32.346,0.129384,,0.101,34.511,0.449,35.061,62.372,,,,957016,957056,40.0,1754.0,62.0,953092.0,0.0,2.0,0.0,0.3019999999960419,0.0,,,,,,,5890.0,50.0,0.0,64.0,0.0,0.0,0.9719999999997526,0.0,250.0,0.0,0.0,0.0,9750,0,9732096,10240000,507904.0,1250,24576,8192,0,0,0.0,0.0,0,475136,491520,16384,"{""access_log_json_w_i1a_record_validity"":57344,""access_log_json_w_i1b_entity_type_code"":65536,""access_log_json_w_i1c_status_code"":57344,""access_log_json_w_i1d_latitude_degrees"":139264,""access_log_json_w_i1e_event_timestamp_utc"":172032,""access_log_json_w_pkey"":122880}",1,1,0,0,8013364,8434066,0,0,0,0,4,DO loop (250 single-row INSERT)
1,W1b/jsonb/X-4/m12,W1b/jsonb/X-4,W1b,W1b,jsonb,jsonb,X-4,separate: GIN (jsonb only),measured,12,1,True,False,,True,44.534,0.178136,,0.086,46.781,0.928,47.794999999999995,72.297,,,,1675848,1675888,40.0,2384.0,58.0,1668660.0,0.0,2.0,0.0,0.7809999999954016,0.0,,,,,,,6659.0,47.0,0.0,182.0,0.0,0.0,3.3869999999997162,0.0,250.0,0.0,0.0,0.0,5000,0,7643136,8052736,409600.0,983,24576,8192,0,0,0.0,0.0,0,8380416,9461760,1081344,"{""access_log_jsonb_w_i1a_record_validity"":57344,""access_log_jsonb_w_i1b_entity_type_code"":65536,""access_log_jsonb_w_i1c_status_code"":57344,""access_log_jsonb_w_i1d_latitude_degrees"":139264,""access_log_jsonb_w_i1e_event_timestamp_utc"":172032,""access_log_jsonb_w_i2_gin_jsonb_ops"":4988928,""access_log_jsonb_w_i3_gin_jsonb_path_ops"":3981312,""access_log_jsonb_w_pkey"":122880}",2743,2880,0,0,6853343,7219683,,,,0,4,DO loop (250 single-row INSERT)
1,W1b/jsonb/X-4/m13,W1b/jsonb/X-4,W1b,W1b,jsonb,jsonb,X-4,separate: GIN (jsonb only),measured,13,1,True,False,,True,55.058,0.220232,,0.124,58.018,3.011,61.153000000000006,93.774,,,,1675872,1675912,40.0,2385.0,59.0,1675465.0,0.0,2.0,0.0,2.8400000000037835,0.0,,,,,,,6657.0,47.0,0.0,182.0,0.0,0.0,3.0720000000001164,0.0,250.0,0.0,0.0,0.0,5000,0,7643136,8052736,409600.0,983,24576,8192,0,0,0.0,0.0,0,8380416,9461760,1081344,"{""access_log_jsonb_w_i1a_record_validity"":57344,""access_log_jsonb_w_i1b_entity_type_code"":65536,""access_log_jsonb_w_i1c_status_code"":57344,""access_log_jsonb_w_i1d_latitude_degrees"":139264,""access_log_jsonb_w_i1e_event_timestamp_utc"":172032,""access_log_jsonb_w_i2_gin_jsonb_ops"":4988928,""access_log_jsonb_w_i3_gin_jsonb_path_ops"":3981312,""access_log_jsonb_w_pkey"":122880}",2743,2880,0,0,6853343,7219683,,,,0,4,DO loop (250 single-row INSERT)
1,W1b/json/X-1/m13,W1b/json/X-1,W1b,W1b,json,json,X-1,head-to-head,measured,13,1,True,False,,True,31.569,0.126276,,0.083,33.78,1.088,34.951,58.981,,,,957072,957112,40.0,1755.0,63.0,960409.0,0.0,2.0,0.0,0.9420000000027358,0.0,,,,,,,5890.0,50.0,0.0,64.0,0.0,0.0,0.886000000000422,0.0,250.0,0.0,0.0,0.0,9750,0,9732096,10240000,507904.0,1250,24576,8192,0,0,0.0,0.0,0,475136,491520,16384,"{""access_log_json_w_i1a_record_validity"":57344,""access_log_json_w_i1b_entity_type_code"":65536,""access_log_json_w_i1c_status_code"":57344,""access_log_json_w_i1d_latitude_degrees"":139264,""access_log_json_w_i1e_event_timestamp_utc"":172032,""access_log_json_w_pkey"":122880}",1,1,0,0,8013364,8434066,0,0,0,0,4,DO loop (250 single-row INSERT)
1,W1b/jsonb/X-1/m13,W1b/jsonb/X-1,W1b,W1b,jsonb,jsonb,X-1,head-to-head,measured,13,1,True,False,,True,19.902,0.079608,,0.099,22.46,1.167,23.726000000000003,49.152,,,,876992,877032,40.0,1754.0,58.0,873392.0,0.0,1.0,0.0,1.0060000000012224,0.0,,,,,,,5647.0,47.0,0.0,52.0,0.0,0.0,0.8499999999994543,0.0,250.0,0.0,0.0,0.0,9750,0,7643136,8052736,409600.0,983,24576,8192,0,0,0.0,0.0,0,475136,491520,16384,"{""access_log_jsonb_w_i1a_record_validity"":57344,""access_log_jsonb_w_i1b_entity_type_code"":65536,""access_log_jsonb_w_i1c_status_code"":57344,""access_log_jsonb_w_i1d_latitude_degrees"":139264,""access_log_jsonb_w_i1e_event_timestamp_utc"":172032,""access_log_jsonb_w_pkey"":122880}",2743,2880,0,0,6853343,7219683,,,,0,4,DO loop (250 single-row INSERT)
1,W1b/json/X-0/m13,W1b/json/X-0,W1b,W1b,json,json,X-0,head-to-head,measured,13,1,True,False,,True,5.13,0.02052,,0.128,7.88,1.099,9.107,31.965,,,,558376,558416,40.0,502.0,16.0,561244.0,0.0,2.0,0.0,0.9819999999963329,0.0,,,,,,,3393.0,0.0,0.0,62.0,0.0,0.0,0.8659999999999854,0.0,250.0,0.0,0.0,0.0,9750,0,9732096,10240000,507904.0,1250,24576,8192,0,0,0.0,0.0,0,0,0,0,"{""access_log_json_w_pkey"":122880}",1,1,0,0,8013364,8434066,0,0,0,0,4,DO loop (250 single-row INSERT)
1,W1b/jsonb/X-0/m13,W1b/jsonb/X-0,W1b,W1b,jsonb,jsonb,X-0,head-to-head,measured,13,1,True,False,,True,12.227,0.048908,,0.096,14.407,2.184,16.687,37.818,,,,500624,500664,40.0,501.0,14.0,498314.0,0.0,2.0,0.0,1.1530000000057044,0.0,,,,,,,3154.0,0.0,0.0,50.0,0.0,0.0,0.7049999999999272,0.0,250.0,0.0,0.0,0.0,9750,0,7643136,8052736,409600.0,983,24576,8192,0,0,0.0,0.0,0,0,0,0,"{""access_log_jsonb_w_pkey"":122880}",2743,2880,0,0,6853343,7219683,,,,0,4,DO loop (250 single-row INSERT)
1,W1b/json/X-0/m14,W1b/json/X-0,W1b,W1b,json,json,X-0,head-to-head,measured,14,1,True,False,,True,5.279,0.021116,,0.107,7.721,0.857,8.685,30.578,,,,558376,558416,40.0,501.0,15.0,555847.0,0.0,1.0,0.0,0.7289999999993597,0.0,,,,,,,3393.0,0.0,0.0,62.0,0.0,0.0,0.8240000000005239,0.0,250.0,0.0,0.0,0.0,9750,0,9732096,10240000,507904.0,1250,24576,8192,0,0,0.0,0.0,0,0,0,0,"{""access_log_json_w_pkey"":122880}",1,1,0,0,8013364,8434066,0,0,0,0,4,DO loop (250 single-row INSERT)
1,W1b/jsonb/X-0/m14,W1b/jsonb/X-0,W1b,W1b,jsonb,jsonb,X-0,head-to-head,measured,14,1,True,False,,True,13.955,0.05582,,0.089,16.275,0.892,17.255999999999997,38.449,,,,500608,500648,40.0,501.0,14.0,498314.0,0.0,1.0,0.0,0.7320000000036089,0.0,,,,,,,3147.0,0.0,0.0,50.0,0.0,0.0,0.6900000000005093,0.0,250.0,0.0,0.0,0.0,9750,0,7643136,8052736,409600.0,983,24576,8192,0,0,0.0,0.0,0,0,0,0,"{""access_log_jsonb_w_pkey"":122880}",2743,2880,0,0,6853343,7219683,,,,0,4,DO loop (250 single-row INSERT)
1,W1b/json/X-1/m14,W1b/json/X-1,W1b,W1b,json,json,X-1,head-to-head,measured,14,1,True,False,,True,33.864,0.135456,,0.096,36.077,1.3,37.47299999999999,58.942,,,,957016,957056,40.0,1754.0,62.0,953092.0,0.0,1.0,0.0,1.1300000000046566,0.0,,,,,,,5890.0,50.0,0.0,64.0,0.0,0.0,1.0690000000004147,0.0,250.0,0.0,0.0,0.0,9750,0,9732096,10240000,507904.0,1250,24576,8192,0,0,0.0,0.0,0,475136,491520,16384,"{""access_log_json_w_i1a_record_validity"":57344,""access_log_json_w_i1b_entity_type_code"":65536,""access_log_json_w_i1c_status_code"":57344,""access_log_json_w_i1d_latitude_degrees"":139264,""access_log_json_w_i1e_event_timestamp_utc"":172032,""access_log_json_w_pkey"":122880}",1,1,0,0,8013364,8434066,0,0,0,0,4,DO loop (250 single-row INSERT)
1,W1b/jsonb/X-1/m14,W1b/jsonb/X-1,W1b,W1b,jsonb,jsonb,X-1,head-to-head,measured,14,1,True,False,,True,17.468,0.069872,,0.098,19.719,1.34,21.157,46.523,,,,876992,877032,40.0,1754.0,58.0,873392.0,0.0,1.0,0.0,1.1889999999984866,0.0,,,,,,,5647.0,47.0,0.0,52.0,0.0,0.0,0.7839999999996508,0.0,250.0,0.0,0.0,0.0,9750,0,7643136,8052736,409600.0,983,24576,8192,0,0,0.0,0.0,0,475136,491520,16384,"{""access_log_jsonb_w_i1a_record_validity"":57344,""access_log_jsonb_w_i1b_entity_type_code"":65536,""access_log_jsonb_w_i1c_status_code"":57344,""access_log_jsonb_w_i1d_latitude_degrees"":139264,""access_log_jsonb_w_i1e_event_timestamp_utc"":172032,""access_log_jsonb_w_pkey"":122880}",2743,2880,0,0,6853343,7219683,,,,0,4,DO loop (250 single-row INSERT)
1,W1b/jsonb/X-4/m14,W1b/jsonb/X-4,W1b,W1b,jsonb,jsonb,X-4,separate: GIN (jsonb only),measured,14,1,True,False,,True,42.125,0.1685,,0.099,44.44,4.142,48.681,76.162,,,,1675888,1675928,40.0,2384.0,58.0,1668660.0,0.0,2.0,0.0,2.50800000000163,0.0,,,,,,,6657.0,47.0,0.0,182.0,0.0,0.0,2.540000000000873,0.0,250.0,0.0,0.0,0.0,5000,0,7643136,8052736,409600.0,983,24576,8192,0,0,0.0,0.0,0,8380416,9461760,1081344,"{""access_log_jsonb_w_i1a_record_validity"":57344,""access_log_jsonb_w_i1b_entity_type_code"":65536,""access_log_jsonb_w_i1c_status_code"":57344,""access_log_jsonb_w_i1d_latitude_degrees"":139264,""access_log_jsonb_w_i1e_event_timestamp_utc"":172032,""access_log_jsonb_w_i2_gin_jsonb_ops"":4988928,""access_log_jsonb_w_i3_gin_jsonb_path_ops"":3981312,""access_log_jsonb_w_pkey"":122880}",2743,2880,0,0,6853343,7219683,,,,0,4,DO loop (250 single-row INSERT)
1,W1b/jsonb/X-4/m15,W1b/jsonb/X-4,W1b,W1b,jsonb,jsonb,X-4,separate: GIN (jsonb only),measured,15,1,True,False,,True,81.965,0.32786000000000004,,0.139,85.662,1.975,87.776,129.067,,,,1675872,1675912,40.0,2384.0,58.0,1668660.0,0.0,2.0,0.0,1.7629999999990105,0.0,,,,,,,6659.0,47.0,0.0,182.0,0.0,0.0,4.402999999999338,0.0,250.0,0.0,0.0,0.0,5000,0,7643136,8052736,409600.0,983,24576,8192,0,0,0.0,0.0,0,8380416,9461760,1081344,"{""access_log_jsonb_w_i1a_record_validity"":57344,""access_log_jsonb_w_i1b_entity_type_code"":65536,""access_log_jsonb_w_i1c_status_code"":57344,""access_log_jsonb_w_i1d_latitude_degrees"":139264,""access_log_jsonb_w_i1e_event_timestamp_utc"":172032,""access_log_jsonb_w_i2_gin_jsonb_ops"":4988928,""access_log_jsonb_w_i3_gin_jsonb_path_ops"":3981312,""access_log_jsonb_w_pkey"":122880}",2743,2880,0,0,6853343,7219683,,,,0,4,DO loop (250 single-row INSERT)
1,W1b/jsonb/X-1/m15,W1b/jsonb/X-1,W1b,W1b,jsonb,jsonb,X-1,head-to-head,measured,15,1,True,False,,True,51.407,0.20562799999999998,,0.22,56.999,2.166,59.385,122.817,,,,876992,877032,40.0,1754.0,58.0,873392.0,0.0,1.0,0.0,1.8479999999981374,0.0,,,,,,,5645.0,47.0,0.0,52.0,0.0,0.0,2.225000000000364,0.0,250.0,0.0,0.0,0.0,5000,0,7643136,8052736,409600.0,983,24576,8192,0,0,0.0,0.0,0,475136,491520,16384,"{""access_log_jsonb_w_i1a_record_validity"":57344,""access_log_jsonb_w_i1b_entity_type_code"":65536,""access_log_jsonb_w_i1c_status_code"":57344,""access_log_jsonb_w_i1d_latitude_degrees"":139264,""access_log_jsonb_w_i1e_event_timestamp_utc"":172032,""access_log_jsonb_w_pkey"":122880}",2743,2880,0,0,6853343,7219683,,,,0,4,DO loop (250 single-row INSERT)
1,W1b/json/X-1/m15,W1b/json/X-1,W1b,W1b,json,json,X-1,head-to-head,measured,15,1,True,False,,True,99.792,0.399168,,0.341,106.456,12.299,119.096,193.948,,,,957016,957056,40.0,1755.0,63.0,958521.0,0.0,2.0,0.0,11.891999999999825,0.0,,,,,,,5890.0,50.0,0.0,64.0,0.0,0.0,3.375,0.0,250.0,0.0,0.0,0.0,5000,0,9732096,10240000,507904.0,1250,24576,8192,0,0,0.0,0.0,0,475136,491520,16384,"{""access_log_json_w_i1a_record_validity"":57344,""access_log_json_w_i1b_entity_type_code"":65536,""access_log_json_w_i1c_status_code"":57344,""access_log_json_w_i1d_latitude_degrees"":139264,""access_log_json_w_i1e_event_timestamp_utc"":172032,""access_log_json_w_pkey"":122880}",1,1,0,0,8013364,8434066,0,0,0,0,4,DO loop (250 single-row INSERT)
1,W1b/jsonb/X-0/m15,W1b/jsonb/X-0,W1b,W1b,jsonb,jsonb,X-0,head-to-head,measured,15,1,True,False,,True,41.223,0.16489199999999998,,0.283,48.053,11.816,60.152,130.891,,,,500608,500648,40.0,501.0,14.0,498314.0,0.0,1.0,0.0,11.317999999999302,0.0,,,,,,,3147.0,0.0,0.0,50.0,0.0,0.0,2.4989999999997963,0.0,250.0,0.0,0.0,0.0,5000,0,7643136,8052736,409600.0,983,24576,8192,0,0,0.0,0.0,0,0,0,0,"{""access_log_jsonb_w_pkey"":122880}",2743,2880,0,0,6853343,7219683,,,,0,4,DO loop (250 single-row INSERT)
1,W1b/json/X-0/m15,W1b/json/X-0,W1b,W1b,json,json,X-0,head-to-head,measured,15,1,True,False,,True,16.721,0.066884,,0.312,23.624,9.215,33.150999999999996,99.851,,,,558416,558456,40.0,501.0,15.0,555847.0,0.0,2.0,0.0,6.563999999998487,0.0,,,,,,,3399.0,0.0,0.0,62.0,0.0,0.0,2.563000000000102,0.0,250.0,0.0,0.0,0.0,9750,0,9732096,10240000,507904.0,1250,24576,8192,0,0,0.0,0.0,0,0,0,0,"{""access_log_json_w_pkey"":122880}",1,1,0,0,8013364,8434066,0,0,0,0,4,DO loop (250 single-row INSERT)
1,UA-1/json/X-0/w01,UA-1/json/X-0,UA-1,UA-1,json,json,X-0,head-to-head,warmup,1,1,True,False,,True,20.231,,0.369,0.352,21.839,14.218,36.409,108.939,714,2098202,239,,2119136,20934,715.0,239.0,2098236.0,0.0,1.0,0.0,13.802999999999884,0.0,3095,0,303,60,0,3,4422.0,0.0,0.0,60.0,0.0,0.0,3.1109999999998763,0.0,0.0,238.0,0.0,238.0,10000,238,10240000,10731520,491520.0,1310,24576,8192,0,0,0.0,0.0,0,0,0,0,"{""access_log_json_w_pkey"":131072}",1,1,0,0,8434066,8434304,0,397664,397664,0,4,ModifyTable on access_log_json_w [Hash Join [Seq Scan on access_log_json_w; Hash [Bitmap Heap Scan on expected_update [Bitmap Index Scan using expected_update_pkey]]]]
1,UA-1/jsonb/X-0/w01,UA-1/jsonb/X-0,UA-1,UA-1,jsonb,jsonb,X-0,head-to-head,warmup,1,1,True,False,,True,42.559,,0.361,0.287,44.102,3.315,47.70399999999999,111.327,713,2225158,240,,2246048,20890,714.0,240.0,2225192.0,0.0,3.0,0.0,2.841999999996915,0.0,2833,0,294,50,0,3,3887.0,0.0,0.0,50.0,0.0,0.0,2.264999999999418,0.0,0.0,238.0,1.0,237.0,10000,238,8036352,8445952,409600.0,1031,24576,8192,0,0,0.0,0.0,0,0,0,0,"{""access_log_jsonb_w_pkey"":131072}",2880,2880,0,0,7219683,7219827,,,,0,4,ModifyTable on access_log_jsonb_w [Hash Join [Seq Scan on access_log_jsonb_w; Hash [Bitmap Heap Scan on expected_update [Bitmap Index Scan using expected_update_pkey]]]]
1,UA-1/json/X-1/w01,UA-1/json/X-1,UA-1,UA-1,json,json,X-1,head-to-head,warmup,1,1,True,False,,True,89.332,,0.417,0.28,90.597,7.426,98.303,182.93,1925,2484878,283,,2507216,22338,1927.0,284.0,2490313.0,0.0,3.0,0.0,5.275000000001455,0.0,5429,48,348,61,0,3,6793.0,48.0,0.0,61.0,0.0,0.0,2.8220000000001164,0.0,0.0,238.0,0.0,238.0,5000,238,10240000,10731520,491520.0,1310,24576,8192,0,0,0.0,0.0,0,499712,507904,8192,"{""access_log_json_w_i1a_record_validity"":65536,""access_log_json_w_i1b_entity_type_code"":57344,""access_log_json_w_i1c_status_code"":57344,""access_log_json_w_i1d_latitude_degrees"":147456,""access_log_json_w_i1e_event_timestamp_utc"":180224,""access_log_json_w_pkey"":131072}",1,1,0,0,8434066,8434304,0,397664,397664,0,4,ModifyTable on access_log_json_w [Hash Join [Seq Scan on access_log_json_w; Hash [Bitmap Heap Scan on expected_update [Bitmap Index Scan using expected_update_pkey]]]]
1,UA-1/jsonb/X-1/w01,UA-1/jsonb/X-1,UA-1,UA-1,jsonb,jsonb,X-1,head-to-head,warmup,1,1,True,False,,True,53.23,,0.424,0.397,54.61,16.138,71.145,158.315,1925,2626690,286,,2649112,22422,1926.0,286.0,2626724.0,0.0,1.0,0.0,15.65400000000227,0.0,5168,50,341,51,0,3,6264.0,50.0,0.0,51.0,0.0,0.0,3.030999999999949,0.0,0.0,238.0,0.0,237.0,10000,238,8036352,8445952,409600.0,1031,24576,8192,0,0,0.0,0.0,0,499712,507904,8192,"{""access_log_jsonb_w_i1a_record_validity"":65536,""access_log_jsonb_w_i1b_entity_type_code"":57344,""access_log_jsonb_w_i1c_status_code"":57344,""access_log_jsonb_w_i1d_latitude_degrees"":147456,""access_log_jsonb_w_i1e_event_timestamp_utc"":180224,""access_log_jsonb_w_pkey"":131072}",2880,2880,0,0,7219683,7219827,,,,0,4,ModifyTable on access_log_jsonb_w [Hash Join [Seq Scan on access_log_jsonb_w; Hash [Bitmap Heap Scan on expected_update [Bitmap Index Scan using expected_update_pkey]]]]
1,UA-1/jsonb/X-2/w01,UA-1/jsonb/X-2,UA-1,UA-1,jsonb,jsonb,X-2,separate: GIN (jsonb only),warmup,1,1,True,False,,True,99.183,,0.4,0.332,100.412,15.957,116.701,203.902,2241,3089874,286,,3114272,24398,2242.0,286.0,3089908.0,0.0,2.0,0.0,15.552000000003318,0.0,5643,50,420,129,0,3,6744.0,50.0,0.0,129.0,0.0,0.0,6.010000000000218,0.0,0.0,238.0,0.0,237.0,5000,238,8036352,8445952,409600.0,1031,24576,8192,0,0,0.0,0.0,0,5021696,5668864,647168,"{""access_log_jsonb_w_i1a_record_validity"":65536,""access_log_jsonb_w_i1b_entity_type_code"":57344,""access_log_jsonb_w_i1c_status_code"":57344,""access_log_jsonb_w_i1d_latitude_degrees"":147456,""access_log_jsonb_w_i1e_event_timestamp_utc"":180224,""access_log_jsonb_w_i2_gin_jsonb_ops"":5160960,""access_log_jsonb_w_pkey"":131072}",2880,2880,0,0,7219683,7219827,,,,0,4,ModifyTable on access_log_jsonb_w [Hash Join [Seq Scan on access_log_jsonb_w; Hash [Bitmap Heap Scan on expected_update [Bitmap Index Scan using expected_update_pkey]]]]
1,UA-1/jsonb/X-3/w01,UA-1/jsonb/X-3,UA-1,UA-1,jsonb,jsonb,X-3,separate: GIN (jsonb only),warmup,1,1,True,False,,True,71.612,,0.441,0.348,72.962,2.746,76.056,161.249,2211,2925822,286,,2949680,23858,2212.0,286.0,2925856.0,0.0,2.0,0.0,2.425999999999476,0.0,5643,50,390,99,0,3,6744.0,50.0,0.0,99.0,0.0,0.0,5.166000000000167,0.0,0.0,238.0,0.0,237.0,5000,238,8036352,8445952,409600.0,1031,24576,8192,0,0,0.0,0.0,0,4227072,4628480,401408,"{""access_log_jsonb_w_i1a_record_validity"":65536,""access_log_jsonb_w_i1b_entity_type_code"":57344,""access_log_jsonb_w_i1c_status_code"":57344,""access_log_jsonb_w_i1d_latitude_degrees"":147456,""access_log_jsonb_w_i1e_event_timestamp_utc"":180224,""access_log_jsonb_w_i3_gin_jsonb_path_ops"":4120576,""access_log_jsonb_w_pkey"":131072}",2880,2880,0,0,7219683,7219827,,,,0,4,ModifyTable on access_log_jsonb_w [Hash Join [Seq Scan on access_log_jsonb_w; Hash [Bitmap Heap Scan on expected_update [Bitmap Index Scan using expected_update_pkey]]]]
1,UA-1/jsonb/X-4/w01,UA-1/jsonb/X-4,UA-1,UA-1,jsonb,jsonb,X-4,separate: GIN (jsonb only),warmup,1,1,True,False,,True,113.945,,0.44,0.306,115.263,18.499,134.068,219.363,2527,3389006,286,,3414864,25858,2528.0,286.0,3389040.0,0.0,2.0,0.0,18.14100000000326,0.0,6118,50,469,177,0,3,7228.0,50.0,0.0,177.0,0.0,0.0,7.96100000000024,0.0,0.0,238.0,0.0,237.0,5000,238,8036352,8445952,409600.0,1031,24576,8192,0,0,0.0,0.0,0,8749056,9789440,1040384,"{""access_log_jsonb_w_i1a_record_validity"":65536,""access_log_jsonb_w_i1b_entity_type_code"":57344,""access_log_jsonb_w_i1c_status_code"":57344,""access_log_jsonb_w_i1d_latitude_degrees"":147456,""access_log_jsonb_w_i1e_event_timestamp_utc"":180224,""access_log_jsonb_w_i2_gin_jsonb_ops"":5160960,""access_log_jsonb_w_i3_gin_jsonb_path_ops"":4120576,""access_log_jsonb_w_pkey"":131072}",2880,2880,0,0,7219683,7219827,,,,0,4,ModifyTable on access_log_jsonb_w [Hash Join [Seq Scan on access_log_jsonb_w; Hash [Bitmap Heap Scan on expected_update [Bitmap Index Scan using expected_update_pkey]]]]
1,UA-1/jsonb/X-4/w02,UA-1/jsonb/X-4,UA-1,UA-1,jsonb,jsonb,X-4,separate: GIN (jsonb only),warmup,2,1,True,False,,True,105.5,,0.478,0.342,106.811,18.216,125.369,206.757,2527,3389006,286,,3414864,25858,2528.0,286.0,3389040.0,0.0,2.0,0.0,17.813999999998487,0.0,6118,50,469,177,0,3,7226.0,50.0,0.0,177.0,0.0,0.0,7.418000000001484,0.0,0.0,238.0,0.0,237.0,5000,238,8036352,8445952,409600.0,1031,24576,8192,0,0,0.0,0.0,0,8749056,9789440,1040384,"{""access_log_jsonb_w_i1a_record_validity"":65536,""access_log_jsonb_w_i1b_entity_type_code"":57344,""access_log_jsonb_w_i1c_status_code"":57344,""access_log_jsonb_w_i1d_latitude_degrees"":147456,""access_log_jsonb_w_i1e_event_timestamp_utc"":180224,""access_log_jsonb_w_i2_gin_jsonb_ops"":5160960,""access_log_jsonb_w_i3_gin_jsonb_path_ops"":4120576,""access_log_jsonb_w_pkey"":131072}",2880,2880,0,0,7219683,7219827,,,,0,4,ModifyTable on access_log_jsonb_w [Hash Join [Seq Scan on access_log_jsonb_w; Hash [Bitmap Heap Scan on expected_update [Bitmap Index Scan using expected_update_pkey]]]]
1,UA-1/jsonb/X-3/w02,UA-1/jsonb/X-3,UA-1,UA-1,jsonb,jsonb,X-3,separate: GIN (jsonb only),warmup,2,1,True,False,,True,75.471,,0.431,0.296,76.822,9.136,86.254,166.866,2211,2925822,286,,2949696,23874,2213.0,286.0,2925910.0,0.0,2.0,0.0,6.831999999994878,0.0,5643,50,390,99,0,3,6746.0,50.0,0.0,99.0,0.0,0.0,5.483000000000175,0.0,0.0,238.0,0.0,237.0,5000,238,8036352,8445952,409600.0,1031,24576,8192,0,0,0.0,0.0,0,4227072,4628480,401408,"{""access_log_jsonb_w_i1a_record_validity"":65536,""access_log_jsonb_w_i1b_entity_type_code"":57344,""access_log_jsonb_w_i1c_status_code"":57344,""access_log_jsonb_w_i1d_latitude_degrees"":147456,""access_log_jsonb_w_i1e_event_timestamp_utc"":180224,""access_log_jsonb_w_i3_gin_jsonb_path_ops"":4120576,""access_log_jsonb_w_pkey"":131072}",2880,2880,0,0,7219683,7219827,,,,0,4,ModifyTable on access_log_jsonb_w [Hash Join [Seq Scan on access_log_jsonb_w; Hash [Bitmap Heap Scan on expected_update [Bitmap Index Scan using expected_update_pkey]]]]
1,UA-1/jsonb/X-2/w02,UA-1/jsonb/X-2,UA-1,UA-1,jsonb,jsonb,X-2,separate: GIN (jsonb only),warmup,2,1,True,False,,True,113.432,,0.358,0.28,114.848,11.337,126.465,204.092,2241,3089874,286,,3114272,24398,2242.0,286.0,3089908.0,0.0,2.0,0.0,10.84100000000035,0.0,5643,50,420,129,0,3,6746.0,50.0,0.0,129.0,0.0,0.0,6.120999999999185,0.0,0.0,238.0,0.0,237.0,5000,238,8036352,8445952,409600.0,1031,24576,8192,0,0,0.0,0.0,0,5021696,5668864,647168,"{""access_log_jsonb_w_i1a_record_validity"":65536,""access_log_jsonb_w_i1b_entity_type_code"":57344,""access_log_jsonb_w_i1c_status_code"":57344,""access_log_jsonb_w_i1d_latitude_degrees"":147456,""access_log_jsonb_w_i1e_event_timestamp_utc"":180224,""access_log_jsonb_w_i2_gin_jsonb_ops"":5160960,""access_log_jsonb_w_pkey"":131072}",2880,2880,0,0,7219683,7219827,,,,0,4,ModifyTable on access_log_jsonb_w [Hash Join [Seq Scan on access_log_jsonb_w; Hash [Bitmap Heap Scan on expected_update [Bitmap Index Scan using expected_update_pkey]]]]
1,UA-1/jsonb/X-1/w02,UA-1/jsonb/X-1,UA-1,UA-1,jsonb,jsonb,X-1,head-to-head,warmup,2,1,True,False,wal-foreign-activity,True,55.94,,0.427,0.29,57.338,5.5,63.128,153.161,1925,2626690,286,,2649088,22398,1932.0,292.0,2653986.0,0.0,3.0,0.0,5.084000000002561,0.0,5168,50,341,51,0,3,6310.0,50.0,0.0,51.0,0.0,0.0,2.7489999999997963,0.0,0.0,238.0,0.0,237.0,10000,238,8036352,8445952,409600.0,1031,24576,8192,0,0,0.0,0.0,0,499712,507904,8192,"{""access_log_jsonb_w_i1a_record_validity"":65536,""access_log_jsonb_w_i1b_entity_type_code"":57344,""access_log_jsonb_w_i1c_status_code"":57344,""access_log_jsonb_w_i1d_latitude_degrees"":147456,""access_log_jsonb_w_i1e_event_timestamp_utc"":180224,""access_log_jsonb_w_pkey"":131072}",2880,2880,0,0,7219683,7219827,,,,0,4,ModifyTable on access_log_jsonb_w [Hash Join [Seq Scan on access_log_jsonb_w; Hash [Bitmap Heap Scan on expected_update [Bitmap Index Scan using expected_update_pkey]]]]
1,UA-1/json/X-1/w02,UA-1/json/X-1,UA-1,UA-1,json,json,X-1,head-to-head,warmup,2,1,True,False,,True,107.326,,0.454,0.355,108.702,14.859,123.916,206.246,1925,2484878,283,,2507200,22322,1926.0,283.0,2484912.0,0.0,2.0,0.0,14.45799999999872,0.0,5429,48,348,61,0,3,6790.0,48.0,0.0,61.0,0.0,0.0,3.8140000000003056,0.0,0.0,238.0,0.0,238.0,5000,238,10240000,10731520,491520.0,1310,24576,8192,0,0,0.0,0.0,0,499712,507904,8192,"{""access_log_json_w_i1a_record_validity"":65536,""access_log_json_w_i1b_entity_type_code"":57344,""access_log_json_w_i1c_status_code"":57344,""access_log_json_w_i1d_latitude_degrees"":147456,""access_log_json_w_i1e_event_timestamp_utc"":180224,""access_log_json_w_pkey"":131072}",1,1,0,0,8434066,8434304,0,397664,397664,0,4,ModifyTable on access_log_json_w [Hash Join [Seq Scan on access_log_json_w; Hash [Bitmap Heap Scan on expected_update [Bitmap Index Scan using expected_update_pkey]]]]
1,UA-1/jsonb/X-0/w02,UA-1/jsonb/X-0,UA-1,UA-1,jsonb,jsonb,X-0,head-to-head,warmup,2,1,True,False,,True,42.262,,0.356,0.357,43.692,14.79,58.839,133.971,713,2225158,240,,2246048,20890,714.0,240.0,2225192.0,0.0,1.0,0.0,14.284999999996217,0.0,2833,0,294,50,0,3,3887.0,0.0,0.0,50.0,0.0,0.0,2.3000000000010914,0.0,0.0,238.0,1.0,237.0,10000,238,8036352,8445952,409600.0,1031,24576,8192,0,0,0.0,0.0,0,0,0,0,"{""access_log_jsonb_w_pkey"":131072}",2880,2880,0,0,7219683,7219827,,,,0,4,ModifyTable on access_log_jsonb_w [Hash Join [Seq Scan on access_log_jsonb_w; Hash [Bitmap Heap Scan on expected_update [Bitmap Index Scan using expected_update_pkey]]]]
1,UA-1/json/X-0/w02,UA-1/json/X-0,UA-1,UA-1,json,json,X-0,head-to-head,warmup,2,1,True,False,,True,19.779,,0.357,0.365,21.152,15.761,37.278,114.046,714,2098202,239,,2119112,20910,715.0,239.0,2098236.0,0.0,2.0,0.0,15.272000000004482,0.0,3095,0,303,60,0,3,4422.0,0.0,0.0,60.0,0.0,0.0,2.7270000000007713,0.0,0.0,238.0,0.0,238.0,10000,238,10240000,10731520,491520.0,1310,24576,8192,0,0,0.0,0.0,0,0,0,0,"{""access_log_json_w_pkey"":131072}",1,1,0,0,8434066,8434304,0,397664,397664,0,4,ModifyTable on access_log_json_w [Hash Join [Seq Scan on access_log_json_w; Hash [Bitmap Heap Scan on expected_update [Bitmap Index Scan using expected_update_pkey]]]]
1,UA-1/jsonb/X-0/w03,UA-1/jsonb/X-0,UA-1,UA-1,jsonb,jsonb,X-0,head-to-head,warmup,3,1,True,False,,True,42.575,,0.352,0.371,44.143,6.522,51.036,128.309,713,2225158,240,,2246048,20890,714.0,240.0,2225192.0,0.0,1.0,0.0,6.165000000000873,0.0,2833,0,294,50,0,3,3885.0,0.0,0.0,50.0,0.0,0.0,2.9789999999993597,0.0,0.0,238.0,1.0,237.0,10000,238,8036352,8445952,409600.0,1031,24576,8192,0,0,0.0,0.0,0,0,0,0,"{""access_log_jsonb_w_pkey"":131072}",2880,2880,0,0,7219683,7219827,,,,0,4,ModifyTable on access_log_jsonb_w [Hash Join [Seq Scan on access_log_jsonb_w; Hash [Bitmap Heap Scan on expected_update [Bitmap Index Scan using expected_update_pkey]]]]
1,UA-1/json/X-0/w03,UA-1/json/X-0,UA-1,UA-1,json,json,X-0,head-to-head,warmup,3,1,True,False,,True,20.262,,0.455,0.305,21.655,16.016,37.976,115.363,714,2098202,239,,2119112,20910,716.0,240.0,2103669.0,0.0,2.0,0.0,15.476000000002387,0.0,3095,0,303,60,0,3,4415.0,0.0,0.0,60.0,0.0,0.0,2.7010000000009313,0.0,0.0,238.0,0.0,238.0,10000,238,10240000,10731520,491520.0,1310,24576,8192,0,0,0.0,0.0,0,0,0,0,"{""access_log_json_w_pkey"":131072}",1,1,0,0,8434066,8434304,0,397664,397664,0,4,ModifyTable on access_log_json_w [Hash Join [Seq Scan on access_log_json_w; Hash [Bitmap Heap Scan on expected_update [Bitmap Index Scan using expected_update_pkey]]]]
1,UA-1/jsonb/X-1/w03,UA-1/jsonb/X-1,UA-1,UA-1,jsonb,jsonb,X-1,head-to-head,warmup,3,1,True,False,,True,48.742,,0.423,0.3,50.103,16.08,66.483,152.123,1925,2626690,286,,2649112,22422,1926.0,286.0,2626724.0,0.0,2.0,0.0,15.631999999997788,0.0,5168,50,341,51,0,3,6264.0,50.0,0.0,51.0,0.0,0.0,2.371000000001004,0.0,0.0,238.0,0.0,237.0,10000,238,8036352,8445952,409600.0,1031,24576,8192,0,0,0.0,0.0,0,499712,507904,8192,"{""access_log_jsonb_w_i1a_record_validity"":65536,""access_log_jsonb_w_i1b_entity_type_code"":57344,""access_log_jsonb_w_i1c_status_code"":57344,""access_log_jsonb_w_i1d_latitude_degrees"":147456,""access_log_jsonb_w_i1e_event_timestamp_utc"":180224,""access_log_jsonb_w_pkey"":131072}",2880,2880,0,0,7219683,7219827,,,,0,4,ModifyTable on access_log_jsonb_w [Hash Join [Seq Scan on access_log_jsonb_w; Hash [Bitmap Heap Scan on expected_update [Bitmap Index Scan using expected_update_pkey]]]]
1,UA-1/json/X-1/w03,UA-1/json/X-1,UA-1,UA-1,json,json,X-1,head-to-head,warmup,3,1,True,False,,True,89.736,,0.425,0.395,91.025,3.366,94.786,187.542,1925,2484878,283,,2507200,22322,1926.0,283.0,2484912.0,0.0,3.0,0.0,3.0449999999982538,0.0,5429,48,348,61,0,3,6786.0,48.0,0.0,61.0,0.0,0.0,3.0170000000016444,0.0,0.0,238.0,0.0,238.0,5000,238,10240000,10731520,491520.0,1310,24576,8192,0,0,0.0,0.0,0,499712,507904,8192,"{""access_log_json_w_i1a_record_validity"":65536,""access_log_json_w_i1b_entity_type_code"":57344,""access_log_json_w_i1c_status_code"":57344,""access_log_json_w_i1d_latitude_degrees"":147456,""access_log_json_w_i1e_event_timestamp_utc"":180224,""access_log_json_w_pkey"":131072}",1,1,0,0,8434066,8434304,0,397664,397664,0,4,ModifyTable on access_log_json_w [Hash Join [Seq Scan on access_log_json_w; Hash [Bitmap Heap Scan on expected_update [Bitmap Index Scan using expected_update_pkey]]]]
1,UA-1/jsonb/X-2/w03,UA-1/jsonb/X-2,UA-1,UA-1,jsonb,jsonb,X-2,separate: GIN (jsonb only),warmup,3,1,True,False,,True,93.828,,0.435,0.348,95.085,4.742,100.175,184.786,2241,3089874,286,,3114288,24414,2242.0,286.0,3089908.0,0.0,2.0,0.0,3.0,0.0,5643,50,420,129,0,3,6746.0,50.0,0.0,129.0,0.0,0.0,4.987999999999374,0.0,0.0,238.0,0.0,237.0,5000,238,8036352,8445952,409600.0,1031,24576,8192,0,0,0.0,0.0,0,5021696,5668864,647168,"{""access_log_jsonb_w_i1a_record_validity"":65536,""access_log_jsonb_w_i1b_entity_type_code"":57344,""access_log_jsonb_w_i1c_status_code"":57344,""access_log_jsonb_w_i1d_latitude_degrees"":147456,""access_log_jsonb_w_i1e_event_timestamp_utc"":180224,""access_log_jsonb_w_i2_gin_jsonb_ops"":5160960,""access_log_jsonb_w_pkey"":131072}",2880,2880,0,0,7219683,7219827,,,,0,4,ModifyTable on access_log_jsonb_w [Hash Join [Seq Scan on access_log_jsonb_w; Hash [Bitmap Heap Scan on expected_update [Bitmap Index Scan using expected_update_pkey]]]]
1,UA-1/jsonb/X-3/w03,UA-1/jsonb/X-3,UA-1,UA-1,jsonb,jsonb,X-3,separate: GIN (jsonb only),warmup,3,1,True,False,,True,68.376,,0.433,0.283,69.617,8.573,78.47300000000001,160.931,2211,2925822,286,,2949680,23858,2212.0,286.0,2925856.0,0.0,2.0,0.0,3.724000000001979,0.0,5643,50,390,99,0,3,6746.0,50.0,0.0,99.0,0.0,0.0,4.979999999999563,0.0,0.0,238.0,0.0,237.0,5000,238,8036352,8445952,409600.0,1031,24576,8192,0,0,0.0,0.0,0,4227072,4628480,401408,"{""access_log_jsonb_w_i1a_record_validity"":65536,""access_log_jsonb_w_i1b_entity_type_code"":57344,""access_log_jsonb_w_i1c_status_code"":57344,""access_log_jsonb_w_i1d_latitude_degrees"":147456,""access_log_jsonb_w_i1e_event_timestamp_utc"":180224,""access_log_jsonb_w_i3_gin_jsonb_path_ops"":4120576,""access_log_jsonb_w_pkey"":131072}",2880,2880,0,0,7219683,7219827,,,,0,4,ModifyTable on access_log_jsonb_w [Hash Join [Seq Scan on access_log_jsonb_w; Hash [Bitmap Heap Scan on expected_update [Bitmap Index Scan using expected_update_pkey]]]]
1,UA-1/jsonb/X-4/w03,UA-1/jsonb/X-4,UA-1,UA-1,jsonb,jsonb,X-4,separate: GIN (jsonb only),warmup,3,1,True,False,,True,110.892,,0.426,0.272,112.276,3.486,116.034,206.192,2527,3389006,286,,3418016,29010,2529.0,287.0,3392189.0,0.0,2.0,0.0,3.129000000000815,0.0,6118,50,469,177,0,3,7226.0,50.0,0.0,177.0,0.0,0.0,7.108000000000175,0.0,0.0,238.0,0.0,237.0,5000,238,8036352,8445952,409600.0,1031,24576,8192,0,0,0.0,0.0,0,8749056,9789440,1040384,"{""access_log_jsonb_w_i1a_record_validity"":65536,""access_log_jsonb_w_i1b_entity_type_code"":57344,""access_log_jsonb_w_i1c_status_code"":57344,""access_log_jsonb_w_i1d_latitude_degrees"":147456,""access_log_jsonb_w_i1e_event_timestamp_utc"":180224,""access_log_jsonb_w_i2_gin_jsonb_ops"":5160960,""access_log_jsonb_w_i3_gin_jsonb_path_ops"":4120576,""access_log_jsonb_w_pkey"":131072}",2880,2880,0,0,7219683,7219827,,,,0,4,ModifyTable on access_log_jsonb_w [Hash Join [Seq Scan on access_log_jsonb_w; Hash [Bitmap Heap Scan on expected_update [Bitmap Index Scan using expected_update_pkey]]]]
1,UA-1/jsonb/X-4/m01,UA-1/jsonb/X-4,UA-1,UA-1,jsonb,jsonb,X-4,separate: GIN (jsonb only),measured,1,1,True,False,,True,145.266,,0.356,0.268,146.558,15.326,162.152,248.36,2527,3389006,286,,3414840,25834,2528.0,286.0,3389040.0,0.0,3.0,0.0,14.960999999995693,0.0,6118,50,469,177,0,3,7228.0,50.0,0.0,177.0,0.0,0.0,8.052999999999884,0.0,0.0,238.0,0.0,237.0,5000,238,8036352,8445952,409600.0,1031,24576,8192,0,0,0.0,0.0,0,8749056,9789440,1040384,"{""access_log_jsonb_w_i1a_record_validity"":65536,""access_log_jsonb_w_i1b_entity_type_code"":57344,""access_log_jsonb_w_i1c_status_code"":57344,""access_log_jsonb_w_i1d_latitude_degrees"":147456,""access_log_jsonb_w_i1e_event_timestamp_utc"":180224,""access_log_jsonb_w_i2_gin_jsonb_ops"":5160960,""access_log_jsonb_w_i3_gin_jsonb_path_ops"":4120576,""access_log_jsonb_w_pkey"":131072}",2880,2880,0,0,7219683,7219827,,,,0,4,ModifyTable on access_log_jsonb_w [Hash Join [Seq Scan on access_log_jsonb_w; Hash [Bitmap Heap Scan on expected_update [Bitmap Index Scan using expected_update_pkey]]]]
1,UA-1/jsonb/X-3/m01,UA-1/jsonb/X-3,UA-1,UA-1,jsonb,jsonb,X-3,separate: GIN (jsonb only),measured,1,1,True,False,,True,70.53,,0.434,0.362,71.838,5.801,78.00099999999999,144.506,2211,2925822,286,,2949680,23858,2212.0,286.0,2925856.0,0.0,2.0,0.0,5.4100000000034925,0.0,5643,50,390,99,0,3,6744.0,50.0,0.0,99.0,0.0,0.0,5.3840000000000146,0.0,0.0,238.0,0.0,237.0,5000,238,8036352,8445952,409600.0,1031,24576,8192,0,0,0.0,0.0,0,4227072,4628480,401408,"{""access_log_jsonb_w_i1a_record_validity"":65536,""access_log_jsonb_w_i1b_entity_type_code"":57344,""access_log_jsonb_w_i1c_status_code"":57344,""access_log_jsonb_w_i1d_latitude_degrees"":147456,""access_log_jsonb_w_i1e_event_timestamp_utc"":180224,""access_log_jsonb_w_i3_gin_jsonb_path_ops"":4120576,""access_log_jsonb_w_pkey"":131072}",2880,2880,0,0,7219683,7219827,,,,0,4,ModifyTable on access_log_jsonb_w [Hash Join [Seq Scan on access_log_jsonb_w; Hash [Bitmap Heap Scan on expected_update [Bitmap Index Scan using expected_update_pkey]]]]
1,UA-1/jsonb/X-2/m01,UA-1/jsonb/X-2,UA-1,UA-1,jsonb,jsonb,X-2,separate: GIN (jsonb only),measured,1,1,True,False,,True,100.595,,0.4,0.262,101.898,2.786,104.946,195.299,2241,3089874,286,,3114272,24398,2242.0,286.0,3089908.0,0.0,2.0,0.0,2.4219999999986612,0.0,5643,50,420,129,0,3,6746.0,50.0,0.0,129.0,0.0,0.0,7.354000000001179,0.0,0.0,238.0,0.0,237.0,5000,238,8036352,8445952,409600.0,1031,24576,8192,0,0,0.0,0.0,0,5021696,5668864,647168,"{""access_log_jsonb_w_i1a_record_validity"":65536,""access_log_jsonb_w_i1b_entity_type_code"":57344,""access_log_jsonb_w_i1c_status_code"":57344,""access_log_jsonb_w_i1d_latitude_degrees"":147456,""access_log_jsonb_w_i1e_event_timestamp_utc"":180224,""access_log_jsonb_w_i2_gin_jsonb_ops"":5160960,""access_log_jsonb_w_pkey"":131072}",2880,2880,0,0,7219683,7219827,,,,0,4,ModifyTable on access_log_jsonb_w [Hash Join [Seq Scan on access_log_jsonb_w; Hash [Bitmap Heap Scan on expected_update [Bitmap Index Scan using expected_update_pkey]]]]
1,UA-1/json/X-1/m01,UA-1/json/X-1,UA-1,UA-1,json,json,X-1,head-to-head,measured,1,1,True,False,,True,83.23,,0.336,0.247,84.4,14.987,99.634,158.381,1925,2484878,283,,2507200,22322,1927.0,284.0,2490345.0,0.0,1.0,0.0,14.592000000004191,0.0,5429,48,348,61,0,3,6788.0,48.0,0.0,61.0,0.0,0.0,2.436999999999898,0.0,0.0,238.0,0.0,238.0,5000,238,10240000,10731520,491520.0,1310,24576,8192,0,0,0.0,0.0,0,499712,507904,8192,"{""access_log_json_w_i1a_record_validity"":65536,""access_log_json_w_i1b_entity_type_code"":57344,""access_log_json_w_i1c_status_code"":57344,""access_log_json_w_i1d_latitude_degrees"":147456,""access_log_json_w_i1e_event_timestamp_utc"":180224,""access_log_json_w_pkey"":131072}",1,1,0,0,8434066,8434304,0,397664,397664,0,4,ModifyTable on access_log_json_w [Hash Join [Seq Scan on access_log_json_w; Hash [Bitmap Heap Scan on expected_update [Bitmap Index Scan using expected_update_pkey]]]]
1,UA-1/jsonb/X-1/m01,UA-1/jsonb/X-1,UA-1,UA-1,jsonb,jsonb,X-1,head-to-head,measured,1,1,True,False,,True,50.133,,0.426,0.289,51.397,3.009,54.695,147.788,1925,2626690,286,,2649112,22422,1926.0,286.0,2626724.0,0.0,2.0,0.0,2.6710000000020955,0.0,5168,50,341,51,0,3,6264.0,50.0,0.0,51.0,0.0,0.0,2.559000000001106,0.0,0.0,238.0,0.0,237.0,10000,238,8036352,8445952,409600.0,1031,24576,8192,0,0,0.0,0.0,0,499712,507904,8192,"{""access_log_jsonb_w_i1a_record_validity"":65536,""access_log_jsonb_w_i1b_entity_type_code"":57344,""access_log_jsonb_w_i1c_status_code"":57344,""access_log_jsonb_w_i1d_latitude_degrees"":147456,""access_log_jsonb_w_i1e_event_timestamp_utc"":180224,""access_log_jsonb_w_pkey"":131072}",2880,2880,0,0,7219683,7219827,,,,0,4,ModifyTable on access_log_jsonb_w [Hash Join [Seq Scan on access_log_jsonb_w; Hash [Bitmap Heap Scan on expected_update [Bitmap Index Scan using expected_update_pkey]]]]
1,UA-1/json/X-0/m01,UA-1/json/X-0,UA-1,UA-1,json,json,X-0,head-to-head,measured,1,1,True,False,,True,19.637,,0.357,0.43,20.941,5.215,26.586,103.347,714,2098202,239,,2119136,20934,715.0,239.0,2098236.0,0.0,2.0,0.0,4.798999999999069,0.0,3095,0,303,60,0,3,4415.0,0.0,0.0,60.0,0.0,0.0,2.8649999999997817,0.0,0.0,238.0,0.0,238.0,10000,238,10240000,10731520,491520.0,1310,24576,8192,0,0,0.0,0.0,0,0,0,0,"{""access_log_json_w_pkey"":131072}",1,1,0,0,8434066,8434304,0,397664,397664,0,4,ModifyTable on access_log_json_w [Hash Join [Seq Scan on access_log_json_w; Hash [Bitmap Heap Scan on expected_update [Bitmap Index Scan using expected_update_pkey]]]]
1,UA-1/jsonb/X-0/m01,UA-1/jsonb/X-0,UA-1,UA-1,jsonb,jsonb,X-0,head-to-head,measured,1,1,True,False,,True,36.06,,0.328,0.319,37.393,7.695,45.407000000000004,116.288,713,2225158,240,,2246048,20890,714.0,240.0,2225192.0,0.0,2.0,0.0,1.3759999999965657,0.0,2833,0,294,50,0,3,3894.0,0.0,0.0,50.0,0.0,0.0,2.0490000000008877,0.0,0.0,238.0,1.0,237.0,10000,238,8036352,8445952,409600.0,1031,24576,8192,0,0,0.0,0.0,0,0,0,0,"{""access_log_jsonb_w_pkey"":131072}",2880,2880,0,0,7219683,7219827,,,,0,4,ModifyTable on access_log_jsonb_w [Hash Join [Seq Scan on access_log_jsonb_w; Hash [Bitmap Heap Scan on expected_update [Bitmap Index Scan using expected_update_pkey]]]]
1,UA-1/json/X-0/m02,UA-1/json/X-0,UA-1,UA-1,json,json,X-0,head-to-head,measured,2,1,True,False,,True,19.486,,0.354,0.28,20.977,15.306,36.563,112.168,714,2098202,239,,2119136,20934,715.0,239.0,2098236.0,0.0,2.0,0.0,14.834999999999127,0.0,3095,0,303,60,0,3,4415.0,0.0,0.0,60.0,0.0,0.0,2.6309999999994034,0.0,0.0,238.0,0.0,238.0,10000,238,10240000,10731520,491520.0,1310,24576,8192,0,0,0.0,0.0,0,0,0,0,"{""access_log_json_w_pkey"":131072}",1,1,0,0,8434066,8434304,0,397664,397664,0,4,ModifyTable on access_log_json_w [Hash Join [Seq Scan on access_log_json_w; Hash [Bitmap Heap Scan on expected_update [Bitmap Index Scan using expected_update_pkey]]]]
1,UA-1/jsonb/X-0/m02,UA-1/jsonb/X-0,UA-1,UA-1,jsonb,jsonb,X-0,head-to-head,measured,2,1,True,False,,True,41.386,,0.373,0.295,42.929,14.543,57.767,131.72,713,2225158,240,,2246072,20914,714.0,240.0,2225192.0,0.0,1.0,0.0,14.036999999996624,0.0,2833,0,294,50,0,3,3885.0,0.0,0.0,50.0,0.0,0.0,2.5599999999994907,0.0,0.0,238.0,1.0,237.0,10000,238,8036352,8445952,409600.0,1031,24576,8192,0,0,0.0,0.0,0,0,0,0,"{""access_log_jsonb_w_pkey"":131072}",2880,2880,0,0,7219683,7219827,,,,0,4,ModifyTable on access_log_jsonb_w [Hash Join [Seq Scan on access_log_jsonb_w; Hash [Bitmap Heap Scan on expected_update [Bitmap Index Scan using expected_update_pkey]]]]
1,UA-1/json/X-1/m02,UA-1/json/X-1,UA-1,UA-1,json,json,X-1,head-to-head,measured,2,1,True,False,,True,42.324,,0.187,0.149,42.938,4.222,47.309000000000005,82.427,1925,2484878,283,,2507216,22338,1927.0,284.0,2490345.0,0.0,2.0,0.0,2.940999999998894,0.0,5429,48,348,61,0,3,6786.0,48.0,0.0,61.0,0.0,0.0,1.3220000000001164,0.0,0.0,238.0,0.0,238.0,5000,238,10240000,10731520,491520.0,1310,24576,8192,0,0,0.0,0.0,0,499712,507904,8192,"{""access_log_json_w_i1a_record_validity"":65536,""access_log_json_w_i1b_entity_type_code"":57344,""access_log_json_w_i1c_status_code"":57344,""access_log_json_w_i1d_latitude_degrees"":147456,""access_log_json_w_i1e_event_timestamp_utc"":180224,""access_log_json_w_pkey"":131072}",1,1,0,0,8434066,8434304,0,397664,397664,0,4,ModifyTable on access_log_json_w [Hash Join [Seq Scan on access_log_json_w; Hash [Bitmap Heap Scan on expected_update [Bitmap Index Scan using expected_update_pkey]]]]
1,UA-1/jsonb/X-1/m02,UA-1/jsonb/X-1,UA-1,UA-1,jsonb,jsonb,X-1,head-to-head,measured,2,1,True,False,,True,51.032,,0.423,0.29,52.407,15.868,68.565,150.888,1925,2626690,286,,2649112,22422,1926.0,286.0,2626724.0,0.0,2.0,0.0,15.424999999995634,0.0,5168,50,341,51,0,3,6264.0,50.0,0.0,51.0,0.0,0.0,2.4020000000000437,0.0,0.0,238.0,0.0,237.0,10000,238,8036352,8445952,409600.0,1031,24576,8192,0,0,0.0,0.0,0,499712,507904,8192,"{""access_log_jsonb_w_i1a_record_validity"":65536,""access_log_jsonb_w_i1b_entity_type_code"":57344,""access_log_jsonb_w_i1c_status_code"":57344,""access_log_jsonb_w_i1d_latitude_degrees"":147456,""access_log_jsonb_w_i1e_event_timestamp_utc"":180224,""access_log_jsonb_w_pkey"":131072}",2880,2880,0,0,7219683,7219827,,,,0,4,ModifyTable on access_log_jsonb_w [Hash Join [Seq Scan on access_log_jsonb_w; Hash [Bitmap Heap Scan on expected_update [Bitmap Index Scan using expected_update_pkey]]]]
1,UA-1/jsonb/X-2/m02,UA-1/jsonb/X-2,UA-1,UA-1,jsonb,jsonb,X-2,separate: GIN (jsonb only),measured,2,1,True,False,,True,98.559,,0.373,0.242,99.784,4.591,104.617,171.115,2241,3089874,286,,3116664,26790,2243.0,287.0,3092293.0,0.0,2.0,0.0,4.238000000004831,0.0,5643,50,420,129,0,3,6746.0,50.0,0.0,129.0,0.0,0.0,5.645000000000437,0.0,0.0,238.0,0.0,237.0,5000,238,8036352,8445952,409600.0,1031,24576,8192,0,0,0.0,0.0,0,5021696,5668864,647168,"{""access_log_jsonb_w_i1a_record_validity"":65536,""access_log_jsonb_w_i1b_entity_type_code"":57344,""access_log_jsonb_w_i1c_status_code"":57344,""access_log_jsonb_w_i1d_latitude_degrees"":147456,""access_log_jsonb_w_i1e_event_timestamp_utc"":180224,""access_log_jsonb_w_i2_gin_jsonb_ops"":5160960,""access_log_jsonb_w_pkey"":131072}",2880,2880,0,0,7219683,7219827,,,,0,4,ModifyTable on access_log_jsonb_w [Hash Join [Seq Scan on access_log_jsonb_w; Hash [Bitmap Heap Scan on expected_update [Bitmap Index Scan using expected_update_pkey]]]]
1,UA-1/jsonb/X-3/m02,UA-1/jsonb/X-3,UA-1,UA-1,jsonb,jsonb,X-3,separate: GIN (jsonb only),measured,2,1,True,False,,True,95.053,,0.35,0.293,96.344,16.808,113.445,190.526,2211,2925822,286,,2949680,23858,2214.0,288.0,2938750.0,0.0,1.0,0.0,16.37199999999575,0.0,5643,50,390,99,0,3,6782.0,50.0,0.0,99.0,0.0,0.0,5.533999999999651,0.0,0.0,238.0,0.0,237.0,5000,238,8036352,8445952,409600.0,1031,24576,8192,0,0,0.0,0.0,0,4227072,4628480,401408,"{""access_log_jsonb_w_i1a_record_validity"":65536,""access_log_jsonb_w_i1b_entity_type_code"":57344,""access_log_jsonb_w_i1c_status_code"":57344,""access_log_jsonb_w_i1d_latitude_degrees"":147456,""access_log_jsonb_w_i1e_event_timestamp_utc"":180224,""access_log_jsonb_w_i3_gin_jsonb_path_ops"":4120576,""access_log_jsonb_w_pkey"":131072}",2880,2880,0,0,7219683,7219827,,,,0,4,ModifyTable on access_log_jsonb_w [Hash Join [Seq Scan on access_log_jsonb_w; Hash [Bitmap Heap Scan on expected_update [Bitmap Index Scan using expected_update_pkey]]]]
1,UA-1/jsonb/X-4/m02,UA-1/jsonb/X-4,UA-1,UA-1,jsonb,jsonb,X-4,separate: GIN (jsonb only),measured,2,1,True,False,,True,126.245,,0.36,0.249,127.536,6.128,133.913,215.919,2527,3389006,286,,3414864,25858,2528.0,286.0,3389040.0,0.0,2.0,0.0,5.754000000000815,0.0,6118,50,469,177,0,3,7230.0,50.0,0.0,177.0,0.0,0.0,7.834000000000742,0.0,0.0,238.0,0.0,237.0,5000,238,8036352,8445952,409600.0,1031,24576,8192,0,0,0.0,0.0,0,8749056,9789440,1040384,"{""access_log_jsonb_w_i1a_record_validity"":65536,""access_log_jsonb_w_i1b_entity_type_code"":57344,""access_log_jsonb_w_i1c_status_code"":57344,""access_log_jsonb_w_i1d_latitude_degrees"":147456,""access_log_jsonb_w_i1e_event_timestamp_utc"":180224,""access_log_jsonb_w_i2_gin_jsonb_ops"":5160960,""access_log_jsonb_w_i3_gin_jsonb_path_ops"":4120576,""access_log_jsonb_w_pkey"":131072}",2880,2880,0,0,7219683,7219827,,,,0,4,ModifyTable on access_log_jsonb_w [Hash Join [Seq Scan on access_log_jsonb_w; Hash [Bitmap Heap Scan on expected_update [Bitmap Index Scan using expected_update_pkey]]]]
1,UA-1/jsonb/X-4/m03,UA-1/jsonb/X-4,UA-1,UA-1,jsonb,jsonb,X-4,separate: GIN (jsonb only),measured,3,1,True,False,,True,111.199,,0.439,0.358,112.444,16.081,128.883,216.465,2527,3389006,286,,3414864,25858,2528.0,286.0,3389040.0,0.0,3.0,0.0,15.673000000002503,0.0,6118,50,469,177,0,3,7226.0,50.0,0.0,177.0,0.0,0.0,7.690000000000509,0.0,0.0,238.0,0.0,237.0,5000,238,8036352,8445952,409600.0,1031,24576,8192,0,0,0.0,0.0,0,8749056,9789440,1040384,"{""access_log_jsonb_w_i1a_record_validity"":65536,""access_log_jsonb_w_i1b_entity_type_code"":57344,""access_log_jsonb_w_i1c_status_code"":57344,""access_log_jsonb_w_i1d_latitude_degrees"":147456,""access_log_jsonb_w_i1e_event_timestamp_utc"":180224,""access_log_jsonb_w_i2_gin_jsonb_ops"":5160960,""access_log_jsonb_w_i3_gin_jsonb_path_ops"":4120576,""access_log_jsonb_w_pkey"":131072}",2880,2880,0,0,7219683,7219827,,,,0,4,ModifyTable on access_log_jsonb_w [Hash Join [Seq Scan on access_log_jsonb_w; Hash [Bitmap Heap Scan on expected_update [Bitmap Index Scan using expected_update_pkey]]]]
1,UA-1/jsonb/X-3/m03,UA-1/jsonb/X-3,UA-1,UA-1,jsonb,jsonb,X-3,separate: GIN (jsonb only),measured,3,1,True,False,,True,81.503,,0.434,0.349,82.841,9.191,92.381,178.749,2211,2925822,286,,2949680,23858,2212.0,286.0,2925856.0,0.0,2.0,0.0,0.7889999999970314,0.0,5643,50,390,99,0,3,6746.0,50.0,0.0,99.0,0.0,0.0,5.105999999999767,0.0,0.0,238.0,0.0,237.0,5000,238,8036352,8445952,409600.0,1031,24576,8192,0,0,0.0,0.0,0,4227072,4628480,401408,"{""access_log_jsonb_w_i1a_record_validity"":65536,""access_log_jsonb_w_i1b_entity_type_code"":57344,""access_log_jsonb_w_i1c_status_code"":57344,""access_log_jsonb_w_i1d_latitude_degrees"":147456,""access_log_jsonb_w_i1e_event_timestamp_utc"":180224,""access_log_jsonb_w_i3_gin_jsonb_path_ops"":4120576,""access_log_jsonb_w_pkey"":131072}",2880,2880,0,0,7219683,7219827,,,,0,4,ModifyTable on access_log_jsonb_w [Hash Join [Seq Scan on access_log_jsonb_w; Hash [Bitmap Heap Scan on expected_update [Bitmap Index Scan using expected_update_pkey]]]]
1,UA-1/jsonb/X-2/m03,UA-1/jsonb/X-2,UA-1,UA-1,jsonb,jsonb,X-2,separate: GIN (jsonb only),measured,3,1,True,False,,True,129.922,,0.492,1.309,131.484,9.809,142.602,235.377,2241,3089874,286,,3114288,24414,2242.0,286.0,3089908.0,0.0,2.0,0.0,7.2039999999979045,0.0,5643,50,420,129,0,3,6746.0,50.0,0.0,129.0,0.0,0.0,6.434999999999491,0.0,0.0,238.0,0.0,237.0,5000,238,8036352,8445952,409600.0,1031,24576,8192,0,0,0.0,0.0,0,5021696,5668864,647168,"{""access_log_jsonb_w_i1a_record_validity"":65536,""access_log_jsonb_w_i1b_entity_type_code"":57344,""access_log_jsonb_w_i1c_status_code"":57344,""access_log_jsonb_w_i1d_latitude_degrees"":147456,""access_log_jsonb_w_i1e_event_timestamp_utc"":180224,""access_log_jsonb_w_i2_gin_jsonb_ops"":5160960,""access_log_jsonb_w_pkey"":131072}",2880,2880,0,0,7219683,7219827,,,,0,4,ModifyTable on access_log_jsonb_w [Hash Join [Seq Scan on access_log_jsonb_w; Hash [Bitmap Heap Scan on expected_update [Bitmap Index Scan using expected_update_pkey]]]]
1,UA-1/jsonb/X-1/m03,UA-1/jsonb/X-1,UA-1,UA-1,jsonb,jsonb,X-1,head-to-head,measured,3,1,True,False,,True,48.952,,0.352,0.272,50.128,14.391,64.791,129.806,1925,2626690,286,,2651480,24790,1928.0,288.0,2635278.0,0.0,1.0,0.0,13.949000000000524,0.0,5168,50,341,51,0,3,6264.0,50.0,0.0,51.0,0.0,0.0,2.5650000000005093,0.0,0.0,238.0,0.0,237.0,10000,238,8036352,8445952,409600.0,1031,24576,8192,0,0,0.0,0.0,0,499712,507904,8192,"{""access_log_jsonb_w_i1a_record_validity"":65536,""access_log_jsonb_w_i1b_entity_type_code"":57344,""access_log_jsonb_w_i1c_status_code"":57344,""access_log_jsonb_w_i1d_latitude_degrees"":147456,""access_log_jsonb_w_i1e_event_timestamp_utc"":180224,""access_log_jsonb_w_pkey"":131072}",2880,2880,0,0,7219683,7219827,,,,0,4,ModifyTable on access_log_jsonb_w [Hash Join [Seq Scan on access_log_jsonb_w; Hash [Bitmap Heap Scan on expected_update [Bitmap Index Scan using expected_update_pkey]]]]
1,UA-1/json/X-1/m03,UA-1/json/X-1,UA-1,UA-1,json,json,X-1,head-to-head,measured,3,1,True,False,,True,98.718,,0.427,0.307,100.014,14.222,114.54299999999999,203.447,1925,2484878,283,,2507200,22322,1926.0,283.0,2484912.0,0.0,1.0,0.0,13.864000000001397,0.0,5429,48,348,61,0,3,6790.0,48.0,0.0,61.0,0.0,0.0,3.0679999999993015,0.0,0.0,238.0,0.0,238.0,5000,238,10240000,10731520,491520.0,1310,24576,8192,0,0,0.0,0.0,0,499712,507904,8192,"{""access_log_json_w_i1a_record_validity"":65536,""access_log_json_w_i1b_entity_type_code"":57344,""access_log_json_w_i1c_status_code"":57344,""access_log_json_w_i1d_latitude_degrees"":147456,""access_log_json_w_i1e_event_timestamp_utc"":180224,""access_log_json_w_pkey"":131072}",1,1,0,0,8434066,8434304,0,397664,397664,0,4,ModifyTable on access_log_json_w [Hash Join [Seq Scan on access_log_json_w; Hash [Bitmap Heap Scan on expected_update [Bitmap Index Scan using expected_update_pkey]]]]
1,UA-1/jsonb/X-0/m03,UA-1/jsonb/X-0,UA-1,UA-1,jsonb,jsonb,X-0,head-to-head,measured,3,1,True,False,,True,44.823,,0.404,0.337,46.365,18.346,65.048,154.315,713,2225158,240,,2246088,20930,714.0,240.0,2225192.0,0.0,2.0,0.0,15.516999999999825,0.0,2833,0,294,50,0,3,3885.0,0.0,0.0,50.0,0.0,0.0,3.433999999999287,0.0,0.0,238.0,1.0,237.0,10000,238,8036352,8445952,409600.0,1031,24576,8192,0,0,0.0,0.0,0,0,0,0,"{""access_log_jsonb_w_pkey"":131072}",2880,2880,0,0,7219683,7219827,,,,0,4,ModifyTable on access_log_jsonb_w [Hash Join [Seq Scan on access_log_jsonb_w; Hash [Bitmap Heap Scan on expected_update [Bitmap Index Scan using expected_update_pkey]]]]
1,UA-1/json/X-0/m03,UA-1/json/X-0,UA-1,UA-1,json,json,X-0,head-to-head,measured,3,1,True,False,,True,19.48,,0.348,0.281,20.712,14.0,34.992999999999995,116.849,714,2098202,239,,2119136,20934,716.0,240.0,2103641.0,0.0,1.0,0.0,13.550999999999476,0.0,3095,0,303,60,0,3,4426.0,0.0,0.0,60.0,0.0,0.0,2.764000000001033,0.0,0.0,238.0,0.0,238.0,10000,238,10240000,10731520,491520.0,1310,24576,8192,0,0,0.0,0.0,0,0,0,0,"{""access_log_json_w_pkey"":131072}",1,1,0,0,8434066,8434304,0,397664,397664,0,4,ModifyTable on access_log_json_w [Hash Join [Seq Scan on access_log_json_w; Hash [Bitmap Heap Scan on expected_update [Bitmap Index Scan using expected_update_pkey]]]]
1,UA-1/jsonb/X-0/m04,UA-1/jsonb/X-0,UA-1,UA-1,jsonb,jsonb,X-0,head-to-head,measured,4,1,True,False,,True,42.023,,0.356,0.295,43.721,17.815,61.831,139.098,713,2225158,240,,2246072,20914,714.0,240.0,2225192.0,0.0,2.0,0.0,17.279999999998836,0.0,2833,0,294,50,0,3,3885.0,0.0,0.0,50.0,0.0,0.0,2.3850000000002183,0.0,0.0,238.0,1.0,237.0,10000,238,8036352,8445952,409600.0,1031,24576,8192,0,0,0.0,0.0,0,0,0,0,"{""access_log_jsonb_w_pkey"":131072}",2880,2880,0,0,7219683,7219827,,,,0,4,ModifyTable on access_log_jsonb_w [Hash Join [Seq Scan on access_log_jsonb_w; Hash [Bitmap Heap Scan on expected_update [Bitmap Index Scan using expected_update_pkey]]]]
1,UA-1/json/X-0/m04,UA-1/json/X-0,UA-1,UA-1,json,json,X-0,head-to-head,measured,4,1,True,False,,True,15.545,,0.225,0.258,16.818,3.796,20.872,78.455,714,2098202,239,,2119136,20934,715.0,239.0,2098236.0,0.0,1.0,0.0,3.426999999996042,0.0,3095,0,303,60,0,3,4415.0,0.0,0.0,60.0,0.0,0.0,2.3029999999998836,0.0,0.0,238.0,0.0,238.0,10000,238,10240000,10731520,491520.0,1310,24576,8192,0,0,0.0,0.0,0,0,0,0,"{""access_log_json_w_pkey"":131072}",1,1,0,0,8434066,8434304,0,397664,397664,0,4,ModifyTable on access_log_json_w [Hash Join [Seq Scan on access_log_json_w; Hash [Bitmap Heap Scan on expected_update [Bitmap Index Scan using expected_update_pkey]]]]
1,UA-1/jsonb/X-1/m04,UA-1/jsonb/X-1,UA-1,UA-1,jsonb,jsonb,X-1,head-to-head,measured,4,1,True,False,,True,58.695,,0.5,0.312,60.086,2.901,63.29899999999999,163.54,1925,2626690,286,,2649112,22422,1926.0,286.0,2626724.0,0.0,2.0,0.0,2.572999999996682,0.0,5168,50,341,51,0,3,6262.0,50.0,0.0,51.0,0.0,0.0,2.768000000000029,0.0,0.0,238.0,0.0,237.0,10000,238,8036352,8445952,409600.0,1031,24576,8192,0,0,0.0,0.0,0,499712,507904,8192,"{""access_log_jsonb_w_i1a_record_validity"":65536,""access_log_jsonb_w_i1b_entity_type_code"":57344,""access_log_jsonb_w_i1c_status_code"":57344,""access_log_jsonb_w_i1d_latitude_degrees"":147456,""access_log_jsonb_w_i1e_event_timestamp_utc"":180224,""access_log_jsonb_w_pkey"":131072}",2880,2880,0,0,7219683,7219827,,,,0,4,ModifyTable on access_log_jsonb_w [Hash Join [Seq Scan on access_log_jsonb_w; Hash [Bitmap Heap Scan on expected_update [Bitmap Index Scan using expected_update_pkey]]]]
1,UA-1/json/X-1/m04,UA-1/json/X-1,UA-1,UA-1,json,json,X-1,head-to-head,measured,4,1,True,False,,True,87.451,,0.414,0.259,88.679,15.344,104.282,184.577,1925,2484878,283,,2507200,22322,1926.0,283.0,2484912.0,0.0,2.0,0.0,14.953000000001339,0.0,5429,48,348,61,0,3,6788.0,48.0,0.0,61.0,0.0,0.0,3.1589999999996508,0.0,0.0,238.0,0.0,238.0,5000,238,10240000,10731520,491520.0,1310,24576,8192,0,0,0.0,0.0,0,499712,507904,8192,"{""access_log_json_w_i1a_record_validity"":65536,""access_log_json_w_i1b_entity_type_code"":57344,""access_log_json_w_i1c_status_code"":57344,""access_log_json_w_i1d_latitude_degrees"":147456,""access_log_json_w_i1e_event_timestamp_utc"":180224,""access_log_json_w_pkey"":131072}",1,1,0,0,8434066,8434304,0,397664,397664,0,4,ModifyTable on access_log_json_w [Hash Join [Seq Scan on access_log_json_w; Hash [Bitmap Heap Scan on expected_update [Bitmap Index Scan using expected_update_pkey]]]]
1,UA-1/jsonb/X-2/m04,UA-1/jsonb/X-2,UA-1,UA-1,jsonb,jsonb,X-2,separate: GIN (jsonb only),measured,4,1,True,False,,True,106.673,,0.429,0.365,107.963,3.178,111.50599999999999,197.823,2241,3089874,286,,3114272,24398,2242.0,286.0,3089908.0,0.0,2.0,0.0,2.8549999999959255,0.0,5643,50,420,129,0,3,6746.0,50.0,0.0,129.0,0.0,0.0,6.141999999999825,0.0,0.0,238.0,0.0,237.0,5000,238,8036352,8445952,409600.0,1031,24576,8192,0,0,0.0,0.0,0,5021696,5668864,647168,"{""access_log_jsonb_w_i1a_record_validity"":65536,""access_log_jsonb_w_i1b_entity_type_code"":57344,""access_log_jsonb_w_i1c_status_code"":57344,""access_log_jsonb_w_i1d_latitude_degrees"":147456,""access_log_jsonb_w_i1e_event_timestamp_utc"":180224,""access_log_jsonb_w_i2_gin_jsonb_ops"":5160960,""access_log_jsonb_w_pkey"":131072}",2880,2880,0,0,7219683,7219827,,,,0,4,ModifyTable on access_log_jsonb_w [Hash Join [Seq Scan on access_log_jsonb_w; Hash [Bitmap Heap Scan on expected_update [Bitmap Index Scan using expected_update_pkey]]]]
1,UA-1/jsonb/X-3/m04,UA-1/jsonb/X-3,UA-1,UA-1,jsonb,jsonb,X-3,separate: GIN (jsonb only),measured,4,1,True,False,,True,86.652,,0.389,0.283,87.822,8.759,96.864,172.055,2211,2925822,286,,2949696,23874,2213.0,286.0,2925906.0,0.0,2.0,0.0,6.4689999999973224,0.0,5643,50,390,99,0,3,6744.0,50.0,0.0,99.0,0.0,0.0,5.592000000000553,0.0,0.0,238.0,0.0,237.0,5000,238,8036352,8445952,409600.0,1031,24576,8192,0,0,0.0,0.0,0,4227072,4628480,401408,"{""access_log_jsonb_w_i1a_record_validity"":65536,""access_log_jsonb_w_i1b_entity_type_code"":57344,""access_log_jsonb_w_i1c_status_code"":57344,""access_log_jsonb_w_i1d_latitude_degrees"":147456,""access_log_jsonb_w_i1e_event_timestamp_utc"":180224,""access_log_jsonb_w_i3_gin_jsonb_path_ops"":4120576,""access_log_jsonb_w_pkey"":131072}",2880,2880,0,0,7219683,7219827,,,,0,4,ModifyTable on access_log_jsonb_w [Hash Join [Seq Scan on access_log_jsonb_w; Hash [Bitmap Heap Scan on expected_update [Bitmap Index Scan using expected_update_pkey]]]]
1,UA-1/jsonb/X-4/m04,UA-1/jsonb/X-4,UA-1,UA-1,jsonb,jsonb,X-4,separate: GIN (jsonb only),measured,4,1,True,False,,True,133.594,,0.372,0.313,134.967,1.951,137.231,211.874,2527,3389006,286,,3414864,25858,2528.0,286.0,3389040.0,0.0,2.0,0.0,1.6130000000048312,0.0,6118,50,469,177,0,3,7228.0,50.0,0.0,177.0,0.0,0.0,7.8070000000006985,0.0,0.0,238.0,0.0,237.0,5000,238,8036352,8445952,409600.0,1031,24576,8192,0,0,0.0,0.0,0,8749056,9789440,1040384,"{""access_log_jsonb_w_i1a_record_validity"":65536,""access_log_jsonb_w_i1b_entity_type_code"":57344,""access_log_jsonb_w_i1c_status_code"":57344,""access_log_jsonb_w_i1d_latitude_degrees"":147456,""access_log_jsonb_w_i1e_event_timestamp_utc"":180224,""access_log_jsonb_w_i2_gin_jsonb_ops"":5160960,""access_log_jsonb_w_i3_gin_jsonb_path_ops"":4120576,""access_log_jsonb_w_pkey"":131072}",2880,2880,0,0,7219683,7219827,,,,0,4,ModifyTable on access_log_jsonb_w [Hash Join [Seq Scan on access_log_jsonb_w; Hash [Bitmap Heap Scan on expected_update [Bitmap Index Scan using expected_update_pkey]]]]
1,UA-1/jsonb/X-4/m05,UA-1/jsonb/X-4,UA-1,UA-1,jsonb,jsonb,X-4,separate: GIN (jsonb only),measured,5,1,True,False,,True,124.388,,0.408,0.407,125.734,1.911,128.052,205.308,2527,3389006,286,,3414864,25858,2528.0,286.0,3389040.0,0.0,2.0,0.0,1.547999999995227,0.0,6118,50,469,177,0,3,7226.0,50.0,0.0,177.0,0.0,0.0,8.182000000000698,0.0,0.0,238.0,0.0,237.0,5000,238,8036352,8445952,409600.0,1031,24576,8192,0,0,0.0,0.0,0,8749056,9789440,1040384,"{""access_log_jsonb_w_i1a_record_validity"":65536,""access_log_jsonb_w_i1b_entity_type_code"":57344,""access_log_jsonb_w_i1c_status_code"":57344,""access_log_jsonb_w_i1d_latitude_degrees"":147456,""access_log_jsonb_w_i1e_event_timestamp_utc"":180224,""access_log_jsonb_w_i2_gin_jsonb_ops"":5160960,""access_log_jsonb_w_i3_gin_jsonb_path_ops"":4120576,""access_log_jsonb_w_pkey"":131072}",2880,2880,0,0,7219683,7219827,,,,0,4,ModifyTable on access_log_jsonb_w [Hash Join [Seq Scan on access_log_jsonb_w; Hash [Bitmap Heap Scan on expected_update [Bitmap Index Scan using expected_update_pkey]]]]
1,UA-1/jsonb/X-3/m05,UA-1/jsonb/X-3,UA-1,UA-1,jsonb,jsonb,X-3,separate: GIN (jsonb only),measured,5,1,True,False,,True,69.168,,0.401,0.309,70.415,15.635,86.35900000000001,171.352,2211,2925822,286,,2949680,23858,2213.0,287.0,2931281.0,0.0,2.0,0.0,15.188999999998487,0.0,5643,50,390,99,0,3,6746.0,50.0,0.0,99.0,0.0,0.0,4.431000000000495,0.0,0.0,238.0,0.0,237.0,5000,238,8036352,8445952,409600.0,1031,24576,8192,0,0,0.0,0.0,0,4227072,4628480,401408,"{""access_log_jsonb_w_i1a_record_validity"":65536,""access_log_jsonb_w_i1b_entity_type_code"":57344,""access_log_jsonb_w_i1c_status_code"":57344,""access_log_jsonb_w_i1d_latitude_degrees"":147456,""access_log_jsonb_w_i1e_event_timestamp_utc"":180224,""access_log_jsonb_w_i3_gin_jsonb_path_ops"":4120576,""access_log_jsonb_w_pkey"":131072}",2880,2880,0,0,7219683,7219827,,,,0,4,ModifyTable on access_log_jsonb_w [Hash Join [Seq Scan on access_log_jsonb_w; Hash [Bitmap Heap Scan on expected_update [Bitmap Index Scan using expected_update_pkey]]]]
1,UA-1/jsonb/X-2/m05,UA-1/jsonb/X-2,UA-1,UA-1,jsonb,jsonb,X-2,separate: GIN (jsonb only),measured,5,1,True,False,,True,119.248,,0.445,0.346,120.51,2.975,123.831,221.334,2241,3089874,286,,3116648,26774,2244.0,287.0,3092331.0,0.0,2.0,0.0,2.6419999999998254,0.0,5643,50,420,129,0,3,6746.0,50.0,0.0,129.0,0.0,0.0,6.5090000000000146,0.0,0.0,238.0,0.0,237.0,5000,238,8036352,8445952,409600.0,1031,24576,8192,0,0,0.0,0.0,0,5021696,5668864,647168,"{""access_log_jsonb_w_i1a_record_validity"":65536,""access_log_jsonb_w_i1b_entity_type_code"":57344,""access_log_jsonb_w_i1c_status_code"":57344,""access_log_jsonb_w_i1d_latitude_degrees"":147456,""access_log_jsonb_w_i1e_event_timestamp_utc"":180224,""access_log_jsonb_w_i2_gin_jsonb_ops"":5160960,""access_log_jsonb_w_pkey"":131072}",2880,2880,0,0,7219683,7219827,,,,0,4,ModifyTable on access_log_jsonb_w [Hash Join [Seq Scan on access_log_jsonb_w; Hash [Bitmap Heap Scan on expected_update [Bitmap Index Scan using expected_update_pkey]]]]
1,UA-1/json/X-1/m05,UA-1/json/X-1,UA-1,UA-1,json,json,X-1,head-to-head,measured,5,1,True,False,,True,106.48,,0.364,0.271,107.643,14.774,122.688,202.961,1925,2484878,283,,2507200,22322,1930.0,287.0,2506964.0,0.0,3.0,0.0,14.381000000001222,0.0,5429,48,348,61,0,3,6870.0,48.0,0.0,61.0,0.0,0.0,2.970000000001164,0.0,0.0,238.0,0.0,238.0,5000,238,10240000,10731520,491520.0,1310,24576,8192,0,0,0.0,0.0,0,499712,507904,8192,"{""access_log_json_w_i1a_record_validity"":65536,""access_log_json_w_i1b_entity_type_code"":57344,""access_log_json_w_i1c_status_code"":57344,""access_log_json_w_i1d_latitude_degrees"":147456,""access_log_json_w_i1e_event_timestamp_utc"":180224,""access_log_json_w_pkey"":131072}",1,1,0,0,8434066,8434304,0,397664,397664,0,4,ModifyTable on access_log_json_w [Hash Join [Seq Scan on access_log_json_w; Hash [Bitmap Heap Scan on expected_update [Bitmap Index Scan using expected_update_pkey]]]]
1,UA-1/jsonb/X-1/m05,UA-1/jsonb/X-1,UA-1,UA-1,jsonb,jsonb,X-1,head-to-head,measured,5,1,True,False,,True,51.243,,0.417,0.28,52.642,5.386,58.30800000000001,139.229,1925,2626690,286,,2649112,22422,1926.0,286.0,2626724.0,0.0,1.0,0.0,4.984999999993306,0.0,5168,50,341,51,0,3,6261.0,50.0,0.0,51.0,0.0,0.0,2.6260000000002037,0.0,0.0,238.0,0.0,237.0,5000,238,8036352,8445952,409600.0,1031,24576,8192,0,0,0.0,0.0,0,499712,507904,8192,"{""access_log_jsonb_w_i1a_record_validity"":65536,""access_log_jsonb_w_i1b_entity_type_code"":57344,""access_log_jsonb_w_i1c_status_code"":57344,""access_log_jsonb_w_i1d_latitude_degrees"":147456,""access_log_jsonb_w_i1e_event_timestamp_utc"":180224,""access_log_jsonb_w_pkey"":131072}",2880,2880,0,0,7219683,7219827,,,,0,4,ModifyTable on access_log_jsonb_w [Hash Join [Seq Scan on access_log_jsonb_w; Hash [Bitmap Heap Scan on expected_update [Bitmap Index Scan using expected_update_pkey]]]]
1,UA-1/json/X-0/m05,UA-1/json/X-0,UA-1,UA-1,json,json,X-0,head-to-head,measured,5,1,True,False,,True,22.952,,0.383,0.382,24.366,4.975,29.723,131.403,714,2098202,239,,2119136,20934,715.0,239.0,2098236.0,0.0,1.0,0.0,4.423000000002503,0.0,3095,0,303,60,0,3,4417.0,0.0,0.0,60.0,0.0,0.0,3.2370000000009895,0.0,0.0,238.0,0.0,238.0,10000,238,10240000,10731520,491520.0,1310,24576,8192,0,0,0.0,0.0,0,0,0,0,"{""access_log_json_w_pkey"":131072}",1,1,0,0,8434066,8434304,0,397664,397664,0,4,ModifyTable on access_log_json_w [Hash Join [Seq Scan on access_log_json_w; Hash [Bitmap Heap Scan on expected_update [Bitmap Index Scan using expected_update_pkey]]]]
1,UA-1/jsonb/X-0/m05,UA-1/jsonb/X-0,UA-1,UA-1,jsonb,jsonb,X-0,head-to-head,measured,5,1,True,False,,True,58.936,,0.362,0.293,60.558,17.08,77.931,165.021,713,2225158,240,,2246048,20890,714.0,240.0,2225192.0,0.0,2.0,0.0,16.555999999996857,0.0,2833,0,294,50,0,3,3892.0,0.0,0.0,50.0,0.0,0.0,2.952000000001135,0.0,0.0,238.0,1.0,237.0,10000,238,8036352,8445952,409600.0,1031,24576,8192,0,0,0.0,0.0,0,0,0,0,"{""access_log_jsonb_w_pkey"":131072}",2880,2880,0,0,7219683,7219827,,,,0,4,ModifyTable on access_log_jsonb_w [Hash Join [Seq Scan on access_log_jsonb_w; Hash [Bitmap Heap Scan on expected_update [Bitmap Index Scan using expected_update_pkey]]]]
1,UA-1/json/X-0/m06,UA-1/json/X-0,UA-1,UA-1,json,json,X-0,head-to-head,measured,6,1,True,False,,True,19.304,,0.328,0.337,20.594,3.874,24.805,95.904,714,2098202,239,,2119112,20910,715.0,239.0,2098236.0,0.0,2.0,0.0,3.4979999999995925,0.0,3095,0,303,60,0,3,4415.0,0.0,0.0,60.0,0.0,0.0,2.8400000000001455,0.0,0.0,238.0,0.0,238.0,10000,238,10240000,10731520,491520.0,1310,24576,8192,0,0,0.0,0.0,0,0,0,0,"{""access_log_json_w_pkey"":131072}",1,1,0,0,8434066,8434304,0,397664,397664,0,4,ModifyTable on access_log_json_w [Hash Join [Seq Scan on access_log_json_w; Hash [Bitmap Heap Scan on expected_update [Bitmap Index Scan using expected_update_pkey]]]]
1,UA-1/jsonb/X-0/m06,UA-1/jsonb/X-0,UA-1,UA-1,jsonb,jsonb,X-0,head-to-head,measured,6,1,True,False,,True,39.74,,0.353,0.303,41.0,15.823,57.126,137.995,713,2225158,240,,2246048,20890,714.0,240.0,2225192.0,0.0,2.0,0.0,15.362999999997555,0.0,2833,0,294,50,0,3,3885.0,0.0,0.0,50.0,0.0,0.0,2.618000000000393,0.0,0.0,238.0,1.0,237.0,10000,238,8036352,8445952,409600.0,1031,24576,8192,0,0,0.0,0.0,0,0,0,0,"{""access_log_jsonb_w_pkey"":131072}",2880,2880,0,0,7219683,7219827,,,,0,4,ModifyTable on access_log_jsonb_w [Hash Join [Seq Scan on access_log_jsonb_w; Hash [Bitmap Heap Scan on expected_update [Bitmap Index Scan using expected_update_pkey]]]]
1,UA-1/json/X-1/m06,UA-1/json/X-1,UA-1,UA-1,json,json,X-1,head-to-head,measured,6,1,True,False,,True,87.484,,0.341,0.261,88.741,9.627,98.62899999999999,174.457,1925,2484878,283,,2507200,22322,1927.0,284.0,2490329.0,0.0,2.0,0.0,1.7259999999951106,0.0,5429,48,348,61,0,3,6788.0,48.0,0.0,61.0,0.0,0.0,2.507000000001426,0.0,0.0,238.0,0.0,238.0,5000,238,10240000,10731520,491520.0,1310,24576,8192,0,0,0.0,0.0,0,499712,507904,8192,"{""access_log_json_w_i1a_record_validity"":65536,""access_log_json_w_i1b_entity_type_code"":57344,""access_log_json_w_i1c_status_code"":57344,""access_log_json_w_i1d_latitude_degrees"":147456,""access_log_json_w_i1e_event_timestamp_utc"":180224,""access_log_json_w_pkey"":131072}",1,1,0,0,8434066,8434304,0,397664,397664,0,4,ModifyTable on access_log_json_w [Hash Join [Seq Scan on access_log_json_w; Hash [Bitmap Heap Scan on expected_update [Bitmap Index Scan using expected_update_pkey]]]]
1,UA-1/jsonb/X-1/m06,UA-1/jsonb/X-1,UA-1,UA-1,jsonb,jsonb,X-1,head-to-head,measured,6,1,True,False,,True,66.251,,0.433,0.277,67.622,14.683,82.582,158.863,1925,2626690,286,,2649112,22422,1926.0,286.0,2626724.0,0.0,1.0,0.0,14.315000000002328,0.0,5168,50,341,51,0,3,6259.0,50.0,0.0,51.0,0.0,0.0,2.800999999999476,0.0,0.0,238.0,0.0,237.0,10000,238,8036352,8445952,409600.0,1031,24576,8192,0,0,0.0,0.0,0,499712,507904,8192,"{""access_log_jsonb_w_i1a_record_validity"":65536,""access_log_jsonb_w_i1b_entity_type_code"":57344,""access_log_jsonb_w_i1c_status_code"":57344,""access_log_jsonb_w_i1d_latitude_degrees"":147456,""access_log_jsonb_w_i1e_event_timestamp_utc"":180224,""access_log_jsonb_w_pkey"":131072}",2880,2880,0,0,7219683,7219827,,,,0,4,ModifyTable on access_log_jsonb_w [Hash Join [Seq Scan on access_log_jsonb_w; Hash [Bitmap Heap Scan on expected_update [Bitmap Index Scan using expected_update_pkey]]]]
1,UA-1/jsonb/X-2/m06,UA-1/jsonb/X-2,UA-1,UA-1,jsonb,jsonb,X-2,separate: GIN (jsonb only),measured,6,1,True,False,,True,96.209,,0.433,0.355,97.501,15.661,113.51700000000001,185.215,2241,3089874,286,,3114272,24398,2242.0,286.0,3089908.0,0.0,2.0,0.0,15.273999999997613,0.0,5643,50,420,129,0,3,6738.0,50.0,0.0,129.0,0.0,0.0,5.675000000001091,0.0,0.0,238.0,0.0,237.0,5000,238,8036352,8445952,409600.0,1031,24576,8192,0,0,0.0,0.0,0,5021696,5668864,647168,"{""access_log_jsonb_w_i1a_record_validity"":65536,""access_log_jsonb_w_i1b_entity_type_code"":57344,""access_log_jsonb_w_i1c_status_code"":57344,""access_log_jsonb_w_i1d_latitude_degrees"":147456,""access_log_jsonb_w_i1e_event_timestamp_utc"":180224,""access_log_jsonb_w_i2_gin_jsonb_ops"":5160960,""access_log_jsonb_w_pkey"":131072}",2880,2880,0,0,7219683,7219827,,,,0,4,ModifyTable on access_log_jsonb_w [Hash Join [Seq Scan on access_log_jsonb_w; Hash [Bitmap Heap Scan on expected_update [Bitmap Index Scan using expected_update_pkey]]]]
1,UA-1/jsonb/X-3/m06,UA-1/jsonb/X-3,UA-1,UA-1,jsonb,jsonb,X-3,separate: GIN (jsonb only),measured,6,1,True,False,,True,65.453,,0.432,0.285,66.713,14.991,81.98899999999999,171.764,2211,2925822,286,,2949680,23858,2212.0,286.0,2925856.0,0.0,2.0,0.0,14.419000000001688,0.0,5643,50,390,99,0,3,6738.0,50.0,0.0,99.0,0.0,0.0,4.75,0.0,0.0,238.0,0.0,237.0,5000,238,8036352,8445952,409600.0,1031,24576,8192,0,0,0.0,0.0,0,4227072,4628480,401408,"{""access_log_jsonb_w_i1a_record_validity"":65536,""access_log_jsonb_w_i1b_entity_type_code"":57344,""access_log_jsonb_w_i1c_status_code"":57344,""access_log_jsonb_w_i1d_latitude_degrees"":147456,""access_log_jsonb_w_i1e_event_timestamp_utc"":180224,""access_log_jsonb_w_i3_gin_jsonb_path_ops"":4120576,""access_log_jsonb_w_pkey"":131072}",2880,2880,0,0,7219683,7219827,,,,0,4,ModifyTable on access_log_jsonb_w [Hash Join [Seq Scan on access_log_jsonb_w; Hash [Bitmap Heap Scan on expected_update [Bitmap Index Scan using expected_update_pkey]]]]
1,UA-1/jsonb/X-4/m06,UA-1/jsonb/X-4,UA-1,UA-1,jsonb,jsonb,X-4,separate: GIN (jsonb only),measured,6,1,True,False,,True,126.011,,0.454,0.3,127.542,3.61,131.452,221.075,2527,3389006,286,,3417192,28186,2529.0,287.0,3391365.0,0.0,3.0,0.0,3.276000000005297,0.0,6118,50,469,177,0,3,7221.0,50.0,0.0,177.0,0.0,0.0,8.162999999998647,0.0,0.0,238.0,0.0,237.0,5000,238,8036352,8445952,409600.0,1031,24576,8192,0,0,0.0,0.0,0,8749056,9789440,1040384,"{""access_log_jsonb_w_i1a_record_validity"":65536,""access_log_jsonb_w_i1b_entity_type_code"":57344,""access_log_jsonb_w_i1c_status_code"":57344,""access_log_jsonb_w_i1d_latitude_degrees"":147456,""access_log_jsonb_w_i1e_event_timestamp_utc"":180224,""access_log_jsonb_w_i2_gin_jsonb_ops"":5160960,""access_log_jsonb_w_i3_gin_jsonb_path_ops"":4120576,""access_log_jsonb_w_pkey"":131072}",2880,2880,0,0,7219683,7219827,,,,0,4,ModifyTable on access_log_jsonb_w [Hash Join [Seq Scan on access_log_jsonb_w; Hash [Bitmap Heap Scan on expected_update [Bitmap Index Scan using expected_update_pkey]]]]
1,UA-1/jsonb/X-4/m07,UA-1/jsonb/X-4,UA-1,UA-1,jsonb,jsonb,X-4,separate: GIN (jsonb only),measured,7,1,True,False,,True,104.154,,0.386,0.308,105.333,14.312,119.953,212.994,2527,3389006,286,,3414864,25858,2528.0,286.0,3389040.0,0.0,3.0,0.0,13.960000000006403,0.0,6118,50,469,177,0,3,7219.0,50.0,0.0,177.0,0.0,0.0,6.614999999999782,0.0,0.0,238.0,0.0,237.0,5000,238,8036352,8445952,409600.0,1031,24576,8192,0,0,0.0,0.0,0,8749056,9789440,1040384,"{""access_log_jsonb_w_i1a_record_validity"":65536,""access_log_jsonb_w_i1b_entity_type_code"":57344,""access_log_jsonb_w_i1c_status_code"":57344,""access_log_jsonb_w_i1d_latitude_degrees"":147456,""access_log_jsonb_w_i1e_event_timestamp_utc"":180224,""access_log_jsonb_w_i2_gin_jsonb_ops"":5160960,""access_log_jsonb_w_i3_gin_jsonb_path_ops"":4120576,""access_log_jsonb_w_pkey"":131072}",2880,2880,0,0,7219683,7219827,,,,0,4,ModifyTable on access_log_jsonb_w [Hash Join [Seq Scan on access_log_jsonb_w; Hash [Bitmap Heap Scan on expected_update [Bitmap Index Scan using expected_update_pkey]]]]
1,UA-1/jsonb/X-3/m07,UA-1/jsonb/X-3,UA-1,UA-1,jsonb,jsonb,X-3,separate: GIN (jsonb only),measured,7,1,True,False,,True,61.697,,0.342,0.301,62.864,15.586,78.751,151.924,2211,2925822,286,,2949680,23858,2212.0,286.0,2925856.0,0.0,2.0,0.0,15.145999999993364,0.0,5643,50,390,99,0,3,6740.0,50.0,0.0,99.0,0.0,0.0,3.9879999999993743,0.0,0.0,238.0,0.0,237.0,5000,238,8036352,8445952,409600.0,1031,24576,8192,0,0,0.0,0.0,0,4227072,4628480,401408,"{""access_log_jsonb_w_i1a_record_validity"":65536,""access_log_jsonb_w_i1b_entity_type_code"":57344,""access_log_jsonb_w_i1c_status_code"":57344,""access_log_jsonb_w_i1d_latitude_degrees"":147456,""access_log_jsonb_w_i1e_event_timestamp_utc"":180224,""access_log_jsonb_w_i3_gin_jsonb_path_ops"":4120576,""access_log_jsonb_w_pkey"":131072}",2880,2880,0,0,7219683,7219827,,,,0,4,ModifyTable on access_log_jsonb_w [Hash Join [Seq Scan on access_log_jsonb_w; Hash [Bitmap Heap Scan on expected_update [Bitmap Index Scan using expected_update_pkey]]]]
1,UA-1/jsonb/X-2/m07,UA-1/jsonb/X-2,UA-1,UA-1,jsonb,jsonb,X-2,separate: GIN (jsonb only),measured,7,1,True,False,,True,100.793,,0.356,0.284,101.94,7.092,109.316,196.621,2241,3089874,286,,3114288,24414,2242.0,286.0,3089908.0,0.0,2.0,0.0,4.4979999999995925,0.0,5643,50,420,129,0,3,6740.0,50.0,0.0,129.0,0.0,0.0,6.0090000000000146,0.0,0.0,238.0,0.0,237.0,5000,238,8036352,8445952,409600.0,1031,24576,8192,0,0,0.0,0.0,0,5021696,5668864,647168,"{""access_log_jsonb_w_i1a_record_validity"":65536,""access_log_jsonb_w_i1b_entity_type_code"":57344,""access_log_jsonb_w_i1c_status_code"":57344,""access_log_jsonb_w_i1d_latitude_degrees"":147456,""access_log_jsonb_w_i1e_event_timestamp_utc"":180224,""access_log_jsonb_w_i2_gin_jsonb_ops"":5160960,""access_log_jsonb_w_pkey"":131072}",2880,2880,0,0,7219683,7219827,,,,0,4,ModifyTable on access_log_jsonb_w [Hash Join [Seq Scan on access_log_jsonb_w; Hash [Bitmap Heap Scan on expected_update [Bitmap Index Scan using expected_update_pkey]]]]
1,UA-1/jsonb/X-1/m07,UA-1/jsonb/X-1,UA-1,UA-1,jsonb,jsonb,X-1,head-to-head,measured,7,1,True,False,,True,68.392,,0.389,0.272,69.876,3.907,74.055,161.109,1925,2626690,286,,2649112,22422,1926.0,286.0,2626724.0,0.0,2.0,0.0,3.455999999998312,0.0,5168,50,341,51,0,3,6259.0,50.0,0.0,51.0,0.0,0.0,7.476999999998952,0.0,0.0,238.0,0.0,237.0,10000,238,8036352,8445952,409600.0,1031,24576,8192,0,0,0.0,0.0,0,499712,507904,8192,"{""access_log_jsonb_w_i1a_record_validity"":65536,""access_log_jsonb_w_i1b_entity_type_code"":57344,""access_log_jsonb_w_i1c_status_code"":57344,""access_log_jsonb_w_i1d_latitude_degrees"":147456,""access_log_jsonb_w_i1e_event_timestamp_utc"":180224,""access_log_jsonb_w_pkey"":131072}",2880,2880,0,0,7219683,7219827,,,,0,4,ModifyTable on access_log_jsonb_w [Hash Join [Seq Scan on access_log_jsonb_w; Hash [Bitmap Heap Scan on expected_update [Bitmap Index Scan using expected_update_pkey]]]]
1,UA-1/json/X-1/m07,UA-1/json/X-1,UA-1,UA-1,json,json,X-1,head-to-head,measured,7,1,True,False,,True,92.491,,0.413,0.34,93.725,2.687,96.752,204.887,1925,2484878,283,,2507256,22378,1926.0,283.0,2484912.0,0.0,3.0,0.0,2.297999999995227,0.0,5429,48,348,61,0,3,6788.0,48.0,0.0,61.0,0.0,0.0,3.2080000000005384,0.0,0.0,238.0,0.0,238.0,5000,238,10240000,10731520,491520.0,1310,24576,8192,0,0,0.0,0.0,0,499712,507904,8192,"{""access_log_json_w_i1a_record_validity"":65536,""access_log_json_w_i1b_entity_type_code"":57344,""access_log_json_w_i1c_status_code"":57344,""access_log_json_w_i1d_latitude_degrees"":147456,""access_log_json_w_i1e_event_timestamp_utc"":180224,""access_log_json_w_pkey"":131072}",1,1,0,0,8434066,8434304,0,397664,397664,0,4,ModifyTable on access_log_json_w [Hash Join [Seq Scan on access_log_json_w; Hash [Bitmap Heap Scan on expected_update [Bitmap Index Scan using expected_update_pkey]]]]
1,UA-1/jsonb/X-0/m07,UA-1/jsonb/X-0,UA-1,UA-1,jsonb,jsonb,X-0,head-to-head,measured,7,1,True,False,,True,51.401,,0.35,0.347,52.816,14.082,67.245,136.127,713,2225158,240,,2246048,20890,714.0,240.0,2225192.0,0.0,1.0,0.0,13.713999999999942,0.0,2833,0,294,50,0,3,3885.0,0.0,0.0,50.0,0.0,0.0,3.492999999998574,0.0,0.0,238.0,1.0,237.0,10000,238,8036352,8445952,409600.0,1031,24576,8192,0,0,0.0,0.0,0,0,0,0,"{""access_log_jsonb_w_pkey"":131072}",2880,2880,0,0,7219683,7219827,,,,0,4,ModifyTable on access_log_jsonb_w [Hash Join [Seq Scan on access_log_jsonb_w; Hash [Bitmap Heap Scan on expected_update [Bitmap Index Scan using expected_update_pkey]]]]
1,UA-1/json/X-0/m07,UA-1/json/X-0,UA-1,UA-1,json,json,X-0,head-to-head,measured,7,1,True,False,,True,17.983,,0.328,0.372,19.328,15.087,34.787,122.398,714,2098202,239,,2119112,20910,716.0,240.0,2103669.0,0.0,2.0,0.0,14.694999999999709,0.0,3095,0,303,60,0,3,4425.0,0.0,0.0,60.0,0.0,0.0,2.3649999999997817,0.0,0.0,238.0,0.0,238.0,10000,238,10240000,10731520,491520.0,1310,24576,8192,0,0,0.0,0.0,0,0,0,0,"{""access_log_json_w_pkey"":131072}",1,1,0,0,8434066,8434304,0,397664,397664,0,4,ModifyTable on access_log_json_w [Hash Join [Seq Scan on access_log_json_w; Hash [Bitmap Heap Scan on expected_update [Bitmap Index Scan using expected_update_pkey]]]]
1,UA-1/jsonb/X-0/m08,UA-1/jsonb/X-0,UA-1,UA-1,jsonb,jsonb,X-0,head-to-head,measured,8,1,True,False,,True,38.517,,0.327,0.32,39.886,4.607,44.813,112.384,713,2225158,240,,2246048,20890,714.0,240.0,2225192.0,0.0,2.0,0.0,4.2189999999973224,0.0,2833,0,294,50,0,3,3885.0,0.0,0.0,50.0,0.0,0.0,2.0870000000013533,0.0,0.0,238.0,1.0,237.0,10000,238,8036352,8445952,409600.0,1031,24576,8192,0,0,0.0,0.0,0,0,0,0,"{""access_log_jsonb_w_pkey"":131072}",2880,2880,0,0,7219683,7219827,,,,0,4,ModifyTable on access_log_jsonb_w [Hash Join [Seq Scan on access_log_jsonb_w; Hash [Bitmap Heap Scan on expected_update [Bitmap Index Scan using expected_update_pkey]]]]
1,UA-1/json/X-0/m08,UA-1/json/X-0,UA-1,UA-1,json,json,X-0,head-to-head,measured,8,1,True,False,,True,20.904,,0.355,0.36,22.492,18.919,41.771,115.39,714,2098202,239,,2119128,20926,715.0,239.0,2098236.0,0.0,2.0,0.0,15.917999999997846,0.0,3095,0,303,60,0,3,4415.0,0.0,0.0,60.0,0.0,0.0,3.0869999999995343,0.0,0.0,238.0,0.0,238.0,10000,238,10240000,10731520,491520.0,1310,24576,8192,0,0,0.0,0.0,0,0,0,0,"{""access_log_json_w_pkey"":131072}",1,1,0,0,8434066,8434304,0,397664,397664,0,4,ModifyTable on access_log_json_w [Hash Join [Seq Scan on access_log_json_w; Hash [Bitmap Heap Scan on expected_update [Bitmap Index Scan using expected_update_pkey]]]]
1,UA-1/jsonb/X-1/m08,UA-1/jsonb/X-1,UA-1,UA-1,jsonb,jsonb,X-1,head-to-head,measured,8,1,True,False,,True,54.314,,0.426,0.292,55.649,16.08,72.021,158.989,1925,2626690,286,,2649112,22422,1926.0,286.0,2626724.0,0.0,2.0,0.0,15.555000000000291,0.0,5168,50,341,51,0,3,6257.0,50.0,0.0,51.0,0.0,0.0,2.7290000000011787,0.0,0.0,238.0,0.0,237.0,10000,238,8036352,8445952,409600.0,1031,24576,8192,0,0,0.0,0.0,0,499712,507904,8192,"{""access_log_jsonb_w_i1a_record_validity"":65536,""access_log_jsonb_w_i1b_entity_type_code"":57344,""access_log_jsonb_w_i1c_status_code"":57344,""access_log_jsonb_w_i1d_latitude_degrees"":147456,""access_log_jsonb_w_i1e_event_timestamp_utc"":180224,""access_log_jsonb_w_pkey"":131072}",2880,2880,0,0,7219683,7219827,,,,0,4,ModifyTable on access_log_jsonb_w [Hash Join [Seq Scan on access_log_jsonb_w; Hash [Bitmap Heap Scan on expected_update [Bitmap Index Scan using expected_update_pkey]]]]
1,UA-1/json/X-1/m08,UA-1/json/X-1,UA-1,UA-1,json,json,X-1,head-to-head,measured,8,1,True,False,,True,93.403,,0.425,0.299,94.662,14.87,109.83100000000002,211.827,1925,2484878,283,,2507224,22346,1926.0,283.0,2484912.0,0.0,2.0,0.0,14.477999999995518,0.0,5429,48,348,61,0,3,6788.0,48.0,0.0,61.0,0.0,0.0,2.665000000000873,0.0,0.0,238.0,0.0,238.0,5000,238,10240000,10731520,491520.0,1310,24576,8192,0,0,0.0,0.0,0,499712,507904,8192,"{""access_log_json_w_i1a_record_validity"":65536,""access_log_json_w_i1b_entity_type_code"":57344,""access_log_json_w_i1c_status_code"":57344,""access_log_json_w_i1d_latitude_degrees"":147456,""access_log_json_w_i1e_event_timestamp_utc"":180224,""access_log_json_w_pkey"":131072}",1,1,0,0,8434066,8434304,0,397664,397664,0,4,ModifyTable on access_log_json_w [Hash Join [Seq Scan on access_log_json_w; Hash [Bitmap Heap Scan on expected_update [Bitmap Index Scan using expected_update_pkey]]]]
1,UA-1/jsonb/X-2/m08,UA-1/jsonb/X-2,UA-1,UA-1,jsonb,jsonb,X-2,separate: GIN (jsonb only),measured,8,1,True,False,,True,87.09,,0.435,0.353,88.437,6.96,95.74999999999999,180.729,2241,3089874,286,,3114272,24398,2242.0,286.0,3089908.0,0.0,2.0,0.0,6.594999999993888,0.0,5643,50,420,129,0,3,6740.0,50.0,0.0,129.0,0.0,0.0,5.161000000000058,0.0,0.0,238.0,0.0,237.0,5000,238,8036352,8445952,409600.0,1031,24576,8192,0,0,0.0,0.0,0,5021696,5668864,647168,"{""access_log_jsonb_w_i1a_record_validity"":65536,""access_log_jsonb_w_i1b_entity_type_code"":57344,""access_log_jsonb_w_i1c_status_code"":57344,""access_log_jsonb_w_i1d_latitude_degrees"":147456,""access_log_jsonb_w_i1e_event_timestamp_utc"":180224,""access_log_jsonb_w_i2_gin_jsonb_ops"":5160960,""access_log_jsonb_w_pkey"":131072}",2880,2880,0,0,7219683,7219827,,,,0,4,ModifyTable on access_log_jsonb_w [Hash Join [Seq Scan on access_log_jsonb_w; Hash [Bitmap Heap Scan on expected_update [Bitmap Index Scan using expected_update_pkey]]]]
1,UA-1/jsonb/X-3/m08,UA-1/jsonb/X-3,UA-1,UA-1,jsonb,jsonb,X-3,separate: GIN (jsonb only),measured,8,1,True,False,,True,62.819,,0.349,0.274,63.9,7.854,72.02799999999999,152.678,2211,2925822,286,,2949696,23874,2213.0,287.0,2932465.0,0.0,2.0,0.0,5.72099999999773,0.0,5643,50,390,99,0,3,6788.0,50.0,0.0,99.0,0.0,0.0,4.144999999998618,0.0,0.0,238.0,0.0,237.0,5000,238,8036352,8445952,409600.0,1031,24576,8192,0,0,0.0,0.0,0,4227072,4628480,401408,"{""access_log_jsonb_w_i1a_record_validity"":65536,""access_log_jsonb_w_i1b_entity_type_code"":57344,""access_log_jsonb_w_i1c_status_code"":57344,""access_log_jsonb_w_i1d_latitude_degrees"":147456,""access_log_jsonb_w_i1e_event_timestamp_utc"":180224,""access_log_jsonb_w_i3_gin_jsonb_path_ops"":4120576,""access_log_jsonb_w_pkey"":131072}",2880,2880,0,0,7219683,7219827,,,,0,4,ModifyTable on access_log_jsonb_w [Hash Join [Seq Scan on access_log_jsonb_w; Hash [Bitmap Heap Scan on expected_update [Bitmap Index Scan using expected_update_pkey]]]]
1,UA-1/jsonb/X-4/m08,UA-1/jsonb/X-4,UA-1,UA-1,jsonb,jsonb,X-4,separate: GIN (jsonb only),measured,8,1,True,False,,True,123.923,,0.49,0.324,125.323,5.927,131.57399999999998,246.553,2527,3389006,286,,3414880,25874,2528.0,286.0,3389040.0,0.0,2.0,0.0,3.8689999999987776,0.0,6118,50,469,177,0,3,7230.0,50.0,0.0,177.0,0.0,0.0,7.891000000001441,0.0,0.0,238.0,0.0,237.0,5000,238,8036352,8445952,409600.0,1031,24576,8192,0,0,0.0,0.0,0,8749056,9789440,1040384,"{""access_log_jsonb_w_i1a_record_validity"":65536,""access_log_jsonb_w_i1b_entity_type_code"":57344,""access_log_jsonb_w_i1c_status_code"":57344,""access_log_jsonb_w_i1d_latitude_degrees"":147456,""access_log_jsonb_w_i1e_event_timestamp_utc"":180224,""access_log_jsonb_w_i2_gin_jsonb_ops"":5160960,""access_log_jsonb_w_i3_gin_jsonb_path_ops"":4120576,""access_log_jsonb_w_pkey"":131072}",2880,2880,0,0,7219683,7219827,,,,0,4,ModifyTable on access_log_jsonb_w [Hash Join [Seq Scan on access_log_jsonb_w; Hash [Bitmap Heap Scan on expected_update [Bitmap Index Scan using expected_update_pkey]]]]
1,UA-1/jsonb/X-4/m09,UA-1/jsonb/X-4,UA-1,UA-1,jsonb,jsonb,X-4,separate: GIN (jsonb only),measured,9,1,True,False,,True,118.974,,0.437,0.345,120.223,18.297,138.865,219.705,2527,3389006,286,,3414880,25874,2528.0,286.0,3389040.0,0.0,2.0,0.0,16.110000000000582,0.0,6118,50,469,177,0,3,7226.0,50.0,0.0,177.0,0.0,0.0,7.932999999999083,0.0,0.0,238.0,0.0,237.0,5000,238,8036352,8445952,409600.0,1031,24576,8192,0,0,0.0,0.0,0,8749056,9789440,1040384,"{""access_log_jsonb_w_i1a_record_validity"":65536,""access_log_jsonb_w_i1b_entity_type_code"":57344,""access_log_jsonb_w_i1c_status_code"":57344,""access_log_jsonb_w_i1d_latitude_degrees"":147456,""access_log_jsonb_w_i1e_event_timestamp_utc"":180224,""access_log_jsonb_w_i2_gin_jsonb_ops"":5160960,""access_log_jsonb_w_i3_gin_jsonb_path_ops"":4120576,""access_log_jsonb_w_pkey"":131072}",2880,2880,0,0,7219683,7219827,,,,0,4,ModifyTable on access_log_jsonb_w [Hash Join [Seq Scan on access_log_jsonb_w; Hash [Bitmap Heap Scan on expected_update [Bitmap Index Scan using expected_update_pkey]]]]
1,UA-1/jsonb/X-3/m09,UA-1/jsonb/X-3,UA-1,UA-1,jsonb,jsonb,X-3,separate: GIN (jsonb only),measured,9,1,True,False,,True,81.57,,0.395,0.269,82.8,12.822,95.891,184.032,2211,2925822,286,,2949680,23858,2212.0,286.0,2925856.0,0.0,2.0,0.0,12.417999999997846,0.0,5643,50,390,99,0,3,6746.0,50.0,0.0,99.0,0.0,0.0,4.962999999999738,0.0,0.0,238.0,0.0,237.0,5000,238,8036352,8445952,409600.0,1031,24576,8192,0,0,0.0,0.0,0,4227072,4628480,401408,"{""access_log_jsonb_w_i1a_record_validity"":65536,""access_log_jsonb_w_i1b_entity_type_code"":57344,""access_log_jsonb_w_i1c_status_code"":57344,""access_log_jsonb_w_i1d_latitude_degrees"":147456,""access_log_jsonb_w_i1e_event_timestamp_utc"":180224,""access_log_jsonb_w_i3_gin_jsonb_path_ops"":4120576,""access_log_jsonb_w_pkey"":131072}",2880,2880,0,0,7219683,7219827,,,,0,4,ModifyTable on access_log_jsonb_w [Hash Join [Seq Scan on access_log_jsonb_w; Hash [Bitmap Heap Scan on expected_update [Bitmap Index Scan using expected_update_pkey]]]]
1,UA-1/jsonb/X-2/m09,UA-1/jsonb/X-2,UA-1,UA-1,jsonb,jsonb,X-2,separate: GIN (jsonb only),measured,9,1,True,False,,True,103.608,,0.431,0.316,104.915,15.012,120.24300000000001,201.147,2241,3089874,286,,3114272,24398,2242.0,286.0,3089908.0,0.0,1.0,0.0,14.601999999998952,0.0,5643,50,420,129,0,3,6746.0,50.0,0.0,129.0,0.0,0.0,6.019999999998618,0.0,0.0,238.0,0.0,237.0,5000,238,8036352,8445952,409600.0,1031,24576,8192,0,0,0.0,0.0,0,5021696,5668864,647168,"{""access_log_jsonb_w_i1a_record_validity"":65536,""access_log_jsonb_w_i1b_entity_type_code"":57344,""access_log_jsonb_w_i1c_status_code"":57344,""access_log_jsonb_w_i1d_latitude_degrees"":147456,""access_log_jsonb_w_i1e_event_timestamp_utc"":180224,""access_log_jsonb_w_i2_gin_jsonb_ops"":5160960,""access_log_jsonb_w_pkey"":131072}",2880,2880,0,0,7219683,7219827,,,,0,4,ModifyTable on access_log_jsonb_w [Hash Join [Seq Scan on access_log_jsonb_w; Hash [Bitmap Heap Scan on expected_update [Bitmap Index Scan using expected_update_pkey]]]]
1,UA-1/json/X-1/m09,UA-1/json/X-1,UA-1,UA-1,json,json,X-1,head-to-head,measured,9,1,True,False,,True,89.939,,0.38,0.308,91.174,12.059,103.54100000000001,185.238,1925,2484878,283,,2507200,22322,1927.0,284.0,2490333.0,0.0,2.0,0.0,0.35900000000401633,0.0,5429,48,348,61,0,3,6790.0,48.0,0.0,61.0,0.0,0.0,2.8189999999995052,0.0,0.0,238.0,0.0,238.0,5000,238,10240000,10731520,491520.0,1310,24576,8192,0,0,0.0,0.0,0,499712,507904,8192,"{""access_log_json_w_i1a_record_validity"":65536,""access_log_json_w_i1b_entity_type_code"":57344,""access_log_json_w_i1c_status_code"":57344,""access_log_json_w_i1d_latitude_degrees"":147456,""access_log_json_w_i1e_event_timestamp_utc"":180224,""access_log_json_w_pkey"":131072}",1,1,0,0,8434066,8434304,0,397664,397664,0,4,ModifyTable on access_log_json_w [Hash Join [Seq Scan on access_log_json_w; Hash [Bitmap Heap Scan on expected_update [Bitmap Index Scan using expected_update_pkey]]]]
1,UA-1/jsonb/X-1/m09,UA-1/jsonb/X-1,UA-1,UA-1,jsonb,jsonb,X-1,head-to-head,measured,9,1,True,False,,True,59.791,,0.46,0.304,61.231,7.23,68.765,162.637,1925,2626690,286,,2649128,22438,1926.0,286.0,2626724.0,0.0,2.0,0.0,4.601999999998952,0.0,5168,50,341,51,0,3,6264.0,50.0,0.0,51.0,0.0,0.0,2.9129999999986467,0.0,0.0,238.0,0.0,237.0,5000,238,8036352,8445952,409600.0,1031,24576,8192,0,0,0.0,0.0,0,499712,507904,8192,"{""access_log_jsonb_w_i1a_record_validity"":65536,""access_log_jsonb_w_i1b_entity_type_code"":57344,""access_log_jsonb_w_i1c_status_code"":57344,""access_log_jsonb_w_i1d_latitude_degrees"":147456,""access_log_jsonb_w_i1e_event_timestamp_utc"":180224,""access_log_jsonb_w_pkey"":131072}",2880,2880,0,0,7219683,7219827,,,,0,4,ModifyTable on access_log_jsonb_w [Hash Join [Seq Scan on access_log_jsonb_w; Hash [Bitmap Heap Scan on expected_update [Bitmap Index Scan using expected_update_pkey]]]]
1,UA-1/json/X-0/m09,UA-1/json/X-0,UA-1,UA-1,json,json,X-0,head-to-head,measured,9,1,True,False,,True,20.198,,0.346,0.285,21.516,6.194,27.994999999999997,108.672,714,2098202,239,,2119136,20934,715.0,239.0,2098236.0,0.0,3.0,0.0,5.618999999998778,0.0,3095,0,303,60,0,3,4415.0,0.0,0.0,60.0,0.0,0.0,2.8430000000007567,0.0,0.0,238.0,0.0,238.0,10000,238,10240000,10731520,491520.0,1310,24576,8192,0,0,0.0,0.0,0,0,0,0,"{""access_log_json_w_pkey"":131072}",1,1,0,0,8434066,8434304,0,397664,397664,0,4,ModifyTable on access_log_json_w [Hash Join [Seq Scan on access_log_json_w; Hash [Bitmap Heap Scan on expected_update [Bitmap Index Scan using expected_update_pkey]]]]
1,UA-1/jsonb/X-0/m09,UA-1/jsonb/X-0,UA-1,UA-1,jsonb,jsonb,X-0,head-to-head,measured,9,1,True,False,,True,44.27,,0.372,0.319,45.877,11.34,57.536,138.928,713,2225158,240,,2248416,23258,715.0,241.0,2227557.0,0.0,2.0,0.0,0.7439999999987776,0.0,2833,0,294,50,0,3,3895.0,0.0,0.0,50.0,0.0,0.0,2.4690000000009604,0.0,0.0,238.0,1.0,237.0,10000,238,8036352,8445952,409600.0,1031,24576,8192,0,0,0.0,0.0,0,0,0,0,"{""access_log_jsonb_w_pkey"":131072}",2880,2880,0,0,7219683,7219827,,,,0,4,ModifyTable on access_log_jsonb_w [Hash Join [Seq Scan on access_log_jsonb_w; Hash [Bitmap Heap Scan on expected_update [Bitmap Index Scan using expected_update_pkey]]]]
1,UA-1/json/X-0/m10,UA-1/json/X-0,UA-1,UA-1,json,json,X-0,head-to-head,measured,10,1,True,False,,True,19.679,,0.394,0.346,21.018,18.416,39.78,118.876,714,2098202,239,,2119152,20950,715.0,239.0,2098236.0,0.0,2.0,0.0,15.722999999998137,0.0,3095,0,303,60,0,3,4415.0,0.0,0.0,60.0,0.0,0.0,2.4359999999996944,0.0,0.0,238.0,0.0,238.0,10000,238,10240000,10731520,491520.0,1310,24576,8192,0,0,0.0,0.0,0,0,0,0,"{""access_log_json_w_pkey"":131072}",1,1,0,0,8434066,8434304,0,397664,397664,0,4,ModifyTable on access_log_json_w [Hash Join [Seq Scan on access_log_json_w; Hash [Bitmap Heap Scan on expected_update [Bitmap Index Scan using expected_update_pkey]]]]
1,UA-1/jsonb/X-0/m10,UA-1/jsonb/X-0,UA-1,UA-1,jsonb,jsonb,X-0,head-to-head,measured,10,1,True,False,,True,48.465,,0.353,0.291,49.722,3.155,53.168,129.324,713,2225158,240,,2246048,20890,714.0,240.0,2225192.0,0.0,2.0,0.0,2.8099999999976717,0.0,2833,0,294,50,0,3,3885.0,0.0,0.0,50.0,0.0,0.0,2.5279999999984284,0.0,0.0,238.0,1.0,237.0,10000,238,8036352,8445952,409600.0,1031,24576,8192,0,0,0.0,0.0,0,0,0,0,"{""access_log_jsonb_w_pkey"":131072}",2880,2880,0,0,7219683,7219827,,,,0,4,ModifyTable on access_log_jsonb_w [Hash Join [Seq Scan on access_log_jsonb_w; Hash [Bitmap Heap Scan on expected_update [Bitmap Index Scan using expected_update_pkey]]]]
1,UA-1/json/X-1/m10,UA-1/json/X-1,UA-1,UA-1,json,json,X-1,head-to-head,measured,10,1,True,False,,True,101.17,,0.416,0.425,102.545,2.797,105.767,189.206,1925,2484878,283,,2507200,22322,1927.0,284.0,2490305.0,0.0,2.0,0.0,2.3839999999981956,0.0,5429,48,348,61,0,3,6786.0,48.0,0.0,61.0,0.0,0.0,3.0380000000004657,0.0,0.0,238.0,0.0,238.0,5000,238,10240000,10731520,491520.0,1310,24576,8192,0,0,0.0,0.0,0,499712,507904,8192,"{""access_log_json_w_i1a_record_validity"":65536,""access_log_json_w_i1b_entity_type_code"":57344,""access_log_json_w_i1c_status_code"":57344,""access_log_json_w_i1d_latitude_degrees"":147456,""access_log_json_w_i1e_event_timestamp_utc"":180224,""access_log_json_w_pkey"":131072}",1,1,0,0,8434066,8434304,0,397664,397664,0,4,ModifyTable on access_log_json_w [Hash Join [Seq Scan on access_log_json_w; Hash [Bitmap Heap Scan on expected_update [Bitmap Index Scan using expected_update_pkey]]]]
1,UA-1/jsonb/X-1/m10,UA-1/jsonb/X-1,UA-1,UA-1,jsonb,jsonb,X-1,head-to-head,measured,10,1,True,False,,True,49.705,,0.417,0.357,50.977,19.353,70.687,163.789,1925,2626690,286,,2649128,22438,1926.0,286.0,2626724.0,0.0,2.0,0.0,16.902000000001863,0.0,5168,50,341,51,0,3,6264.0,50.0,0.0,51.0,0.0,0.0,2.6589999999996508,0.0,0.0,238.0,0.0,237.0,10000,238,8036352,8445952,409600.0,1031,24576,8192,0,0,0.0,0.0,0,499712,507904,8192,"{""access_log_jsonb_w_i1a_record_validity"":65536,""access_log_jsonb_w_i1b_entity_type_code"":57344,""access_log_jsonb_w_i1c_status_code"":57344,""access_log_jsonb_w_i1d_latitude_degrees"":147456,""access_log_jsonb_w_i1e_event_timestamp_utc"":180224,""access_log_jsonb_w_pkey"":131072}",2880,2880,0,0,7219683,7219827,,,,0,4,ModifyTable on access_log_jsonb_w [Hash Join [Seq Scan on access_log_jsonb_w; Hash [Bitmap Heap Scan on expected_update [Bitmap Index Scan using expected_update_pkey]]]]
1,UA-1/jsonb/X-2/m10,UA-1/jsonb/X-2,UA-1,UA-1,jsonb,jsonb,X-2,separate: GIN (jsonb only),measured,10,1,True,False,,True,92.753,,0.604,0.355,94.307,12.984,107.646,197.248,2241,3089874,286,,3114272,24398,2242.0,286.0,3089908.0,0.0,2.0,0.0,4.7149999999965075,0.0,5643,50,420,129,0,3,6746.0,50.0,0.0,129.0,0.0,0.0,5.653000000000247,0.0,0.0,238.0,0.0,237.0,5000,238,8036352,8445952,409600.0,1031,24576,8192,0,0,0.0,0.0,0,5021696,5668864,647168,"{""access_log_jsonb_w_i1a_record_validity"":65536,""access_log_jsonb_w_i1b_entity_type_code"":57344,""access_log_jsonb_w_i1c_status_code"":57344,""access_log_jsonb_w_i1d_latitude_degrees"":147456,""access_log_jsonb_w_i1e_event_timestamp_utc"":180224,""access_log_jsonb_w_i2_gin_jsonb_ops"":5160960,""access_log_jsonb_w_pkey"":131072}",2880,2880,0,0,7219683,7219827,,,,0,4,ModifyTable on access_log_jsonb_w [Hash Join [Seq Scan on access_log_jsonb_w; Hash [Bitmap Heap Scan on expected_update [Bitmap Index Scan using expected_update_pkey]]]]
1,UA-1/jsonb/X-3/m10,UA-1/jsonb/X-3,UA-1,UA-1,jsonb,jsonb,X-3,separate: GIN (jsonb only),measured,10,1,True,False,,True,73.149,,0.421,0.382,74.526,14.862,89.77,186.88,2211,2925822,286,,2949680,23858,2212.0,286.0,2925856.0,0.0,1.0,0.0,14.468999999997322,0.0,5643,50,390,99,0,3,6744.0,50.0,0.0,99.0,0.0,0.0,5.77599999999984,0.0,0.0,238.0,0.0,237.0,5000,238,8036352,8445952,409600.0,1031,24576,8192,0,0,0.0,0.0,0,4227072,4628480,401408,"{""access_log_jsonb_w_i1a_record_validity"":65536,""access_log_jsonb_w_i1b_entity_type_code"":57344,""access_log_jsonb_w_i1c_status_code"":57344,""access_log_jsonb_w_i1d_latitude_degrees"":147456,""access_log_jsonb_w_i1e_event_timestamp_utc"":180224,""access_log_jsonb_w_i3_gin_jsonb_path_ops"":4120576,""access_log_jsonb_w_pkey"":131072}",2880,2880,0,0,7219683,7219827,,,,0,4,ModifyTable on access_log_jsonb_w [Hash Join [Seq Scan on access_log_jsonb_w; Hash [Bitmap Heap Scan on expected_update [Bitmap Index Scan using expected_update_pkey]]]]
1,UA-1/jsonb/X-4/m10,UA-1/jsonb/X-4,UA-1,UA-1,jsonb,jsonb,X-4,separate: GIN (jsonb only),measured,10,1,True,False,,True,116.954,,0.415,0.345,118.208,5.209,123.762,219.197,2527,3389006,286,,3414864,25858,2528.0,286.0,3389040.0,0.0,2.0,0.0,4.849000000001979,0.0,6118,50,469,177,0,3,7228.0,50.0,0.0,177.0,0.0,0.0,8.1150000000016,0.0,0.0,238.0,0.0,237.0,5000,238,8036352,8445952,409600.0,1031,24576,8192,0,0,0.0,0.0,0,8749056,9789440,1040384,"{""access_log_jsonb_w_i1a_record_validity"":65536,""access_log_jsonb_w_i1b_entity_type_code"":57344,""access_log_jsonb_w_i1c_status_code"":57344,""access_log_jsonb_w_i1d_latitude_degrees"":147456,""access_log_jsonb_w_i1e_event_timestamp_utc"":180224,""access_log_jsonb_w_i2_gin_jsonb_ops"":5160960,""access_log_jsonb_w_i3_gin_jsonb_path_ops"":4120576,""access_log_jsonb_w_pkey"":131072}",2880,2880,0,0,7219683,7219827,,,,0,4,ModifyTable on access_log_jsonb_w [Hash Join [Seq Scan on access_log_jsonb_w; Hash [Bitmap Heap Scan on expected_update [Bitmap Index Scan using expected_update_pkey]]]]
1,UA-1/jsonb/X-4/m11,UA-1/jsonb/X-4,UA-1,UA-1,jsonb,jsonb,X-4,separate: GIN (jsonb only),measured,11,1,True,False,,True,129.328,,0.446,0.353,130.697,16.021,147.07100000000003,237.058,2527,3389006,286,,3414864,25858,2528.0,286.0,3389040.0,0.0,2.0,0.0,15.57499999999709,0.0,6118,50,469,177,0,3,7226.0,50.0,0.0,177.0,0.0,0.0,8.274999999999636,0.0,0.0,238.0,0.0,237.0,5000,238,8036352,8445952,409600.0,1031,24576,8192,0,0,0.0,0.0,0,8749056,9789440,1040384,"{""access_log_jsonb_w_i1a_record_validity"":65536,""access_log_jsonb_w_i1b_entity_type_code"":57344,""access_log_jsonb_w_i1c_status_code"":57344,""access_log_jsonb_w_i1d_latitude_degrees"":147456,""access_log_jsonb_w_i1e_event_timestamp_utc"":180224,""access_log_jsonb_w_i2_gin_jsonb_ops"":5160960,""access_log_jsonb_w_i3_gin_jsonb_path_ops"":4120576,""access_log_jsonb_w_pkey"":131072}",2880,2880,0,0,7219683,7219827,,,,0,4,ModifyTable on access_log_jsonb_w [Hash Join [Seq Scan on access_log_jsonb_w; Hash [Bitmap Heap Scan on expected_update [Bitmap Index Scan using expected_update_pkey]]]]
1,UA-1/jsonb/X-3/m11,UA-1/jsonb/X-3,UA-1,UA-1,jsonb,jsonb,X-3,separate: GIN (jsonb only),measured,11,1,True,False,,True,79.642,,0.603,0.317,81.276,15.182,96.77499999999999,182.922,2211,2925822,286,,2949680,23858,2212.0,286.0,2925856.0,0.0,1.0,0.0,14.739999999997963,0.0,5643,50,390,99,0,3,6746.0,50.0,0.0,99.0,0.0,0.0,5.833999999998923,0.0,0.0,238.0,0.0,237.0,5000,238,8036352,8445952,409600.0,1031,24576,8192,0,0,0.0,0.0,0,4227072,4628480,401408,"{""access_log_jsonb_w_i1a_record_validity"":65536,""access_log_jsonb_w_i1b_entity_type_code"":57344,""access_log_jsonb_w_i1c_status_code"":57344,""access_log_jsonb_w_i1d_latitude_degrees"":147456,""access_log_jsonb_w_i1e_event_timestamp_utc"":180224,""access_log_jsonb_w_i3_gin_jsonb_path_ops"":4120576,""access_log_jsonb_w_pkey"":131072}",2880,2880,0,0,7219683,7219827,,,,0,4,ModifyTable on access_log_jsonb_w [Hash Join [Seq Scan on access_log_jsonb_w; Hash [Bitmap Heap Scan on expected_update [Bitmap Index Scan using expected_update_pkey]]]]
1,UA-1/jsonb/X-2/m11,UA-1/jsonb/X-2,UA-1,UA-1,jsonb,jsonb,X-2,separate: GIN (jsonb only),measured,11,1,True,False,,True,114.796,,0.448,0.372,116.112,2.484,118.96799999999999,215.976,2241,3089874,286,,3114296,24422,2242.0,286.0,3089908.0,0.0,3.0,0.0,2.147999999993772,0.0,5643,50,420,129,0,3,6746.0,50.0,0.0,129.0,0.0,0.0,6.683000000000902,0.0,0.0,238.0,0.0,237.0,5000,238,8036352,8445952,409600.0,1031,24576,8192,0,0,0.0,0.0,0,5021696,5668864,647168,"{""access_log_jsonb_w_i1a_record_validity"":65536,""access_log_jsonb_w_i1b_entity_type_code"":57344,""access_log_jsonb_w_i1c_status_code"":57344,""access_log_jsonb_w_i1d_latitude_degrees"":147456,""access_log_jsonb_w_i1e_event_timestamp_utc"":180224,""access_log_jsonb_w_i2_gin_jsonb_ops"":5160960,""access_log_jsonb_w_pkey"":131072}",2880,2880,0,0,7219683,7219827,,,,0,4,ModifyTable on access_log_jsonb_w [Hash Join [Seq Scan on access_log_jsonb_w; Hash [Bitmap Heap Scan on expected_update [Bitmap Index Scan using expected_update_pkey]]]]
1,UA-1/jsonb/X-1/m11,UA-1/jsonb/X-1,UA-1,UA-1,jsonb,jsonb,X-1,head-to-head,measured,11,1,True,False,,True,50.579,,0.448,0.323,51.982,14.932,67.237,150.726,1925,2626690,286,,2651464,24774,1927.0,287.0,2629097.0,0.0,1.0,0.0,14.48700000000099,0.0,5168,50,341,51,0,3,6262.0,50.0,0.0,51.0,0.0,0.0,2.643000000000029,0.0,0.0,238.0,0.0,237.0,10000,238,8036352,8445952,409600.0,1031,24576,8192,0,0,0.0,0.0,0,499712,507904,8192,"{""access_log_jsonb_w_i1a_record_validity"":65536,""access_log_jsonb_w_i1b_entity_type_code"":57344,""access_log_jsonb_w_i1c_status_code"":57344,""access_log_jsonb_w_i1d_latitude_degrees"":147456,""access_log_jsonb_w_i1e_event_timestamp_utc"":180224,""access_log_jsonb_w_pkey"":131072}",2880,2880,0,0,7219683,7219827,,,,0,4,ModifyTable on access_log_jsonb_w [Hash Join [Seq Scan on access_log_jsonb_w; Hash [Bitmap Heap Scan on expected_update [Bitmap Index Scan using expected_update_pkey]]]]
1,UA-1/json/X-1/m11,UA-1/json/X-1,UA-1,UA-1,json,json,X-1,head-to-head,measured,11,1,True,False,,True,96.489,,0.394,0.275,97.777,14.977,113.02900000000001,199.73,1925,2484878,283,,2507200,22322,1928.0,285.0,2496954.0,0.0,2.0,0.0,14.492000000005646,0.0,5429,48,348,61,0,3,6863.0,48.0,0.0,61.0,0.0,0.0,3.039999999999054,0.0,0.0,238.0,0.0,238.0,5000,238,10240000,10731520,491520.0,1310,24576,8192,0,0,0.0,0.0,0,499712,507904,8192,"{""access_log_json_w_i1a_record_validity"":65536,""access_log_json_w_i1b_entity_type_code"":57344,""access_log_json_w_i1c_status_code"":57344,""access_log_json_w_i1d_latitude_degrees"":147456,""access_log_json_w_i1e_event_timestamp_utc"":180224,""access_log_json_w_pkey"":131072}",1,1,0,0,8434066,8434304,0,397664,397664,0,4,ModifyTable on access_log_json_w [Hash Join [Seq Scan on access_log_json_w; Hash [Bitmap Heap Scan on expected_update [Bitmap Index Scan using expected_update_pkey]]]]
1,UA-1/jsonb/X-0/m11,UA-1/jsonb/X-0,UA-1,UA-1,jsonb,jsonb,X-0,head-to-head,measured,11,1,True,False,,True,42.714,,0.399,0.359,44.279,5.463,50.101000000000006,137.982,713,2225158,240,,2246072,20914,714.0,240.0,2225192.0,0.0,2.0,0.0,5.0370000000039,0.0,2833,0,294,50,0,3,3885.0,0.0,0.0,50.0,0.0,0.0,2.4789999999993597,0.0,0.0,238.0,1.0,237.0,10000,238,8036352,8445952,409600.0,1031,24576,8192,0,0,0.0,0.0,0,0,0,0,"{""access_log_jsonb_w_pkey"":131072}",2880,2880,0,0,7219683,7219827,,,,0,4,ModifyTable on access_log_jsonb_w [Hash Join [Seq Scan on access_log_jsonb_w; Hash [Bitmap Heap Scan on expected_update [Bitmap Index Scan using expected_update_pkey]]]]
1,UA-1/json/X-0/m11,UA-1/json/X-0,UA-1,UA-1,json,json,X-0,head-to-head,measured,11,1,True,False,,True,21.413,,0.462,0.353,22.892,5.275,28.520000000000003,111.771,714,2098202,239,,2119136,20934,715.0,239.0,2098236.0,0.0,1.0,0.0,4.8439999999973224,0.0,3095,0,303,60,0,3,4419.0,0.0,0.0,60.0,0.0,0.0,2.9389999999984866,0.0,0.0,238.0,0.0,238.0,10000,238,10240000,10731520,491520.0,1310,24576,8192,0,0,0.0,0.0,0,0,0,0,"{""access_log_json_w_pkey"":131072}",1,1,0,0,8434066,8434304,0,397664,397664,0,4,ModifyTable on access_log_json_w [Hash Join [Seq Scan on access_log_json_w; Hash [Bitmap Heap Scan on expected_update [Bitmap Index Scan using expected_update_pkey]]]]
1,UA-1/jsonb/X-0/m12,UA-1/jsonb/X-0,UA-1,UA-1,jsonb,jsonb,X-0,head-to-head,measured,12,1,True,False,,True,42.994,,0.365,0.356,44.422,5.3,50.077999999999996,112.809,713,2225158,240,,2246048,20890,714.0,240.0,2225192.0,0.0,2.0,0.0,4.904999999998836,0.0,2833,0,294,50,0,3,3883.0,0.0,0.0,50.0,0.0,0.0,2.404000000000451,0.0,0.0,238.0,1.0,237.0,10000,238,8036352,8445952,409600.0,1031,24576,8192,0,0,0.0,0.0,0,0,0,0,"{""access_log_jsonb_w_pkey"":131072}",2880,2880,0,0,7219683,7219827,,,,0,4,ModifyTable on access_log_jsonb_w [Hash Join [Seq Scan on access_log_jsonb_w; Hash [Bitmap Heap Scan on expected_update [Bitmap Index Scan using expected_update_pkey]]]]
1,UA-1/json/X-0/m12,UA-1/json/X-0,UA-1,UA-1,json,json,X-0,head-to-head,measured,12,1,True,False,,True,26.931,,0.361,0.36,28.549,5.373,34.282,119.493,714,2098202,239,,2119136,20934,715.0,239.0,2098236.0,0.0,2.0,0.0,4.847000000001572,0.0,3095,0,303,60,0,3,4414.0,0.0,0.0,60.0,0.0,0.0,3.8659999999999854,0.0,0.0,238.0,0.0,238.0,10000,238,10240000,10731520,491520.0,1310,24576,8192,0,0,0.0,0.0,0,0,0,0,"{""access_log_json_w_pkey"":131072}",1,1,0,0,8434066,8434304,0,397664,397664,0,4,ModifyTable on access_log_json_w [Hash Join [Seq Scan on access_log_json_w; Hash [Bitmap Heap Scan on expected_update [Bitmap Index Scan using expected_update_pkey]]]]
1,UA-1/jsonb/X-1/m12,UA-1/jsonb/X-1,UA-1,UA-1,jsonb,jsonb,X-1,head-to-head,measured,12,1,True,False,,True,61.763,,0.484,0.255,63.276,14.576,78.107,153.659,1925,2626690,286,,2649088,22398,1926.0,286.0,2626724.0,0.0,1.0,0.0,14.13300000000163,0.0,5168,50,341,51,0,3,6259.0,50.0,0.0,51.0,0.0,0.0,3.9390000000003056,0.0,0.0,238.0,0.0,237.0,5000,238,8036352,8445952,409600.0,1031,24576,8192,0,0,0.0,0.0,0,499712,507904,8192,"{""access_log_jsonb_w_i1a_record_validity"":65536,""access_log_jsonb_w_i1b_entity_type_code"":57344,""access_log_jsonb_w_i1c_status_code"":57344,""access_log_jsonb_w_i1d_latitude_degrees"":147456,""access_log_jsonb_w_i1e_event_timestamp_utc"":180224,""access_log_jsonb_w_pkey"":131072}",2880,2880,0,0,7219683,7219827,,,,0,4,ModifyTable on access_log_jsonb_w [Hash Join [Seq Scan on access_log_jsonb_w; Hash [Bitmap Heap Scan on expected_update [Bitmap Index Scan using expected_update_pkey]]]]
1,UA-1/json/X-1/m12,UA-1/json/X-1,UA-1,UA-1,json,json,X-1,head-to-head,measured,12,1,True,False,,True,110.795,,0.463,0.406,112.584,16.209,129.199,219.297,1925,2484878,283,,2507256,22378,1927.0,284.0,2490337.0,0.0,2.0,0.0,15.730000000003201,0.0,5429,48,348,61,0,3,6788.0,48.0,0.0,61.0,0.0,0.0,3.368000000000393,0.0,0.0,238.0,0.0,238.0,5000,238,10240000,10731520,491520.0,1310,24576,8192,0,0,0.0,0.0,0,499712,507904,8192,"{""access_log_json_w_i1a_record_validity"":65536,""access_log_json_w_i1b_entity_type_code"":57344,""access_log_json_w_i1c_status_code"":57344,""access_log_json_w_i1d_latitude_degrees"":147456,""access_log_json_w_i1e_event_timestamp_utc"":180224,""access_log_json_w_pkey"":131072}",1,1,0,0,8434066,8434304,0,397664,397664,0,4,ModifyTable on access_log_json_w [Hash Join [Seq Scan on access_log_json_w; Hash [Bitmap Heap Scan on expected_update [Bitmap Index Scan using expected_update_pkey]]]]
1,UA-1/jsonb/X-2/m12,UA-1/jsonb/X-2,UA-1,UA-1,jsonb,jsonb,X-2,separate: GIN (jsonb only),measured,12,1,True,False,,True,97.444,,0.485,0.328,98.844,3.367,102.539,198.788,2241,3089874,286,,3114272,24398,2242.0,286.0,3089908.0,0.0,2.0,0.0,3.0200000000040745,0.0,5643,50,420,129,0,3,6740.0,50.0,0.0,129.0,0.0,0.0,5.782999999999447,0.0,0.0,238.0,0.0,237.0,5000,238,8036352,8445952,409600.0,1031,24576,8192,0,0,0.0,0.0,0,5021696,5668864,647168,"{""access_log_jsonb_w_i1a_record_validity"":65536,""access_log_jsonb_w_i1b_entity_type_code"":57344,""access_log_jsonb_w_i1c_status_code"":57344,""access_log_jsonb_w_i1d_latitude_degrees"":147456,""access_log_jsonb_w_i1e_event_timestamp_utc"":180224,""access_log_jsonb_w_i2_gin_jsonb_ops"":5160960,""access_log_jsonb_w_pkey"":131072}",2880,2880,0,0,7219683,7219827,,,,0,4,ModifyTable on access_log_jsonb_w [Hash Join [Seq Scan on access_log_jsonb_w; Hash [Bitmap Heap Scan on expected_update [Bitmap Index Scan using expected_update_pkey]]]]
1,UA-1/jsonb/X-3/m12,UA-1/jsonb/X-3,UA-1,UA-1,jsonb,jsonb,X-3,separate: GIN (jsonb only),measured,12,1,True,False,,True,77.275,,0.449,0.351,78.538,20.399,99.288,185.857,2211,2925822,286,,2953408,27586,2213.0,287.0,2929581.0,0.0,2.0,0.0,20.050999999999476,0.0,5643,50,390,99,0,3,6738.0,50.0,0.0,99.0,0.0,0.0,5.135000000000218,0.0,0.0,238.0,0.0,237.0,5000,238,8036352,8445952,409600.0,1031,24576,8192,0,0,0.0,0.0,0,4227072,4628480,401408,"{""access_log_jsonb_w_i1a_record_validity"":65536,""access_log_jsonb_w_i1b_entity_type_code"":57344,""access_log_jsonb_w_i1c_status_code"":57344,""access_log_jsonb_w_i1d_latitude_degrees"":147456,""access_log_jsonb_w_i1e_event_timestamp_utc"":180224,""access_log_jsonb_w_i3_gin_jsonb_path_ops"":4120576,""access_log_jsonb_w_pkey"":131072}",2880,2880,0,0,7219683,7219827,,,,0,4,ModifyTable on access_log_jsonb_w [Hash Join [Seq Scan on access_log_jsonb_w; Hash [Bitmap Heap Scan on expected_update [Bitmap Index Scan using expected_update_pkey]]]]
1,UA-1/jsonb/X-4/m12,UA-1/jsonb/X-4,UA-1,UA-1,jsonb,jsonb,X-4,separate: GIN (jsonb only),measured,12,1,True,False,,True,116.304,,0.427,0.31,117.799,15.598,133.70700000000002,224.347,2527,3389006,286,,3421064,32058,2529.0,287.0,3395213.0,0.0,1.0,0.0,15.153000000005704,0.0,6118,50,469,177,0,3,7221.0,50.0,0.0,177.0,0.0,0.0,8.738999999999578,0.0,0.0,238.0,0.0,237.0,5000,238,8036352,8445952,409600.0,1031,24576,8192,0,0,0.0,0.0,0,8749056,9789440,1040384,"{""access_log_jsonb_w_i1a_record_validity"":65536,""access_log_jsonb_w_i1b_entity_type_code"":57344,""access_log_jsonb_w_i1c_status_code"":57344,""access_log_jsonb_w_i1d_latitude_degrees"":147456,""access_log_jsonb_w_i1e_event_timestamp_utc"":180224,""access_log_jsonb_w_i2_gin_jsonb_ops"":5160960,""access_log_jsonb_w_i3_gin_jsonb_path_ops"":4120576,""access_log_jsonb_w_pkey"":131072}",2880,2880,0,0,7219683,7219827,,,,0,4,ModifyTable on access_log_jsonb_w [Hash Join [Seq Scan on access_log_jsonb_w; Hash [Bitmap Heap Scan on expected_update [Bitmap Index Scan using expected_update_pkey]]]]
1,UA-1/jsonb/X-4/m13,UA-1/jsonb/X-4,UA-1,UA-1,jsonb,jsonb,X-4,separate: GIN (jsonb only),measured,13,1,True,False,,True,129.141,,0.417,0.321,130.383,15.011,145.715,227.781,2527,3389006,286,,3417952,28946,2529.0,287.0,3392121.0,0.0,1.0,0.0,14.61200000000099,0.0,6118,50,469,177,0,3,7219.0,50.0,0.0,177.0,0.0,0.0,18.587999999999738,0.0,0.0,238.0,0.0,237.0,5000,238,8036352,8445952,409600.0,1031,24576,8192,0,0,0.0,0.0,0,8749056,9789440,1040384,"{""access_log_jsonb_w_i1a_record_validity"":65536,""access_log_jsonb_w_i1b_entity_type_code"":57344,""access_log_jsonb_w_i1c_status_code"":57344,""access_log_jsonb_w_i1d_latitude_degrees"":147456,""access_log_jsonb_w_i1e_event_timestamp_utc"":180224,""access_log_jsonb_w_i2_gin_jsonb_ops"":5160960,""access_log_jsonb_w_i3_gin_jsonb_path_ops"":4120576,""access_log_jsonb_w_pkey"":131072}",2880,2880,0,0,7219683,7219827,,,,0,4,ModifyTable on access_log_jsonb_w [Hash Join [Seq Scan on access_log_jsonb_w; Hash [Bitmap Heap Scan on expected_update [Bitmap Index Scan using expected_update_pkey]]]]
1,UA-1/jsonb/X-3/m13,UA-1/jsonb/X-3,UA-1,UA-1,jsonb,jsonb,X-3,separate: GIN (jsonb only),measured,13,1,True,False,,True,73.855,,0.425,0.294,75.16,4.878,80.332,163.602,2211,2925822,286,,2949696,23874,2212.0,286.0,2925856.0,0.0,3.0,0.0,2.5089999999981956,0.0,5643,50,390,99,0,3,6740.0,50.0,0.0,99.0,0.0,0.0,4.559999999999491,0.0,0.0,238.0,0.0,237.0,5000,238,8036352,8445952,409600.0,1031,24576,8192,0,0,0.0,0.0,0,4227072,4628480,401408,"{""access_log_jsonb_w_i1a_record_validity"":65536,""access_log_jsonb_w_i1b_entity_type_code"":57344,""access_log_jsonb_w_i1c_status_code"":57344,""access_log_jsonb_w_i1d_latitude_degrees"":147456,""access_log_jsonb_w_i1e_event_timestamp_utc"":180224,""access_log_jsonb_w_i3_gin_jsonb_path_ops"":4120576,""access_log_jsonb_w_pkey"":131072}",2880,2880,0,0,7219683,7219827,,,,0,4,ModifyTable on access_log_jsonb_w [Hash Join [Seq Scan on access_log_jsonb_w; Hash [Bitmap Heap Scan on expected_update [Bitmap Index Scan using expected_update_pkey]]]]
1,UA-1/jsonb/X-2/m13,UA-1/jsonb/X-2,UA-1,UA-1,jsonb,jsonb,X-2,separate: GIN (jsonb only),measured,13,1,True,False,,True,95.323,,0.475,0.363,96.724,14.634,111.721,204.972,2241,3089874,286,,3114272,24398,2242.0,286.0,3089908.0,0.0,2.0,0.0,2.489000000001397,0.0,5643,50,420,129,0,3,6740.0,50.0,0.0,129.0,0.0,0.0,5.757999999999811,0.0,0.0,238.0,0.0,237.0,5000,238,8036352,8445952,409600.0,1031,24576,8192,0,0,0.0,0.0,0,5021696,5668864,647168,"{""access_log_jsonb_w_i1a_record_validity"":65536,""access_log_jsonb_w_i1b_entity_type_code"":57344,""access_log_jsonb_w_i1c_status_code"":57344,""access_log_jsonb_w_i1d_latitude_degrees"":147456,""access_log_jsonb_w_i1e_event_timestamp_utc"":180224,""access_log_jsonb_w_i2_gin_jsonb_ops"":5160960,""access_log_jsonb_w_pkey"":131072}",2880,2880,0,0,7219683,7219827,,,,0,4,ModifyTable on access_log_jsonb_w [Hash Join [Seq Scan on access_log_jsonb_w; Hash [Bitmap Heap Scan on expected_update [Bitmap Index Scan using expected_update_pkey]]]]
1,UA-1/json/X-1/m13,UA-1/json/X-1,UA-1,UA-1,json,json,X-1,head-to-head,measured,13,1,True,False,,True,103.024,,0.421,0.307,104.209,4.567,109.083,193.926,1925,2484878,283,,2507224,22346,1926.0,283.0,2484912.0,0.0,2.0,0.0,4.20499999999447,0.0,5429,48,348,61,0,3,6788.0,48.0,0.0,61.0,0.0,0.0,14.436999999999898,0.0,0.0,238.0,0.0,238.0,5000,238,10240000,10731520,491520.0,1310,24576,8192,0,0,0.0,0.0,0,499712,507904,8192,"{""access_log_json_w_i1a_record_validity"":65536,""access_log_json_w_i1b_entity_type_code"":57344,""access_log_json_w_i1c_status_code"":57344,""access_log_json_w_i1d_latitude_degrees"":147456,""access_log_json_w_i1e_event_timestamp_utc"":180224,""access_log_json_w_pkey"":131072}",1,1,0,0,8434066,8434304,0,397664,397664,0,4,ModifyTable on access_log_json_w [Hash Join [Seq Scan on access_log_json_w; Hash [Bitmap Heap Scan on expected_update [Bitmap Index Scan using expected_update_pkey]]]]
1,UA-1/jsonb/X-1/m13,UA-1/jsonb/X-1,UA-1,UA-1,jsonb,jsonb,X-1,head-to-head,measured,13,1,True,False,,True,63.373,,0.422,0.358,64.576,14.472,79.40599999999999,162.565,1925,2626690,286,,2649088,22398,1926.0,286.0,2626724.0,0.0,1.0,0.0,14.063999999998487,0.0,5168,50,341,51,0,3,6259.0,50.0,0.0,51.0,0.0,0.0,3.34900000000016,0.0,0.0,238.0,0.0,237.0,10000,238,8036352,8445952,409600.0,1031,24576,8192,0,0,0.0,0.0,0,499712,507904,8192,"{""access_log_jsonb_w_i1a_record_validity"":65536,""access_log_jsonb_w_i1b_entity_type_code"":57344,""access_log_jsonb_w_i1c_status_code"":57344,""access_log_jsonb_w_i1d_latitude_degrees"":147456,""access_log_jsonb_w_i1e_event_timestamp_utc"":180224,""access_log_jsonb_w_pkey"":131072}",2880,2880,0,0,7219683,7219827,,,,0,4,ModifyTable on access_log_jsonb_w [Hash Join [Seq Scan on access_log_jsonb_w; Hash [Bitmap Heap Scan on expected_update [Bitmap Index Scan using expected_update_pkey]]]]
1,UA-1/json/X-0/m13,UA-1/json/X-0,UA-1,UA-1,json,json,X-0,head-to-head,measured,13,1,True,False,,True,19.371,,0.347,0.302,20.799,4.918,26.019,103.719,714,2098202,239,,2119136,20934,716.0,240.0,2103661.0,0.0,2.0,0.0,4.5020000000004075,0.0,3095,0,303,60,0,3,4415.0,0.0,0.0,60.0,0.0,0.0,2.7439999999987776,0.0,0.0,238.0,0.0,238.0,10000,238,10240000,10731520,491520.0,1310,24576,8192,0,0,0.0,0.0,0,0,0,0,"{""access_log_json_w_pkey"":131072}",1,1,0,0,8434066,8434304,0,397664,397664,0,4,ModifyTable on access_log_json_w [Hash Join [Seq Scan on access_log_json_w; Hash [Bitmap Heap Scan on expected_update [Bitmap Index Scan using expected_update_pkey]]]]
1,UA-1/jsonb/X-0/m13,UA-1/jsonb/X-0,UA-1,UA-1,jsonb,jsonb,X-0,head-to-head,measured,13,1,True,False,,True,41.427,,0.358,0.359,42.956,14.332,57.647000000000006,134.731,713,2225158,240,,2246048,20890,714.0,240.0,2225192.0,0.0,2.0,0.0,13.927999999999884,0.0,2833,0,294,50,0,3,3895.0,0.0,0.0,50.0,0.0,0.0,2.342000000000553,0.0,0.0,238.0,1.0,237.0,10000,238,8036352,8445952,409600.0,1031,24576,8192,0,0,0.0,0.0,0,0,0,0,"{""access_log_jsonb_w_pkey"":131072}",2880,2880,0,0,7219683,7219827,,,,0,4,ModifyTable on access_log_jsonb_w [Hash Join [Seq Scan on access_log_jsonb_w; Hash [Bitmap Heap Scan on expected_update [Bitmap Index Scan using expected_update_pkey]]]]
1,UA-1/json/X-0/m14,UA-1/json/X-0,UA-1,UA-1,json,json,X-0,head-to-head,measured,14,1,True,False,,True,19.536,,0.349,0.284,20.727,14.092,35.103,112.509,714,2098202,239,,2119112,20910,715.0,239.0,2098236.0,0.0,1.0,0.0,13.655000000006112,0.0,3095,0,303,60,0,3,4415.0,0.0,0.0,60.0,0.0,0.0,2.3630000000011933,0.0,0.0,238.0,0.0,238.0,10000,238,10240000,10731520,491520.0,1310,24576,8192,0,0,0.0,0.0,0,0,0,0,"{""access_log_json_w_pkey"":131072}",1,1,0,0,8434066,8434304,0,397664,397664,0,4,ModifyTable on access_log_json_w [Hash Join [Seq Scan on access_log_json_w; Hash [Bitmap Heap Scan on expected_update [Bitmap Index Scan using expected_update_pkey]]]]
1,UA-1/jsonb/X-0/m14,UA-1/jsonb/X-0,UA-1,UA-1,jsonb,jsonb,X-0,head-to-head,measured,14,1,True,False,,True,39.953,,0.35,0.285,41.354,14.934,56.57299999999999,128.505,713,2225158,240,,2246048,20890,714.0,240.0,2225192.0,0.0,2.0,0.0,14.478000000002794,0.0,2833,0,294,50,0,3,3885.0,0.0,0.0,50.0,0.0,0.0,2.25,0.0,0.0,238.0,1.0,237.0,10000,238,8036352,8445952,409600.0,1031,24576,8192,0,0,0.0,0.0,0,0,0,0,"{""access_log_jsonb_w_pkey"":131072}",2880,2880,0,0,7219683,7219827,,,,0,4,ModifyTable on access_log_jsonb_w [Hash Join [Seq Scan on access_log_jsonb_w; Hash [Bitmap Heap Scan on expected_update [Bitmap Index Scan using expected_update_pkey]]]]
1,UA-1/json/X-1/m14,UA-1/json/X-1,UA-1,UA-1,json,json,X-1,head-to-head,measured,14,1,True,False,,True,93.288,,0.591,0.319,94.848,14.795,109.962,197.387,1925,2484878,283,,2507200,22322,1926.0,283.0,2484912.0,0.0,2.0,0.0,14.394999999996799,0.0,5429,48,348,61,0,3,6786.0,48.0,0.0,61.0,0.0,0.0,3.5010000000002037,0.0,0.0,238.0,0.0,238.0,5000,238,10240000,10731520,491520.0,1310,24576,8192,0,0,0.0,0.0,0,499712,507904,8192,"{""access_log_json_w_i1a_record_validity"":65536,""access_log_json_w_i1b_entity_type_code"":57344,""access_log_json_w_i1c_status_code"":57344,""access_log_json_w_i1d_latitude_degrees"":147456,""access_log_json_w_i1e_event_timestamp_utc"":180224,""access_log_json_w_pkey"":131072}",1,1,0,0,8434066,8434304,0,397664,397664,0,4,ModifyTable on access_log_json_w [Hash Join [Seq Scan on access_log_json_w; Hash [Bitmap Heap Scan on expected_update [Bitmap Index Scan using expected_update_pkey]]]]
1,UA-1/jsonb/X-1/m14,UA-1/jsonb/X-1,UA-1,UA-1,jsonb,jsonb,X-1,head-to-head,measured,14,1,True,False,,True,50.489,,0.392,0.272,51.872,15.15,67.294,152.143,1925,2626690,286,,2649088,22398,1926.0,286.0,2626724.0,0.0,1.0,0.0,14.687000000005355,0.0,5168,50,341,51,0,3,6259.0,50.0,0.0,51.0,0.0,0.0,2.4310000000004948,0.0,0.0,238.0,0.0,237.0,10000,238,8036352,8445952,409600.0,1031,24576,8192,0,0,0.0,0.0,0,499712,507904,8192,"{""access_log_jsonb_w_i1a_record_validity"":65536,""access_log_jsonb_w_i1b_entity_type_code"":57344,""access_log_jsonb_w_i1c_status_code"":57344,""access_log_jsonb_w_i1d_latitude_degrees"":147456,""access_log_jsonb_w_i1e_event_timestamp_utc"":180224,""access_log_jsonb_w_pkey"":131072}",2880,2880,0,0,7219683,7219827,,,,0,4,ModifyTable on access_log_jsonb_w [Hash Join [Seq Scan on access_log_jsonb_w; Hash [Bitmap Heap Scan on expected_update [Bitmap Index Scan using expected_update_pkey]]]]
1,UA-1/jsonb/X-2/m14,UA-1/jsonb/X-2,UA-1,UA-1,jsonb,jsonb,X-2,separate: GIN (jsonb only),measured,14,1,True,False,,True,95.362,,0.426,0.354,96.626,18.01,114.99000000000001,215.208,2241,3089874,286,,3114288,24414,2242.0,286.0,3089908.0,0.0,2.0,0.0,15.618000000002212,0.0,5643,50,420,129,0,3,6740.0,50.0,0.0,129.0,0.0,0.0,6.156000000000859,0.0,0.0,238.0,0.0,237.0,5000,238,8036352,8445952,409600.0,1031,24576,8192,0,0,0.0,0.0,0,5021696,5668864,647168,"{""access_log_jsonb_w_i1a_record_validity"":65536,""access_log_jsonb_w_i1b_entity_type_code"":57344,""access_log_jsonb_w_i1c_status_code"":57344,""access_log_jsonb_w_i1d_latitude_degrees"":147456,""access_log_jsonb_w_i1e_event_timestamp_utc"":180224,""access_log_jsonb_w_i2_gin_jsonb_ops"":5160960,""access_log_jsonb_w_pkey"":131072}",2880,2880,0,0,7219683,7219827,,,,0,4,ModifyTable on access_log_jsonb_w [Hash Join [Seq Scan on access_log_jsonb_w; Hash [Bitmap Heap Scan on expected_update [Bitmap Index Scan using expected_update_pkey]]]]
1,UA-1/jsonb/X-3/m14,UA-1/jsonb/X-3,UA-1,UA-1,jsonb,jsonb,X-3,separate: GIN (jsonb only),measured,14,1,True,False,,True,78.146,,0.456,0.36,79.423,15.433,95.21600000000001,176.871,2211,2925822,286,,2952008,26186,2213.0,287.0,2928181.0,0.0,2.0,0.0,15.031999999999243,0.0,5643,50,390,99,0,3,6738.0,50.0,0.0,99.0,0.0,0.0,4.713999999999942,0.0,0.0,238.0,0.0,237.0,5000,238,8036352,8445952,409600.0,1031,24576,8192,0,0,0.0,0.0,0,4227072,4628480,401408,"{""access_log_jsonb_w_i1a_record_validity"":65536,""access_log_jsonb_w_i1b_entity_type_code"":57344,""access_log_jsonb_w_i1c_status_code"":57344,""access_log_jsonb_w_i1d_latitude_degrees"":147456,""access_log_jsonb_w_i1e_event_timestamp_utc"":180224,""access_log_jsonb_w_i3_gin_jsonb_path_ops"":4120576,""access_log_jsonb_w_pkey"":131072}",2880,2880,0,0,7219683,7219827,,,,0,4,ModifyTable on access_log_jsonb_w [Hash Join [Seq Scan on access_log_jsonb_w; Hash [Bitmap Heap Scan on expected_update [Bitmap Index Scan using expected_update_pkey]]]]
1,UA-1/jsonb/X-4/m14,UA-1/jsonb/X-4,UA-1,UA-1,jsonb,jsonb,X-4,separate: GIN (jsonb only),measured,14,1,True,False,,True,125.593,,0.411,0.333,126.867,6.649,133.849,210.636,2527,3389006,286,,3414864,25858,2529.0,287.0,3395649.0,0.0,3.0,0.0,6.257000000005064,0.0,6118,50,469,177,0,3,7270.0,50.0,0.0,177.0,0.0,0.0,8.280000000000655,0.0,0.0,238.0,0.0,237.0,5000,238,8036352,8445952,409600.0,1031,24576,8192,0,0,0.0,0.0,0,8749056,9789440,1040384,"{""access_log_jsonb_w_i1a_record_validity"":65536,""access_log_jsonb_w_i1b_entity_type_code"":57344,""access_log_jsonb_w_i1c_status_code"":57344,""access_log_jsonb_w_i1d_latitude_degrees"":147456,""access_log_jsonb_w_i1e_event_timestamp_utc"":180224,""access_log_jsonb_w_i2_gin_jsonb_ops"":5160960,""access_log_jsonb_w_i3_gin_jsonb_path_ops"":4120576,""access_log_jsonb_w_pkey"":131072}",2880,2880,0,0,7219683,7219827,,,,0,4,ModifyTable on access_log_jsonb_w [Hash Join [Seq Scan on access_log_jsonb_w; Hash [Bitmap Heap Scan on expected_update [Bitmap Index Scan using expected_update_pkey]]]]
1,UA-1/jsonb/X-4/m15,UA-1/jsonb/X-4,UA-1,UA-1,jsonb,jsonb,X-4,separate: GIN (jsonb only),measured,15,1,True,False,,True,124.278,,0.443,0.374,125.57,2.121,128.065,216.963,2527,3389006,286,,3414864,25858,2528.0,286.0,3389040.0,0.0,3.0,0.0,1.7520000000004075,0.0,6118,50,469,177,0,3,7230.0,50.0,0.0,177.0,0.0,0.0,8.346999999999753,0.0,0.0,238.0,0.0,237.0,5000,238,8036352,8445952,409600.0,1031,24576,8192,0,0,0.0,0.0,0,8749056,9789440,1040384,"{""access_log_jsonb_w_i1a_record_validity"":65536,""access_log_jsonb_w_i1b_entity_type_code"":57344,""access_log_jsonb_w_i1c_status_code"":57344,""access_log_jsonb_w_i1d_latitude_degrees"":147456,""access_log_jsonb_w_i1e_event_timestamp_utc"":180224,""access_log_jsonb_w_i2_gin_jsonb_ops"":5160960,""access_log_jsonb_w_i3_gin_jsonb_path_ops"":4120576,""access_log_jsonb_w_pkey"":131072}",2880,2880,0,0,7219683,7219827,,,,0,4,ModifyTable on access_log_jsonb_w [Hash Join [Seq Scan on access_log_jsonb_w; Hash [Bitmap Heap Scan on expected_update [Bitmap Index Scan using expected_update_pkey]]]]
1,UA-1/jsonb/X-3/m15,UA-1/jsonb/X-3,UA-1,UA-1,jsonb,jsonb,X-3,separate: GIN (jsonb only),measured,15,1,True,False,,True,80.802,,0.477,0.326,82.071,15.246,97.64299999999999,193.24,2211,2925822,286,,2949680,23858,2212.0,286.0,2925856.0,0.0,2.0,0.0,14.877000000000407,0.0,5643,50,390,99,0,3,6744.0,50.0,0.0,99.0,0.0,0.0,5.334999999999127,0.0,0.0,238.0,0.0,237.0,5000,238,8036352,8445952,409600.0,1031,24576,8192,0,0,0.0,0.0,0,4227072,4628480,401408,"{""access_log_jsonb_w_i1a_record_validity"":65536,""access_log_jsonb_w_i1b_entity_type_code"":57344,""access_log_jsonb_w_i1c_status_code"":57344,""access_log_jsonb_w_i1d_latitude_degrees"":147456,""access_log_jsonb_w_i1e_event_timestamp_utc"":180224,""access_log_jsonb_w_i3_gin_jsonb_path_ops"":4120576,""access_log_jsonb_w_pkey"":131072}",2880,2880,0,0,7219683,7219827,,,,0,4,ModifyTable on access_log_jsonb_w [Hash Join [Seq Scan on access_log_jsonb_w; Hash [Bitmap Heap Scan on expected_update [Bitmap Index Scan using expected_update_pkey]]]]
1,UA-1/jsonb/X-2/m15,UA-1/jsonb/X-2,UA-1,UA-1,jsonb,jsonb,X-2,separate: GIN (jsonb only),measured,15,1,True,False,,True,106.437,,0.68,0.408,108.065,14.627,123.1,209.053,2241,3089874,286,,3114272,24398,2242.0,286.0,3089908.0,0.0,2.0,0.0,14.288000000000466,0.0,5643,50,420,129,0,3,6746.0,50.0,0.0,129.0,0.0,0.0,6.096999999999753,0.0,0.0,238.0,0.0,237.0,5000,238,8036352,8445952,409600.0,1031,24576,8192,0,0,0.0,0.0,0,5021696,5668864,647168,"{""access_log_jsonb_w_i1a_record_validity"":65536,""access_log_jsonb_w_i1b_entity_type_code"":57344,""access_log_jsonb_w_i1c_status_code"":57344,""access_log_jsonb_w_i1d_latitude_degrees"":147456,""access_log_jsonb_w_i1e_event_timestamp_utc"":180224,""access_log_jsonb_w_i2_gin_jsonb_ops"":5160960,""access_log_jsonb_w_pkey"":131072}",2880,2880,0,0,7219683,7219827,,,,0,4,ModifyTable on access_log_jsonb_w [Hash Join [Seq Scan on access_log_jsonb_w; Hash [Bitmap Heap Scan on expected_update [Bitmap Index Scan using expected_update_pkey]]]]
1,UA-1/jsonb/X-1/m15,UA-1/jsonb/X-1,UA-1,UA-1,jsonb,jsonb,X-1,head-to-head,measured,15,1,True,False,,True,50.683,,0.45,0.333,52.243,18.247,70.82300000000001,164.277,1925,2626690,286,,2649104,22414,1926.0,286.0,2626724.0,0.0,2.0,0.0,15.55399999999645,0.0,5168,50,341,51,0,3,6264.0,50.0,0.0,51.0,0.0,0.0,2.486000000000786,0.0,0.0,238.0,0.0,237.0,10000,238,8036352,8445952,409600.0,1031,24576,8192,0,0,0.0,0.0,0,499712,507904,8192,"{""access_log_jsonb_w_i1a_record_validity"":65536,""access_log_jsonb_w_i1b_entity_type_code"":57344,""access_log_jsonb_w_i1c_status_code"":57344,""access_log_jsonb_w_i1d_latitude_degrees"":147456,""access_log_jsonb_w_i1e_event_timestamp_utc"":180224,""access_log_jsonb_w_pkey"":131072}",2880,2880,0,0,7219683,7219827,,,,0,4,ModifyTable on access_log_jsonb_w [Hash Join [Seq Scan on access_log_jsonb_w; Hash [Bitmap Heap Scan on expected_update [Bitmap Index Scan using expected_update_pkey]]]]
1,UA-1/json/X-1/m15,UA-1/json/X-1,UA-1,UA-1,json,json,X-1,head-to-head,measured,15,1,True,False,,True,100.236,,0.408,0.4,101.478,14.766,116.644,200.991,1925,2484878,283,,2507200,22322,1927.0,284.0,2490309.0,0.0,3.0,0.0,14.36699999999837,0.0,5429,48,348,61,0,3,6790.0,48.0,0.0,61.0,0.0,0.0,3.311999999999898,0.0,0.0,238.0,0.0,238.0,5000,238,10240000,10731520,491520.0,1310,24576,8192,0,0,0.0,0.0,0,499712,507904,8192,"{""access_log_json_w_i1a_record_validity"":65536,""access_log_json_w_i1b_entity_type_code"":57344,""access_log_json_w_i1c_status_code"":57344,""access_log_json_w_i1d_latitude_degrees"":147456,""access_log_json_w_i1e_event_timestamp_utc"":180224,""access_log_json_w_pkey"":131072}",1,1,0,0,8434066,8434304,0,397664,397664,0,4,ModifyTable on access_log_json_w [Hash Join [Seq Scan on access_log_json_w; Hash [Bitmap Heap Scan on expected_update [Bitmap Index Scan using expected_update_pkey]]]]
1,UA-1/jsonb/X-0/m15,UA-1/jsonb/X-0,UA-1,UA-1,jsonb,jsonb,X-0,head-to-head,measured,15,1,True,False,,True,41.657,,0.351,0.34,43.093,5.054,48.48700000000001,122.337,713,2225158,240,,2246048,20890,714.0,240.0,2225192.0,0.0,1.0,0.0,4.583999999995285,0.0,2833,0,294,50,0,3,3885.0,0.0,0.0,50.0,0.0,0.0,2.1900000000005093,0.0,0.0,238.0,1.0,237.0,10000,238,8036352,8445952,409600.0,1031,24576,8192,0,0,0.0,0.0,0,0,0,0,"{""access_log_jsonb_w_pkey"":131072}",2880,2880,0,0,7219683,7219827,,,,0,4,ModifyTable on access_log_jsonb_w [Hash Join [Seq Scan on access_log_jsonb_w; Hash [Bitmap Heap Scan on expected_update [Bitmap Index Scan using expected_update_pkey]]]]
1,UA-1/json/X-0/m15,UA-1/json/X-0,UA-1,UA-1,json,json,X-0,head-to-head,measured,15,1,True,False,,True,18.911,,0.36,0.287,20.186,17.609,38.082,115.573,714,2098202,239,,2119152,20950,715.0,239.0,2098236.0,0.0,2.0,0.0,14.989000000001397,0.0,3095,0,303,60,0,3,4424.0,0.0,0.0,60.0,0.0,0.0,2.661000000000058,0.0,0.0,238.0,0.0,238.0,10000,238,10240000,10731520,491520.0,1310,24576,8192,0,0,0.0,0.0,0,0,0,0,"{""access_log_json_w_pkey"":131072}",1,1,0,0,8434066,8434304,0,397664,397664,0,4,ModifyTable on access_log_json_w [Hash Join [Seq Scan on access_log_json_w; Hash [Bitmap Heap Scan on expected_update [Bitmap Index Scan using expected_update_pkey]]]]
1,UA-1/json/X-0/d01,UA-1/json/X-0,UA-1,UA-1,json,json,X-0,head-to-head,detail,1,1,True,False,,True,20.746,,0.295,0.285,21.924,4.953,27.162,97.768,714,2098202,239,,2119136,20934,715.0,239.0,2098236.0,0.0,2.0,0.0,4.552000000003318,0.0,3095,0,303,60,0,3,4415.0,0.0,0.0,60.0,0.0,0.0,2.9319999999988795,0.0,0.0,238.0,0.0,238.0,10000,238,10240000,10731520,491520.0,1310,24576,8192,0,0,0.0,0.0,0,0,0,0,"{""access_log_json_w_pkey"":131072}",1,1,0,0,8434066,8434304,0,397664,397664,0,4,ModifyTable on access_log_json_w [Hash Join [Seq Scan on access_log_json_w; Hash [Bitmap Heap Scan on expected_update [Bitmap Index Scan using expected_update_pkey]]]]
1,UA-1/json/X-1/d01,UA-1/json/X-1,UA-1,UA-1,json,json,X-1,head-to-head,detail,1,1,True,False,,True,172.557,,0.455,0.324,174.429,18.771,193.524,318.714,1925,2484878,283,,2507200,22322,1927.0,284.0,2490297.0,0.0,2.0,0.0,18.163000000000466,0.0,5429,48,348,61,0,3,6788.0,48.0,0.0,61.0,0.0,0.0,6.177999999999884,0.0,0.0,238.0,0.0,238.0,5000,238,10240000,10731520,491520.0,1310,24576,8192,0,0,0.0,0.0,0,499712,507904,8192,"{""access_log_json_w_i1a_record_validity"":65536,""access_log_json_w_i1b_entity_type_code"":57344,""access_log_json_w_i1c_status_code"":57344,""access_log_json_w_i1d_latitude_degrees"":147456,""access_log_json_w_i1e_event_timestamp_utc"":180224,""access_log_json_w_pkey"":131072}",1,1,0,0,8434066,8434304,0,397664,397664,0,4,ModifyTable on access_log_json_w [Hash Join [Seq Scan on access_log_json_w; Hash [Bitmap Heap Scan on expected_update [Bitmap Index Scan using expected_update_pkey]]]]
1,UA-1/jsonb/X-0/d01,UA-1/jsonb/X-0,UA-1,UA-1,jsonb,jsonb,X-0,head-to-head,detail,1,1,True,False,,True,58.193,,0.427,0.277,59.909,17.85,78.036,165.796,713,2225158,240,,2248456,23298,715.0,241.0,2227557.0,0.0,2.0,0.0,15.192999999999302,0.0,2833,0,294,50,0,3,3885.0,0.0,0.0,50.0,0.0,0.0,4.195999999999913,0.0,0.0,238.0,1.0,237.0,5000,238,8036352,8445952,409600.0,1031,24576,8192,0,0,0.0,0.0,0,0,0,0,"{""access_log_jsonb_w_pkey"":131072}",2880,2880,0,0,7219683,7219827,,,,0,4,ModifyTable on access_log_jsonb_w [Hash Join [Seq Scan on access_log_jsonb_w; Hash [Bitmap Heap Scan on expected_update [Bitmap Index Scan using expected_update_pkey]]]]
1,UA-1/jsonb/X-1/d01,UA-1/jsonb/X-1,UA-1,UA-1,jsonb,jsonb,X-1,head-to-head,detail,1,1,True,False,,True,58.386,,0.364,0.267,59.719,3.244,63.230000000000004,139.073,1925,2626690,286,,2649088,22398,1926.0,286.0,2626724.0,0.0,3.0,0.0,2.7999999999956344,0.0,5168,50,341,51,0,3,6262.0,50.0,0.0,51.0,0.0,0.0,3.563000000000102,0.0,0.0,238.0,0.0,237.0,5000,238,8036352,8445952,409600.0,1031,24576,8192,0,0,0.0,0.0,0,499712,507904,8192,"{""access_log_jsonb_w_i1a_record_validity"":65536,""access_log_jsonb_w_i1b_entity_type_code"":57344,""access_log_jsonb_w_i1c_status_code"":57344,""access_log_jsonb_w_i1d_latitude_degrees"":147456,""access_log_jsonb_w_i1e_event_timestamp_utc"":180224,""access_log_jsonb_w_pkey"":131072}",2880,2880,0,0,7219683,7219827,,,,0,4,ModifyTable on access_log_jsonb_w [Hash Join [Seq Scan on access_log_jsonb_w; Hash [Bitmap Heap Scan on expected_update [Bitmap Index Scan using expected_update_pkey]]]]
1,UA-1/jsonb/X-2/d01,UA-1/jsonb/X-2,UA-1,UA-1,jsonb,jsonb,X-2,separate: GIN (jsonb only),detail,1,1,True,False,,True,97.819,,0.515,0.24,99.198,16.18,115.618,191.129,2241,3089874,286,,3114272,24398,2242.0,286.0,3089908.0,0.0,2.0,0.0,15.63799999999901,0.0,5643,50,420,129,0,3,6744.0,50.0,0.0,129.0,0.0,0.0,6.091000000000349,0.0,0.0,238.0,0.0,237.0,5000,238,8036352,8445952,409600.0,1031,24576,8192,0,0,0.0,0.0,0,5021696,5668864,647168,"{""access_log_jsonb_w_i1a_record_validity"":65536,""access_log_jsonb_w_i1b_entity_type_code"":57344,""access_log_jsonb_w_i1c_status_code"":57344,""access_log_jsonb_w_i1d_latitude_degrees"":147456,""access_log_jsonb_w_i1e_event_timestamp_utc"":180224,""access_log_jsonb_w_i2_gin_jsonb_ops"":5160960,""access_log_jsonb_w_pkey"":131072}",2880,2880,0,0,7219683,7219827,,,,0,4,ModifyTable on access_log_jsonb_w [Hash Join [Seq Scan on access_log_jsonb_w; Hash [Bitmap Heap Scan on expected_update [Bitmap Index Scan using expected_update_pkey]]]]
1,UA-1/jsonb/X-3/d01,UA-1/jsonb/X-3,UA-1,UA-1,jsonb,jsonb,X-3,separate: GIN (jsonb only),detail,1,1,True,False,,True,76.27,,0.447,0.379,77.601,4.251,82.23100000000001,161.811,2211,2925822,286,,2949680,23858,2212.0,286.0,2925856.0,0.0,2.0,0.0,3.8510000000023865,0.0,5643,50,390,99,0,3,6744.0,50.0,0.0,99.0,0.0,0.0,4.889000000001033,0.0,0.0,238.0,0.0,237.0,5000,238,8036352,8445952,409600.0,1031,24576,8192,0,0,0.0,0.0,0,4227072,4628480,401408,"{""access_log_jsonb_w_i1a_record_validity"":65536,""access_log_jsonb_w_i1b_entity_type_code"":57344,""access_log_jsonb_w_i1c_status_code"":57344,""access_log_jsonb_w_i1d_latitude_degrees"":147456,""access_log_jsonb_w_i1e_event_timestamp_utc"":180224,""access_log_jsonb_w_i3_gin_jsonb_path_ops"":4120576,""access_log_jsonb_w_pkey"":131072}",2880,2880,0,0,7219683,7219827,,,,0,4,ModifyTable on access_log_jsonb_w [Hash Join [Seq Scan on access_log_jsonb_w; Hash [Bitmap Heap Scan on expected_update [Bitmap Index Scan using expected_update_pkey]]]]
1,UA-1/jsonb/X-4/d01,UA-1/jsonb/X-4,UA-1,UA-1,jsonb,jsonb,X-4,separate: GIN (jsonb only),detail,1,1,True,False,,True,63.761,,0.28,0.178,64.602,2.489,67.269,111.285,2527,3389006,286,,3414864,25858,2528.0,286.0,3389040.0,0.0,2.0,0.0,2.2929999999978463,0.0,6118,50,469,177,0,3,7228.0,50.0,0.0,177.0,0.0,0.0,4.658999999999651,0.0,0.0,238.0,0.0,237.0,5000,238,8036352,8445952,409600.0,1031,24576,8192,0,0,0.0,0.0,0,8749056,9789440,1040384,"{""access_log_jsonb_w_i1a_record_validity"":65536,""access_log_jsonb_w_i1b_entity_type_code"":57344,""access_log_jsonb_w_i1c_status_code"":57344,""access_log_jsonb_w_i1d_latitude_degrees"":147456,""access_log_jsonb_w_i1e_event_timestamp_utc"":180224,""access_log_jsonb_w_i2_gin_jsonb_ops"":5160960,""access_log_jsonb_w_i3_gin_jsonb_path_ops"":4120576,""access_log_jsonb_w_pkey"":131072}",2880,2880,0,0,7219683,7219827,,,,0,4,ModifyTable on access_log_jsonb_w [Hash Join [Seq Scan on access_log_jsonb_w; Hash [Bitmap Heap Scan on expected_update [Bitmap Index Scan using expected_update_pkey]]]]
1,UA-2/json/X-0/w01,UA-2/json/X-0,UA-2,UA-2,json,json,X-0,head-to-head,warmup,1,1,True,False,,True,26.365,,0.428,0.423,27.95,11.293,39.666,140.047,714,2103892,240,,2124848,20956,715.0,240.0,2103926.0,0.0,2.0,0.0,8.148999999997613,0.0,3104,0,303,59,0,3,4424.0,0.0,0.0,59.0,0.0,0.0,3.8739999999997963,0.0,0.0,238.0,0.0,238.0,10000,238,10240000,10723328,483328.0,1309,24576,8192,0,0,0.0,0.0,0,0,0,0,"{""access_log_json_w_pkey"":131072}",1,1,0,0,8434066,8433401,0,396761,396761,0,4,ModifyTable on access_log_json_w [Hash Join [Seq Scan on access_log_json_w; Hash [Bitmap Heap Scan on expected_update [Bitmap Index Scan using expected_update_pkey]]]]
1,UA-2/jsonb/X-0/w01,UA-2/jsonb/X-0,UA-2,UA-2,jsonb,jsonb,X-0,head-to-head,warmup,1,1,True,False,,True,36.04,,0.295,0.229,37.612,1.388,39.229,109.445,713,2227253,240,,2248152,20899,714.0,240.0,2227287.0,0.0,2.0,0.0,0.9939999999987776,0.0,2836,0,294,50,0,3,3893.0,0.0,0.0,50.0,0.0,0.0,2.2780000000002474,0.0,0.0,238.0,1.0,237.0,10000,238,8036352,8445952,409600.0,1031,24576,8192,0,0,0.0,0.0,0,0,0,0,"{""access_log_jsonb_w_pkey"":131072}",2880,2878,0,0,7219683,7221945,,,,0,4,ModifyTable on access_log_jsonb_w [Hash Join [Seq Scan on access_log_jsonb_w; Hash [Bitmap Heap Scan on expected_update [Bitmap Index Scan using expected_update_pkey]]]]
1,UA-2/json/X-1/w01,UA-2/json/X-1,UA-2,UA-2,json,json,X-1,head-to-head,warmup,1,1,True,False,,True,90.058,,0.352,0.286,91.226,3.864,95.376,164.638,1919,2488362,284,,2510704,22342,1920.0,284.0,2488396.0,0.0,2.0,0.0,3.5130000000062864,0.0,5438,48,348,60,0,3,6795.0,48.0,0.0,60.0,0.0,0.0,2.779000000000451,0.0,0.0,238.0,0.0,238.0,5000,238,10240000,10723328,483328.0,1309,24576,8192,0,0,0.0,0.0,0,499712,507904,8192,"{""access_log_json_w_i1a_record_validity"":65536,""access_log_json_w_i1b_entity_type_code"":57344,""access_log_json_w_i1c_status_code"":57344,""access_log_json_w_i1d_latitude_degrees"":147456,""access_log_json_w_i1e_event_timestamp_utc"":180224,""access_log_json_w_pkey"":131072}",1,1,0,0,8434066,8433401,0,396761,396761,0,4,ModifyTable on access_log_json_w [Hash Join [Seq Scan on access_log_json_w; Hash [Bitmap Heap Scan on expected_update [Bitmap Index Scan using expected_update_pkey]]]]
1,UA-2/jsonb/X-1/w01,UA-2/jsonb/X-1,UA-2,UA-2,jsonb,jsonb,X-1,head-to-head,warmup,1,1,True,False,,True,36.024,,0.391,0.283,37.043,17.602,54.928,137.155,1920,2626625,286,,2648984,22359,1922.0,287.0,2632072.0,0.0,2.0,0.0,16.12800000000425,0.0,5171,50,341,51,0,3,6267.0,50.0,0.0,51.0,0.0,0.0,1.9210000000002765,0.0,0.0,238.0,0.0,237.0,5000,238,8036352,8445952,409600.0,1031,24576,8192,0,0,0.0,0.0,0,499712,507904,8192,"{""access_log_jsonb_w_i1a_record_validity"":65536,""access_log_jsonb_w_i1b_entity_type_code"":57344,""access_log_jsonb_w_i1c_status_code"":57344,""access_log_jsonb_w_i1d_latitude_degrees"":147456,""access_log_jsonb_w_i1e_event_timestamp_utc"":180224,""access_log_jsonb_w_pkey"":131072}",2880,2878,0,0,7219683,7221945,,,,0,4,ModifyTable on access_log_jsonb_w [Hash Join [Seq Scan on access_log_jsonb_w; Hash [Bitmap Heap Scan on expected_update [Bitmap Index Scan using expected_update_pkey]]]]
1,UA-2/jsonb/X-4/w01,UA-2/jsonb/X-4,UA-2,UA-2,jsonb,jsonb,X-4,separate: GIN (jsonb only),warmup,1,1,True,False,,True,147.014,,0.696,0.4,148.661,18.362,167.423,285.908,2519,3383067,286,,3408856,25789,2520.0,286.0,3383101.0,0.0,2.0,0.0,16.054000000003725,0.0,6121,50,466,174,0,3,7231.0,50.0,0.0,174.0,0.0,0.0,9.86200000000099,0.0,0.0,238.0,0.0,237.0,5000,238,8036352,8445952,409600.0,1031,24576,8192,0,0,0.0,0.0,0,8749056,9764864,1015808,"{""access_log_jsonb_w_i1a_record_validity"":65536,""access_log_jsonb_w_i1b_entity_type_code"":57344,""access_log_jsonb_w_i1c_status_code"":57344,""access_log_jsonb_w_i1d_latitude_degrees"":147456,""access_log_jsonb_w_i1e_event_timestamp_utc"":180224,""access_log_jsonb_w_i2_gin_jsonb_ops"":5136384,""access_log_jsonb_w_i3_gin_jsonb_path_ops"":4120576,""access_log_jsonb_w_pkey"":131072}",2880,2878,0,0,7219683,7221945,,,,0,4,ModifyTable on access_log_jsonb_w [Hash Join [Seq Scan on access_log_jsonb_w; Hash [Bitmap Heap Scan on expected_update [Bitmap Index Scan using expected_update_pkey]]]]
1,UA-2/jsonb/X-4/w02,UA-2/jsonb/X-4,UA-2,UA-2,jsonb,jsonb,X-4,separate: GIN (jsonb only),warmup,2,1,True,False,,True,116.296,,0.354,0.291,117.47,3.329,121.08999999999999,197.877,2519,3383067,286,,3408840,25773,2523.0,289.0,3396248.0,0.0,2.0,0.0,1.4380000000019209,0.0,6121,50,466,174,0,3,7271.0,50.0,0.0,174.0,0.0,0.0,7.7849999999998545,0.0,0.0,238.0,0.0,237.0,5000,238,8036352,8445952,409600.0,1031,24576,8192,0,0,0.0,0.0,0,8749056,9764864,1015808,"{""access_log_jsonb_w_i1a_record_validity"":65536,""access_log_jsonb_w_i1b_entity_type_code"":57344,""access_log_jsonb_w_i1c_status_code"":57344,""access_log_jsonb_w_i1d_latitude_degrees"":147456,""access_log_jsonb_w_i1e_event_timestamp_utc"":180224,""access_log_jsonb_w_i2_gin_jsonb_ops"":5136384,""access_log_jsonb_w_i3_gin_jsonb_path_ops"":4120576,""access_log_jsonb_w_pkey"":131072}",2880,2878,0,0,7219683,7221945,,,,0,4,ModifyTable on access_log_jsonb_w [Hash Join [Seq Scan on access_log_jsonb_w; Hash [Bitmap Heap Scan on expected_update [Bitmap Index Scan using expected_update_pkey]]]]
1,UA-2/jsonb/X-1/w02,UA-2/jsonb/X-1,UA-2,UA-2,jsonb,jsonb,X-1,head-to-head,warmup,2,1,True,False,,True,73.349,,0.564,0.397,75.179,18.561,94.137,218.981,1920,2626625,286,,2648992,22367,1921.0,286.0,2626659.0,0.0,2.0,0.0,17.971000000005006,0.0,5171,50,341,51,0,3,6269.0,50.0,0.0,51.0,0.0,0.0,4.180000000000291,0.0,0.0,238.0,0.0,237.0,5000,238,8036352,8445952,409600.0,1031,24576,8192,0,0,0.0,0.0,0,499712,507904,8192,"{""access_log_jsonb_w_i1a_record_validity"":65536,""access_log_jsonb_w_i1b_entity_type_code"":57344,""access_log_jsonb_w_i1c_status_code"":57344,""access_log_jsonb_w_i1d_latitude_degrees"":147456,""access_log_jsonb_w_i1e_event_timestamp_utc"":180224,""access_log_jsonb_w_pkey"":131072}",2880,2878,0,0,7219683,7221945,,,,0,4,ModifyTable on access_log_jsonb_w [Hash Join [Seq Scan on access_log_jsonb_w; Hash [Bitmap Heap Scan on expected_update [Bitmap Index Scan using expected_update_pkey]]]]
1,UA-2/json/X-1/w02,UA-2/json/X-1,UA-2,UA-2,json,json,X-1,head-to-head,warmup,2,1,True,False,,True,87.231,,0.568,0.291,88.643,4.817,93.751,166.517,1919,2488362,284,,2510680,22318,1921.0,285.0,2493797.0,0.0,2.0,0.0,4.476999999998952,0.0,5438,48,348,60,0,3,6797.0,48.0,0.0,60.0,0.0,0.0,2.7930000000014843,0.0,0.0,238.0,0.0,238.0,5000,238,10240000,10723328,483328.0,1309,24576,8192,0,0,0.0,0.0,0,499712,507904,8192,"{""access_log_json_w_i1a_record_validity"":65536,""access_log_json_w_i1b_entity_type_code"":57344,""access_log_json_w_i1c_status_code"":57344,""access_log_json_w_i1d_latitude_degrees"":147456,""access_log_json_w_i1e_event_timestamp_utc"":180224,""access_log_json_w_pkey"":131072}",1,1,0,0,8434066,8433401,0,396761,396761,0,4,ModifyTable on access_log_json_w [Hash Join [Seq Scan on access_log_json_w; Hash [Bitmap Heap Scan on expected_update [Bitmap Index Scan using expected_update_pkey]]]]
1,UA-2/jsonb/X-0/w02,UA-2/jsonb/X-0,UA-2,UA-2,jsonb,jsonb,X-0,head-to-head,warmup,2,1,True,False,,True,35.563,,0.349,0.275,36.766,4.781,41.821999999999996,107.348,713,2227253,240,,2248832,21579,715.0,241.0,2227984.0,0.0,2.0,0.0,4.0789999999979045,0.0,2836,0,294,50,0,3,3888.0,0.0,0.0,50.0,0.0,0.0,2.0309999999990396,0.0,0.0,238.0,1.0,237.0,10000,238,8036352,8445952,409600.0,1031,24576,8192,0,0,0.0,0.0,0,0,0,0,"{""access_log_jsonb_w_pkey"":131072}",2880,2878,0,0,7219683,7221945,,,,0,4,ModifyTable on access_log_jsonb_w [Hash Join [Seq Scan on access_log_jsonb_w; Hash [Bitmap Heap Scan on expected_update [Bitmap Index Scan using expected_update_pkey]]]]
1,UA-2/json/X-0/w02,UA-2/json/X-0,UA-2,UA-2,json,json,X-0,head-to-head,warmup,2,1,True,False,,True,17.346,,1.312,0.501,19.759,3.937,24.197000000000003,84.643,714,2103892,240,,2124832,20940,715.0,240.0,2103926.0,0.0,1.0,0.0,3.6160000000018044,0.0,3104,0,303,59,0,3,4431.0,0.0,0.0,59.0,0.0,0.0,2.2839999999996508,0.0,0.0,238.0,0.0,238.0,10000,238,10240000,10723328,483328.0,1309,24576,8192,0,0,0.0,0.0,0,0,0,0,"{""access_log_json_w_pkey"":131072}",1,1,0,0,8434066,8433401,0,396761,396761,0,4,ModifyTable on access_log_json_w [Hash Join [Seq Scan on access_log_json_w; Hash [Bitmap Heap Scan on expected_update [Bitmap Index Scan using expected_update_pkey]]]]
1,UA-2/jsonb/X-0/w03,UA-2/jsonb/X-0,UA-2,UA-2,jsonb,jsonb,X-0,head-to-head,warmup,3,1,True,False,,True,59.315,,0.483,0.369,61.057,16.992,78.418,202.291,713,2227253,240,,2248128,20875,715.0,240.0,2227337.0,0.0,2.0,0.0,16.283000000003085,0.0,2836,0,294,50,0,3,3888.0,0.0,0.0,50.0,0.0,0.0,3.514999999999418,0.0,0.0,238.0,1.0,237.0,10000,238,8036352,8445952,409600.0,1031,24576,8192,0,0,0.0,0.0,0,0,0,0,"{""access_log_jsonb_w_pkey"":131072}",2880,2878,0,0,7219683,7221945,,,,0,4,ModifyTable on access_log_jsonb_w [Hash Join [Seq Scan on access_log_jsonb_w; Hash [Bitmap Heap Scan on expected_update [Bitmap Index Scan using expected_update_pkey]]]]
1,UA-2/json/X-0/w03,UA-2/json/X-0,UA-2,UA-2,json,json,X-0,head-to-head,warmup,3,1,True,False,,True,27.293,,0.444,0.367,29.339,16.194,45.9,144.051,714,2103892,240,,2124832,20940,715.0,240.0,2103926.0,0.0,1.0,0.0,15.527000000001863,0.0,3104,0,303,59,0,3,4424.0,0.0,0.0,59.0,0.0,0.0,3.7619999999988067,0.0,0.0,238.0,0.0,238.0,10000,238,10240000,10723328,483328.0,1309,24576,8192,0,0,0.0,0.0,0,0,0,0,"{""access_log_json_w_pkey"":131072}",1,1,0,0,8434066,8433401,0,396761,396761,0,4,ModifyTable on access_log_json_w [Hash Join [Seq Scan on access_log_json_w; Hash [Bitmap Heap Scan on expected_update [Bitmap Index Scan using expected_update_pkey]]]]
1,UA-2/jsonb/X-1/w03,UA-2/jsonb/X-1,UA-2,UA-2,jsonb,jsonb,X-1,head-to-head,warmup,3,1,True,False,,True,42.706,,0.277,0.187,43.721,16.197,60.10499999999999,131.299,1920,2626625,286,,2648992,22367,1921.0,286.0,2626659.0,0.0,2.0,0.0,15.799999999995634,0.0,5171,50,341,51,0,3,6265.0,50.0,0.0,51.0,0.0,0.0,2.4549999999999272,0.0,0.0,238.0,0.0,237.0,5000,238,8036352,8445952,409600.0,1031,24576,8192,0,0,0.0,0.0,0,499712,507904,8192,"{""access_log_jsonb_w_i1a_record_validity"":65536,""access_log_jsonb_w_i1b_entity_type_code"":57344,""access_log_jsonb_w_i1c_status_code"":57344,""access_log_jsonb_w_i1d_latitude_degrees"":147456,""access_log_jsonb_w_i1e_event_timestamp_utc"":180224,""access_log_jsonb_w_pkey"":131072}",2880,2878,0,0,7219683,7221945,,,,0,4,ModifyTable on access_log_jsonb_w [Hash Join [Seq Scan on access_log_jsonb_w; Hash [Bitmap Heap Scan on expected_update [Bitmap Index Scan using expected_update_pkey]]]]
1,UA-2/json/X-1/w03,UA-2/json/X-1,UA-2,UA-2,json,json,X-1,head-to-head,warmup,3,1,True,False,,True,84.952,,0.351,0.281,86.099,3.212,89.59200000000001,160.321,1919,2488362,284,,2510680,22318,1921.0,285.0,2493801.0,0.0,2.0,0.0,2.8919999999998254,0.0,5438,48,348,60,0,3,6797.0,48.0,0.0,60.0,0.0,0.0,2.6039999999993597,0.0,0.0,238.0,0.0,238.0,5000,238,10240000,10723328,483328.0,1309,24576,8192,0,0,0.0,0.0,0,499712,507904,8192,"{""access_log_json_w_i1a_record_validity"":65536,""access_log_json_w_i1b_entity_type_code"":57344,""access_log_json_w_i1c_status_code"":57344,""access_log_json_w_i1d_latitude_degrees"":147456,""access_log_json_w_i1e_event_timestamp_utc"":180224,""access_log_json_w_pkey"":131072}",1,1,0,0,8434066,8433401,0,396761,396761,0,4,ModifyTable on access_log_json_w [Hash Join [Seq Scan on access_log_json_w; Hash [Bitmap Heap Scan on expected_update [Bitmap Index Scan using expected_update_pkey]]]]
1,UA-2/jsonb/X-4/w03,UA-2/jsonb/X-4,UA-2,UA-2,jsonb,jsonb,X-4,separate: GIN (jsonb only),warmup,3,1,True,False,,True,120.698,,0.361,0.285,121.963,16.8,139.048,215.124,2519,3383067,286,,3408840,25773,2520.0,286.0,3383101.0,0.0,2.0,0.0,16.393000000003667,0.0,6121,50,466,174,0,3,7231.0,50.0,0.0,174.0,0.0,0.0,8.167999999999665,0.0,0.0,238.0,0.0,237.0,5000,238,8036352,8445952,409600.0,1031,24576,8192,0,0,0.0,0.0,0,8749056,9764864,1015808,"{""access_log_jsonb_w_i1a_record_validity"":65536,""access_log_jsonb_w_i1b_entity_type_code"":57344,""access_log_jsonb_w_i1c_status_code"":57344,""access_log_jsonb_w_i1d_latitude_degrees"":147456,""access_log_jsonb_w_i1e_event_timestamp_utc"":180224,""access_log_jsonb_w_i2_gin_jsonb_ops"":5136384,""access_log_jsonb_w_i3_gin_jsonb_path_ops"":4120576,""access_log_jsonb_w_pkey"":131072}",2880,2878,0,0,7219683,7221945,,,,0,4,ModifyTable on access_log_jsonb_w [Hash Join [Seq Scan on access_log_jsonb_w; Hash [Bitmap Heap Scan on expected_update [Bitmap Index Scan using expected_update_pkey]]]]
1,UA-2/jsonb/X-4/m01,UA-2/jsonb/X-4,UA-2,UA-2,jsonb,jsonb,X-4,separate: GIN (jsonb only),measured,1,1,True,False,,True,99.307,,0.367,0.236,100.495,17.703,118.43400000000001,194.806,2519,3383067,286,,3408840,25773,2520.0,286.0,3383101.0,0.0,2.0,0.0,17.289999999993597,0.0,6121,50,466,174,0,3,7229.0,50.0,0.0,174.0,0.0,0.0,6.908000000001266,0.0,0.0,238.0,0.0,237.0,5000,238,8036352,8445952,409600.0,1031,24576,8192,0,0,0.0,0.0,0,8749056,9764864,1015808,"{""access_log_jsonb_w_i1a_record_validity"":65536,""access_log_jsonb_w_i1b_entity_type_code"":57344,""access_log_jsonb_w_i1c_status_code"":57344,""access_log_jsonb_w_i1d_latitude_degrees"":147456,""access_log_jsonb_w_i1e_event_timestamp_utc"":180224,""access_log_jsonb_w_i2_gin_jsonb_ops"":5136384,""access_log_jsonb_w_i3_gin_jsonb_path_ops"":4120576,""access_log_jsonb_w_pkey"":131072}",2880,2878,0,0,7219683,7221945,,,,0,4,ModifyTable on access_log_jsonb_w [Hash Join [Seq Scan on access_log_jsonb_w; Hash [Bitmap Heap Scan on expected_update [Bitmap Index Scan using expected_update_pkey]]]]
1,UA-2/json/X-1/m01,UA-2/json/X-1,UA-2,UA-2,json,json,X-1,head-to-head,measured,1,1,True,False,,True,98.272,,0.341,0.29,99.42,5.059,104.769,172.523,1919,2488362,284,,2510696,22334,1920.0,284.0,2488396.0,0.0,3.0,0.0,3.187000000005355,0.0,5438,48,348,60,0,3,6797.0,48.0,0.0,60.0,0.0,0.0,2.6569999999992433,0.0,0.0,238.0,0.0,238.0,5000,238,10240000,10723328,483328.0,1309,24576,8192,0,0,0.0,0.0,0,499712,507904,8192,"{""access_log_json_w_i1a_record_validity"":65536,""access_log_json_w_i1b_entity_type_code"":57344,""access_log_json_w_i1c_status_code"":57344,""access_log_json_w_i1d_latitude_degrees"":147456,""access_log_json_w_i1e_event_timestamp_utc"":180224,""access_log_json_w_pkey"":131072}",1,1,0,0,8434066,8433401,0,396761,396761,0,4,ModifyTable on access_log_json_w [Hash Join [Seq Scan on access_log_json_w; Hash [Bitmap Heap Scan on expected_update [Bitmap Index Scan using expected_update_pkey]]]]
1,UA-2/jsonb/X-1/m01,UA-2/jsonb/X-1,UA-2,UA-2,jsonb,jsonb,X-1,head-to-head,measured,1,1,True,False,,True,45.667,,0.364,0.284,46.892,4.729,51.905,136.039,1920,2626625,286,,2648968,22343,1921.0,286.0,2626659.0,0.0,1.0,0.0,4.388999999995576,0.0,5171,50,341,51,0,3,6267.0,50.0,0.0,51.0,0.0,0.0,2.6309999999994034,0.0,0.0,238.0,0.0,237.0,5000,238,8036352,8445952,409600.0,1031,24576,8192,0,0,0.0,0.0,0,499712,507904,8192,"{""access_log_jsonb_w_i1a_record_validity"":65536,""access_log_jsonb_w_i1b_entity_type_code"":57344,""access_log_jsonb_w_i1c_status_code"":57344,""access_log_jsonb_w_i1d_latitude_degrees"":147456,""access_log_jsonb_w_i1e_event_timestamp_utc"":180224,""access_log_jsonb_w_pkey"":131072}",2880,2878,0,0,7219683,7221945,,,,0,4,ModifyTable on access_log_jsonb_w [Hash Join [Seq Scan on access_log_jsonb_w; Hash [Bitmap Heap Scan on expected_update [Bitmap Index Scan using expected_update_pkey]]]]
1,UA-2/json/X-0/m01,UA-2/json/X-0,UA-2,UA-2,json,json,X-0,head-to-head,measured,1,1,True,False,,True,22.598,,0.311,0.307,23.713,5.201,29.221,97.824,714,2103892,240,,2124832,20940,715.0,240.0,2103926.0,0.0,2.0,0.0,4.793000000005122,0.0,3104,0,303,59,0,3,4424.0,0.0,0.0,59.0,0.0,0.0,3.459000000000742,0.0,0.0,238.0,0.0,238.0,10000,238,10240000,10723328,483328.0,1309,24576,8192,0,0,0.0,0.0,0,0,0,0,"{""access_log_json_w_pkey"":131072}",1,1,0,0,8434066,8433401,0,396761,396761,0,4,ModifyTable on access_log_json_w [Hash Join [Seq Scan on access_log_json_w; Hash [Bitmap Heap Scan on expected_update [Bitmap Index Scan using expected_update_pkey]]]]
1,UA-2/jsonb/X-0/m01,UA-2/jsonb/X-0,UA-2,UA-2,jsonb,jsonb,X-0,head-to-head,measured,1,1,True,False,,True,36.209,,0.296,0.311,37.524,14.209,52.044,122.181,713,2227253,240,,2248128,20875,714.0,240.0,2227287.0,0.0,1.0,0.0,13.790000000000873,0.0,2836,0,294,50,0,3,3894.0,0.0,0.0,50.0,0.0,0.0,2.0230000000010477,0.0,0.0,238.0,1.0,237.0,5000,238,8036352,8445952,409600.0,1031,24576,8192,0,0,0.0,0.0,0,0,0,0,"{""access_log_jsonb_w_pkey"":131072}",2880,2878,0,0,7219683,7221945,,,,0,4,ModifyTable on access_log_jsonb_w [Hash Join [Seq Scan on access_log_jsonb_w; Hash [Bitmap Heap Scan on expected_update [Bitmap Index Scan using expected_update_pkey]]]]
1,UA-2/json/X-0/m02,UA-2/json/X-0,UA-2,UA-2,json,json,X-0,head-to-head,measured,2,1,True,False,,True,25.744,,0.454,0.388,27.873,15.75,44.011,145.424,714,2103892,240,,2124832,20940,717.0,241.0,2109385.0,0.0,1.0,0.0,15.157999999995809,0.0,3104,0,303,59,0,3,4424.0,0.0,0.0,59.0,0.0,0.0,3.6010000000005675,0.0,0.0,238.0,0.0,238.0,10000,238,10240000,10723328,483328.0,1309,24576,8192,0,0,0.0,0.0,0,0,0,0,"{""access_log_json_w_pkey"":131072}",1,1,0,0,8434066,8433401,0,396761,396761,0,4,ModifyTable on access_log_json_w [Hash Join [Seq Scan on access_log_json_w; Hash [Bitmap Heap Scan on expected_update [Bitmap Index Scan using expected_update_pkey]]]]
1,UA-2/jsonb/X-0/m02,UA-2/jsonb/X-0,UA-2,UA-2,jsonb,jsonb,X-0,head-to-head,measured,2,1,True,False,,True,39.143,,0.333,0.321,40.423,14.785,55.528999999999996,148.18,713,2227253,240,,2248152,20899,714.0,240.0,2227287.0,0.0,1.0,0.0,14.330999999998312,0.0,2836,0,294,50,0,3,3888.0,0.0,0.0,50.0,0.0,0.0,2.239000000001397,0.0,0.0,238.0,1.0,237.0,10000,238,8036352,8445952,409600.0,1031,24576,8192,0,0,0.0,0.0,0,0,0,0,"{""access_log_jsonb_w_pkey"":131072}",2880,2878,0,0,7219683,7221945,,,,0,4,ModifyTable on access_log_jsonb_w [Hash Join [Seq Scan on access_log_jsonb_w; Hash [Bitmap Heap Scan on expected_update [Bitmap Index Scan using expected_update_pkey]]]]
1,UA-2/json/X-1/m02,UA-2/json/X-1,UA-2,UA-2,json,json,X-1,head-to-head,measured,2,1,True,False,,True,100.738,,0.339,0.295,101.998,2.279,104.572,180.071,1919,2488362,284,,2510680,22318,1920.0,284.0,2488396.0,0.0,2.0,0.0,1.930000000000291,0.0,5438,48,348,60,0,3,6797.0,48.0,0.0,60.0,0.0,0.0,4.106000000001586,0.0,0.0,238.0,0.0,238.0,5000,238,10240000,10723328,483328.0,1309,24576,8192,0,0,0.0,0.0,0,499712,507904,8192,"{""access_log_json_w_i1a_record_validity"":65536,""access_log_json_w_i1b_entity_type_code"":57344,""access_log_json_w_i1c_status_code"":57344,""access_log_json_w_i1d_latitude_degrees"":147456,""access_log_json_w_i1e_event_timestamp_utc"":180224,""access_log_json_w_pkey"":131072}",1,1,0,0,8434066,8433401,0,396761,396761,0,4,ModifyTable on access_log_json_w [Hash Join [Seq Scan on access_log_json_w; Hash [Bitmap Heap Scan on expected_update [Bitmap Index Scan using expected_update_pkey]]]]
1,UA-2/jsonb/X-1/m02,UA-2/jsonb/X-1,UA-2,UA-2,jsonb,jsonb,X-1,head-to-head,measured,2,1,True,False,,True,49.596,,0.345,0.244,50.731,15.527,66.502,159.067,1920,2626625,286,,2648968,22343,1921.0,286.0,2626659.0,0.0,2.0,0.0,15.167999999997846,0.0,5171,50,341,51,0,3,6267.0,50.0,0.0,51.0,0.0,0.0,2.394000000000233,0.0,0.0,238.0,0.0,237.0,10000,238,8036352,8445952,409600.0,1031,24576,8192,0,0,0.0,0.0,0,499712,507904,8192,"{""access_log_jsonb_w_i1a_record_validity"":65536,""access_log_jsonb_w_i1b_entity_type_code"":57344,""access_log_jsonb_w_i1c_status_code"":57344,""access_log_jsonb_w_i1d_latitude_degrees"":147456,""access_log_jsonb_w_i1e_event_timestamp_utc"":180224,""access_log_jsonb_w_pkey"":131072}",2880,2878,0,0,7219683,7221945,,,,0,4,ModifyTable on access_log_jsonb_w [Hash Join [Seq Scan on access_log_jsonb_w; Hash [Bitmap Heap Scan on expected_update [Bitmap Index Scan using expected_update_pkey]]]]
1,UA-2/jsonb/X-4/m02,UA-2/jsonb/X-4,UA-2,UA-2,jsonb,jsonb,X-4,separate: GIN (jsonb only),measured,2,1,True,False,,True,186.434,,0.572,0.442,188.059,15.834,204.335,313.585,2519,3383067,286,,3408840,25773,2520.0,286.0,3383101.0,0.0,3.0,0.0,15.434999999997672,0.0,6121,50,466,174,0,3,7229.0,50.0,0.0,174.0,0.0,0.0,13.712999999999738,0.0,0.0,238.0,0.0,237.0,5000,238,8036352,8445952,409600.0,1031,24576,8192,0,0,0.0,0.0,0,8749056,9764864,1015808,"{""access_log_jsonb_w_i1a_record_validity"":65536,""access_log_jsonb_w_i1b_entity_type_code"":57344,""access_log_jsonb_w_i1c_status_code"":57344,""access_log_jsonb_w_i1d_latitude_degrees"":147456,""access_log_jsonb_w_i1e_event_timestamp_utc"":180224,""access_log_jsonb_w_i2_gin_jsonb_ops"":5136384,""access_log_jsonb_w_i3_gin_jsonb_path_ops"":4120576,""access_log_jsonb_w_pkey"":131072}",2880,2878,0,0,7219683,7221945,,,,0,4,ModifyTable on access_log_jsonb_w [Hash Join [Seq Scan on access_log_jsonb_w; Hash [Bitmap Heap Scan on expected_update [Bitmap Index Scan using expected_update_pkey]]]]
1,UA-2/jsonb/X-4/m03,UA-2/jsonb/X-4,UA-2,UA-2,jsonb,jsonb,X-4,separate: GIN (jsonb only),measured,3,1,True,False,,True,108.795,,0.381,0.276,109.961,3.568,113.80499999999999,197.538,2519,3383067,286,,3408840,25773,2522.0,288.0,3392415.0,0.0,3.0,0.0,3.19199999999546,0.0,6121,50,466,174,0,3,7273.0,50.0,0.0,174.0,0.0,0.0,6.506999999999607,0.0,0.0,238.0,0.0,237.0,5000,238,8036352,8445952,409600.0,1031,24576,8192,0,0,0.0,0.0,0,8749056,9764864,1015808,"{""access_log_jsonb_w_i1a_record_validity"":65536,""access_log_jsonb_w_i1b_entity_type_code"":57344,""access_log_jsonb_w_i1c_status_code"":57344,""access_log_jsonb_w_i1d_latitude_degrees"":147456,""access_log_jsonb_w_i1e_event_timestamp_utc"":180224,""access_log_jsonb_w_i2_gin_jsonb_ops"":5136384,""access_log_jsonb_w_i3_gin_jsonb_path_ops"":4120576,""access_log_jsonb_w_pkey"":131072}",2880,2878,0,0,7219683,7221945,,,,0,4,ModifyTable on access_log_jsonb_w [Hash Join [Seq Scan on access_log_jsonb_w; Hash [Bitmap Heap Scan on expected_update [Bitmap Index Scan using expected_update_pkey]]]]
1,UA-2/jsonb/X-1/m03,UA-2/jsonb/X-1,UA-2,UA-2,jsonb,jsonb,X-1,head-to-head,measured,3,1,True,False,,True,73.423,,0.673,0.436,75.278,15.853,91.56700000000001,206.164,1920,2626625,286,,2648968,22343,1921.0,286.0,2626659.0,0.0,1.0,0.0,15.458000000005995,0.0,5171,50,341,51,0,3,6267.0,50.0,0.0,51.0,0.0,0.0,3.930000000000291,0.0,0.0,238.0,0.0,237.0,5000,238,8036352,8445952,409600.0,1031,24576,8192,0,0,0.0,0.0,0,499712,507904,8192,"{""access_log_jsonb_w_i1a_record_validity"":65536,""access_log_jsonb_w_i1b_entity_type_code"":57344,""access_log_jsonb_w_i1c_status_code"":57344,""access_log_jsonb_w_i1d_latitude_degrees"":147456,""access_log_jsonb_w_i1e_event_timestamp_utc"":180224,""access_log_jsonb_w_pkey"":131072}",2880,2878,0,0,7219683,7221945,,,,0,4,ModifyTable on access_log_jsonb_w [Hash Join [Seq Scan on access_log_jsonb_w; Hash [Bitmap Heap Scan on expected_update [Bitmap Index Scan using expected_update_pkey]]]]
1,UA-2/json/X-1/m03,UA-2/json/X-1,UA-2,UA-2,json,json,X-1,head-to-head,measured,3,1,True,False,,True,85.539,,0.397,0.289,86.778,5.505,92.572,164.135,1919,2488362,284,,2510680,22318,1921.0,285.0,2493805.0,0.0,2.0,0.0,0.8899999999994179,0.0,5438,48,348,60,0,3,6797.0,48.0,0.0,60.0,0.0,0.0,2.8699999999989814,0.0,0.0,238.0,0.0,238.0,5000,238,10240000,10723328,483328.0,1309,24576,8192,0,0,0.0,0.0,0,499712,507904,8192,"{""access_log_json_w_i1a_record_validity"":65536,""access_log_json_w_i1b_entity_type_code"":57344,""access_log_json_w_i1c_status_code"":57344,""access_log_json_w_i1d_latitude_degrees"":147456,""access_log_json_w_i1e_event_timestamp_utc"":180224,""access_log_json_w_pkey"":131072}",1,1,0,0,8434066,8433401,0,396761,396761,0,4,ModifyTable on access_log_json_w [Hash Join [Seq Scan on access_log_json_w; Hash [Bitmap Heap Scan on expected_update [Bitmap Index Scan using expected_update_pkey]]]]
1,UA-2/jsonb/X-0/m03,UA-2/jsonb/X-0,UA-2,UA-2,jsonb,jsonb,X-0,head-to-head,measured,3,1,True,False,,True,39.223,,0.268,0.177,40.483,14.646,55.306,111.908,713,2227253,240,,2248152,20899,714.0,240.0,2227287.0,0.0,2.0,0.0,14.282999999995809,0.0,2836,0,294,50,0,3,3888.0,0.0,0.0,50.0,0.0,0.0,2.0970000000015716,0.0,0.0,238.0,1.0,237.0,10000,238,8036352,8445952,409600.0,1031,24576,8192,0,0,0.0,0.0,0,0,0,0,"{""access_log_jsonb_w_pkey"":131072}",2880,2878,0,0,7219683,7221945,,,,0,4,ModifyTable on access_log_jsonb_w [Hash Join [Seq Scan on access_log_jsonb_w; Hash [Bitmap Heap Scan on expected_update [Bitmap Index Scan using expected_update_pkey]]]]
1,UA-2/json/X-0/m03,UA-2/json/X-0,UA-2,UA-2,json,json,X-0,head-to-head,measured,3,1,True,False,,True,31.268,,0.464,0.46,33.045,16.27,49.775000000000006,163.193,714,2103892,240,,2124832,20940,715.0,240.0,2103926.0,0.0,2.0,0.0,15.720000000001164,0.0,3104,0,303,59,0,3,4431.0,0.0,0.0,59.0,0.0,0.0,4.042000000001281,0.0,0.0,238.0,0.0,238.0,10000,238,10240000,10723328,483328.0,1309,24576,8192,0,0,0.0,0.0,0,0,0,0,"{""access_log_json_w_pkey"":131072}",1,1,0,0,8434066,8433401,0,396761,396761,0,4,ModifyTable on access_log_json_w [Hash Join [Seq Scan on access_log_json_w; Hash [Bitmap Heap Scan on expected_update [Bitmap Index Scan using expected_update_pkey]]]]
1,UA-2/jsonb/X-0/m04,UA-2/jsonb/X-0,UA-2,UA-2,jsonb,jsonb,X-0,head-to-head,measured,4,1,True,False,,True,42.432,,0.355,0.372,43.931,22.773,67.076,145.124,713,2227253,240,,2248128,20875,714.0,240.0,2227287.0,0.0,2.0,0.0,22.27499999999418,0.0,2836,0,294,50,0,3,3888.0,0.0,0.0,50.0,0.0,0.0,2.44800000000032,0.0,0.0,238.0,1.0,237.0,10000,238,8036352,8445952,409600.0,1031,24576,8192,0,0,0.0,0.0,0,0,0,0,"{""access_log_jsonb_w_pkey"":131072}",2880,2878,0,0,7219683,7221945,,,,0,4,ModifyTable on access_log_jsonb_w [Hash Join [Seq Scan on access_log_jsonb_w; Hash [Bitmap Heap Scan on expected_update [Bitmap Index Scan using expected_update_pkey]]]]
1,UA-2/json/X-0/m04,UA-2/json/X-0,UA-2,UA-2,json,json,X-0,head-to-head,measured,4,1,True,False,,True,26.809,,0.441,0.355,28.538,8.127,37.02,145.824,714,2103892,240,,2124832,20940,715.0,240.0,2103926.0,0.0,2.0,0.0,7.555000000000291,0.0,3104,0,303,59,0,3,4424.0,0.0,0.0,59.0,0.0,0.0,3.50800000000163,0.0,0.0,238.0,0.0,238.0,10000,238,10240000,10723328,483328.0,1309,24576,8192,0,0,0.0,0.0,0,0,0,0,"{""access_log_json_w_pkey"":131072}",1,1,0,0,8434066,8433401,0,396761,396761,0,4,ModifyTable on access_log_json_w [Hash Join [Seq Scan on access_log_json_w; Hash [Bitmap Heap Scan on expected_update [Bitmap Index Scan using expected_update_pkey]]]]
1,UA-2/jsonb/X-1/m04,UA-2/jsonb/X-1,UA-2,UA-2,jsonb,jsonb,X-1,head-to-head,measured,4,1,True,False,,True,43.058,,0.347,0.239,44.181,3.745,48.16499999999999,120.487,1920,2626625,286,,2648992,22367,1921.0,286.0,2626659.0,0.0,2.0,0.0,3.411999999996624,0.0,5171,50,341,51,0,3,6267.0,50.0,0.0,51.0,0.0,0.0,2.2119999999995343,0.0,0.0,238.0,0.0,237.0,5000,238,8036352,8445952,409600.0,1031,24576,8192,0,0,0.0,0.0,0,499712,507904,8192,"{""access_log_jsonb_w_i1a_record_validity"":65536,""access_log_jsonb_w_i1b_entity_type_code"":57344,""access_log_jsonb_w_i1c_status_code"":57344,""access_log_jsonb_w_i1d_latitude_degrees"":147456,""access_log_jsonb_w_i1e_event_timestamp_utc"":180224,""access_log_jsonb_w_pkey"":131072}",2880,2878,0,0,7219683,7221945,,,,0,4,ModifyTable on access_log_jsonb_w [Hash Join [Seq Scan on access_log_jsonb_w; Hash [Bitmap Heap Scan on expected_update [Bitmap Index Scan using expected_update_pkey]]]]
1,UA-2/json/X-1/m04,UA-2/json/X-1,UA-2,UA-2,json,json,X-1,head-to-head,measured,4,1,True,False,,True,86.44,,0.35,0.351,87.59,2.422,90.363,159.026,1919,2488362,284,,2510704,22342,1921.0,285.0,2493789.0,0.0,2.0,0.0,2.118000000002212,0.0,5438,48,348,60,0,3,6797.0,48.0,0.0,60.0,0.0,0.0,2.743000000002212,0.0,0.0,238.0,0.0,238.0,5000,238,10240000,10723328,483328.0,1309,24576,8192,0,0,0.0,0.0,0,499712,507904,8192,"{""access_log_json_w_i1a_record_validity"":65536,""access_log_json_w_i1b_entity_type_code"":57344,""access_log_json_w_i1c_status_code"":57344,""access_log_json_w_i1d_latitude_degrees"":147456,""access_log_json_w_i1e_event_timestamp_utc"":180224,""access_log_json_w_pkey"":131072}",1,1,0,0,8434066,8433401,0,396761,396761,0,4,ModifyTable on access_log_json_w [Hash Join [Seq Scan on access_log_json_w; Hash [Bitmap Heap Scan on expected_update [Bitmap Index Scan using expected_update_pkey]]]]
1,UA-2/jsonb/X-4/m04,UA-2/jsonb/X-4,UA-2,UA-2,jsonb,jsonb,X-4,separate: GIN (jsonb only),measured,4,1,True,False,,True,108.653,,0.322,0.223,109.75,16.765,126.738,218.761,2519,3383067,286,,3408840,25773,2520.0,286.0,3383101.0,0.0,2.0,0.0,16.4120000000039,0.0,6121,50,466,174,0,3,7229.0,50.0,0.0,174.0,0.0,0.0,7.765999999999622,0.0,0.0,238.0,0.0,237.0,5000,238,8036352,8445952,409600.0,1031,24576,8192,0,0,0.0,0.0,0,8749056,9764864,1015808,"{""access_log_jsonb_w_i1a_record_validity"":65536,""access_log_jsonb_w_i1b_entity_type_code"":57344,""access_log_jsonb_w_i1c_status_code"":57344,""access_log_jsonb_w_i1d_latitude_degrees"":147456,""access_log_jsonb_w_i1e_event_timestamp_utc"":180224,""access_log_jsonb_w_i2_gin_jsonb_ops"":5136384,""access_log_jsonb_w_i3_gin_jsonb_path_ops"":4120576,""access_log_jsonb_w_pkey"":131072}",2880,2878,0,0,7219683,7221945,,,,0,4,ModifyTable on access_log_jsonb_w [Hash Join [Seq Scan on access_log_jsonb_w; Hash [Bitmap Heap Scan on expected_update [Bitmap Index Scan using expected_update_pkey]]]]
1,UA-2/jsonb/X-4/m05,UA-2/jsonb/X-4,UA-2,UA-2,jsonb,jsonb,X-4,separate: GIN (jsonb only),measured,5,1,True,False,,True,108.11,,0.374,0.288,109.269,15.15,124.70700000000001,194.316,2519,3383067,286,,3408864,25797,2520.0,286.0,3383101.0,0.0,2.0,0.0,14.758999999998196,0.0,6121,50,466,174,0,3,7229.0,50.0,0.0,174.0,0.0,0.0,6.351999999998952,0.0,0.0,238.0,0.0,237.0,5000,238,8036352,8445952,409600.0,1031,24576,8192,0,0,0.0,0.0,0,8749056,9764864,1015808,"{""access_log_jsonb_w_i1a_record_validity"":65536,""access_log_jsonb_w_i1b_entity_type_code"":57344,""access_log_jsonb_w_i1c_status_code"":57344,""access_log_jsonb_w_i1d_latitude_degrees"":147456,""access_log_jsonb_w_i1e_event_timestamp_utc"":180224,""access_log_jsonb_w_i2_gin_jsonb_ops"":5136384,""access_log_jsonb_w_i3_gin_jsonb_path_ops"":4120576,""access_log_jsonb_w_pkey"":131072}",2880,2878,0,0,7219683,7221945,,,,0,4,ModifyTable on access_log_jsonb_w [Hash Join [Seq Scan on access_log_jsonb_w; Hash [Bitmap Heap Scan on expected_update [Bitmap Index Scan using expected_update_pkey]]]]
1,UA-2/json/X-1/m05,UA-2/json/X-1,UA-2,UA-2,json,json,X-1,head-to-head,measured,5,1,True,False,,True,119.481,,0.281,0.205,120.612,14.969,135.786,220.016,1919,2488362,284,,2510680,22318,1921.0,285.0,2493789.0,0.0,3.0,0.0,14.547000000005937,0.0,5438,48,348,60,0,3,6797.0,48.0,0.0,60.0,0.0,0.0,4.299999999999272,0.0,0.0,238.0,0.0,238.0,5000,238,10240000,10723328,483328.0,1309,24576,8192,0,0,0.0,0.0,0,499712,507904,8192,"{""access_log_json_w_i1a_record_validity"":65536,""access_log_json_w_i1b_entity_type_code"":57344,""access_log_json_w_i1c_status_code"":57344,""access_log_json_w_i1d_latitude_degrees"":147456,""access_log_json_w_i1e_event_timestamp_utc"":180224,""access_log_json_w_pkey"":131072}",1,1,0,0,8434066,8433401,0,396761,396761,0,4,ModifyTable on access_log_json_w [Hash Join [Seq Scan on access_log_json_w; Hash [Bitmap Heap Scan on expected_update [Bitmap Index Scan using expected_update_pkey]]]]
1,UA-2/jsonb/X-1/m05,UA-2/jsonb/X-1,UA-2,UA-2,jsonb,jsonb,X-1,head-to-head,measured,5,1,True,False,,True,50.806,,0.359,0.295,51.968,15.079,67.34200000000001,143.512,1920,2626625,286,,2648992,22367,1921.0,286.0,2626659.0,0.0,2.0,0.0,14.682000000000698,0.0,5171,50,341,51,0,3,6267.0,50.0,0.0,51.0,0.0,0.0,2.7010000000009313,0.0,0.0,238.0,0.0,237.0,5000,238,8036352,8445952,409600.0,1031,24576,8192,0,0,0.0,0.0,0,499712,507904,8192,"{""access_log_jsonb_w_i1a_record_validity"":65536,""access_log_jsonb_w_i1b_entity_type_code"":57344,""access_log_jsonb_w_i1c_status_code"":57344,""access_log_jsonb_w_i1d_latitude_degrees"":147456,""access_log_jsonb_w_i1e_event_timestamp_utc"":180224,""access_log_jsonb_w_pkey"":131072}",2880,2878,0,0,7219683,7221945,,,,0,4,ModifyTable on access_log_jsonb_w [Hash Join [Seq Scan on access_log_jsonb_w; Hash [Bitmap Heap Scan on expected_update [Bitmap Index Scan using expected_update_pkey]]]]
1,UA-2/json/X-0/m05,UA-2/json/X-0,UA-2,UA-2,json,json,X-0,head-to-head,measured,5,1,True,False,,True,15.394,,0.297,0.282,16.455,5.975,22.711999999999996,87.775,714,2103892,240,,2124856,20964,715.0,240.0,2103926.0,0.0,1.0,0.0,5.544999999998254,0.0,3104,0,303,59,0,3,4424.0,0.0,0.0,59.0,0.0,0.0,1.9580000000023574,0.0,0.0,238.0,0.0,238.0,10000,238,10240000,10723328,483328.0,1309,24576,8192,0,0,0.0,0.0,0,0,0,0,"{""access_log_json_w_pkey"":131072}",1,1,0,0,8434066,8433401,0,396761,396761,0,4,ModifyTable on access_log_json_w [Hash Join [Seq Scan on access_log_json_w; Hash [Bitmap Heap Scan on expected_update [Bitmap Index Scan using expected_update_pkey]]]]
1,UA-2/jsonb/X-0/m05,UA-2/jsonb/X-0,UA-2,UA-2,jsonb,jsonb,X-0,head-to-head,measured,5,1,True,False,,True,35.496,,0.393,0.266,36.922,14.538,51.726,116.037,713,2227253,240,,2248152,20899,714.0,240.0,2227287.0,0.0,2.0,0.0,14.194999999999709,0.0,2836,0,294,50,0,3,3894.0,0.0,0.0,50.0,0.0,0.0,1.9059999999990396,0.0,0.0,238.0,1.0,237.0,10000,238,8036352,8445952,409600.0,1031,24576,8192,0,0,0.0,0.0,0,0,0,0,"{""access_log_jsonb_w_pkey"":131072}",2880,2878,0,0,7219683,7221945,,,,0,4,ModifyTable on access_log_jsonb_w [Hash Join [Seq Scan on access_log_jsonb_w; Hash [Bitmap Heap Scan on expected_update [Bitmap Index Scan using expected_update_pkey]]]]
1,UA-2/json/X-0/m06,UA-2/json/X-0,UA-2,UA-2,json,json,X-0,head-to-head,measured,6,1,True,False,,True,18.648,,0.291,0.321,19.712,17.91,37.943,113.928,714,2103892,240,,2124832,20940,715.0,240.0,2103926.0,0.0,1.0,0.0,17.492999999994936,0.0,3104,0,303,59,0,3,4424.0,0.0,0.0,59.0,0.0,0.0,2.745999999999185,0.0,0.0,238.0,0.0,238.0,10000,238,10240000,10723328,483328.0,1309,24576,8192,0,0,0.0,0.0,0,0,0,0,"{""access_log_json_w_pkey"":131072}",1,1,0,0,8434066,8433401,0,396761,396761,0,4,ModifyTable on access_log_json_w [Hash Join [Seq Scan on access_log_json_w; Hash [Bitmap Heap Scan on expected_update [Bitmap Index Scan using expected_update_pkey]]]]
1,UA-2/jsonb/X-0/m06,UA-2/jsonb/X-0,UA-2,UA-2,jsonb,jsonb,X-0,head-to-head,measured,6,1,True,False,,True,45.963,,0.29,0.284,46.967,14.092,61.342999999999996,132.236,713,2227253,240,,2248128,20875,714.0,240.0,2227287.0,0.0,2.0,0.0,13.663999999997031,0.0,2836,0,294,50,0,3,3888.0,0.0,0.0,50.0,0.0,0.0,2.2030000000013388,0.0,0.0,238.0,1.0,237.0,10000,238,8036352,8445952,409600.0,1031,24576,8192,0,0,0.0,0.0,0,0,0,0,"{""access_log_jsonb_w_pkey"":131072}",2880,2878,0,0,7219683,7221945,,,,0,4,ModifyTable on access_log_jsonb_w [Hash Join [Seq Scan on access_log_jsonb_w; Hash [Bitmap Heap Scan on expected_update [Bitmap Index Scan using expected_update_pkey]]]]
1,UA-2/json/X-1/m06,UA-2/json/X-1,UA-2,UA-2,json,json,X-1,head-to-head,measured,6,1,True,False,,True,88.08,,0.354,0.238,89.234,14.496,103.96799999999999,176.819,1919,2488362,284,,2510704,22342,1921.0,285.0,2493805.0,0.0,2.0,0.0,14.150999999998021,0.0,5438,48,348,60,0,3,6797.0,48.0,0.0,60.0,0.0,0.0,3.036000000000058,0.0,0.0,238.0,0.0,238.0,5000,238,10240000,10723328,483328.0,1309,24576,8192,0,0,0.0,0.0,0,499712,507904,8192,"{""access_log_json_w_i1a_record_validity"":65536,""access_log_json_w_i1b_entity_type_code"":57344,""access_log_json_w_i1c_status_code"":57344,""access_log_json_w_i1d_latitude_degrees"":147456,""access_log_json_w_i1e_event_timestamp_utc"":180224,""access_log_json_w_pkey"":131072}",1,1,0,0,8434066,8433401,0,396761,396761,0,4,ModifyTable on access_log_json_w [Hash Join [Seq Scan on access_log_json_w; Hash [Bitmap Heap Scan on expected_update [Bitmap Index Scan using expected_update_pkey]]]]
1,UA-2/jsonb/X-1/m06,UA-2/jsonb/X-1,UA-2,UA-2,jsonb,jsonb,X-1,head-to-head,measured,6,1,True,False,,True,45.993,,0.347,0.283,47.09,17.589,64.962,140.781,1920,2626625,286,,2648992,22367,1921.0,286.0,2626659.0,0.0,1.0,0.0,17.1929999999993,0.0,5171,50,341,51,0,3,6267.0,50.0,0.0,51.0,0.0,0.0,2.3699999999989814,0.0,0.0,238.0,0.0,237.0,10000,238,8036352,8445952,409600.0,1031,24576,8192,0,0,0.0,0.0,0,499712,507904,8192,"{""access_log_jsonb_w_i1a_record_validity"":65536,""access_log_jsonb_w_i1b_entity_type_code"":57344,""access_log_jsonb_w_i1c_status_code"":57344,""access_log_jsonb_w_i1d_latitude_degrees"":147456,""access_log_jsonb_w_i1e_event_timestamp_utc"":180224,""access_log_jsonb_w_pkey"":131072}",2880,2878,0,0,7219683,7221945,,,,0,4,ModifyTable on access_log_jsonb_w [Hash Join [Seq Scan on access_log_jsonb_w; Hash [Bitmap Heap Scan on expected_update [Bitmap Index Scan using expected_update_pkey]]]]
1,UA-2/jsonb/X-4/m06,UA-2/jsonb/X-4,UA-2,UA-2,jsonb,jsonb,X-4,separate: GIN (jsonb only),measured,6,1,True,False,,True,109.811,,0.385,0.275,110.956,20.826,132.05700000000002,213.448,2519,3383067,286,,3409544,26477,2521.0,287.0,3383802.0,0.0,1.0,0.0,20.398999999997613,0.0,6121,50,466,174,0,3,7229.0,50.0,0.0,174.0,0.0,0.0,7.568999999999505,0.0,0.0,238.0,0.0,237.0,5000,238,8036352,8445952,409600.0,1031,24576,8192,0,0,0.0,0.0,0,8749056,9764864,1015808,"{""access_log_jsonb_w_i1a_record_validity"":65536,""access_log_jsonb_w_i1b_entity_type_code"":57344,""access_log_jsonb_w_i1c_status_code"":57344,""access_log_jsonb_w_i1d_latitude_degrees"":147456,""access_log_jsonb_w_i1e_event_timestamp_utc"":180224,""access_log_jsonb_w_i2_gin_jsonb_ops"":5136384,""access_log_jsonb_w_i3_gin_jsonb_path_ops"":4120576,""access_log_jsonb_w_pkey"":131072}",2880,2878,0,0,7219683,7221945,,,,0,4,ModifyTable on access_log_jsonb_w [Hash Join [Seq Scan on access_log_jsonb_w; Hash [Bitmap Heap Scan on expected_update [Bitmap Index Scan using expected_update_pkey]]]]
1,UA-2/jsonb/X-4/m07,UA-2/jsonb/X-4,UA-2,UA-2,jsonb,jsonb,X-4,separate: GIN (jsonb only),measured,7,1,True,False,,True,110.796,,0.375,0.319,112.072,8.098,120.489,192.44,2519,3383067,286,,3408856,25789,2520.0,286.0,3383101.0,0.0,2.0,0.0,5.529999999998836,0.0,6121,50,466,174,0,3,7244.0,50.0,0.0,174.0,0.0,0.0,6.845000000001164,0.0,0.0,238.0,0.0,237.0,5000,238,8036352,8445952,409600.0,1031,24576,8192,0,0,0.0,0.0,0,8749056,9764864,1015808,"{""access_log_jsonb_w_i1a_record_validity"":65536,""access_log_jsonb_w_i1b_entity_type_code"":57344,""access_log_jsonb_w_i1c_status_code"":57344,""access_log_jsonb_w_i1d_latitude_degrees"":147456,""access_log_jsonb_w_i1e_event_timestamp_utc"":180224,""access_log_jsonb_w_i2_gin_jsonb_ops"":5136384,""access_log_jsonb_w_i3_gin_jsonb_path_ops"":4120576,""access_log_jsonb_w_pkey"":131072}",2880,2878,0,0,7219683,7221945,,,,0,4,ModifyTable on access_log_jsonb_w [Hash Join [Seq Scan on access_log_jsonb_w; Hash [Bitmap Heap Scan on expected_update [Bitmap Index Scan using expected_update_pkey]]]]
1,UA-2/jsonb/X-1/m07,UA-2/jsonb/X-1,UA-2,UA-2,jsonb,jsonb,X-1,head-to-head,measured,7,1,True,False,,True,73.182,,0.529,0.437,74.954,18.611,94.002,220.691,1920,2626625,286,,2648968,22343,1921.0,286.0,2626659.0,0.0,2.0,0.0,18.030000000006112,0.0,5171,50,341,51,0,3,6262.0,50.0,0.0,51.0,0.0,0.0,4.14600000000064,0.0,0.0,238.0,0.0,237.0,5000,238,8036352,8445952,409600.0,1031,24576,8192,0,0,0.0,0.0,0,499712,507904,8192,"{""access_log_jsonb_w_i1a_record_validity"":65536,""access_log_jsonb_w_i1b_entity_type_code"":57344,""access_log_jsonb_w_i1c_status_code"":57344,""access_log_jsonb_w_i1d_latitude_degrees"":147456,""access_log_jsonb_w_i1e_event_timestamp_utc"":180224,""access_log_jsonb_w_pkey"":131072}",2880,2878,0,0,7219683,7221945,,,,0,4,ModifyTable on access_log_jsonb_w [Hash Join [Seq Scan on access_log_jsonb_w; Hash [Bitmap Heap Scan on expected_update [Bitmap Index Scan using expected_update_pkey]]]]
1,UA-2/json/X-1/m07,UA-2/json/X-1,UA-2,UA-2,json,json,X-1,head-to-head,measured,7,1,True,False,,True,134.007,,0.586,0.453,135.567,5.716,141.73600000000002,262.541,1919,2488362,284,,2510680,22318,1921.0,285.0,2493817.0,0.0,3.0,0.0,5.335999999995693,0.0,5438,48,348,60,0,3,6797.0,48.0,0.0,60.0,0.0,0.0,4.3620000000009895,0.0,0.0,238.0,0.0,238.0,5000,238,10240000,10723328,483328.0,1309,24576,8192,0,0,0.0,0.0,0,499712,507904,8192,"{""access_log_json_w_i1a_record_validity"":65536,""access_log_json_w_i1b_entity_type_code"":57344,""access_log_json_w_i1c_status_code"":57344,""access_log_json_w_i1d_latitude_degrees"":147456,""access_log_json_w_i1e_event_timestamp_utc"":180224,""access_log_json_w_pkey"":131072}",1,1,0,0,8434066,8433401,0,396761,396761,0,4,ModifyTable on access_log_json_w [Hash Join [Seq Scan on access_log_json_w; Hash [Bitmap Heap Scan on expected_update [Bitmap Index Scan using expected_update_pkey]]]]
1,UA-2/jsonb/X-0/m07,UA-2/jsonb/X-0,UA-2,UA-2,jsonb,jsonb,X-0,head-to-head,measured,7,1,True,False,,True,33.719,,0.313,0.273,34.801,19.322,54.396,122.253,713,2227253,240,,2252736,25483,715.0,241.0,2231864.0,0.0,1.0,0.0,18.9429999999993,0.0,2836,0,294,50,0,3,3888.0,0.0,0.0,50.0,0.0,0.0,1.9029999999984284,0.0,0.0,238.0,1.0,237.0,10000,238,8036352,8445952,409600.0,1031,24576,8192,0,0,0.0,0.0,0,0,0,0,"{""access_log_jsonb_w_pkey"":131072}",2880,2878,0,0,7219683,7221945,,,,0,4,ModifyTable on access_log_jsonb_w [Hash Join [Seq Scan on access_log_jsonb_w; Hash [Bitmap Heap Scan on expected_update [Bitmap Index Scan using expected_update_pkey]]]]
1,UA-2/json/X-0/m07,UA-2/json/X-0,UA-2,UA-2,json,json,X-0,head-to-head,measured,7,1,True,False,,True,19.488,,0.207,0.217,20.587,5.253,26.057,112.009,714,2103892,240,,2124856,20964,715.0,240.0,2103926.0,0.0,2.0,0.0,4.823000000003958,0.0,3104,0,303,59,0,3,4432.0,0.0,0.0,59.0,0.0,0.0,2.9650000000001455,0.0,0.0,238.0,0.0,238.0,10000,238,10240000,10723328,483328.0,1309,24576,8192,0,0,0.0,0.0,0,0,0,0,"{""access_log_json_w_pkey"":131072}",1,1,0,0,8434066,8433401,0,396761,396761,0,4,ModifyTable on access_log_json_w [Hash Join [Seq Scan on access_log_json_w; Hash [Bitmap Heap Scan on expected_update [Bitmap Index Scan using expected_update_pkey]]]]
1,UA-2/jsonb/X-0/m08,UA-2/jsonb/X-0,UA-2,UA-2,jsonb,jsonb,X-0,head-to-head,measured,8,1,True,False,,True,46.09,,0.294,0.238,47.339,4.561,52.138,128.291,713,2227253,240,,2248128,20875,714.0,240.0,2227287.0,0.0,1.0,0.0,4.105999999999767,0.0,2836,0,294,50,0,3,3888.0,0.0,0.0,50.0,0.0,0.0,2.4499999999970896,0.0,0.0,238.0,1.0,237.0,10000,238,8036352,8445952,409600.0,1031,24576,8192,0,0,0.0,0.0,0,0,0,0,"{""access_log_jsonb_w_pkey"":131072}",2880,2878,0,0,7219683,7221945,,,,0,4,ModifyTable on access_log_jsonb_w [Hash Join [Seq Scan on access_log_jsonb_w; Hash [Bitmap Heap Scan on expected_update [Bitmap Index Scan using expected_update_pkey]]]]
1,UA-2/json/X-0/m08,UA-2/json/X-0,UA-2,UA-2,json,json,X-0,head-to-head,measured,8,1,True,False,,True,19.466,,0.4,0.253,20.704,13.89,34.847,123.951,714,2103892,240,,2124856,20964,715.0,240.0,2103926.0,0.0,1.0,0.0,13.468000000000757,0.0,3104,0,303,59,0,3,4424.0,0.0,0.0,59.0,0.0,0.0,3.0200000000004366,0.0,0.0,238.0,0.0,238.0,10000,238,10240000,10723328,483328.0,1309,24576,8192,0,0,0.0,0.0,0,0,0,0,"{""access_log_json_w_pkey"":131072}",1,1,0,0,8434066,8433401,0,396761,396761,0,4,ModifyTable on access_log_json_w [Hash Join [Seq Scan on access_log_json_w; Hash [Bitmap Heap Scan on expected_update [Bitmap Index Scan using expected_update_pkey]]]]
1,UA-2/jsonb/X-1/m08,UA-2/jsonb/X-1,UA-2,UA-2,jsonb,jsonb,X-1,head-to-head,measured,8,1,True,False,,True,69.238,,0.443,0.243,70.697,15.406,86.346,165.862,1920,2626625,286,,2652152,25527,1922.0,287.0,2629812.0,0.0,3.0,0.0,14.981999999996333,0.0,5171,50,341,51,0,3,6260.0,50.0,0.0,51.0,0.0,0.0,3.879000000000815,0.0,0.0,238.0,0.0,237.0,5000,238,8036352,8445952,409600.0,1031,24576,8192,0,0,0.0,0.0,0,499712,507904,8192,"{""access_log_jsonb_w_i1a_record_validity"":65536,""access_log_jsonb_w_i1b_entity_type_code"":57344,""access_log_jsonb_w_i1c_status_code"":57344,""access_log_jsonb_w_i1d_latitude_degrees"":147456,""access_log_jsonb_w_i1e_event_timestamp_utc"":180224,""access_log_jsonb_w_pkey"":131072}",2880,2878,0,0,7219683,7221945,,,,0,4,ModifyTable on access_log_jsonb_w [Hash Join [Seq Scan on access_log_jsonb_w; Hash [Bitmap Heap Scan on expected_update [Bitmap Index Scan using expected_update_pkey]]]]
1,UA-2/json/X-1/m08,UA-2/json/X-1,UA-2,UA-2,json,json,X-1,head-to-head,measured,8,1,True,False,,True,78.133,,0.341,0.19,79.057,2.258,81.505,145.862,1919,2488362,284,,2510680,22318,1921.0,285.0,2493793.0,0.0,3.0,0.0,2.0160000000032596,0.0,5438,48,348,60,0,3,6797.0,48.0,0.0,60.0,0.0,0.0,2.592000000000553,0.0,0.0,238.0,0.0,238.0,5000,238,10240000,10723328,483328.0,1309,24576,8192,0,0,0.0,0.0,0,499712,507904,8192,"{""access_log_json_w_i1a_record_validity"":65536,""access_log_json_w_i1b_entity_type_code"":57344,""access_log_json_w_i1c_status_code"":57344,""access_log_json_w_i1d_latitude_degrees"":147456,""access_log_json_w_i1e_event_timestamp_utc"":180224,""access_log_json_w_pkey"":131072}",1,1,0,0,8434066,8433401,0,396761,396761,0,4,ModifyTable on access_log_json_w [Hash Join [Seq Scan on access_log_json_w; Hash [Bitmap Heap Scan on expected_update [Bitmap Index Scan using expected_update_pkey]]]]
1,UA-2/jsonb/X-4/m08,UA-2/jsonb/X-4,UA-2,UA-2,jsonb,jsonb,X-4,separate: GIN (jsonb only),measured,8,1,True,False,,True,90.52,,0.399,0.172,91.553,5.303,97.02799999999999,159.725,2519,3383067,286,,3408864,25797,2521.0,286.0,3383151.0,0.0,2.0,0.0,4.944999999999709,0.0,6121,50,466,174,0,3,7224.0,50.0,0.0,174.0,0.0,0.0,6.542000000001281,0.0,0.0,238.0,0.0,237.0,5000,238,8036352,8445952,409600.0,1031,24576,8192,0,0,0.0,0.0,0,8749056,9764864,1015808,"{""access_log_jsonb_w_i1a_record_validity"":65536,""access_log_jsonb_w_i1b_entity_type_code"":57344,""access_log_jsonb_w_i1c_status_code"":57344,""access_log_jsonb_w_i1d_latitude_degrees"":147456,""access_log_jsonb_w_i1e_event_timestamp_utc"":180224,""access_log_jsonb_w_i2_gin_jsonb_ops"":5136384,""access_log_jsonb_w_i3_gin_jsonb_path_ops"":4120576,""access_log_jsonb_w_pkey"":131072}",2880,2878,0,0,7219683,7221945,,,,0,4,ModifyTable on access_log_jsonb_w [Hash Join [Seq Scan on access_log_jsonb_w; Hash [Bitmap Heap Scan on expected_update [Bitmap Index Scan using expected_update_pkey]]]]
1,UA-2/jsonb/X-4/m09,UA-2/jsonb/X-4,UA-2,UA-2,jsonb,jsonb,X-4,separate: GIN (jsonb only),measured,9,1,True,False,,True,124.973,,0.231,0.142,126.101,7.027,133.26999999999998,196.74,2519,3383067,286,,3408840,25773,2520.0,286.0,3383101.0,0.0,1.0,0.0,6.652000000001863,0.0,6121,50,466,174,0,3,7222.0,50.0,0.0,174.0,0.0,0.0,7.483000000000175,0.0,0.0,238.0,0.0,237.0,5000,238,8036352,8445952,409600.0,1031,24576,8192,0,0,0.0,0.0,0,8749056,9764864,1015808,"{""access_log_jsonb_w_i1a_record_validity"":65536,""access_log_jsonb_w_i1b_entity_type_code"":57344,""access_log_jsonb_w_i1c_status_code"":57344,""access_log_jsonb_w_i1d_latitude_degrees"":147456,""access_log_jsonb_w_i1e_event_timestamp_utc"":180224,""access_log_jsonb_w_i2_gin_jsonb_ops"":5136384,""access_log_jsonb_w_i3_gin_jsonb_path_ops"":4120576,""access_log_jsonb_w_pkey"":131072}",2880,2878,0,0,7219683,7221945,,,,0,4,ModifyTable on access_log_jsonb_w [Hash Join [Seq Scan on access_log_jsonb_w; Hash [Bitmap Heap Scan on expected_update [Bitmap Index Scan using expected_update_pkey]]]]
1,UA-2/json/X-1/m09,UA-2/json/X-1,UA-2,UA-2,json,json,X-1,head-to-head,measured,9,1,True,False,,True,66.467,,0.287,0.175,67.369,3.409,70.953,127.563,1919,2488362,284,,2510680,22318,1920.0,284.0,2488396.0,0.0,1.0,0.0,3.190999999998894,0.0,5438,48,348,60,0,3,6797.0,48.0,0.0,60.0,0.0,0.0,2.477999999999156,0.0,0.0,238.0,0.0,238.0,5000,238,10240000,10723328,483328.0,1309,24576,8192,0,0,0.0,0.0,0,499712,507904,8192,"{""access_log_json_w_i1a_record_validity"":65536,""access_log_json_w_i1b_entity_type_code"":57344,""access_log_json_w_i1c_status_code"":57344,""access_log_json_w_i1d_latitude_degrees"":147456,""access_log_json_w_i1e_event_timestamp_utc"":180224,""access_log_json_w_pkey"":131072}",1,1,0,0,8434066,8433401,0,396761,396761,0,4,ModifyTable on access_log_json_w [Hash Join [Seq Scan on access_log_json_w; Hash [Bitmap Heap Scan on expected_update [Bitmap Index Scan using expected_update_pkey]]]]
1,UA-2/jsonb/X-1/m09,UA-2/jsonb/X-1,UA-2,UA-2,jsonb,jsonb,X-1,head-to-head,measured,9,1,True,False,,True,35.166,,0.237,0.167,36.002,5.153,41.322,108.905,1920,2626625,286,,2648968,22343,1921.0,286.0,2626659.0,0.0,2.0,0.0,4.8620000000009895,0.0,5171,50,341,51,0,3,6262.0,50.0,0.0,51.0,0.0,0.0,1.8099999999976717,0.0,0.0,238.0,0.0,237.0,5000,238,8036352,8445952,409600.0,1031,24576,8192,0,0,0.0,0.0,0,499712,507904,8192,"{""access_log_jsonb_w_i1a_record_validity"":65536,""access_log_jsonb_w_i1b_entity_type_code"":57344,""access_log_jsonb_w_i1c_status_code"":57344,""access_log_jsonb_w_i1d_latitude_degrees"":147456,""access_log_jsonb_w_i1e_event_timestamp_utc"":180224,""access_log_jsonb_w_pkey"":131072}",2880,2878,0,0,7219683,7221945,,,,0,4,ModifyTable on access_log_jsonb_w [Hash Join [Seq Scan on access_log_jsonb_w; Hash [Bitmap Heap Scan on expected_update [Bitmap Index Scan using expected_update_pkey]]]]
1,UA-2/json/X-0/m09,UA-2/json/X-0,UA-2,UA-2,json,json,X-0,head-to-head,measured,9,1,True,False,,True,14.423,,0.224,0.174,15.201,3.381,18.756,68.445,714,2103892,240,,2124832,20940,715.0,240.0,2103926.0,0.0,2.0,0.0,3.1419999999998254,0.0,3104,0,303,59,0,3,4424.0,0.0,0.0,59.0,0.0,0.0,2.0200000000004366,0.0,0.0,238.0,0.0,238.0,10000,238,10240000,10723328,483328.0,1309,24576,8192,0,0,0.0,0.0,0,0,0,0,"{""access_log_json_w_pkey"":131072}",1,1,0,0,8434066,8433401,0,396761,396761,0,4,ModifyTable on access_log_json_w [Hash Join [Seq Scan on access_log_json_w; Hash [Bitmap Heap Scan on expected_update [Bitmap Index Scan using expected_update_pkey]]]]
1,UA-2/jsonb/X-0/m09,UA-2/jsonb/X-0,UA-2,UA-2,jsonb,jsonb,X-0,head-to-head,measured,9,1,True,False,,True,33.337,,0.259,0.244,34.542,4.835,39.621,104.488,713,2227253,240,,2248128,20875,714.0,240.0,2227287.0,0.0,1.0,0.0,4.476999999998952,0.0,2836,0,294,50,0,3,3894.0,0.0,0.0,50.0,0.0,0.0,1.9290000000000873,0.0,0.0,238.0,1.0,237.0,10000,238,8036352,8445952,409600.0,1031,24576,8192,0,0,0.0,0.0,0,0,0,0,"{""access_log_jsonb_w_pkey"":131072}",2880,2878,0,0,7219683,7221945,,,,0,4,ModifyTable on access_log_jsonb_w [Hash Join [Seq Scan on access_log_jsonb_w; Hash [Bitmap Heap Scan on expected_update [Bitmap Index Scan using expected_update_pkey]]]]
1,UA-2/json/X-0/m10,UA-2/json/X-0,UA-2,UA-2,json,json,X-0,head-to-head,measured,10,1,True,False,,True,10.715,,0.192,0.169,11.539,4.265,15.972999999999999,58.083,714,2103892,240,,2124832,20940,716.0,241.0,2109339.0,0.0,3.0,0.0,3.993000000002212,0.0,3104,0,303,59,0,3,4424.0,0.0,0.0,59.0,0.0,0.0,1.4130000000004657,0.0,0.0,238.0,0.0,238.0,10000,238,10240000,10723328,483328.0,1309,24576,8192,0,0,0.0,0.0,0,0,0,0,"{""access_log_json_w_pkey"":131072}",1,1,0,0,8434066,8433401,0,396761,396761,0,4,ModifyTable on access_log_json_w [Hash Join [Seq Scan on access_log_json_w; Hash [Bitmap Heap Scan on expected_update [Bitmap Index Scan using expected_update_pkey]]]]
1,UA-2/jsonb/X-0/m10,UA-2/jsonb/X-0,UA-2,UA-2,jsonb,jsonb,X-0,head-to-head,measured,10,1,True,False,,True,50.529,,0.569,0.386,52.151,5.649,58.18600000000001,150.579,713,2227253,240,,2248152,20899,714.0,240.0,2227287.0,0.0,1.0,0.0,5.355999999999767,0.0,2836,0,294,50,0,3,3888.0,0.0,0.0,50.0,0.0,0.0,2.7510000000002037,0.0,0.0,238.0,1.0,237.0,10000,238,8036352,8445952,409600.0,1031,24576,8192,0,0,0.0,0.0,0,0,0,0,"{""access_log_jsonb_w_pkey"":131072}",2880,2878,0,0,7219683,7221945,,,,0,4,ModifyTable on access_log_jsonb_w [Hash Join [Seq Scan on access_log_jsonb_w; Hash [Bitmap Heap Scan on expected_update [Bitmap Index Scan using expected_update_pkey]]]]
1,UA-2/json/X-1/m10,UA-2/json/X-1,UA-2,UA-2,json,json,X-1,head-to-head,measured,10,1,True,False,,True,102.326,,0.49,0.258,103.788,7.116,111.16199999999999,202.883,1919,2488362,284,,2510680,22318,1920.0,284.0,2488396.0,0.0,1.0,0.0,6.661999999996624,0.0,5438,48,348,60,0,3,6797.0,48.0,0.0,60.0,0.0,0.0,3.672000000002299,0.0,0.0,238.0,0.0,238.0,5000,238,10240000,10723328,483328.0,1309,24576,8192,0,0,0.0,0.0,0,499712,507904,8192,"{""access_log_json_w_i1a_record_validity"":65536,""access_log_json_w_i1b_entity_type_code"":57344,""access_log_json_w_i1c_status_code"":57344,""access_log_json_w_i1d_latitude_degrees"":147456,""access_log_json_w_i1e_event_timestamp_utc"":180224,""access_log_json_w_pkey"":131072}",1,1,0,0,8434066,8433401,0,396761,396761,0,4,ModifyTable on access_log_json_w [Hash Join [Seq Scan on access_log_json_w; Hash [Bitmap Heap Scan on expected_update [Bitmap Index Scan using expected_update_pkey]]]]
1,UA-2/jsonb/X-1/m10,UA-2/jsonb/X-1,UA-2,UA-2,jsonb,jsonb,X-1,head-to-head,measured,10,1,True,False,,True,48.279,,0.356,0.294,49.415,5.973,55.681999999999995,147.464,1920,2626625,286,,2648968,22343,1921.0,286.0,2626659.0,0.0,2.0,0.0,5.596000000005006,0.0,5171,50,341,51,0,3,6262.0,50.0,0.0,51.0,0.0,0.0,2.3919999999998254,0.0,0.0,238.0,0.0,237.0,5000,238,8036352,8445952,409600.0,1031,24576,8192,0,0,0.0,0.0,0,499712,507904,8192,"{""access_log_jsonb_w_i1a_record_validity"":65536,""access_log_jsonb_w_i1b_entity_type_code"":57344,""access_log_jsonb_w_i1c_status_code"":57344,""access_log_jsonb_w_i1d_latitude_degrees"":147456,""access_log_jsonb_w_i1e_event_timestamp_utc"":180224,""access_log_jsonb_w_pkey"":131072}",2880,2878,0,0,7219683,7221945,,,,0,4,ModifyTable on access_log_jsonb_w [Hash Join [Seq Scan on access_log_jsonb_w; Hash [Bitmap Heap Scan on expected_update [Bitmap Index Scan using expected_update_pkey]]]]
1,UA-2/jsonb/X-4/m10,UA-2/jsonb/X-4,UA-2,UA-2,jsonb,jsonb,X-4,separate: GIN (jsonb only),measured,10,1,False,True,autovacuum-worker,True,107.173,,0.693,0.315,108.778,3.025,112.11800000000001,206.136,2519,3383067,286,,3408840,25773,2520.0,286.0,3383101.0,0.0,3.0,0.0,2.676999999996042,0.0,6121,50,466,174,0,3,7222.0,50.0,0.0,174.0,0.0,0.0,7.533999999999651,0.0,0.0,238.0,0.0,237.0,5000,238,8036352,8445952,409600.0,1031,24576,8192,0,0,0.0,0.0,0,8749056,9764864,1015808,"{""access_log_jsonb_w_i1a_record_validity"":65536,""access_log_jsonb_w_i1b_entity_type_code"":57344,""access_log_jsonb_w_i1c_status_code"":57344,""access_log_jsonb_w_i1d_latitude_degrees"":147456,""access_log_jsonb_w_i1e_event_timestamp_utc"":180224,""access_log_jsonb_w_i2_gin_jsonb_ops"":5136384,""access_log_jsonb_w_i3_gin_jsonb_path_ops"":4120576,""access_log_jsonb_w_pkey"":131072}",2880,2878,0,0,7219683,7221945,,,,0,4,ModifyTable on access_log_jsonb_w [Hash Join [Seq Scan on access_log_jsonb_w; Hash [Bitmap Heap Scan on expected_update [Bitmap Index Scan using expected_update_pkey]]]]
1,UA-2/jsonb/X-4/m10,UA-2/jsonb/X-4,UA-2,UA-2,jsonb,jsonb,X-4,separate: GIN (jsonb only),measured,10,2,True,False,,True,173.118,,0.367,0.27,174.303,3.823,178.39600000000002,250.545,2519,3383067,286,,3408840,25773,2520.0,286.0,3383101.0,0.0,3.0,0.0,3.486000000004424,0.0,6121,50,466,174,0,3,7240.0,50.0,0.0,174.0,0.0,0.0,11.055000000000291,0.0,0.0,238.0,0.0,237.0,5000,238,8036352,8445952,409600.0,1031,24576,8192,0,0,0.0,0.0,0,8749056,9764864,1015808,"{""access_log_jsonb_w_i1a_record_validity"":65536,""access_log_jsonb_w_i1b_entity_type_code"":57344,""access_log_jsonb_w_i1c_status_code"":57344,""access_log_jsonb_w_i1d_latitude_degrees"":147456,""access_log_jsonb_w_i1e_event_timestamp_utc"":180224,""access_log_jsonb_w_i2_gin_jsonb_ops"":5136384,""access_log_jsonb_w_i3_gin_jsonb_path_ops"":4120576,""access_log_jsonb_w_pkey"":131072}",2880,2878,0,0,7219683,7221945,,,,0,4,ModifyTable on access_log_jsonb_w [Hash Join [Seq Scan on access_log_jsonb_w; Hash [Bitmap Heap Scan on expected_update [Bitmap Index Scan using expected_update_pkey]]]]
1,UA-2/jsonb/X-4/m11,UA-2/jsonb/X-4,UA-2,UA-2,jsonb,jsonb,X-4,separate: GIN (jsonb only),measured,11,1,True,False,,True,137.683,,0.385,0.249,139.049,2.425,141.723,227.077,2519,3383067,286,,3408840,25773,2520.0,286.0,3383101.0,0.0,2.0,0.0,2.036000000000058,0.0,6121,50,466,174,0,3,7224.0,50.0,0.0,174.0,0.0,0.0,10.485999999997148,0.0,0.0,238.0,0.0,237.0,5000,238,8036352,8445952,409600.0,1031,24576,8192,0,0,0.0,0.0,0,8749056,9764864,1015808,"{""access_log_jsonb_w_i1a_record_validity"":65536,""access_log_jsonb_w_i1b_entity_type_code"":57344,""access_log_jsonb_w_i1c_status_code"":57344,""access_log_jsonb_w_i1d_latitude_degrees"":147456,""access_log_jsonb_w_i1e_event_timestamp_utc"":180224,""access_log_jsonb_w_i2_gin_jsonb_ops"":5136384,""access_log_jsonb_w_i3_gin_jsonb_path_ops"":4120576,""access_log_jsonb_w_pkey"":131072}",2880,2878,0,0,7219683,7221945,,,,0,4,ModifyTable on access_log_jsonb_w [Hash Join [Seq Scan on access_log_jsonb_w; Hash [Bitmap Heap Scan on expected_update [Bitmap Index Scan using expected_update_pkey]]]]
1,UA-2/jsonb/X-1/m11,UA-2/jsonb/X-1,UA-2,UA-2,jsonb,jsonb,X-1,head-to-head,measured,11,1,True,False,,True,94.278,,0.591,0.436,96.28,8.836,105.552,221.56,1920,2626625,286,,2648992,22367,1921.0,286.0,2626659.0,0.0,1.0,0.0,8.213000000003376,0.0,5171,50,341,51,0,3,6260.0,50.0,0.0,51.0,0.0,0.0,5.108000000000175,0.0,0.0,238.0,0.0,237.0,5000,238,8036352,8445952,409600.0,1031,24576,8192,0,0,0.0,0.0,0,499712,507904,8192,"{""access_log_jsonb_w_i1a_record_validity"":65536,""access_log_jsonb_w_i1b_entity_type_code"":57344,""access_log_jsonb_w_i1c_status_code"":57344,""access_log_jsonb_w_i1d_latitude_degrees"":147456,""access_log_jsonb_w_i1e_event_timestamp_utc"":180224,""access_log_jsonb_w_pkey"":131072}",2880,2878,0,0,7219683,7221945,,,,0,4,ModifyTable on access_log_jsonb_w [Hash Join [Seq Scan on access_log_jsonb_w; Hash [Bitmap Heap Scan on expected_update [Bitmap Index Scan using expected_update_pkey]]]]
1,UA-2/json/X-1/m11,UA-2/json/X-1,UA-2,UA-2,json,json,X-1,head-to-head,measured,11,1,True,False,,True,105.636,,0.351,0.298,106.884,8.134,115.316,201.472,1919,2488362,284,,2510776,22414,1921.0,285.0,2493809.0,0.0,2.0,0.0,5.763999999995576,0.0,5438,48,348,60,0,3,6797.0,48.0,0.0,60.0,0.0,0.0,3.386000000002241,0.0,0.0,238.0,0.0,238.0,5000,238,10240000,10723328,483328.0,1309,24576,8192,0,0,0.0,0.0,0,499712,507904,8192,"{""access_log_json_w_i1a_record_validity"":65536,""access_log_json_w_i1b_entity_type_code"":57344,""access_log_json_w_i1c_status_code"":57344,""access_log_json_w_i1d_latitude_degrees"":147456,""access_log_json_w_i1e_event_timestamp_utc"":180224,""access_log_json_w_pkey"":131072}",1,1,0,0,8434066,8433401,0,396761,396761,0,4,ModifyTable on access_log_json_w [Hash Join [Seq Scan on access_log_json_w; Hash [Bitmap Heap Scan on expected_update [Bitmap Index Scan using expected_update_pkey]]]]
1,UA-2/jsonb/X-0/m11,UA-2/jsonb/X-0,UA-2,UA-2,jsonb,jsonb,X-0,head-to-head,measured,11,1,True,False,,True,36.768,,0.441,0.255,38.311,9.763,48.329,125.286,713,2227253,240,,2248128,20875,714.0,240.0,2227287.0,0.0,2.0,0.0,9.372000000003027,0.0,2836,0,294,50,0,3,3888.0,0.0,0.0,50.0,0.0,0.0,2.3520000000025902,0.0,0.0,238.0,1.0,237.0,10000,238,8036352,8445952,409600.0,1031,24576,8192,0,0,0.0,0.0,0,0,0,0,"{""access_log_jsonb_w_pkey"":131072}",2880,2878,0,0,7219683,7221945,,,,0,4,ModifyTable on access_log_jsonb_w [Hash Join [Seq Scan on access_log_jsonb_w; Hash [Bitmap Heap Scan on expected_update [Bitmap Index Scan using expected_update_pkey]]]]
1,UA-2/json/X-0/m11,UA-2/json/X-0,UA-2,UA-2,json,json,X-0,head-to-head,measured,11,1,True,False,,True,23.924,,0.409,0.445,25.436,5.655,31.536,135.122,714,2103892,240,,2124856,20964,715.0,240.0,2103926.0,0.0,1.0,0.0,5.184000000001106,0.0,3104,0,303,59,0,3,4433.0,0.0,0.0,59.0,0.0,0.0,3.8189999999995052,0.0,0.0,238.0,0.0,238.0,10000,238,10240000,10723328,483328.0,1309,24576,8192,0,0,0.0,0.0,0,0,0,0,"{""access_log_json_w_pkey"":131072}",1,1,0,0,8434066,8433401,0,396761,396761,0,4,ModifyTable on access_log_json_w [Hash Join [Seq Scan on access_log_json_w; Hash [Bitmap Heap Scan on expected_update [Bitmap Index Scan using expected_update_pkey]]]]
1,UA-2/jsonb/X-0/m12,UA-2/jsonb/X-0,UA-2,UA-2,jsonb,jsonb,X-0,head-to-head,measured,12,1,True,False,,True,26.808,,0.281,0.227,27.889,5.965,34.081,83.777,713,2227253,240,,2248168,20915,714.0,240.0,2227287.0,0.0,3.0,0.0,3.6670000000012806,0.0,2836,0,294,50,0,3,3888.0,0.0,0.0,50.0,0.0,0.0,1.7890000000006694,0.0,0.0,238.0,1.0,237.0,10000,238,8036352,8445952,409600.0,1031,24576,8192,0,0,0.0,0.0,0,0,0,0,"{""access_log_jsonb_w_pkey"":131072}",2880,2878,0,0,7219683,7221945,,,,0,4,ModifyTable on access_log_jsonb_w [Hash Join [Seq Scan on access_log_jsonb_w; Hash [Bitmap Heap Scan on expected_update [Bitmap Index Scan using expected_update_pkey]]]]
1,UA-2/json/X-0/m12,UA-2/json/X-0,UA-2,UA-2,json,json,X-0,head-to-head,measured,12,1,True,False,,True,16.249,,0.422,0.23,17.731,14.984,32.945,105.854,714,2103892,240,,2124832,20940,715.0,240.0,2103926.0,0.0,1.0,0.0,14.383999999998196,0.0,3104,0,303,59,0,3,4424.0,0.0,0.0,59.0,0.0,0.0,2.1749999999992724,0.0,0.0,238.0,0.0,238.0,10000,238,10240000,10723328,483328.0,1309,24576,8192,0,0,0.0,0.0,0,0,0,0,"{""access_log_json_w_pkey"":131072}",1,1,0,0,8434066,8433401,0,396761,396761,0,4,ModifyTable on access_log_json_w [Hash Join [Seq Scan on access_log_json_w; Hash [Bitmap Heap Scan on expected_update [Bitmap Index Scan using expected_update_pkey]]]]
1,UA-2/jsonb/X-1/m12,UA-2/jsonb/X-1,UA-2,UA-2,jsonb,jsonb,X-1,head-to-head,measured,12,1,True,False,,True,42.502,,0.336,0.244,43.64,17.27,61.153999999999996,128.113,1920,2626625,286,,2648992,22367,1921.0,286.0,2626659.0,0.0,2.0,0.0,16.834999999999127,0.0,5171,50,341,51,0,3,6262.0,50.0,0.0,51.0,0.0,0.0,2.3850000000020373,0.0,0.0,238.0,0.0,237.0,10000,238,8036352,8445952,409600.0,1031,24576,8192,0,0,0.0,0.0,0,499712,507904,8192,"{""access_log_jsonb_w_i1a_record_validity"":65536,""access_log_jsonb_w_i1b_entity_type_code"":57344,""access_log_jsonb_w_i1c_status_code"":57344,""access_log_jsonb_w_i1d_latitude_degrees"":147456,""access_log_jsonb_w_i1e_event_timestamp_utc"":180224,""access_log_jsonb_w_pkey"":131072}",2880,2878,0,0,7219683,7221945,,,,0,4,ModifyTable on access_log_jsonb_w [Hash Join [Seq Scan on access_log_jsonb_w; Hash [Bitmap Heap Scan on expected_update [Bitmap Index Scan using expected_update_pkey]]]]
1,UA-2/json/X-1/m12,UA-2/json/X-1,UA-2,UA-2,json,json,X-1,head-to-head,measured,12,1,True,False,,True,63.858,,0.265,0.167,64.764,19.172,84.103,137.117,1919,2488362,284,,2510696,22334,1921.0,285.0,2493789.0,0.0,3.0,0.0,17.62399999999616,0.0,5438,48,348,60,0,3,6797.0,48.0,0.0,60.0,0.0,0.0,2.1480000000010477,0.0,0.0,238.0,0.0,238.0,5000,238,10240000,10723328,483328.0,1309,24576,8192,0,0,0.0,0.0,0,499712,507904,8192,"{""access_log_json_w_i1a_record_validity"":65536,""access_log_json_w_i1b_entity_type_code"":57344,""access_log_json_w_i1c_status_code"":57344,""access_log_json_w_i1d_latitude_degrees"":147456,""access_log_json_w_i1e_event_timestamp_utc"":180224,""access_log_json_w_pkey"":131072}",1,1,0,0,8434066,8433401,0,396761,396761,0,4,ModifyTable on access_log_json_w [Hash Join [Seq Scan on access_log_json_w; Hash [Bitmap Heap Scan on expected_update [Bitmap Index Scan using expected_update_pkey]]]]
1,UA-2/jsonb/X-4/m12,UA-2/jsonb/X-4,UA-2,UA-2,jsonb,jsonb,X-4,separate: GIN (jsonb only),measured,12,1,True,False,,True,142.589,,0.446,0.297,143.835,9.42,153.552,241.652,2519,3383067,286,,3408856,25789,2520.0,286.0,3383101.0,0.0,3.0,0.0,7.18300000000454,0.0,6121,50,466,174,0,3,7222.0,50.0,0.0,174.0,0.0,0.0,10.007000000001426,0.0,0.0,238.0,0.0,237.0,5000,238,8036352,8445952,409600.0,1031,24576,8192,0,0,0.0,0.0,0,8749056,9764864,1015808,"{""access_log_jsonb_w_i1a_record_validity"":65536,""access_log_jsonb_w_i1b_entity_type_code"":57344,""access_log_jsonb_w_i1c_status_code"":57344,""access_log_jsonb_w_i1d_latitude_degrees"":147456,""access_log_jsonb_w_i1e_event_timestamp_utc"":180224,""access_log_jsonb_w_i2_gin_jsonb_ops"":5136384,""access_log_jsonb_w_i3_gin_jsonb_path_ops"":4120576,""access_log_jsonb_w_pkey"":131072}",2880,2878,0,0,7219683,7221945,,,,0,4,ModifyTable on access_log_jsonb_w [Hash Join [Seq Scan on access_log_jsonb_w; Hash [Bitmap Heap Scan on expected_update [Bitmap Index Scan using expected_update_pkey]]]]
1,UA-2/jsonb/X-4/m13,UA-2/jsonb/X-4,UA-2,UA-2,jsonb,jsonb,X-4,separate: GIN (jsonb only),measured,13,1,True,False,,True,115.418,,0.368,0.293,116.689,22.476,139.458,207.468,2519,3383067,286,,3408856,25789,2520.0,286.0,3383101.0,0.0,2.0,0.0,19.942000000002736,0.0,6121,50,466,174,0,3,7222.0,50.0,0.0,174.0,0.0,0.0,8.400000000001455,0.0,0.0,238.0,0.0,237.0,5000,238,8036352,8445952,409600.0,1031,24576,8192,0,0,0.0,0.0,0,8749056,9764864,1015808,"{""access_log_jsonb_w_i1a_record_validity"":65536,""access_log_jsonb_w_i1b_entity_type_code"":57344,""access_log_jsonb_w_i1c_status_code"":57344,""access_log_jsonb_w_i1d_latitude_degrees"":147456,""access_log_jsonb_w_i1e_event_timestamp_utc"":180224,""access_log_jsonb_w_i2_gin_jsonb_ops"":5136384,""access_log_jsonb_w_i3_gin_jsonb_path_ops"":4120576,""access_log_jsonb_w_pkey"":131072}",2880,2878,0,0,7219683,7221945,,,,0,4,ModifyTable on access_log_jsonb_w [Hash Join [Seq Scan on access_log_jsonb_w; Hash [Bitmap Heap Scan on expected_update [Bitmap Index Scan using expected_update_pkey]]]]
1,UA-2/json/X-1/m13,UA-2/json/X-1,UA-2,UA-2,json,json,X-1,head-to-head,measured,13,1,True,False,,True,88.874,,0.513,0.205,90.242,3.859,94.306,154.013,1919,2488362,284,,2510680,22318,1920.0,284.0,2488396.0,0.0,3.0,0.0,3.521999999997206,0.0,5438,48,348,60,0,3,6797.0,48.0,0.0,60.0,0.0,0.0,2.9660000000003492,0.0,0.0,238.0,0.0,238.0,5000,238,10240000,10723328,483328.0,1309,24576,8192,0,0,0.0,0.0,0,499712,507904,8192,"{""access_log_json_w_i1a_record_validity"":65536,""access_log_json_w_i1b_entity_type_code"":57344,""access_log_json_w_i1c_status_code"":57344,""access_log_json_w_i1d_latitude_degrees"":147456,""access_log_json_w_i1e_event_timestamp_utc"":180224,""access_log_json_w_pkey"":131072}",1,1,0,0,8434066,8433401,0,396761,396761,0,4,ModifyTable on access_log_json_w [Hash Join [Seq Scan on access_log_json_w; Hash [Bitmap Heap Scan on expected_update [Bitmap Index Scan using expected_update_pkey]]]]
1,UA-2/jsonb/X-1/m13,UA-2/jsonb/X-1,UA-2,UA-2,jsonb,jsonb,X-1,head-to-head,measured,13,1,True,False,,True,44.492,,0.355,0.302,45.685,14.713,60.7,130.676,1920,2626625,286,,2648992,22367,1921.0,286.0,2626659.0,0.0,1.0,0.0,14.256999999997788,0.0,5171,50,341,51,0,3,6262.0,50.0,0.0,51.0,0.0,0.0,2.175999999999476,0.0,0.0,238.0,0.0,237.0,10000,238,8036352,8445952,409600.0,1031,24576,8192,0,0,0.0,0.0,0,499712,507904,8192,"{""access_log_jsonb_w_i1a_record_validity"":65536,""access_log_jsonb_w_i1b_entity_type_code"":57344,""access_log_jsonb_w_i1c_status_code"":57344,""access_log_jsonb_w_i1d_latitude_degrees"":147456,""access_log_jsonb_w_i1e_event_timestamp_utc"":180224,""access_log_jsonb_w_pkey"":131072}",2880,2878,0,0,7219683,7221945,,,,0,4,ModifyTable on access_log_jsonb_w [Hash Join [Seq Scan on access_log_jsonb_w; Hash [Bitmap Heap Scan on expected_update [Bitmap Index Scan using expected_update_pkey]]]]
1,UA-2/json/X-0/m13,UA-2/json/X-0,UA-2,UA-2,json,json,X-0,head-to-head,measured,13,1,True,False,,True,15.555,,0.285,0.268,16.572,7.044,23.884,85.136,714,2103892,240,,2124848,20956,715.0,240.0,2103926.0,0.0,2.0,0.0,4.993999999998778,0.0,3104,0,303,59,0,3,4424.0,0.0,0.0,59.0,0.0,0.0,2.0709999999999127,0.0,0.0,238.0,0.0,238.0,10000,238,10240000,10723328,483328.0,1309,24576,8192,0,0,0.0,0.0,0,0,0,0,"{""access_log_json_w_pkey"":131072}",1,1,0,0,8434066,8433401,0,396761,396761,0,4,ModifyTable on access_log_json_w [Hash Join [Seq Scan on access_log_json_w; Hash [Bitmap Heap Scan on expected_update [Bitmap Index Scan using expected_update_pkey]]]]
1,UA-2/jsonb/X-0/m13,UA-2/jsonb/X-0,UA-2,UA-2,jsonb,jsonb,X-0,head-to-head,measured,13,1,True,False,,True,57.154,,0.451,0.371,59.101,23.854,83.326,204.199,713,2227253,240,,2248128,20875,714.0,240.0,2227287.0,0.0,1.0,0.0,23.299000000006345,0.0,2836,0,294,50,0,3,3895.0,0.0,0.0,50.0,0.0,0.0,3.074000000000524,0.0,0.0,238.0,1.0,237.0,10000,238,8036352,8445952,409600.0,1031,24576,8192,0,0,0.0,0.0,0,0,0,0,"{""access_log_jsonb_w_pkey"":131072}",2880,2878,0,0,7219683,7221945,,,,0,4,ModifyTable on access_log_jsonb_w [Hash Join [Seq Scan on access_log_jsonb_w; Hash [Bitmap Heap Scan on expected_update [Bitmap Index Scan using expected_update_pkey]]]]
1,UA-2/json/X-0/m14,UA-2/json/X-0,UA-2,UA-2,json,json,X-0,head-to-head,measured,14,1,True,False,,True,22.436,,0.497,0.37,23.953,12.078,36.400999999999996,144.399,714,2103892,240,,2124856,20964,716.0,241.0,2109335.0,0.0,1.0,0.0,11.614000000001397,0.0,3104,0,303,59,0,3,4424.0,0.0,0.0,59.0,0.0,0.0,3.510999999998603,0.0,0.0,238.0,0.0,238.0,10000,238,10240000,10723328,483328.0,1309,24576,8192,0,0,0.0,0.0,0,0,0,0,"{""access_log_json_w_pkey"":131072}",1,1,0,0,8434066,8433401,0,396761,396761,0,4,ModifyTable on access_log_json_w [Hash Join [Seq Scan on access_log_json_w; Hash [Bitmap Heap Scan on expected_update [Bitmap Index Scan using expected_update_pkey]]]]
1,UA-2/jsonb/X-0/m14,UA-2/jsonb/X-0,UA-2,UA-2,jsonb,jsonb,X-0,head-to-head,measured,14,1,True,False,,True,48.468,,0.55,0.343,50.927,10.393,61.663000000000004,148.787,713,2227253,240,,2248144,20891,714.0,240.0,2227287.0,0.0,3.0,0.0,6.786999999996624,0.0,2836,0,294,50,0,3,3888.0,0.0,0.0,50.0,0.0,0.0,3.6779999999998836,0.0,0.0,238.0,1.0,237.0,10000,238,8036352,8445952,409600.0,1031,24576,8192,0,0,0.0,0.0,0,0,0,0,"{""access_log_jsonb_w_pkey"":131072}",2880,2878,0,0,7219683,7221945,,,,0,4,ModifyTable on access_log_jsonb_w [Hash Join [Seq Scan on access_log_jsonb_w; Hash [Bitmap Heap Scan on expected_update [Bitmap Index Scan using expected_update_pkey]]]]
1,UA-2/json/X-1/m14,UA-2/json/X-1,UA-2,UA-2,json,json,X-1,head-to-head,measured,14,1,True,False,,True,111.364,,0.431,0.275,112.697,14.141,127.11300000000001,199.006,1919,2488362,284,,2510704,22342,1920.0,284.0,2488396.0,0.0,1.0,0.0,13.727999999995518,0.0,5438,48,348,60,0,3,6795.0,48.0,0.0,60.0,0.0,0.0,3.069999999999709,0.0,0.0,238.0,0.0,238.0,5000,238,10240000,10723328,483328.0,1309,24576,8192,0,0,0.0,0.0,0,499712,507904,8192,"{""access_log_json_w_i1a_record_validity"":65536,""access_log_json_w_i1b_entity_type_code"":57344,""access_log_json_w_i1c_status_code"":57344,""access_log_json_w_i1d_latitude_degrees"":147456,""access_log_json_w_i1e_event_timestamp_utc"":180224,""access_log_json_w_pkey"":131072}",1,1,0,0,8434066,8433401,0,396761,396761,0,4,ModifyTable on access_log_json_w [Hash Join [Seq Scan on access_log_json_w; Hash [Bitmap Heap Scan on expected_update [Bitmap Index Scan using expected_update_pkey]]]]
1,UA-2/jsonb/X-1/m14,UA-2/jsonb/X-1,UA-2,UA-2,jsonb,jsonb,X-1,head-to-head,measured,14,1,True,False,,True,76.713,,0.571,0.487,78.538,4.38,83.40499999999999,186.009,1920,2626625,286,,2649672,23047,1922.0,287.0,2627360.0,0.0,2.0,0.0,3.934000000001106,0.0,5171,50,341,51,0,3,6262.0,50.0,0.0,51.0,0.0,0.0,3.6670000000012806,0.0,0.0,238.0,0.0,237.0,10000,238,8036352,8445952,409600.0,1031,24576,8192,0,0,0.0,0.0,0,499712,507904,8192,"{""access_log_jsonb_w_i1a_record_validity"":65536,""access_log_jsonb_w_i1b_entity_type_code"":57344,""access_log_jsonb_w_i1c_status_code"":57344,""access_log_jsonb_w_i1d_latitude_degrees"":147456,""access_log_jsonb_w_i1e_event_timestamp_utc"":180224,""access_log_jsonb_w_pkey"":131072}",2880,2878,0,0,7219683,7221945,,,,0,4,ModifyTable on access_log_jsonb_w [Hash Join [Seq Scan on access_log_jsonb_w; Hash [Bitmap Heap Scan on expected_update [Bitmap Index Scan using expected_update_pkey]]]]
1,UA-2/jsonb/X-4/m14,UA-2/jsonb/X-4,UA-2,UA-2,jsonb,jsonb,X-4,separate: GIN (jsonb only),measured,14,1,True,False,,True,107.205,,0.384,0.285,108.442,16.42,125.14699999999999,204.345,2519,3383067,286,,3408840,25773,2523.0,289.0,3397844.0,0.0,3.0,0.0,16.0,0.0,6121,50,466,174,0,3,7282.0,50.0,0.0,174.0,0.0,0.0,7.324000000000524,0.0,0.0,238.0,0.0,237.0,5000,238,8036352,8445952,409600.0,1031,24576,8192,0,0,0.0,0.0,0,8749056,9764864,1015808,"{""access_log_jsonb_w_i1a_record_validity"":65536,""access_log_jsonb_w_i1b_entity_type_code"":57344,""access_log_jsonb_w_i1c_status_code"":57344,""access_log_jsonb_w_i1d_latitude_degrees"":147456,""access_log_jsonb_w_i1e_event_timestamp_utc"":180224,""access_log_jsonb_w_i2_gin_jsonb_ops"":5136384,""access_log_jsonb_w_i3_gin_jsonb_path_ops"":4120576,""access_log_jsonb_w_pkey"":131072}",2880,2878,0,0,7219683,7221945,,,,0,4,ModifyTable on access_log_jsonb_w [Hash Join [Seq Scan on access_log_jsonb_w; Hash [Bitmap Heap Scan on expected_update [Bitmap Index Scan using expected_update_pkey]]]]
1,UA-2/jsonb/X-4/m15,UA-2/jsonb/X-4,UA-2,UA-2,jsonb,jsonb,X-4,separate: GIN (jsonb only),measured,15,1,True,False,,True,190.288,,0.684,0.379,192.046,4.492,196.91699999999997,301.789,2519,3383067,286,,3408840,25773,2520.0,286.0,3383101.0,0.0,3.0,0.0,4.148000000001048,0.0,6121,50,466,174,0,3,7226.0,50.0,0.0,174.0,0.0,0.0,13.584999999999127,0.0,0.0,238.0,0.0,237.0,5000,238,8036352,8445952,409600.0,1031,24576,8192,0,0,0.0,0.0,0,8749056,9764864,1015808,"{""access_log_jsonb_w_i1a_record_validity"":65536,""access_log_jsonb_w_i1b_entity_type_code"":57344,""access_log_jsonb_w_i1c_status_code"":57344,""access_log_jsonb_w_i1d_latitude_degrees"":147456,""access_log_jsonb_w_i1e_event_timestamp_utc"":180224,""access_log_jsonb_w_i2_gin_jsonb_ops"":5136384,""access_log_jsonb_w_i3_gin_jsonb_path_ops"":4120576,""access_log_jsonb_w_pkey"":131072}",2880,2878,0,0,7219683,7221945,,,,0,4,ModifyTable on access_log_jsonb_w [Hash Join [Seq Scan on access_log_jsonb_w; Hash [Bitmap Heap Scan on expected_update [Bitmap Index Scan using expected_update_pkey]]]]
1,UA-2/jsonb/X-1/m15,UA-2/jsonb/X-1,UA-2,UA-2,jsonb,jsonb,X-1,head-to-head,measured,15,1,True,False,,True,48.443,,0.361,0.269,49.582,8.85,58.701,136.458,1920,2626625,286,,2648984,22359,1921.0,286.0,2626659.0,0.0,3.0,0.0,5.834000000002561,0.0,5171,50,341,51,0,3,6262.0,50.0,0.0,51.0,0.0,0.0,2.63300000000163,0.0,0.0,238.0,0.0,237.0,10000,238,8036352,8445952,409600.0,1031,24576,8192,0,0,0.0,0.0,0,499712,507904,8192,"{""access_log_jsonb_w_i1a_record_validity"":65536,""access_log_jsonb_w_i1b_entity_type_code"":57344,""access_log_jsonb_w_i1c_status_code"":57344,""access_log_jsonb_w_i1d_latitude_degrees"":147456,""access_log_jsonb_w_i1e_event_timestamp_utc"":180224,""access_log_jsonb_w_pkey"":131072}",2880,2878,0,0,7219683,7221945,,,,0,4,ModifyTable on access_log_jsonb_w [Hash Join [Seq Scan on access_log_jsonb_w; Hash [Bitmap Heap Scan on expected_update [Bitmap Index Scan using expected_update_pkey]]]]
1,UA-2/json/X-1/m15,UA-2/json/X-1,UA-2,UA-2,json,json,X-1,head-to-head,measured,15,1,True,False,,True,87.656,,0.333,0.253,88.838,2.926,92.017,164.776,1919,2488362,284,,2510704,22342,1920.0,284.0,2488396.0,0.0,3.0,0.0,2.5759999999936554,0.0,5438,48,348,60,0,3,6797.0,48.0,0.0,60.0,0.0,0.0,2.9609999999993306,0.0,0.0,238.0,0.0,238.0,5000,238,10240000,10723328,483328.0,1309,24576,8192,0,0,0.0,0.0,0,499712,507904,8192,"{""access_log_json_w_i1a_record_validity"":65536,""access_log_json_w_i1b_entity_type_code"":57344,""access_log_json_w_i1c_status_code"":57344,""access_log_json_w_i1d_latitude_degrees"":147456,""access_log_json_w_i1e_event_timestamp_utc"":180224,""access_log_json_w_pkey"":131072}",1,1,0,0,8434066,8433401,0,396761,396761,0,4,ModifyTable on access_log_json_w [Hash Join [Seq Scan on access_log_json_w; Hash [Bitmap Heap Scan on expected_update [Bitmap Index Scan using expected_update_pkey]]]]
1,UA-2/jsonb/X-0/m15,UA-2/jsonb/X-0,UA-2,UA-2,jsonb,jsonb,X-0,head-to-head,measured,15,1,True,False,,True,52.709,,0.347,0.284,54.494,8.598,63.376,146.033,713,2227253,240,,2248152,20899,714.0,240.0,2227287.0,0.0,2.0,0.0,7.995000000002619,0.0,2836,0,294,50,0,3,3888.0,0.0,0.0,50.0,0.0,0.0,2.938000000001921,0.0,0.0,238.0,1.0,237.0,10000,238,8036352,8445952,409600.0,1031,24576,8192,0,0,0.0,0.0,0,0,0,0,"{""access_log_jsonb_w_pkey"":131072}",2880,2878,0,0,7219683,7221945,,,,0,4,ModifyTable on access_log_jsonb_w [Hash Join [Seq Scan on access_log_jsonb_w; Hash [Bitmap Heap Scan on expected_update [Bitmap Index Scan using expected_update_pkey]]]]
1,UA-2/json/X-0/m15,UA-2/json/X-0,UA-2,UA-2,json,json,X-0,head-to-head,measured,15,1,True,False,,True,27.881,,0.457,0.361,29.561,11.176,41.098,168.688,714,2103892,240,,2124872,20980,715.0,240.0,2103926.0,0.0,2.0,0.0,7.555000000000291,0.0,3104,0,303,59,0,3,4433.0,0.0,0.0,59.0,0.0,0.0,4.570999999999913,0.0,0.0,238.0,0.0,238.0,10000,238,10240000,10723328,483328.0,1309,24576,8192,0,0,0.0,0.0,0,0,0,0,"{""access_log_json_w_pkey"":131072}",1,1,0,0,8434066,8433401,0,396761,396761,0,4,ModifyTable on access_log_json_w [Hash Join [Seq Scan on access_log_json_w; Hash [Bitmap Heap Scan on expected_update [Bitmap Index Scan using expected_update_pkey]]]]
1,UA-2/json/X-0/d01,UA-2/json/X-0,UA-2,UA-2,json,json,X-0,head-to-head,detail,1,1,True,False,,True,21.601,,0.351,0.363,23.015,4.885,28.262999999999998,109.983,714,2103892,240,,2124832,20940,716.0,241.0,2109327.0,0.0,2.0,0.0,4.423999999999069,0.0,3104,0,303,59,0,3,4424.0,0.0,0.0,59.0,0.0,0.0,3.3000000000029104,0.0,0.0,238.0,0.0,238.0,10000,238,10240000,10723328,483328.0,1309,24576,8192,0,0,0.0,0.0,0,0,0,0,"{""access_log_json_w_pkey"":131072}",1,1,0,0,8434066,8433401,0,396761,396761,0,4,ModifyTable on access_log_json_w [Hash Join [Seq Scan on access_log_json_w; Hash [Bitmap Heap Scan on expected_update [Bitmap Index Scan using expected_update_pkey]]]]
1,UA-2/json/X-1/d01,UA-2/json/X-1,UA-2,UA-2,json,json,X-1,head-to-head,detail,1,1,True,False,,True,85.435,,0.339,0.234,86.662,4.226,91.122,168.276,1919,2488362,284,,2510680,22318,1920.0,284.0,2488396.0,0.0,2.0,0.0,3.8689999999987776,0.0,5438,48,348,60,0,3,6795.0,48.0,0.0,60.0,0.0,0.0,2.9530000000013388,0.0,0.0,238.0,0.0,238.0,5000,238,10240000,10723328,483328.0,1309,24576,8192,0,0,0.0,0.0,0,499712,507904,8192,"{""access_log_json_w_i1a_record_validity"":65536,""access_log_json_w_i1b_entity_type_code"":57344,""access_log_json_w_i1c_status_code"":57344,""access_log_json_w_i1d_latitude_degrees"":147456,""access_log_json_w_i1e_event_timestamp_utc"":180224,""access_log_json_w_pkey"":131072}",1,1,0,0,8434066,8433401,0,396761,396761,0,4,ModifyTable on access_log_json_w [Hash Join [Seq Scan on access_log_json_w; Hash [Bitmap Heap Scan on expected_update [Bitmap Index Scan using expected_update_pkey]]]]
1,UA-2/jsonb/X-0/d01,UA-2/jsonb/X-0,UA-2,UA-2,jsonb,jsonb,X-0,head-to-head,detail,1,1,True,False,,True,48.827,,0.301,0.243,50.571,23.107,73.92099999999999,138.289,713,2227253,240,,2249656,22403,715.0,241.0,2228772.0,0.0,2.0,0.0,20.20100000000093,0.0,2836,0,294,50,0,3,3888.0,0.0,0.0,50.0,0.0,0.0,2.5820000000021537,0.0,0.0,238.0,1.0,237.0,10000,238,8036352,8445952,409600.0,1031,24576,8192,0,0,0.0,0.0,0,0,0,0,"{""access_log_jsonb_w_pkey"":131072}",2880,2878,0,0,7219683,7221945,,,,0,4,ModifyTable on access_log_jsonb_w [Hash Join [Seq Scan on access_log_jsonb_w; Hash [Bitmap Heap Scan on expected_update [Bitmap Index Scan using expected_update_pkey]]]]
1,UA-2/jsonb/X-1/d01,UA-2/jsonb/X-1,UA-2,UA-2,jsonb,jsonb,X-1,head-to-head,detail,1,1,True,False,,True,68.807,,0.354,0.253,70.466,1.758,72.47699999999999,158.632,1920,2626625,286,,2648968,22343,1921.0,286.0,2626659.0,0.0,2.0,0.0,1.4580000000059954,0.0,5171,50,341,51,0,3,6262.0,50.0,0.0,51.0,0.0,0.0,3.2369999999973516,0.0,0.0,238.0,0.0,237.0,5000,238,8036352,8445952,409600.0,1031,24576,8192,0,0,0.0,0.0,0,499712,507904,8192,"{""access_log_jsonb_w_i1a_record_validity"":65536,""access_log_jsonb_w_i1b_entity_type_code"":57344,""access_log_jsonb_w_i1c_status_code"":57344,""access_log_jsonb_w_i1d_latitude_degrees"":147456,""access_log_jsonb_w_i1e_event_timestamp_utc"":180224,""access_log_jsonb_w_pkey"":131072}",2880,2878,0,0,7219683,7221945,,,,0,4,ModifyTable on access_log_jsonb_w [Hash Join [Seq Scan on access_log_jsonb_w; Hash [Bitmap Heap Scan on expected_update [Bitmap Index Scan using expected_update_pkey]]]]
1,UA-2/jsonb/X-4/d01,UA-2/jsonb/X-4,UA-2,UA-2,jsonb,jsonb,X-4,separate: GIN (jsonb only),detail,1,1,True,False,,True,124.245,,0.318,0.254,125.308,4.244,129.806,223.366,2519,3383067,286,,3408840,25773,2520.0,286.0,3383101.0,0.0,2.0,0.0,3.971000000005006,0.0,6121,50,466,174,0,3,7224.0,50.0,0.0,174.0,0.0,0.0,8.306000000000495,0.0,0.0,238.0,0.0,237.0,5000,238,8036352,8445952,409600.0,1031,24576,8192,0,0,0.0,0.0,0,8749056,9764864,1015808,"{""access_log_jsonb_w_i1a_record_validity"":65536,""access_log_jsonb_w_i1b_entity_type_code"":57344,""access_log_jsonb_w_i1c_status_code"":57344,""access_log_jsonb_w_i1d_latitude_degrees"":147456,""access_log_jsonb_w_i1e_event_timestamp_utc"":180224,""access_log_jsonb_w_i2_gin_jsonb_ops"":5136384,""access_log_jsonb_w_i3_gin_jsonb_path_ops"":4120576,""access_log_jsonb_w_pkey"":131072}",2880,2878,0,0,7219683,7221945,,,,0,4,ModifyTable on access_log_jsonb_w [Hash Join [Seq Scan on access_log_jsonb_w; Hash [Bitmap Heap Scan on expected_update [Bitmap Index Scan using expected_update_pkey]]]]
1,UA-3/json/X-0/w01,UA-3/json/X-0,UA-3,UA-3,json,json,X-0,head-to-head,warmup,1,1,True,False,,True,890.779,,0.284,0.28,892.499,22.148,914.927,996.078,15061,18232798,1265,,18397960,165162,15063.0,1265.0,18232886.0,648.0,653.0,0.0,307.0169999999998,0.0,36350,0,2531,1262,538,3,37670.0,0.0,0.0,1262.0,0.0,0.0,64.51699999999983,0.0,0.0,5000.0,4.0,4996.0,10000,5000,10240000,20463616,10223616.0,2498,24576,8192,0,0,0.0,0.0,114688,0,0,0,"{""access_log_json_w_pkey"":245760}",1,1,0,0,8434066,8448585,0,8430545,8430545,0,4,ModifyTable on access_log_json_w [Hash Join [Seq Scan on access_log_json_w; Hash [Bitmap Heap Scan on expected_update [Bitmap Index Scan using expected_update_pkey]]]]
1,UA-3/jsonb/X-0/w01,UA-3/jsonb/X-0,UA-3,UA-3,jsonb,jsonb,X-0,head-to-head,warmup,1,1,True,False,,True,1172.285,,0.291,0.303,1173.533,1.62,1175.456,1254.087,15062,15788614,996,,15928920,140306,15063.0,996.0,15788648.0,142.0,150.0,0.0,65.0280000000057,0.0,35826,0,1995,995,538,3,36882.0,0.0,0.0,995.0,0.0,0.0,52.534999999999854,0.0,0.0,5000.0,4.0,4996.0,5000,5000,8036352,16072704,8036352.0,1962,24576,8192,0,0,0.0,0.0,114688,0,0,0,"{""access_log_jsonb_w_pkey"":245760}",2880,2880,0,0,7219683,7226904,,,,0,4,ModifyTable on access_log_jsonb_w [Hash Join [Seq Scan on access_log_jsonb_w; Hash [Bitmap Heap Scan on expected_update [Bitmap Index Scan using expected_update_pkey]]]]
1,UA-3/json/X-1/w01,UA-3/json/X-1,UA-3,UA-3,json,json,X-1,head-to-head,warmup,1,1,True,False,,True,2127.159,,0.424,0.368,2128.426,13.536,2142.33,2228.568,40526,20498141,1318,,20671320,173179,40528.0,1319.0,20503584.0,82.0,94.0,0.0,50.81100000000151,0.0,86411,53,2638,1316,538,3,87768.0,53.0,0.0,1316.0,0.0,0.0,62.879000000000815,0.0,0.0,5000.0,0.0,4996.0,5000,5000,10240000,20463616,10223616.0,2498,24576,8192,0,0,0.0,0.0,114688,499712,942080,442368,"{""access_log_json_w_i1a_record_validity"":98304,""access_log_json_w_i1b_entity_type_code"":114688,""access_log_json_w_i1c_status_code"":106496,""access_log_json_w_i1d_latitude_degrees"":278528,""access_log_json_w_i1e_event_timestamp_utc"":344064,""access_log_json_w_pkey"":245760}",1,1,0,0,8434066,8448585,0,8430545,8430545,0,4,ModifyTable on access_log_json_w [Hash Join [Seq Scan on access_log_json_w; Hash [Bitmap Heap Scan on expected_update [Bitmap Index Scan using expected_update_pkey]]]]
1,UA-3/jsonb/X-1/w01,UA-3/jsonb/X-1,UA-3,UA-3,jsonb,jsonb,X-1,head-to-head,warmup,1,1,True,False,,True,1275.031,,0.486,0.294,1276.449,21.086,1297.8290000000002,1388.085,40531,18046214,1048,,18195152,148938,40533.0,1048.0,18046302.0,190.0,197.0,0.0,135.03899999999703,0.0,85887,52,2101,1049,538,3,86978.0,52.0,0.0,1049.0,0.0,0.0,56.49700000000303,0.0,0.0,5000.0,0.0,4996.0,10000,5000,8036352,16072704,8036352.0,1962,24576,8192,0,0,0.0,0.0,114688,499712,942080,442368,"{""access_log_jsonb_w_i1a_record_validity"":98304,""access_log_jsonb_w_i1b_entity_type_code"":114688,""access_log_jsonb_w_i1c_status_code"":106496,""access_log_jsonb_w_i1d_latitude_degrees"":278528,""access_log_jsonb_w_i1e_event_timestamp_utc"":344064,""access_log_jsonb_w_pkey"":245760}",2880,2880,0,0,7219683,7226904,,,,0,4,ModifyTable on access_log_jsonb_w [Hash Join [Seq Scan on access_log_jsonb_w; Hash [Bitmap Heap Scan on expected_update [Bitmap Index Scan using expected_update_pkey]]]]
1,UA-3/jsonb/X-4/w01,UA-3/jsonb/X-4,UA-3,UA-3,jsonb,jsonb,X-4,separate: GIN (jsonb only),warmup,1,1,True,False,,True,4261.346,,0.366,0.27,4262.78,7.368,4270.418000000001,4345.535,124676,47835203,2255,,48384536,549333,124677.0,2255.0,47835237.0,330.0,351.0,0.0,128.19400000000314,0.0,334244,52,4355,2262,538,3,335347.0,52.0,0.0,2262.0,0.0,0.0,131.81299999999828,0.0,0.0,5000.0,0.0,4996.0,5000,5000,8036352,16072704,8036352.0,1962,24576,8192,0,0,0.0,0.0,114688,8749056,19079168,10330112,"{""access_log_jsonb_w_i1a_record_validity"":98304,""access_log_jsonb_w_i1b_entity_type_code"":114688,""access_log_jsonb_w_i1c_status_code"":106496,""access_log_jsonb_w_i1d_latitude_degrees"":278528,""access_log_jsonb_w_i1e_event_timestamp_utc"":344064,""access_log_jsonb_w_i2_gin_jsonb_ops"":9773056,""access_log_jsonb_w_i3_gin_jsonb_path_ops"":8364032,""access_log_jsonb_w_pkey"":245760}",2880,2880,0,0,7219683,7226904,,,,0,4,ModifyTable on access_log_jsonb_w [Hash Join [Seq Scan on access_log_jsonb_w; Hash [Bitmap Heap Scan on expected_update [Bitmap Index Scan using expected_update_pkey]]]]
1,UA-3/jsonb/X-4/w02,UA-3/jsonb/X-4,UA-3,UA-3,jsonb,jsonb,X-4,separate: GIN (jsonb only),warmup,2,1,True,False,,True,3856.625,,0.374,0.278,3857.791,24.289,3882.358,3968.586,124676,47835203,2255,,48384616,549413,124679.0,2256.0,47841900.0,379.0,398.0,0.0,160.79799999999523,0.0,334244,52,4314,2262,538,3,335391.0,52.0,0.0,2262.0,0.0,0.0,122.6239999999998,0.0,0.0,5000.0,0.0,4996.0,5000,5000,8036352,16072704,8036352.0,1962,24576,8192,0,0,0.0,0.0,114688,8749056,19079168,10330112,"{""access_log_jsonb_w_i1a_record_validity"":98304,""access_log_jsonb_w_i1b_entity_type_code"":114688,""access_log_jsonb_w_i1c_status_code"":106496,""access_log_jsonb_w_i1d_latitude_degrees"":278528,""access_log_jsonb_w_i1e_event_timestamp_utc"":344064,""access_log_jsonb_w_i2_gin_jsonb_ops"":9773056,""access_log_jsonb_w_i3_gin_jsonb_path_ops"":8364032,""access_log_jsonb_w_pkey"":245760}",2880,2880,0,0,7219683,7226904,,,,0,4,ModifyTable on access_log_jsonb_w [Hash Join [Seq Scan on access_log_jsonb_w; Hash [Bitmap Heap Scan on expected_update [Bitmap Index Scan using expected_update_pkey]]]]
1,UA-3/jsonb/X-1/w02,UA-3/jsonb/X-1,UA-3,UA-3,jsonb,jsonb,X-1,head-to-head,warmup,2,1,True,False,,True,1217.235,,0.576,0.282,1218.608,13.666,1232.5559999999998,1303.071,40531,18046214,1048,,18195112,148898,40532.0,1048.0,18046248.0,480.0,487.0,0.0,175.30200000000332,0.0,85887,52,2101,1049,538,3,86976.0,52.0,0.0,1049.0,0.0,0.0,48.66899999999805,0.0,0.0,5000.0,0.0,4996.0,5000,5000,8036352,16072704,8036352.0,1962,24576,8192,0,0,0.0,0.0,114688,499712,942080,442368,"{""access_log_jsonb_w_i1a_record_validity"":98304,""access_log_jsonb_w_i1b_entity_type_code"":114688,""access_log_jsonb_w_i1c_status_code"":106496,""access_log_jsonb_w_i1d_latitude_degrees"":278528,""access_log_jsonb_w_i1e_event_timestamp_utc"":344064,""access_log_jsonb_w_pkey"":245760}",2880,2880,0,0,7219683,7226904,,,,0,4,ModifyTable on access_log_jsonb_w [Hash Join [Seq Scan on access_log_jsonb_w; Hash [Bitmap Heap Scan on expected_update [Bitmap Index Scan using expected_update_pkey]]]]
1,UA-3/json/X-1/w02,UA-3/json/X-1,UA-3,UA-3,json,json,X-1,head-to-head,warmup,2,1,True,False,,True,1915.406,,0.378,0.253,1916.766,15.581,1932.6,2021.231,40526,20498141,1318,,20671344,173203,40528.0,1319.0,20503576.0,58.0,67.0,0.0,39.34100000000035,0.0,86411,53,2638,1316,538,3,87770.0,53.0,0.0,1316.0,0.0,0.0,54.096999999997934,0.0,0.0,5000.0,0.0,4996.0,5000,5000,10240000,20463616,10223616.0,2498,24576,8192,0,0,0.0,0.0,114688,499712,942080,442368,"{""access_log_json_w_i1a_record_validity"":98304,""access_log_json_w_i1b_entity_type_code"":114688,""access_log_json_w_i1c_status_code"":106496,""access_log_json_w_i1d_latitude_degrees"":278528,""access_log_json_w_i1e_event_timestamp_utc"":344064,""access_log_json_w_pkey"":245760}",1,1,0,0,8434066,8448585,0,8430545,8430545,0,4,ModifyTable on access_log_json_w [Hash Join [Seq Scan on access_log_json_w; Hash [Bitmap Heap Scan on expected_update [Bitmap Index Scan using expected_update_pkey]]]]
1,UA-3/jsonb/X-0/w02,UA-3/jsonb/X-0,UA-3,UA-3,jsonb,jsonb,X-0,head-to-head,warmup,2,1,True,False,,True,1095.707,,0.293,0.317,1097.119,8.818,1106.254,1173.824,15062,15788614,996,,15928944,140330,15063.0,996.0,15788648.0,241.0,247.0,0.0,137.5659999999989,0.0,35826,0,1995,995,538,3,36878.0,0.0,0.0,995.0,0.0,0.0,53.245999999999185,0.0,0.0,5000.0,4.0,4996.0,10000,5000,8036352,16072704,8036352.0,1962,24576,8192,0,0,0.0,0.0,114688,0,0,0,"{""access_log_jsonb_w_pkey"":245760}",2880,2880,0,0,7219683,7226904,,,,0,4,ModifyTable on access_log_jsonb_w [Hash Join [Seq Scan on access_log_jsonb_w; Hash [Bitmap Heap Scan on expected_update [Bitmap Index Scan using expected_update_pkey]]]]
1,UA-3/json/X-0/w02,UA-3/json/X-0,UA-3,UA-3,json,json,X-0,head-to-head,warmup,2,1,True,False,,True,890.386,,0.295,0.286,892.146,16.192,908.6239999999999,995.981,15061,18232798,1265,,18397904,165106,15062.0,1265.0,18232832.0,800.0,805.0,0.0,342.90400000000227,0.0,36350,0,2531,1262,538,3,37678.0,0.0,0.0,1262.0,0.0,0.0,67.03100000000268,0.0,0.0,5000.0,4.0,4996.0,10000,5000,10240000,20463616,10223616.0,2498,24576,8192,0,0,0.0,0.0,114688,0,0,0,"{""access_log_json_w_pkey"":245760}",1,1,0,0,8434066,8448585,0,8430545,8430545,0,4,ModifyTable on access_log_json_w [Hash Join [Seq Scan on access_log_json_w; Hash [Bitmap Heap Scan on expected_update [Bitmap Index Scan using expected_update_pkey]]]]
1,UA-3/jsonb/X-0/w03,UA-3/jsonb/X-0,UA-3,UA-3,jsonb,jsonb,X-0,head-to-head,warmup,3,1,True,False,,True,916.46,,0.341,0.317,917.752,5.304,923.3729999999999,997.901,15062,15788614,996,,15928944,140330,15063.0,996.0,15788648.0,348.0,353.0,0.0,121.4539999999979,0.0,35826,0,1995,995,538,3,36878.0,0.0,0.0,995.0,0.0,0.0,40.126000000000204,0.0,0.0,5000.0,4.0,4996.0,10000,5000,8036352,16072704,8036352.0,1962,24576,8192,0,0,0.0,0.0,114688,0,0,0,"{""access_log_jsonb_w_pkey"":245760}",2880,2880,0,0,7219683,7226904,,,,0,4,ModifyTable on access_log_jsonb_w [Hash Join [Seq Scan on access_log_jsonb_w; Hash [Bitmap Heap Scan on expected_update [Bitmap Index Scan using expected_update_pkey]]]]
1,UA-3/json/X-0/w03,UA-3/json/X-0,UA-3,UA-3,json,json,X-0,head-to-head,warmup,3,1,True,False,,True,746.455,,0.382,0.31,747.938,10.823,759.0709999999999,848.763,15061,18232798,1265,,18397920,165122,15062.0,1265.0,18232832.0,711.0,716.0,0.0,265.7130000000034,0.0,36350,0,2531,1262,538,3,37670.0,0.0,0.0,1262.0,0.0,0.0,59.2609999999986,0.0,0.0,5000.0,4.0,4996.0,10000,5000,10240000,20463616,10223616.0,2498,24576,8192,0,0,0.0,0.0,114688,0,0,0,"{""access_log_json_w_pkey"":245760}",1,1,0,0,8434066,8448585,0,8430545,8430545,0,4,ModifyTable on access_log_json_w [Hash Join [Seq Scan on access_log_json_w; Hash [Bitmap Heap Scan on expected_update [Bitmap Index Scan using expected_update_pkey]]]]
1,UA-3/jsonb/X-1/w03,UA-3/jsonb/X-1,UA-3,UA-3,jsonb,jsonb,X-1,head-to-head,warmup,3,1,True,False,,True,1105.047,,0.461,0.403,1106.422,15.839,1122.664,1230.374,40531,18046214,1048,,18195096,148882,40532.0,1048.0,18046248.0,246.0,252.0,0.0,105.95000000000437,0.0,85887,52,2101,1049,538,3,86978.0,52.0,0.0,1049.0,0.0,0.0,45.849999999998545,0.0,0.0,5000.0,0.0,4996.0,10000,5000,8036352,16072704,8036352.0,1962,24576,8192,0,0,0.0,0.0,114688,499712,942080,442368,"{""access_log_jsonb_w_i1a_record_validity"":98304,""access_log_jsonb_w_i1b_entity_type_code"":114688,""access_log_jsonb_w_i1c_status_code"":106496,""access_log_jsonb_w_i1d_latitude_degrees"":278528,""access_log_jsonb_w_i1e_event_timestamp_utc"":344064,""access_log_jsonb_w_pkey"":245760}",2880,2880,0,0,7219683,7226904,,,,0,4,ModifyTable on access_log_jsonb_w [Hash Join [Seq Scan on access_log_jsonb_w; Hash [Bitmap Heap Scan on expected_update [Bitmap Index Scan using expected_update_pkey]]]]
1,UA-3/json/X-1/w03,UA-3/json/X-1,UA-3,UA-3,json,json,X-1,head-to-head,warmup,3,1,True,False,,True,1824.491,,0.45,0.309,1825.819,2.63,1828.758,1938.45,40526,20498141,1318,,20671400,173259,40529.0,1319.0,20503634.0,173.0,183.0,0.0,66.80399999999645,0.0,86411,53,2638,1316,538,3,87770.0,53.0,0.0,1316.0,0.0,0.0,48.36000000000058,0.0,0.0,5000.0,0.0,4996.0,5000,5000,10240000,20463616,10223616.0,2498,24576,8192,0,0,0.0,0.0,114688,499712,942080,442368,"{""access_log_json_w_i1a_record_validity"":98304,""access_log_json_w_i1b_entity_type_code"":114688,""access_log_json_w_i1c_status_code"":106496,""access_log_json_w_i1d_latitude_degrees"":278528,""access_log_json_w_i1e_event_timestamp_utc"":344064,""access_log_json_w_pkey"":245760}",1,1,0,0,8434066,8448585,0,8430545,8430545,0,4,ModifyTable on access_log_json_w [Hash Join [Seq Scan on access_log_json_w; Hash [Bitmap Heap Scan on expected_update [Bitmap Index Scan using expected_update_pkey]]]]
1,UA-3/jsonb/X-4/w03,UA-3/jsonb/X-4,UA-3,UA-3,jsonb,jsonb,X-4,separate: GIN (jsonb only),warmup,3,1,True,False,,True,3357.278,,0.447,0.285,3358.759,9.698,3368.7419999999997,3467.233,124676,47835203,2255,,48384536,549333,124677.0,2255.0,47835237.0,783.0,801.0,0.0,284.4170000000013,0.0,334244,52,4314,2262,538,3,335345.0,52.0,0.0,2262.0,0.0,0.0,100.81499999999869,0.0,0.0,5000.0,0.0,4996.0,5000,5000,8036352,16072704,8036352.0,1962,24576,8192,0,0,0.0,0.0,114688,8749056,19079168,10330112,"{""access_log_jsonb_w_i1a_record_validity"":98304,""access_log_jsonb_w_i1b_entity_type_code"":114688,""access_log_jsonb_w_i1c_status_code"":106496,""access_log_jsonb_w_i1d_latitude_degrees"":278528,""access_log_jsonb_w_i1e_event_timestamp_utc"":344064,""access_log_jsonb_w_i2_gin_jsonb_ops"":9773056,""access_log_jsonb_w_i3_gin_jsonb_path_ops"":8364032,""access_log_jsonb_w_pkey"":245760}",2880,2880,0,0,7219683,7226904,,,,0,4,ModifyTable on access_log_jsonb_w [Hash Join [Seq Scan on access_log_jsonb_w; Hash [Bitmap Heap Scan on expected_update [Bitmap Index Scan using expected_update_pkey]]]]
1,UA-3/jsonb/X-4/m01,UA-3/jsonb/X-4,UA-3,UA-3,jsonb,jsonb,X-4,separate: GIN (jsonb only),measured,1,1,True,False,,True,3330.128,,0.36,0.232,3331.355,14.144,3345.7309999999998,3417.627,124676,47835203,2255,,48384616,549413,124678.0,2255.0,47835291.0,723.0,741.0,0.0,257.79899999999907,0.0,334244,52,4314,2262,538,3,335345.0,52.0,0.0,2262.0,0.0,0.0,90.99699999999939,0.0,0.0,5000.0,0.0,4996.0,5000,5000,8036352,16072704,8036352.0,1962,24576,8192,0,0,0.0,0.0,114688,8749056,19079168,10330112,"{""access_log_jsonb_w_i1a_record_validity"":98304,""access_log_jsonb_w_i1b_entity_type_code"":114688,""access_log_jsonb_w_i1c_status_code"":106496,""access_log_jsonb_w_i1d_latitude_degrees"":278528,""access_log_jsonb_w_i1e_event_timestamp_utc"":344064,""access_log_jsonb_w_i2_gin_jsonb_ops"":9773056,""access_log_jsonb_w_i3_gin_jsonb_path_ops"":8364032,""access_log_jsonb_w_pkey"":245760}",2880,2880,0,0,7219683,7226904,,,,0,4,ModifyTable on access_log_jsonb_w [Hash Join [Seq Scan on access_log_jsonb_w; Hash [Bitmap Heap Scan on expected_update [Bitmap Index Scan using expected_update_pkey]]]]
1,UA-3/json/X-1/m01,UA-3/json/X-1,UA-3,UA-3,json,json,X-1,head-to-head,measured,1,1,True,False,,True,1923.282,,0.341,0.253,1924.525,3.084,1927.862,1995.047,40526,20498141,1318,,20671320,173179,40528.0,1319.0,20503552.0,132.0,143.0,0.0,61.35100000000239,0.0,86411,53,2638,1316,538,3,87770.0,53.0,0.0,1316.0,0.0,0.0,54.4330000000009,0.0,0.0,5000.0,0.0,4996.0,5000,5000,10240000,20463616,10223616.0,2498,24576,8192,0,0,0.0,0.0,114688,499712,942080,442368,"{""access_log_json_w_i1a_record_validity"":98304,""access_log_json_w_i1b_entity_type_code"":114688,""access_log_json_w_i1c_status_code"":106496,""access_log_json_w_i1d_latitude_degrees"":278528,""access_log_json_w_i1e_event_timestamp_utc"":344064,""access_log_json_w_pkey"":245760}",1,1,0,0,8434066,8448585,0,8430545,8430545,0,4,ModifyTable on access_log_json_w [Hash Join [Seq Scan on access_log_json_w; Hash [Bitmap Heap Scan on expected_update [Bitmap Index Scan using expected_update_pkey]]]]
1,UA-3/jsonb/X-1/m01,UA-3/jsonb/X-1,UA-3,UA-3,jsonb,jsonb,X-1,head-to-head,measured,1,1,True,False,,True,1035.749,,0.422,0.284,1037.004,7.055,1044.343,1127.782,40531,18046214,1048,,18195096,148882,40532.0,1048.0,18046248.0,206.0,212.0,0.0,91.37000000000262,0.0,85887,52,2101,1049,538,3,86978.0,52.0,0.0,1049.0,0.0,0.0,37.62700000000041,0.0,0.0,5000.0,0.0,4996.0,10000,5000,8036352,16072704,8036352.0,1962,24576,8192,0,0,0.0,0.0,114688,499712,942080,442368,"{""access_log_jsonb_w_i1a_record_validity"":98304,""access_log_jsonb_w_i1b_entity_type_code"":114688,""access_log_jsonb_w_i1c_status_code"":106496,""access_log_jsonb_w_i1d_latitude_degrees"":278528,""access_log_jsonb_w_i1e_event_timestamp_utc"":344064,""access_log_jsonb_w_pkey"":245760}",2880,2880,0,0,7219683,7226904,,,,0,4,ModifyTable on access_log_jsonb_w [Hash Join [Seq Scan on access_log_jsonb_w; Hash [Bitmap Heap Scan on expected_update [Bitmap Index Scan using expected_update_pkey]]]]
1,UA-3/json/X-0/m01,UA-3/json/X-0,UA-3,UA-3,json,json,X-0,head-to-head,measured,1,1,True,False,,True,704.018,,0.346,0.317,705.427,9.357,715.101,802.354,15061,18232798,1265,,18397904,165106,15063.0,1266.0,18238241.0,702.0,707.0,0.0,272.5529999999999,0.0,36350,0,2531,1262,538,3,37689.0,0.0,0.0,1262.0,0.0,0.0,57.08599999999933,0.0,0.0,5000.0,4.0,4996.0,10000,5000,10240000,20463616,10223616.0,2498,24576,8192,0,0,0.0,0.0,114688,0,0,0,"{""access_log_json_w_pkey"":245760}",1,1,0,0,8434066,8448585,0,8430545,8430545,0,4,ModifyTable on access_log_json_w [Hash Join [Seq Scan on access_log_json_w; Hash [Bitmap Heap Scan on expected_update [Bitmap Index Scan using expected_update_pkey]]]]
1,UA-3/jsonb/X-0/m01,UA-3/jsonb/X-0,UA-3,UA-3,jsonb,jsonb,X-0,head-to-head,measured,1,1,True,False,,True,882.99,,0.354,0.297,884.289,3.857,888.443,971.11,15062,15788614,996,,15928976,140362,15064.0,996.0,15788702.0,181.0,186.0,0.0,63.38499999999476,0.0,35826,0,1995,995,538,3,36882.0,0.0,0.0,995.0,0.0,0.0,35.4320000000007,0.0,0.0,5000.0,4.0,4996.0,10000,5000,8036352,16072704,8036352.0,1962,24576,8192,0,0,0.0,0.0,114688,0,0,0,"{""access_log_jsonb_w_pkey"":245760}",2880,2880,0,0,7219683,7226904,,,,0,4,ModifyTable on access_log_jsonb_w [Hash Join [Seq Scan on access_log_jsonb_w; Hash [Bitmap Heap Scan on expected_update [Bitmap Index Scan using expected_update_pkey]]]]
1,UA-3/json/X-0/m02,UA-3/json/X-0,UA-3,UA-3,json,json,X-0,head-to-head,measured,2,1,True,False,,True,461.688,,0.198,0.156,462.326,2.054,464.536,504.399,15061,18232798,1265,,18397904,165106,15062.0,1265.0,18232832.0,1447.0,1451.0,0.0,226.80999999999767,0.0,36350,0,2531,1262,538,3,37669.0,0.0,0.0,1262.0,0.0,0.0,32.62800000000061,0.0,0.0,5000.0,4.0,4996.0,10000,5000,10240000,20463616,10223616.0,2498,24576,8192,0,0,0.0,0.0,114688,0,0,0,"{""access_log_json_w_pkey"":245760}",1,1,0,0,8434066,8448585,0,8430545,8430545,0,4,ModifyTable on access_log_json_w [Hash Join [Seq Scan on access_log_json_w; Hash [Bitmap Heap Scan on expected_update [Bitmap Index Scan using expected_update_pkey]]]]
1,UA-3/jsonb/X-0/m02,UA-3/jsonb/X-0,UA-3,UA-3,jsonb,jsonb,X-0,head-to-head,measured,2,1,True,False,,True,960.505,,0.326,0.263,961.641,5.351,967.255,1037.492,15062,15788614,996,,15928920,140306,15063.0,996.0,15788648.0,300.0,306.0,0.0,108.33599999999569,0.0,35826,0,1995,995,538,3,36876.0,0.0,0.0,995.0,0.0,0.0,39.397000000000844,0.0,0.0,5000.0,4.0,4996.0,10000,5000,8036352,16072704,8036352.0,1962,24576,8192,0,0,0.0,0.0,114688,0,0,0,"{""access_log_jsonb_w_pkey"":245760}",2880,2880,0,0,7219683,7226904,,,,0,4,ModifyTable on access_log_jsonb_w [Hash Join [Seq Scan on access_log_jsonb_w; Hash [Bitmap Heap Scan on expected_update [Bitmap Index Scan using expected_update_pkey]]]]
1,UA-3/json/X-1/m02,UA-3/json/X-1,UA-3,UA-3,json,json,X-1,head-to-head,measured,2,1,True,False,,True,1792.802,,0.419,0.28,1794.149,6.613,1801.042,1887.065,40526,20498141,1318,,20671360,173219,40527.0,1318.0,20498175.0,79.0,88.0,0.0,40.1359999999986,0.0,86411,53,2638,1316,538,3,87772.0,53.0,0.0,1316.0,0.0,0.0,53.461999999999534,0.0,0.0,5000.0,0.0,4996.0,5000,5000,10240000,20463616,10223616.0,2498,24576,8192,0,0,0.0,0.0,114688,499712,942080,442368,"{""access_log_json_w_i1a_record_validity"":98304,""access_log_json_w_i1b_entity_type_code"":114688,""access_log_json_w_i1c_status_code"":106496,""access_log_json_w_i1d_latitude_degrees"":278528,""access_log_json_w_i1e_event_timestamp_utc"":344064,""access_log_json_w_pkey"":245760}",1,1,0,0,8434066,8448585,0,8430545,8430545,0,4,ModifyTable on access_log_json_w [Hash Join [Seq Scan on access_log_json_w; Hash [Bitmap Heap Scan on expected_update [Bitmap Index Scan using expected_update_pkey]]]]
1,UA-3/jsonb/X-1/m02,UA-3/jsonb/X-1,UA-3,UA-3,jsonb,jsonb,X-1,head-to-head,measured,2,1,True,False,,True,1268.303,,0.35,0.29,1269.594,12.103,1281.987,1371.375,40531,18046214,1048,,18195152,148938,40532.0,1048.0,18046248.0,298.0,305.0,0.0,113.04300000000512,0.0,85887,52,2101,1049,538,3,86978.0,52.0,0.0,1049.0,0.0,0.0,47.99500000000262,0.0,0.0,5000.0,0.0,4996.0,5000,5000,8036352,16072704,8036352.0,1962,24576,8192,0,0,0.0,0.0,114688,499712,942080,442368,"{""access_log_jsonb_w_i1a_record_validity"":98304,""access_log_jsonb_w_i1b_entity_type_code"":114688,""access_log_jsonb_w_i1c_status_code"":106496,""access_log_jsonb_w_i1d_latitude_degrees"":278528,""access_log_jsonb_w_i1e_event_timestamp_utc"":344064,""access_log_jsonb_w_pkey"":245760}",2880,2880,0,0,7219683,7226904,,,,0,4,ModifyTable on access_log_jsonb_w [Hash Join [Seq Scan on access_log_jsonb_w; Hash [Bitmap Heap Scan on expected_update [Bitmap Index Scan using expected_update_pkey]]]]
1,UA-3/jsonb/X-4/m02,UA-3/jsonb/X-4,UA-3,UA-3,jsonb,jsonb,X-4,separate: GIN (jsonb only),measured,2,1,True,False,,True,3490.189,,0.444,0.349,3491.565,3.465,3495.3790000000004,3582.822,124676,47835203,2255,,48385240,550037,124678.0,2256.0,47835938.0,748.0,765.0,0.0,312.3969999999972,0.0,334244,52,4314,2262,538,3,335347.0,52.0,0.0,2262.0,0.0,0.0,97.16600000000108,0.0,0.0,5000.0,0.0,4996.0,5000,5000,8036352,16072704,8036352.0,1962,24576,8192,0,0,0.0,0.0,114688,8749056,19079168,10330112,"{""access_log_jsonb_w_i1a_record_validity"":98304,""access_log_jsonb_w_i1b_entity_type_code"":114688,""access_log_jsonb_w_i1c_status_code"":106496,""access_log_jsonb_w_i1d_latitude_degrees"":278528,""access_log_jsonb_w_i1e_event_timestamp_utc"":344064,""access_log_jsonb_w_i2_gin_jsonb_ops"":9773056,""access_log_jsonb_w_i3_gin_jsonb_path_ops"":8364032,""access_log_jsonb_w_pkey"":245760}",2880,2880,0,0,7219683,7226904,,,,0,4,ModifyTable on access_log_jsonb_w [Hash Join [Seq Scan on access_log_jsonb_w; Hash [Bitmap Heap Scan on expected_update [Bitmap Index Scan using expected_update_pkey]]]]
1,UA-3/jsonb/X-4/m03,UA-3/jsonb/X-4,UA-3,UA-3,jsonb,jsonb,X-4,separate: GIN (jsonb only),measured,3,1,True,False,,True,3655.462,,0.444,0.274,3656.951,6.464,3663.689,3764.906,124676,47835203,2255,,48384576,549373,124678.0,2255.0,47835291.0,392.0,411.0,0.0,150.9670000000042,0.0,334244,52,4314,2262,538,3,335345.0,52.0,0.0,2262.0,0.0,0.0,108.54300000000148,0.0,0.0,5000.0,0.0,4996.0,5000,5000,8036352,16072704,8036352.0,1962,24576,8192,0,0,0.0,0.0,114688,8749056,19079168,10330112,"{""access_log_jsonb_w_i1a_record_validity"":98304,""access_log_jsonb_w_i1b_entity_type_code"":114688,""access_log_jsonb_w_i1c_status_code"":106496,""access_log_jsonb_w_i1d_latitude_degrees"":278528,""access_log_jsonb_w_i1e_event_timestamp_utc"":344064,""access_log_jsonb_w_i2_gin_jsonb_ops"":9773056,""access_log_jsonb_w_i3_gin_jsonb_path_ops"":8364032,""access_log_jsonb_w_pkey"":245760}",2880,2880,0,0,7219683,7226904,,,,0,4,ModifyTable on access_log_jsonb_w [Hash Join [Seq Scan on access_log_jsonb_w; Hash [Bitmap Heap Scan on expected_update [Bitmap Index Scan using expected_update_pkey]]]]
1,UA-3/jsonb/X-1/m03,UA-3/jsonb/X-1,UA-3,UA-3,jsonb,jsonb,X-1,head-to-head,measured,3,1,True,False,,True,1151.681,,0.342,0.338,1152.998,14.091,1167.427,1248.031,40531,18046214,1048,,18195096,148882,40532.0,1048.0,18046248.0,387.0,394.0,0.0,145.8859999999986,0.0,85887,52,2101,1049,538,3,86978.0,52.0,0.0,1049.0,0.0,0.0,44.95300000000134,0.0,0.0,5000.0,0.0,4996.0,10000,5000,8036352,16072704,8036352.0,1962,24576,8192,0,0,0.0,0.0,114688,499712,942080,442368,"{""access_log_jsonb_w_i1a_record_validity"":98304,""access_log_jsonb_w_i1b_entity_type_code"":114688,""access_log_jsonb_w_i1c_status_code"":106496,""access_log_jsonb_w_i1d_latitude_degrees"":278528,""access_log_jsonb_w_i1e_event_timestamp_utc"":344064,""access_log_jsonb_w_pkey"":245760}",2880,2880,0,0,7219683,7226904,,,,0,4,ModifyTable on access_log_jsonb_w [Hash Join [Seq Scan on access_log_jsonb_w; Hash [Bitmap Heap Scan on expected_update [Bitmap Index Scan using expected_update_pkey]]]]
1,UA-3/json/X-1/m03,UA-3/json/X-1,UA-3,UA-3,json,json,X-1,head-to-head,measured,3,1,True,False,,True,1891.845,,0.416,0.374,1893.111,16.362,1909.8470000000002,1998.807,40526,20498141,1318,,20671344,173203,40528.0,1319.0,20503596.0,165.0,175.0,0.0,64.63999999999942,0.0,86411,53,2638,1316,538,3,87794.0,53.0,0.0,1316.0,0.0,0.0,62.76400000000285,0.0,0.0,5000.0,0.0,4996.0,5000,5000,10240000,20463616,10223616.0,2498,24576,8192,0,0,0.0,0.0,114688,499712,942080,442368,"{""access_log_json_w_i1a_record_validity"":98304,""access_log_json_w_i1b_entity_type_code"":114688,""access_log_json_w_i1c_status_code"":106496,""access_log_json_w_i1d_latitude_degrees"":278528,""access_log_json_w_i1e_event_timestamp_utc"":344064,""access_log_json_w_pkey"":245760}",1,1,0,0,8434066,8448585,0,8430545,8430545,0,4,ModifyTable on access_log_json_w [Hash Join [Seq Scan on access_log_json_w; Hash [Bitmap Heap Scan on expected_update [Bitmap Index Scan using expected_update_pkey]]]]
1,UA-3/jsonb/X-0/m03,UA-3/jsonb/X-0,UA-3,UA-3,jsonb,jsonb,X-0,head-to-head,measured,3,1,True,False,,True,948.85,,0.384,0.348,950.142,14.124,964.614,1033.642,15062,15788614,996,,15928920,140306,15063.0,996.0,15788648.0,244.0,250.0,0.0,105.90899999999965,0.0,35826,0,1995,995,538,3,36878.0,0.0,0.0,995.0,0.0,0.0,38.98899999999776,0.0,0.0,5000.0,4.0,4996.0,10000,5000,8036352,16072704,8036352.0,1962,24576,8192,0,0,0.0,0.0,114688,0,0,0,"{""access_log_jsonb_w_pkey"":245760}",2880,2880,0,0,7219683,7226904,,,,0,4,ModifyTable on access_log_jsonb_w [Hash Join [Seq Scan on access_log_jsonb_w; Hash [Bitmap Heap Scan on expected_update [Bitmap Index Scan using expected_update_pkey]]]]
1,UA-3/json/X-0/m03,UA-3/json/X-0,UA-3,UA-3,json,json,X-0,head-to-head,measured,3,1,True,False,,True,644.848,,0.337,0.359,646.212,7.27,653.841,745.564,15061,18232798,1265,,18397960,165162,15063.0,1265.0,18232886.0,548.0,553.0,0.0,211.4780000000028,0.0,36350,0,2531,1262,538,3,37677.0,0.0,0.0,1262.0,0.0,0.0,52.98099999999977,0.0,0.0,5000.0,4.0,4996.0,10000,5000,10240000,20463616,10223616.0,2498,24576,8192,0,0,0.0,0.0,114688,0,0,0,"{""access_log_json_w_pkey"":245760}",1,1,0,0,8434066,8448585,0,8430545,8430545,0,4,ModifyTable on access_log_json_w [Hash Join [Seq Scan on access_log_json_w; Hash [Bitmap Heap Scan on expected_update [Bitmap Index Scan using expected_update_pkey]]]]
1,UA-3/jsonb/X-0/m04,UA-3/jsonb/X-0,UA-3,UA-3,jsonb,jsonb,X-0,head-to-head,measured,4,1,True,False,,True,1082.696,,0.383,0.337,1084.181,3.869,1088.387,1174.128,15062,15788614,996,,15928944,140330,15063.0,996.0,15788648.0,383.0,389.0,0.0,161.8510000000024,0.0,35826,0,1995,995,538,3,36878.0,0.0,0.0,995.0,0.0,0.0,45.987999999997555,0.0,0.0,5000.0,4.0,4996.0,10000,5000,8036352,16072704,8036352.0,1962,24576,8192,0,0,0.0,0.0,114688,0,0,0,"{""access_log_jsonb_w_pkey"":245760}",2880,2880,0,0,7219683,7226904,,,,0,4,ModifyTable on access_log_jsonb_w [Hash Join [Seq Scan on access_log_jsonb_w; Hash [Bitmap Heap Scan on expected_update [Bitmap Index Scan using expected_update_pkey]]]]
1,UA-3/json/X-0/m04,UA-3/json/X-0,UA-3,UA-3,json,json,X-0,head-to-head,measured,4,1,True,False,,True,653.884,,0.367,0.252,655.3,8.663,664.2149999999999,737.314,15061,18232798,1265,,18397904,165106,15062.0,1265.0,18232832.0,758.0,763.0,0.0,234.61000000000058,0.0,36350,0,2531,1262,538,3,37670.0,0.0,0.0,1262.0,0.0,0.0,50.276999999998225,0.0,0.0,5000.0,4.0,4996.0,10000,5000,10240000,20463616,10223616.0,2498,24576,8192,0,0,0.0,0.0,114688,0,0,0,"{""access_log_json_w_pkey"":245760}",1,1,0,0,8434066,8448585,0,8430545,8430545,0,4,ModifyTable on access_log_json_w [Hash Join [Seq Scan on access_log_json_w; Hash [Bitmap Heap Scan on expected_update [Bitmap Index Scan using expected_update_pkey]]]]
1,UA-3/jsonb/X-1/m04,UA-3/jsonb/X-1,UA-3,UA-3,jsonb,jsonb,X-1,head-to-head,measured,4,1,True,False,,True,1051.604,,0.408,0.29,1052.862,7.707,1060.8590000000002,1147.575,40531,18046214,1048,,18195096,148882,40532.0,1048.0,18046248.0,130.0,136.0,0.0,69.85599999999977,0.0,85887,52,2101,1049,538,3,86978.0,52.0,0.0,1049.0,0.0,0.0,52.82600000000093,0.0,0.0,5000.0,0.0,4996.0,10000,5000,8036352,16072704,8036352.0,1962,24576,8192,0,0,0.0,0.0,114688,499712,942080,442368,"{""access_log_jsonb_w_i1a_record_validity"":98304,""access_log_jsonb_w_i1b_entity_type_code"":114688,""access_log_jsonb_w_i1c_status_code"":106496,""access_log_jsonb_w_i1d_latitude_degrees"":278528,""access_log_jsonb_w_i1e_event_timestamp_utc"":344064,""access_log_jsonb_w_pkey"":245760}",2880,2880,0,0,7219683,7226904,,,,0,4,ModifyTable on access_log_jsonb_w [Hash Join [Seq Scan on access_log_jsonb_w; Hash [Bitmap Heap Scan on expected_update [Bitmap Index Scan using expected_update_pkey]]]]
1,UA-3/json/X-1/m04,UA-3/json/X-1,UA-3,UA-3,json,json,X-1,head-to-head,measured,4,1,True,False,,True,1909.967,,0.417,0.285,1911.249,12.959,1924.4930000000002,2023.267,40526,20498141,1318,,20671400,173259,40529.0,1319.0,20504838.0,249.0,259.0,0.0,108.10899999999674,0.0,86411,53,2638,1316,538,3,87814.0,53.0,0.0,1316.0,0.0,0.0,51.38999999999942,0.0,0.0,5000.0,0.0,4996.0,5000,5000,10240000,20463616,10223616.0,2498,24576,8192,0,0,0.0,0.0,114688,499712,942080,442368,"{""access_log_json_w_i1a_record_validity"":98304,""access_log_json_w_i1b_entity_type_code"":114688,""access_log_json_w_i1c_status_code"":106496,""access_log_json_w_i1d_latitude_degrees"":278528,""access_log_json_w_i1e_event_timestamp_utc"":344064,""access_log_json_w_pkey"":245760}",1,1,0,0,8434066,8448585,0,8430545,8430545,0,4,ModifyTable on access_log_json_w [Hash Join [Seq Scan on access_log_json_w; Hash [Bitmap Heap Scan on expected_update [Bitmap Index Scan using expected_update_pkey]]]]
1,UA-3/jsonb/X-4/m04,UA-3/jsonb/X-4,UA-3,UA-3,jsonb,jsonb,X-4,separate: GIN (jsonb only),measured,4,1,True,False,,True,3366.026,,0.41,0.261,3367.244,14.821,3382.326,3471.977,124676,47835203,2255,,48384560,549357,124678.0,2256.0,47840646.0,794.0,812.0,0.0,308.2890000000043,0.0,334244,52,4314,2262,538,3,335347.0,52.0,0.0,2262.0,0.0,0.0,88.16400000000067,0.0,0.0,5000.0,0.0,4996.0,5000,5000,8036352,16072704,8036352.0,1962,24576,8192,0,0,0.0,0.0,114688,8749056,19079168,10330112,"{""access_log_jsonb_w_i1a_record_validity"":98304,""access_log_jsonb_w_i1b_entity_type_code"":114688,""access_log_jsonb_w_i1c_status_code"":106496,""access_log_jsonb_w_i1d_latitude_degrees"":278528,""access_log_jsonb_w_i1e_event_timestamp_utc"":344064,""access_log_jsonb_w_i2_gin_jsonb_ops"":9773056,""access_log_jsonb_w_i3_gin_jsonb_path_ops"":8364032,""access_log_jsonb_w_pkey"":245760}",2880,2880,0,0,7219683,7226904,,,,0,4,ModifyTable on access_log_jsonb_w [Hash Join [Seq Scan on access_log_jsonb_w; Hash [Bitmap Heap Scan on expected_update [Bitmap Index Scan using expected_update_pkey]]]]
1,UA-3/jsonb/X-4/m05,UA-3/jsonb/X-4,UA-3,UA-3,jsonb,jsonb,X-4,separate: GIN (jsonb only),measured,5,1,True,False,,True,3377.972,,0.434,0.315,3379.253,18.305,3397.873,3485.882,124676,47835203,2255,,48384536,549333,124677.0,2255.0,47835237.0,782.0,799.0,0.0,295.6909999999989,0.0,334244,52,4314,2262,538,3,335345.0,52.0,0.0,2262.0,0.0,0.0,89.27899999999863,0.0,0.0,5000.0,0.0,4996.0,5000,5000,8036352,16072704,8036352.0,1962,24576,8192,0,0,0.0,0.0,114688,8749056,19079168,10330112,"{""access_log_jsonb_w_i1a_record_validity"":98304,""access_log_jsonb_w_i1b_entity_type_code"":114688,""access_log_jsonb_w_i1c_status_code"":106496,""access_log_jsonb_w_i1d_latitude_degrees"":278528,""access_log_jsonb_w_i1e_event_timestamp_utc"":344064,""access_log_jsonb_w_i2_gin_jsonb_ops"":9773056,""access_log_jsonb_w_i3_gin_jsonb_path_ops"":8364032,""access_log_jsonb_w_pkey"":245760}",2880,2880,0,0,7219683,7226904,,,,0,4,ModifyTable on access_log_jsonb_w [Hash Join [Seq Scan on access_log_jsonb_w; Hash [Bitmap Heap Scan on expected_update [Bitmap Index Scan using expected_update_pkey]]]]
1,UA-3/json/X-1/m05,UA-3/json/X-1,UA-3,UA-3,json,json,X-1,head-to-head,measured,5,1,True,False,,True,1800.654,,0.416,0.285,1801.913,4.676,1806.874,1893.145,40526,20498141,1318,,20671336,173195,40527.0,1318.0,20498175.0,203.0,213.0,0.0,62.99700000000303,0.0,86411,53,2638,1316,538,3,87770.0,53.0,0.0,1316.0,0.0,0.0,50.090000000000146,0.0,0.0,5000.0,0.0,4996.0,5000,5000,10240000,20463616,10223616.0,2498,24576,8192,0,0,0.0,0.0,114688,499712,942080,442368,"{""access_log_json_w_i1a_record_validity"":98304,""access_log_json_w_i1b_entity_type_code"":114688,""access_log_json_w_i1c_status_code"":106496,""access_log_json_w_i1d_latitude_degrees"":278528,""access_log_json_w_i1e_event_timestamp_utc"":344064,""access_log_json_w_pkey"":245760}",1,1,0,0,8434066,8448585,0,8430545,8430545,0,4,ModifyTable on access_log_json_w [Hash Join [Seq Scan on access_log_json_w; Hash [Bitmap Heap Scan on expected_update [Bitmap Index Scan using expected_update_pkey]]]]
1,UA-3/jsonb/X-1/m05,UA-3/jsonb/X-1,UA-3,UA-3,jsonb,jsonb,X-1,head-to-head,measured,5,1,True,False,,True,1071.486,,0.43,0.359,1073.047,4.478,1077.884,1188.606,40531,18046214,1048,,18195096,148882,40532.0,1048.0,18046248.0,205.0,211.0,0.0,77.50299999999697,0.0,85887,52,2101,1049,538,3,86978.0,52.0,0.0,1049.0,0.0,0.0,41.78399999999965,0.0,0.0,5000.0,0.0,4996.0,5000,5000,8036352,16072704,8036352.0,1962,24576,8192,0,0,0.0,0.0,114688,499712,942080,442368,"{""access_log_jsonb_w_i1a_record_validity"":98304,""access_log_jsonb_w_i1b_entity_type_code"":114688,""access_log_jsonb_w_i1c_status_code"":106496,""access_log_jsonb_w_i1d_latitude_degrees"":278528,""access_log_jsonb_w_i1e_event_timestamp_utc"":344064,""access_log_jsonb_w_pkey"":245760}",2880,2880,0,0,7219683,7226904,,,,0,4,ModifyTable on access_log_jsonb_w [Hash Join [Seq Scan on access_log_jsonb_w; Hash [Bitmap Heap Scan on expected_update [Bitmap Index Scan using expected_update_pkey]]]]
1,UA-3/json/X-0/m05,UA-3/json/X-0,UA-3,UA-3,json,json,X-0,head-to-head,measured,5,1,True,False,,True,724.874,,0.348,0.34,726.128,8.256,734.724,827.895,15061,18232798,1265,,18397904,165106,15062.0,1265.0,18232832.0,820.0,825.0,0.0,301.5149999999994,0.0,36350,0,2531,1262,538,3,37670.0,0.0,0.0,1262.0,0.0,0.0,56.29899999999907,0.0,0.0,5000.0,4.0,4996.0,10000,5000,10240000,20463616,10223616.0,2498,24576,8192,0,0,0.0,0.0,114688,0,0,0,"{""access_log_json_w_pkey"":245760}",1,1,0,0,8434066,8448585,0,8430545,8430545,0,4,ModifyTable on access_log_json_w [Hash Join [Seq Scan on access_log_json_w; Hash [Bitmap Heap Scan on expected_update [Bitmap Index Scan using expected_update_pkey]]]]
1,UA-3/jsonb/X-0/m05,UA-3/jsonb/X-0,UA-3,UA-3,jsonb,jsonb,X-0,head-to-head,measured,5,1,True,False,,True,983.312,,0.452,0.363,984.766,1.067,986.196,1067.403,15062,15788614,996,,15928920,140306,15063.0,996.0,15788648.0,465.0,471.0,0.0,161.49199999999837,0.0,35826,0,1995,995,538,3,36886.0,0.0,0.0,995.0,0.0,0.0,40.284999999999854,0.0,0.0,5000.0,4.0,4996.0,10000,5000,8036352,16072704,8036352.0,1962,24576,8192,0,0,0.0,0.0,114688,0,0,0,"{""access_log_jsonb_w_pkey"":245760}",2880,2880,0,0,7219683,7226904,,,,0,4,ModifyTable on access_log_jsonb_w [Hash Join [Seq Scan on access_log_jsonb_w; Hash [Bitmap Heap Scan on expected_update [Bitmap Index Scan using expected_update_pkey]]]]
1,UA-3/json/X-0/m06,UA-3/json/X-0,UA-3,UA-3,json,json,X-0,head-to-head,measured,6,1,True,False,,True,843.302,,0.331,0.342,844.536,8.546,853.424,929.12,15061,18232798,1265,,18397904,165106,15063.0,1266.0,18238233.0,1086.0,1092.0,0.0,397.6479999999938,0.0,36350,0,2531,1262,538,3,37670.0,0.0,0.0,1262.0,0.0,0.0,52.89100000000326,0.0,0.0,5000.0,4.0,4996.0,10000,5000,10240000,20463616,10223616.0,2498,24576,8192,0,0,0.0,0.0,114688,0,0,0,"{""access_log_json_w_pkey"":245760}",1,1,0,0,8434066,8448585,0,8430545,8430545,0,4,ModifyTable on access_log_json_w [Hash Join [Seq Scan on access_log_json_w; Hash [Bitmap Heap Scan on expected_update [Bitmap Index Scan using expected_update_pkey]]]]
1,UA-3/jsonb/X-0/m06,UA-3/jsonb/X-0,UA-3,UA-3,jsonb,jsonb,X-0,head-to-head,measured,6,1,True,False,,True,872.173,,0.335,0.279,873.335,5.608,879.222,952.641,15062,15788614,996,,15928944,140330,15063.0,996.0,15788648.0,179.0,185.0,0.0,82.31300000000192,0.0,35826,0,1995,995,538,3,36878.0,0.0,0.0,995.0,0.0,0.0,38.99699999999939,0.0,0.0,5000.0,4.0,4996.0,10000,5000,8036352,16072704,8036352.0,1962,24576,8192,0,0,0.0,0.0,114688,0,0,0,"{""access_log_jsonb_w_pkey"":245760}",2880,2880,0,0,7219683,7226904,,,,0,4,ModifyTable on access_log_jsonb_w [Hash Join [Seq Scan on access_log_jsonb_w; Hash [Bitmap Heap Scan on expected_update [Bitmap Index Scan using expected_update_pkey]]]]
1,UA-3/json/X-1/m06,UA-3/json/X-1,UA-3,UA-3,json,json,X-1,head-to-head,measured,6,1,True,False,,True,1861.085,,0.37,0.363,1862.261,15.394,1878.018,1949.96,40526,20498141,1318,,20671320,173179,40527.0,1318.0,20498175.0,184.0,193.0,0.0,57.83999999999651,0.0,86411,53,2638,1316,538,3,87768.0,53.0,0.0,1316.0,0.0,0.0,50.659999999999854,0.0,0.0,5000.0,0.0,4996.0,5000,5000,10240000,20463616,10223616.0,2498,24576,8192,0,0,0.0,0.0,114688,499712,942080,442368,"{""access_log_json_w_i1a_record_validity"":98304,""access_log_json_w_i1b_entity_type_code"":114688,""access_log_json_w_i1c_status_code"":106496,""access_log_json_w_i1d_latitude_degrees"":278528,""access_log_json_w_i1e_event_timestamp_utc"":344064,""access_log_json_w_pkey"":245760}",1,1,0,0,8434066,8448585,0,8430545,8430545,0,4,ModifyTable on access_log_json_w [Hash Join [Seq Scan on access_log_json_w; Hash [Bitmap Heap Scan on expected_update [Bitmap Index Scan using expected_update_pkey]]]]
1,UA-3/jsonb/X-1/m06,UA-3/jsonb/X-1,UA-3,UA-3,jsonb,jsonb,X-1,head-to-head,measured,6,1,True,False,,True,1042.987,,0.43,0.284,1044.268,19.313,1063.8650000000002,1166.116,40531,18046214,1048,,18195800,149586,40533.0,1049.0,18046949.0,256.0,262.0,0.0,81.50600000000122,0.0,85887,52,2101,1049,538,3,87002.0,52.0,0.0,1049.0,0.0,0.0,44.431000000000495,0.0,0.0,5000.0,0.0,4996.0,10000,5000,8036352,16072704,8036352.0,1962,24576,8192,0,0,0.0,0.0,114688,499712,942080,442368,"{""access_log_jsonb_w_i1a_record_validity"":98304,""access_log_jsonb_w_i1b_entity_type_code"":114688,""access_log_jsonb_w_i1c_status_code"":106496,""access_log_jsonb_w_i1d_latitude_degrees"":278528,""access_log_jsonb_w_i1e_event_timestamp_utc"":344064,""access_log_jsonb_w_pkey"":245760}",2880,2880,0,0,7219683,7226904,,,,0,4,ModifyTable on access_log_jsonb_w [Hash Join [Seq Scan on access_log_jsonb_w; Hash [Bitmap Heap Scan on expected_update [Bitmap Index Scan using expected_update_pkey]]]]
1,UA-3/jsonb/X-4/m06,UA-3/jsonb/X-4,UA-3,UA-3,jsonb,jsonb,X-4,separate: GIN (jsonb only),measured,6,1,True,False,,True,3501.647,,0.418,0.339,3503.059,3.103,3506.501,3610.86,124676,47835203,2255,,48384536,549333,124677.0,2255.0,47835237.0,807.0,826.0,0.0,277.2190000000046,0.0,334244,52,4314,2262,538,3,335349.0,52.0,0.0,2262.0,0.0,0.0,94.50400000000081,0.0,0.0,5000.0,0.0,4996.0,5000,5000,8036352,16072704,8036352.0,1962,24576,8192,0,0,0.0,0.0,114688,8749056,19079168,10330112,"{""access_log_jsonb_w_i1a_record_validity"":98304,""access_log_jsonb_w_i1b_entity_type_code"":114688,""access_log_jsonb_w_i1c_status_code"":106496,""access_log_jsonb_w_i1d_latitude_degrees"":278528,""access_log_jsonb_w_i1e_event_timestamp_utc"":344064,""access_log_jsonb_w_i2_gin_jsonb_ops"":9773056,""access_log_jsonb_w_i3_gin_jsonb_path_ops"":8364032,""access_log_jsonb_w_pkey"":245760}",2880,2880,0,0,7219683,7226904,,,,0,4,ModifyTable on access_log_jsonb_w [Hash Join [Seq Scan on access_log_jsonb_w; Hash [Bitmap Heap Scan on expected_update [Bitmap Index Scan using expected_update_pkey]]]]
1,UA-3/jsonb/X-4/m07,UA-3/jsonb/X-4,UA-3,UA-3,jsonb,jsonb,X-4,separate: GIN (jsonb only),measured,7,1,False,True,autovacuum-worker,True,3546.44,,0.364,0.242,3547.663,1.684,3549.5890000000004,3632.004,124676,47835203,2255,,48409616,574413,124906.0,2310.0,48132367.0,244.0,266.0,0.0,99.7390000000014,0.0,334244,52,4314,2262,538,3,335427.0,52.0,0.0,2262.0,0.0,0.0,116.67499999999927,0.0,0.0,5000.0,0.0,4996.0,5000,5000,8036352,16072704,8036352.0,1962,24576,8192,0,0,0.0,0.0,114688,8749056,19079168,10330112,"{""access_log_jsonb_w_i1a_record_validity"":98304,""access_log_jsonb_w_i1b_entity_type_code"":114688,""access_log_jsonb_w_i1c_status_code"":106496,""access_log_jsonb_w_i1d_latitude_degrees"":278528,""access_log_jsonb_w_i1e_event_timestamp_utc"":344064,""access_log_jsonb_w_i2_gin_jsonb_ops"":9773056,""access_log_jsonb_w_i3_gin_jsonb_path_ops"":8364032,""access_log_jsonb_w_pkey"":245760}",2880,2880,0,0,7219683,7226904,,,,0,4,ModifyTable on access_log_jsonb_w [Hash Join [Seq Scan on access_log_jsonb_w; Hash [Bitmap Heap Scan on expected_update [Bitmap Index Scan using expected_update_pkey]]]]
1,UA-3/jsonb/X-4/m07,UA-3/jsonb/X-4,UA-3,UA-3,jsonb,jsonb,X-4,separate: GIN (jsonb only),measured,7,2,True,False,,True,3423.215,,0.34,0.245,3424.482,16.857,3441.584,3519.946,124676,47835203,2255,,48384560,549357,124677.0,2255.0,47835237.0,366.0,384.0,0.0,162.666000000012,0.0,334244,52,4314,2262,538,3,335347.0,52.0,0.0,2262.0,0.0,0.0,97.96299999999974,0.0,0.0,5000.0,0.0,4996.0,5000,5000,8036352,16072704,8036352.0,1962,24576,8192,0,0,0.0,0.0,114688,8749056,19079168,10330112,"{""access_log_jsonb_w_i1a_record_validity"":98304,""access_log_jsonb_w_i1b_entity_type_code"":114688,""access_log_jsonb_w_i1c_status_code"":106496,""access_log_jsonb_w_i1d_latitude_degrees"":278528,""access_log_jsonb_w_i1e_event_timestamp_utc"":344064,""access_log_jsonb_w_i2_gin_jsonb_ops"":9773056,""access_log_jsonb_w_i3_gin_jsonb_path_ops"":8364032,""access_log_jsonb_w_pkey"":245760}",2880,2880,0,0,7219683,7226904,,,,0,4,ModifyTable on access_log_jsonb_w [Hash Join [Seq Scan on access_log_jsonb_w; Hash [Bitmap Heap Scan on expected_update [Bitmap Index Scan using expected_update_pkey]]]]
1,UA-3/jsonb/X-1/m07,UA-3/jsonb/X-1,UA-3,UA-3,jsonb,jsonb,X-1,head-to-head,measured,7,1,True,False,,True,1149.36,,0.469,0.317,1150.754,7.037,1158.108,1232.491,40531,18046214,1048,,18195096,148882,40532.0,1048.0,18046248.0,427.0,433.0,0.0,101.63899999999558,0.0,85887,52,2101,1049,538,3,86978.0,52.0,0.0,1049.0,0.0,0.0,46.76499999999942,0.0,0.0,5000.0,0.0,4996.0,5000,5000,8036352,16072704,8036352.0,1962,24576,8192,0,0,0.0,0.0,114688,499712,942080,442368,"{""access_log_jsonb_w_i1a_record_validity"":98304,""access_log_jsonb_w_i1b_entity_type_code"":114688,""access_log_jsonb_w_i1c_status_code"":106496,""access_log_jsonb_w_i1d_latitude_degrees"":278528,""access_log_jsonb_w_i1e_event_timestamp_utc"":344064,""access_log_jsonb_w_pkey"":245760}",2880,2880,0,0,7219683,7226904,,,,0,4,ModifyTable on access_log_jsonb_w [Hash Join [Seq Scan on access_log_jsonb_w; Hash [Bitmap Heap Scan on expected_update [Bitmap Index Scan using expected_update_pkey]]]]
1,UA-3/json/X-1/m07,UA-3/json/X-1,UA-3,UA-3,json,json,X-1,head-to-head,measured,7,1,True,False,,True,1912.065,,0.345,0.359,1913.791,6.775,1920.925,2004.585,40526,20498141,1318,,20671376,173235,40529.0,1319.0,20503642.0,99.0,110.0,0.0,34.479000000006636,0.0,86411,53,2638,1316,538,3,87796.0,53.0,0.0,1316.0,0.0,0.0,58.24499999999898,0.0,0.0,5000.0,0.0,4996.0,5000,5000,10240000,20463616,10223616.0,2498,24576,8192,0,0,0.0,0.0,114688,499712,942080,442368,"{""access_log_json_w_i1a_record_validity"":98304,""access_log_json_w_i1b_entity_type_code"":114688,""access_log_json_w_i1c_status_code"":106496,""access_log_json_w_i1d_latitude_degrees"":278528,""access_log_json_w_i1e_event_timestamp_utc"":344064,""access_log_json_w_pkey"":245760}",1,1,0,0,8434066,8448585,0,8430545,8430545,0,4,ModifyTable on access_log_json_w [Hash Join [Seq Scan on access_log_json_w; Hash [Bitmap Heap Scan on expected_update [Bitmap Index Scan using expected_update_pkey]]]]
1,UA-3/jsonb/X-0/m07,UA-3/jsonb/X-0,UA-3,UA-3,jsonb,jsonb,X-0,head-to-head,measured,7,1,True,False,,True,964.878,,0.272,0.272,966.075,2.099,968.4460000000001,1044.323,15062,15788614,996,,15928904,140290,15063.0,996.0,15788648.0,277.0,283.0,0.0,101.51900000000023,0.0,35826,0,1995,995,538,3,36877.0,0.0,0.0,995.0,0.0,0.0,44.17199999999866,0.0,0.0,5000.0,4.0,4996.0,10000,5000,8036352,16072704,8036352.0,1962,24576,8192,0,0,0.0,0.0,114688,0,0,0,"{""access_log_jsonb_w_pkey"":245760}",2880,2880,0,0,7219683,7226904,,,,0,4,ModifyTable on access_log_jsonb_w [Hash Join [Seq Scan on access_log_jsonb_w; Hash [Bitmap Heap Scan on expected_update [Bitmap Index Scan using expected_update_pkey]]]]
1,UA-3/json/X-0/m07,UA-3/json/X-0,UA-3,UA-3,json,json,X-0,head-to-head,measured,7,1,True,False,,True,854.519,,0.37,0.41,855.958,3.749,860.117,955.888,15061,18232798,1265,,18397904,165106,15062.0,1265.0,18232832.0,844.0,849.0,0.0,319.05300000001444,0.0,36350,0,2531,1262,538,3,37679.0,0.0,0.0,1262.0,0.0,0.0,67.38899999999921,0.0,0.0,5000.0,4.0,4996.0,10000,5000,10240000,20463616,10223616.0,2498,24576,8192,0,0,0.0,0.0,114688,0,0,0,"{""access_log_json_w_pkey"":245760}",1,1,0,0,8434066,8448585,0,8430545,8430545,0,4,ModifyTable on access_log_json_w [Hash Join [Seq Scan on access_log_json_w; Hash [Bitmap Heap Scan on expected_update [Bitmap Index Scan using expected_update_pkey]]]]
1,UA-3/jsonb/X-0/m08,UA-3/jsonb/X-0,UA-3,UA-3,jsonb,jsonb,X-0,head-to-head,measured,8,1,True,False,,True,1027.263,,0.268,0.339,1028.437,17.255,1046.031,1114.552,15062,15788614,996,,15928920,140306,15063.0,996.0,15788648.0,229.0,235.0,0.0,102.87400000001071,0.0,35826,0,1995,995,538,3,36877.0,0.0,0.0,995.0,0.0,0.0,41.647000000000844,0.0,0.0,5000.0,4.0,4996.0,10000,5000,8036352,16072704,8036352.0,1962,24576,8192,0,0,0.0,0.0,114688,0,0,0,"{""access_log_jsonb_w_pkey"":245760}",2880,2880,0,0,7219683,7226904,,,,0,4,ModifyTable on access_log_jsonb_w [Hash Join [Seq Scan on access_log_jsonb_w; Hash [Bitmap Heap Scan on expected_update [Bitmap Index Scan using expected_update_pkey]]]]
1,UA-3/json/X-0/m08,UA-3/json/X-0,UA-3,UA-3,json,json,X-0,head-to-head,measured,8,1,True,False,,True,866.121,,0.332,0.423,867.59,6.45,874.4630000000001,961.146,15061,18232798,1265,,18397904,165106,15062.0,1265.0,18232832.0,921.0,926.0,0.0,350.2410000000091,0.0,36350,0,2531,1262,538,3,37670.0,0.0,0.0,1262.0,0.0,0.0,62.85699999999997,0.0,0.0,5000.0,4.0,4996.0,10000,5000,10240000,20463616,10223616.0,2498,24576,8192,0,0,0.0,0.0,114688,0,0,0,"{""access_log_json_w_pkey"":245760}",1,1,0,0,8434066,8448585,0,8430545,8430545,0,4,ModifyTable on access_log_json_w [Hash Join [Seq Scan on access_log_json_w; Hash [Bitmap Heap Scan on expected_update [Bitmap Index Scan using expected_update_pkey]]]]
1,UA-3/jsonb/X-1/m08,UA-3/jsonb/X-1,UA-3,UA-3,jsonb,jsonb,X-1,head-to-head,measured,8,1,True,False,,True,1340.23,,0.427,0.336,1341.596,14.426,1356.358,1428.365,40531,18046214,1048,,18195152,148938,40533.0,1048.0,18046302.0,280.0,288.0,0.0,73.11000000000058,0.0,85887,52,2101,1049,538,3,86978.0,52.0,0.0,1049.0,0.0,0.0,65.64300000000003,0.0,0.0,5000.0,0.0,4996.0,5000,5000,8036352,16072704,8036352.0,1962,24576,8192,0,0,0.0,0.0,114688,499712,942080,442368,"{""access_log_jsonb_w_i1a_record_validity"":98304,""access_log_jsonb_w_i1b_entity_type_code"":114688,""access_log_jsonb_w_i1c_status_code"":106496,""access_log_jsonb_w_i1d_latitude_degrees"":278528,""access_log_jsonb_w_i1e_event_timestamp_utc"":344064,""access_log_jsonb_w_pkey"":245760}",2880,2880,0,0,7219683,7226904,,,,0,4,ModifyTable on access_log_jsonb_w [Hash Join [Seq Scan on access_log_jsonb_w; Hash [Bitmap Heap Scan on expected_update [Bitmap Index Scan using expected_update_pkey]]]]
1,UA-3/json/X-1/m08,UA-3/json/X-1,UA-3,UA-3,json,json,X-1,head-to-head,measured,8,1,True,False,,True,2149.253,,0.424,0.254,2150.506,4.41,2155.1699999999996,2229.264,40526,20498141,1318,,20671336,173195,40528.0,1319.0,20503568.0,35.0,46.0,0.0,12.726999999998952,0.0,86411,53,2638,1316,538,3,87770.0,53.0,0.0,1316.0,0.0,0.0,66.58799999999974,0.0,0.0,5000.0,0.0,4996.0,5000,5000,10240000,20463616,10223616.0,2498,24576,8192,0,0,0.0,0.0,114688,499712,942080,442368,"{""access_log_json_w_i1a_record_validity"":98304,""access_log_json_w_i1b_entity_type_code"":114688,""access_log_json_w_i1c_status_code"":106496,""access_log_json_w_i1d_latitude_degrees"":278528,""access_log_json_w_i1e_event_timestamp_utc"":344064,""access_log_json_w_pkey"":245760}",1,1,0,0,8434066,8448585,0,8430545,8430545,0,4,ModifyTable on access_log_json_w [Hash Join [Seq Scan on access_log_json_w; Hash [Bitmap Heap Scan on expected_update [Bitmap Index Scan using expected_update_pkey]]]]
1,UA-3/jsonb/X-4/m08,UA-3/jsonb/X-4,UA-3,UA-3,jsonb,jsonb,X-4,separate: GIN (jsonb only),measured,8,1,True,False,,True,3668.35,,0.361,0.3,3669.859,8.418,3678.577,3757.268,124676,47835203,2255,,48384592,549389,124678.0,2255.0,47835291.0,631.0,650.0,0.0,242.35899999999674,0.0,334244,52,4314,2262,538,3,335344.0,52.0,0.0,2262.0,0.0,0.0,102.69200000000274,0.0,0.0,5000.0,0.0,4996.0,5000,5000,8036352,16072704,8036352.0,1962,24576,8192,0,0,0.0,0.0,114688,8749056,19079168,10330112,"{""access_log_jsonb_w_i1a_record_validity"":98304,""access_log_jsonb_w_i1b_entity_type_code"":114688,""access_log_jsonb_w_i1c_status_code"":106496,""access_log_jsonb_w_i1d_latitude_degrees"":278528,""access_log_jsonb_w_i1e_event_timestamp_utc"":344064,""access_log_jsonb_w_i2_gin_jsonb_ops"":9773056,""access_log_jsonb_w_i3_gin_jsonb_path_ops"":8364032,""access_log_jsonb_w_pkey"":245760}",2880,2880,0,0,7219683,7226904,,,,0,4,ModifyTable on access_log_jsonb_w [Hash Join [Seq Scan on access_log_jsonb_w; Hash [Bitmap Heap Scan on expected_update [Bitmap Index Scan using expected_update_pkey]]]]
1,UA-3/jsonb/X-4/m09,UA-3/jsonb/X-4,UA-3,UA-3,jsonb,jsonb,X-4,separate: GIN (jsonb only),measured,9,1,True,False,,True,3756.612,,0.438,0.308,3758.728,6.327,3765.3630000000003,3867.943,124676,47835203,2255,,48590424,755221,124807.0,2301.0,48039802.0,502.0,523.0,0.0,187.46299999998882,0.0,334244,52,4314,2262,538,3,335344.0,52.0,0.0,2262.0,0.0,0.0,102.28799999999683,0.0,0.0,5000.0,0.0,4996.0,5000,5000,8036352,16072704,8036352.0,1962,24576,8192,0,0,0.0,0.0,114688,8749056,19079168,10330112,"{""access_log_jsonb_w_i1a_record_validity"":98304,""access_log_jsonb_w_i1b_entity_type_code"":114688,""access_log_jsonb_w_i1c_status_code"":106496,""access_log_jsonb_w_i1d_latitude_degrees"":278528,""access_log_jsonb_w_i1e_event_timestamp_utc"":344064,""access_log_jsonb_w_i2_gin_jsonb_ops"":9773056,""access_log_jsonb_w_i3_gin_jsonb_path_ops"":8364032,""access_log_jsonb_w_pkey"":245760}",2880,2880,0,0,7219683,7226904,,,,0,4,ModifyTable on access_log_jsonb_w [Hash Join [Seq Scan on access_log_jsonb_w; Hash [Bitmap Heap Scan on expected_update [Bitmap Index Scan using expected_update_pkey]]]]
1,UA-3/json/X-1/m09,UA-3/json/X-1,UA-3,UA-3,json,json,X-1,head-to-head,measured,9,1,True,False,,True,2273.624,,0.354,0.324,2274.873,4.147,2279.344,2351.813,40526,20498141,1318,,20671416,173275,40529.0,1319.0,20503638.0,60.0,72.0,0.0,20.269000000000233,0.0,86411,53,2638,1316,538,3,87772.0,53.0,0.0,1316.0,0.0,0.0,67.52699999999822,0.0,0.0,5000.0,0.0,4996.0,5000,5000,10240000,20463616,10223616.0,2498,24576,8192,0,0,0.0,0.0,114688,499712,942080,442368,"{""access_log_json_w_i1a_record_validity"":98304,""access_log_json_w_i1b_entity_type_code"":114688,""access_log_json_w_i1c_status_code"":106496,""access_log_json_w_i1d_latitude_degrees"":278528,""access_log_json_w_i1e_event_timestamp_utc"":344064,""access_log_json_w_pkey"":245760}",1,1,0,0,8434066,8448585,0,8430545,8430545,0,4,ModifyTable on access_log_json_w [Hash Join [Seq Scan on access_log_json_w; Hash [Bitmap Heap Scan on expected_update [Bitmap Index Scan using expected_update_pkey]]]]
1,UA-3/jsonb/X-1/m09,UA-3/jsonb/X-1,UA-3,UA-3,jsonb,jsonb,X-1,head-to-head,measured,9,1,True,False,,True,1118.942,,0.263,0.214,1120.08,5.268,1125.562,1205.297,40531,18046214,1048,,18195096,148882,40532.0,1048.0,18046248.0,124.0,131.0,0.0,45.0740000000078,0.0,85887,52,2101,1049,538,3,86978.0,52.0,0.0,1049.0,0.0,0.0,46.033000000003085,0.0,0.0,5000.0,0.0,4996.0,5000,5000,8036352,16072704,8036352.0,1962,24576,8192,0,0,0.0,0.0,114688,499712,942080,442368,"{""access_log_jsonb_w_i1a_record_validity"":98304,""access_log_jsonb_w_i1b_entity_type_code"":114688,""access_log_jsonb_w_i1c_status_code"":106496,""access_log_jsonb_w_i1d_latitude_degrees"":278528,""access_log_jsonb_w_i1e_event_timestamp_utc"":344064,""access_log_jsonb_w_pkey"":245760}",2880,2880,0,0,7219683,7226904,,,,0,4,ModifyTable on access_log_jsonb_w [Hash Join [Seq Scan on access_log_jsonb_w; Hash [Bitmap Heap Scan on expected_update [Bitmap Index Scan using expected_update_pkey]]]]
1,UA-3/json/X-0/m09,UA-3/json/X-0,UA-3,UA-3,json,json,X-0,head-to-head,measured,9,1,True,False,,True,816.72,,0.272,0.286,817.787,5.987,824.06,887.821,15061,18232798,1265,,18397904,165106,15062.0,1265.0,18232832.0,1149.0,1154.0,0.0,357.83600000001024,0.0,36350,0,2531,1262,538,3,37670.0,0.0,0.0,1262.0,0.0,0.0,62.14799999999741,0.0,0.0,5000.0,4.0,4996.0,10000,5000,10240000,20463616,10223616.0,2498,24576,8192,0,0,0.0,0.0,114688,0,0,0,"{""access_log_json_w_pkey"":245760}",1,1,0,0,8434066,8448585,0,8430545,8430545,0,4,ModifyTable on access_log_json_w [Hash Join [Seq Scan on access_log_json_w; Hash [Bitmap Heap Scan on expected_update [Bitmap Index Scan using expected_update_pkey]]]]
1,UA-3/jsonb/X-0/m09,UA-3/jsonb/X-0,UA-3,UA-3,jsonb,jsonb,X-0,head-to-head,measured,9,1,True,False,,True,1038.796,,0.277,0.278,1039.819,2.808,1042.905,1146.659,15062,15788614,996,,15928944,140330,15063.0,996.0,15788648.0,633.0,639.0,0.0,134.19199999999546,0.0,35826,0,1995,995,538,3,36887.0,0.0,0.0,995.0,0.0,0.0,41.358000000000175,0.0,0.0,5000.0,4.0,4996.0,10000,5000,8036352,16072704,8036352.0,1962,24576,8192,0,0,0.0,0.0,114688,0,0,0,"{""access_log_jsonb_w_pkey"":245760}",2880,2880,0,0,7219683,7226904,,,,0,4,ModifyTable on access_log_jsonb_w [Hash Join [Seq Scan on access_log_jsonb_w; Hash [Bitmap Heap Scan on expected_update [Bitmap Index Scan using expected_update_pkey]]]]
1,UA-3/json/X-0/m10,UA-3/json/X-0,UA-3,UA-3,json,json,X-0,head-to-head,measured,10,1,True,False,,True,760.26,,0.261,0.285,761.264,7.132,768.6809999999999,832.71,15061,18232798,1265,,18397904,165106,15062.0,1265.0,18232832.0,1093.0,1099.0,0.0,327.0880000000034,0.0,36350,0,2531,1262,538,3,37670.0,0.0,0.0,1262.0,0.0,0.0,57.61399999999776,0.0,0.0,5000.0,4.0,4996.0,10000,5000,10240000,20463616,10223616.0,2498,24576,8192,0,0,0.0,0.0,114688,0,0,0,"{""access_log_json_w_pkey"":245760}",1,1,0,0,8434066,8448585,0,8430545,8430545,0,4,ModifyTable on access_log_json_w [Hash Join [Seq Scan on access_log_json_w; Hash [Bitmap Heap Scan on expected_update [Bitmap Index Scan using expected_update_pkey]]]]
1,UA-3/jsonb/X-0/m10,UA-3/jsonb/X-0,UA-3,UA-3,jsonb,jsonb,X-0,head-to-head,measured,10,1,True,False,,True,1019.848,,0.4,0.257,1021.227,15.434,1036.918,1104.422,15062,15788614,996,,15928976,140362,15064.0,996.0,15788702.0,460.0,466.0,0.0,141.53100000000268,0.0,35826,0,1995,995,538,3,36878.0,0.0,0.0,995.0,0.0,0.0,40.25699999999779,0.0,0.0,5000.0,4.0,4996.0,10000,5000,8036352,16072704,8036352.0,1962,24576,8192,0,0,0.0,0.0,114688,0,0,0,"{""access_log_jsonb_w_pkey"":245760}",2880,2880,0,0,7219683,7226904,,,,0,4,ModifyTable on access_log_jsonb_w [Hash Join [Seq Scan on access_log_jsonb_w; Hash [Bitmap Heap Scan on expected_update [Bitmap Index Scan using expected_update_pkey]]]]
1,UA-3/json/X-1/m10,UA-3/json/X-1,UA-3,UA-3,json,json,X-1,head-to-head,measured,10,1,True,False,,True,2011.478,,0.398,0.361,2012.89,16.41,2029.6610000000003,2117.706,40526,20498141,1318,,20671320,173179,40528.0,1319.0,20503576.0,15.0,27.0,0.0,7.651999999987311,0.0,86411,53,2638,1316,538,3,87770.0,53.0,0.0,1316.0,0.0,0.0,59.05199999999968,0.0,0.0,5000.0,0.0,4996.0,5000,5000,10240000,20463616,10223616.0,2498,24576,8192,0,0,0.0,0.0,114688,499712,942080,442368,"{""access_log_json_w_i1a_record_validity"":98304,""access_log_json_w_i1b_entity_type_code"":114688,""access_log_json_w_i1c_status_code"":106496,""access_log_json_w_i1d_latitude_degrees"":278528,""access_log_json_w_i1e_event_timestamp_utc"":344064,""access_log_json_w_pkey"":245760}",1,1,0,0,8434066,8448585,0,8430545,8430545,0,4,ModifyTable on access_log_json_w [Hash Join [Seq Scan on access_log_json_w; Hash [Bitmap Heap Scan on expected_update [Bitmap Index Scan using expected_update_pkey]]]]
1,UA-3/jsonb/X-1/m10,UA-3/jsonb/X-1,UA-3,UA-3,jsonb,jsonb,X-1,head-to-head,measured,10,1,True,False,,True,1110.154,,0.415,0.291,1111.407,4.874,1116.572,1201.236,40531,18046214,1048,,18195808,149594,40533.0,1049.0,18046953.0,205.0,212.0,0.0,89.20100000000093,0.0,85887,52,2101,1049,538,3,86976.0,52.0,0.0,1049.0,0.0,0.0,51.02299999999741,0.0,0.0,5000.0,0.0,4996.0,10000,5000,8036352,16072704,8036352.0,1962,24576,8192,0,0,0.0,0.0,114688,499712,942080,442368,"{""access_log_jsonb_w_i1a_record_validity"":98304,""access_log_jsonb_w_i1b_entity_type_code"":114688,""access_log_jsonb_w_i1c_status_code"":106496,""access_log_jsonb_w_i1d_latitude_degrees"":278528,""access_log_jsonb_w_i1e_event_timestamp_utc"":344064,""access_log_jsonb_w_pkey"":245760}",2880,2880,0,0,7219683,7226904,,,,0,4,ModifyTable on access_log_jsonb_w [Hash Join [Seq Scan on access_log_jsonb_w; Hash [Bitmap Heap Scan on expected_update [Bitmap Index Scan using expected_update_pkey]]]]
1,UA-3/jsonb/X-4/m10,UA-3/jsonb/X-4,UA-3,UA-3,jsonb,jsonb,X-4,separate: GIN (jsonb only),measured,10,1,True,False,,True,3567.837,,0.347,0.376,3569.392,6.772,3576.54,3651.318,124676,47835203,2255,,48384576,549373,124678.0,2255.0,47835291.0,587.0,605.0,0.0,232.01400000001013,0.0,334244,52,4314,2262,538,3,335345.0,52.0,0.0,2262.0,0.0,0.0,100.95300000000134,0.0,0.0,5000.0,0.0,4996.0,5000,5000,8036352,16072704,8036352.0,1962,24576,8192,0,0,0.0,0.0,114688,8749056,19079168,10330112,"{""access_log_jsonb_w_i1a_record_validity"":98304,""access_log_jsonb_w_i1b_entity_type_code"":114688,""access_log_jsonb_w_i1c_status_code"":106496,""access_log_jsonb_w_i1d_latitude_degrees"":278528,""access_log_jsonb_w_i1e_event_timestamp_utc"":344064,""access_log_jsonb_w_i2_gin_jsonb_ops"":9773056,""access_log_jsonb_w_i3_gin_jsonb_path_ops"":8364032,""access_log_jsonb_w_pkey"":245760}",2880,2880,0,0,7219683,7226904,,,,0,4,ModifyTable on access_log_jsonb_w [Hash Join [Seq Scan on access_log_jsonb_w; Hash [Bitmap Heap Scan on expected_update [Bitmap Index Scan using expected_update_pkey]]]]
1,UA-3/jsonb/X-4/m11,UA-3/jsonb/X-4,UA-3,UA-3,jsonb,jsonb,X-4,separate: GIN (jsonb only),measured,11,1,True,False,,True,3302.024,,0.426,0.374,3303.584,5.988,3309.9459999999995,3396.578,124676,47835203,2255,,48384536,549333,124677.0,2255.0,47835237.0,497.0,514.0,0.0,189.1369999999879,0.0,334244,52,4314,2262,538,3,335345.0,52.0,0.0,2262.0,0.0,0.0,94.0,0.0,0.0,5000.0,0.0,4996.0,5000,5000,8036352,16072704,8036352.0,1962,24576,8192,0,0,0.0,0.0,114688,8749056,19079168,10330112,"{""access_log_jsonb_w_i1a_record_validity"":98304,""access_log_jsonb_w_i1b_entity_type_code"":114688,""access_log_jsonb_w_i1c_status_code"":106496,""access_log_jsonb_w_i1d_latitude_degrees"":278528,""access_log_jsonb_w_i1e_event_timestamp_utc"":344064,""access_log_jsonb_w_i2_gin_jsonb_ops"":9773056,""access_log_jsonb_w_i3_gin_jsonb_path_ops"":8364032,""access_log_jsonb_w_pkey"":245760}",2880,2880,0,0,7219683,7226904,,,,0,4,ModifyTable on access_log_jsonb_w [Hash Join [Seq Scan on access_log_jsonb_w; Hash [Bitmap Heap Scan on expected_update [Bitmap Index Scan using expected_update_pkey]]]]
1,UA-3/jsonb/X-1/m11,UA-3/jsonb/X-1,UA-3,UA-3,jsonb,jsonb,X-1,head-to-head,measured,11,1,True,False,,True,1120.78,,0.416,0.284,1122.139,25.406,1147.829,1231.304,40531,18046214,1048,,18195792,149578,40533.0,1049.0,18046937.0,157.0,163.0,0.0,81.14100000000326,0.0,85887,52,2101,1049,538,3,86976.0,52.0,0.0,1049.0,0.0,0.0,45.36700000000201,0.0,0.0,5000.0,0.0,4996.0,10000,5000,8036352,16072704,8036352.0,1962,24576,8192,0,0,0.0,0.0,114688,499712,942080,442368,"{""access_log_jsonb_w_i1a_record_validity"":98304,""access_log_jsonb_w_i1b_entity_type_code"":114688,""access_log_jsonb_w_i1c_status_code"":106496,""access_log_jsonb_w_i1d_latitude_degrees"":278528,""access_log_jsonb_w_i1e_event_timestamp_utc"":344064,""access_log_jsonb_w_pkey"":245760}",2880,2880,0,0,7219683,7226904,,,,0,4,ModifyTable on access_log_jsonb_w [Hash Join [Seq Scan on access_log_jsonb_w; Hash [Bitmap Heap Scan on expected_update [Bitmap Index Scan using expected_update_pkey]]]]
1,UA-3/json/X-1/m11,UA-3/json/X-1,UA-3,UA-3,json,json,X-1,head-to-head,measured,11,1,True,False,,True,1788.048,,0.338,0.302,1789.198,4.257,1793.757,1864.348,40526,20498141,1318,,20671336,173195,40527.0,1318.0,20498175.0,91.0,101.0,0.0,29.94399999998859,0.0,86411,53,2638,1316,538,3,87770.0,53.0,0.0,1316.0,0.0,0.0,50.059000000001106,0.0,0.0,5000.0,0.0,4996.0,5000,5000,10240000,20463616,10223616.0,2498,24576,8192,0,0,0.0,0.0,114688,499712,942080,442368,"{""access_log_json_w_i1a_record_validity"":98304,""access_log_json_w_i1b_entity_type_code"":114688,""access_log_json_w_i1c_status_code"":106496,""access_log_json_w_i1d_latitude_degrees"":278528,""access_log_json_w_i1e_event_timestamp_utc"":344064,""access_log_json_w_pkey"":245760}",1,1,0,0,8434066,8448585,0,8430545,8430545,0,4,ModifyTable on access_log_json_w [Hash Join [Seq Scan on access_log_json_w; Hash [Bitmap Heap Scan on expected_update [Bitmap Index Scan using expected_update_pkey]]]]
1,UA-3/jsonb/X-0/m11,UA-3/jsonb/X-0,UA-3,UA-3,jsonb,jsonb,X-0,head-to-head,measured,11,1,True,False,,True,997.16,,0.308,0.317,998.285,11.971,1010.573,1077.493,15062,15788614,996,,15928944,140330,15063.0,996.0,15788648.0,363.0,369.0,0.0,143.625,0.0,35826,0,1995,995,538,3,36878.0,0.0,0.0,995.0,0.0,0.0,46.06999999999971,0.0,0.0,5000.0,4.0,4996.0,10000,5000,8036352,16072704,8036352.0,1962,24576,8192,0,0,0.0,0.0,114688,0,0,0,"{""access_log_jsonb_w_pkey"":245760}",2880,2880,0,0,7219683,7226904,,,,0,4,ModifyTable on access_log_jsonb_w [Hash Join [Seq Scan on access_log_jsonb_w; Hash [Bitmap Heap Scan on expected_update [Bitmap Index Scan using expected_update_pkey]]]]
1,UA-3/json/X-0/m11,UA-3/json/X-0,UA-3,UA-3,json,json,X-0,head-to-head,measured,11,1,True,False,wal-foreign-activity,True,581.718,,0.397,0.305,585.187,7.237,592.7289999999999,682.109,15061,18232798,1265,,18657640,424842,15172.0,1304.0,18491381.0,313.0,321.0,0.0,136.9670000000042,0.0,36350,0,2531,1262,538,3,37675.0,0.0,0.0,1262.0,0.0,0.0,56.27300000000105,0.0,0.0,5000.0,4.0,4996.0,10000,5000,10240000,20463616,10223616.0,2498,24576,8192,0,0,0.0,0.0,114688,0,0,0,"{""access_log_json_w_pkey"":245760}",1,1,0,0,8434066,8448585,0,8430545,8430545,0,4,ModifyTable on access_log_json_w [Hash Join [Seq Scan on access_log_json_w; Hash [Bitmap Heap Scan on expected_update [Bitmap Index Scan using expected_update_pkey]]]]
1,UA-3/jsonb/X-0/m12,UA-3/jsonb/X-0,UA-3,UA-3,jsonb,jsonb,X-0,head-to-head,measured,12,1,True,False,,True,951.082,,0.269,0.345,952.167,5.227,957.739,1018.763,15062,15788614,996,,15928920,140306,15063.0,996.0,15788648.0,263.0,269.0,0.0,112.74899999999616,0.0,35826,0,1995,995,538,3,36880.0,0.0,0.0,995.0,0.0,0.0,40.08499999999913,0.0,0.0,5000.0,4.0,4996.0,10000,5000,8036352,16072704,8036352.0,1962,24576,8192,0,0,0.0,0.0,114688,0,0,0,"{""access_log_jsonb_w_pkey"":245760}",2880,2880,0,0,7219683,7226904,,,,0,4,ModifyTable on access_log_jsonb_w [Hash Join [Seq Scan on access_log_jsonb_w; Hash [Bitmap Heap Scan on expected_update [Bitmap Index Scan using expected_update_pkey]]]]
1,UA-3/json/X-0/m12,UA-3/json/X-0,UA-3,UA-3,json,json,X-0,head-to-head,measured,12,1,True,False,,True,731.964,,0.336,0.338,733.439,10.019,743.7959999999999,826.963,15061,18232798,1265,,18397880,165082,15063.0,1266.0,18238241.0,850.0,855.0,0.0,305.65699999999197,0.0,36350,0,2531,1262,538,3,37672.0,0.0,0.0,1262.0,0.0,0.0,54.474999999998545,0.0,0.0,5000.0,4.0,4996.0,10000,5000,10240000,20463616,10223616.0,2498,24576,8192,0,0,0.0,0.0,114688,0,0,0,"{""access_log_json_w_pkey"":245760}",1,1,0,0,8434066,8448585,0,8430545,8430545,0,4,ModifyTable on access_log_json_w [Hash Join [Seq Scan on access_log_json_w; Hash [Bitmap Heap Scan on expected_update [Bitmap Index Scan using expected_update_pkey]]]]
1,UA-3/jsonb/X-1/m12,UA-3/jsonb/X-1,UA-3,UA-3,jsonb,jsonb,X-1,head-to-head,measured,12,1,True,False,,True,1051.211,,0.37,0.281,1052.499,3.972,1056.752,1131.454,40531,18046214,1048,,18195096,148882,40532.0,1048.0,18046248.0,158.0,165.0,0.0,63.67600000000675,0.0,85887,52,2101,1049,538,3,86981.0,52.0,0.0,1049.0,0.0,0.0,42.92900000000009,0.0,0.0,5000.0,0.0,4996.0,5000,5000,8036352,16072704,8036352.0,1962,24576,8192,0,0,0.0,0.0,114688,499712,942080,442368,"{""access_log_jsonb_w_i1a_record_validity"":98304,""access_log_jsonb_w_i1b_entity_type_code"":114688,""access_log_jsonb_w_i1c_status_code"":106496,""access_log_jsonb_w_i1d_latitude_degrees"":278528,""access_log_jsonb_w_i1e_event_timestamp_utc"":344064,""access_log_jsonb_w_pkey"":245760}",2880,2880,0,0,7219683,7226904,,,,0,4,ModifyTable on access_log_jsonb_w [Hash Join [Seq Scan on access_log_jsonb_w; Hash [Bitmap Heap Scan on expected_update [Bitmap Index Scan using expected_update_pkey]]]]
1,UA-3/json/X-1/m12,UA-3/json/X-1,UA-3,UA-3,json,json,X-1,head-to-head,measured,12,1,True,False,,True,1934.88,,0.439,0.363,1936.323,3.065,1939.7510000000002,2029.712,40526,20498141,1318,,20671344,173203,40527.0,1318.0,20498175.0,132.0,142.0,0.0,57.638000000006286,0.0,86411,53,2638,1316,538,3,87775.0,53.0,0.0,1316.0,0.0,0.0,50.572000000000116,0.0,0.0,5000.0,0.0,4996.0,5000,5000,10240000,20463616,10223616.0,2498,24576,8192,0,0,0.0,0.0,114688,499712,942080,442368,"{""access_log_json_w_i1a_record_validity"":98304,""access_log_json_w_i1b_entity_type_code"":114688,""access_log_json_w_i1c_status_code"":106496,""access_log_json_w_i1d_latitude_degrees"":278528,""access_log_json_w_i1e_event_timestamp_utc"":344064,""access_log_json_w_pkey"":245760}",1,1,0,0,8434066,8448585,0,8430545,8430545,0,4,ModifyTable on access_log_json_w [Hash Join [Seq Scan on access_log_json_w; Hash [Bitmap Heap Scan on expected_update [Bitmap Index Scan using expected_update_pkey]]]]
1,UA-3/jsonb/X-4/m12,UA-3/jsonb/X-4,UA-3,UA-3,jsonb,jsonb,X-4,separate: GIN (jsonb only),measured,12,1,True,False,,True,3403.152,,0.428,0.507,3404.424,21.599,3426.53,3526.18,124676,47835203,2255,,48384592,549389,124678.0,2255.0,47835291.0,729.0,746.0,0.0,271.79899999999907,0.0,334244,52,4314,2262,538,3,335354.0,52.0,0.0,2262.0,0.0,0.0,89.78399999999965,0.0,0.0,5000.0,0.0,4996.0,5000,5000,8036352,16072704,8036352.0,1962,24576,8192,0,0,0.0,0.0,114688,8749056,19079168,10330112,"{""access_log_jsonb_w_i1a_record_validity"":98304,""access_log_jsonb_w_i1b_entity_type_code"":114688,""access_log_jsonb_w_i1c_status_code"":106496,""access_log_jsonb_w_i1d_latitude_degrees"":278528,""access_log_jsonb_w_i1e_event_timestamp_utc"":344064,""access_log_jsonb_w_i2_gin_jsonb_ops"":9773056,""access_log_jsonb_w_i3_gin_jsonb_path_ops"":8364032,""access_log_jsonb_w_pkey"":245760}",2880,2880,0,0,7219683,7226904,,,,0,4,ModifyTable on access_log_jsonb_w [Hash Join [Seq Scan on access_log_jsonb_w; Hash [Bitmap Heap Scan on expected_update [Bitmap Index Scan using expected_update_pkey]]]]
1,UA-3/jsonb/X-4/m13,UA-3/jsonb/X-4,UA-3,UA-3,jsonb,jsonb,X-4,separate: GIN (jsonb only),measured,13,1,True,False,,True,3420.973,,0.378,0.314,3422.258,4.553,3427.1249999999995,3502.987,124676,47835203,2255,,48384520,549317,124677.0,2255.0,47835237.0,361.0,378.0,0.0,136.8530000000028,0.0,334244,52,4314,2262,538,3,335352.0,52.0,0.0,2262.0,0.0,0.0,104.4989999999998,0.0,0.0,5000.0,0.0,4996.0,5000,5000,8036352,16072704,8036352.0,1962,24576,8192,0,0,0.0,0.0,114688,8749056,19079168,10330112,"{""access_log_jsonb_w_i1a_record_validity"":98304,""access_log_jsonb_w_i1b_entity_type_code"":114688,""access_log_jsonb_w_i1c_status_code"":106496,""access_log_jsonb_w_i1d_latitude_degrees"":278528,""access_log_jsonb_w_i1e_event_timestamp_utc"":344064,""access_log_jsonb_w_i2_gin_jsonb_ops"":9773056,""access_log_jsonb_w_i3_gin_jsonb_path_ops"":8364032,""access_log_jsonb_w_pkey"":245760}",2880,2880,0,0,7219683,7226904,,,,0,4,ModifyTable on access_log_jsonb_w [Hash Join [Seq Scan on access_log_jsonb_w; Hash [Bitmap Heap Scan on expected_update [Bitmap Index Scan using expected_update_pkey]]]]
1,UA-3/json/X-1/m13,UA-3/json/X-1,UA-3,UA-3,json,json,X-1,head-to-head,measured,13,1,True,False,,True,1919.892,,0.328,0.269,1921.033,12.486,1933.788,2011.021,40526,20498141,1318,,20671376,173235,40528.0,1318.0,20498229.0,31.0,41.0,0.0,32.245000000009895,0.0,86411,53,2638,1316,538,3,87775.0,53.0,0.0,1316.0,0.0,0.0,69.8060000000005,0.0,0.0,5000.0,0.0,4996.0,5000,5000,10240000,20463616,10223616.0,2498,24576,8192,0,0,0.0,0.0,114688,499712,942080,442368,"{""access_log_json_w_i1a_record_validity"":98304,""access_log_json_w_i1b_entity_type_code"":114688,""access_log_json_w_i1c_status_code"":106496,""access_log_json_w_i1d_latitude_degrees"":278528,""access_log_json_w_i1e_event_timestamp_utc"":344064,""access_log_json_w_pkey"":245760}",1,1,0,0,8434066,8448585,0,8430545,8430545,0,4,ModifyTable on access_log_json_w [Hash Join [Seq Scan on access_log_json_w; Hash [Bitmap Heap Scan on expected_update [Bitmap Index Scan using expected_update_pkey]]]]
1,UA-3/jsonb/X-1/m13,UA-3/jsonb/X-1,UA-3,UA-3,jsonb,jsonb,X-1,head-to-head,measured,13,1,True,False,,True,1356.134,,0.345,0.28,1358.028,16.676,1374.984,1453.235,40531,18046214,1048,,18195096,148882,40532.0,1048.0,18046248.0,517.0,524.0,0.0,184.88300000000163,0.0,85887,52,2101,1049,538,3,86983.0,52.0,0.0,1049.0,0.0,0.0,63.574000000000524,0.0,0.0,5000.0,0.0,4996.0,5000,5000,8036352,16072704,8036352.0,1962,24576,8192,0,0,0.0,0.0,114688,499712,942080,442368,"{""access_log_jsonb_w_i1a_record_validity"":98304,""access_log_jsonb_w_i1b_entity_type_code"":114688,""access_log_jsonb_w_i1c_status_code"":106496,""access_log_jsonb_w_i1d_latitude_degrees"":278528,""access_log_jsonb_w_i1e_event_timestamp_utc"":344064,""access_log_jsonb_w_pkey"":245760}",2880,2880,0,0,7219683,7226904,,,,0,4,ModifyTable on access_log_jsonb_w [Hash Join [Seq Scan on access_log_jsonb_w; Hash [Bitmap Heap Scan on expected_update [Bitmap Index Scan using expected_update_pkey]]]]
1,UA-3/json/X-0/m13,UA-3/json/X-0,UA-3,UA-3,json,json,X-0,head-to-head,measured,13,1,True,False,,True,829.974,,0.422,0.366,831.49,13.315,845.171,956.308,15061,18232798,1265,,18397904,165106,15063.0,1266.0,18238241.0,815.0,821.0,0.0,316.78399999999965,0.0,36350,0,2531,1262,538,3,37670.0,0.0,0.0,1262.0,0.0,0.0,61.255999999997584,0.0,0.0,5000.0,4.0,4996.0,10000,5000,10240000,20463616,10223616.0,2498,24576,8192,0,0,0.0,0.0,114688,0,0,0,"{""access_log_json_w_pkey"":245760}",1,1,0,0,8434066,8448585,0,8430545,8430545,0,4,ModifyTable on access_log_json_w [Hash Join [Seq Scan on access_log_json_w; Hash [Bitmap Heap Scan on expected_update [Bitmap Index Scan using expected_update_pkey]]]]
1,UA-3/jsonb/X-0/m13,UA-3/jsonb/X-0,UA-3,UA-3,jsonb,jsonb,X-0,head-to-head,measured,13,1,True,False,,True,931.51,,0.297,0.247,932.738,17.672,950.657,1015.272,15062,15788614,996,,15928920,140306,15063.0,996.0,15788648.0,309.0,315.0,0.0,113.6929999999993,0.0,35826,0,1995,995,538,3,36884.0,0.0,0.0,995.0,0.0,0.0,49.867999999998574,0.0,0.0,5000.0,4.0,4996.0,10000,5000,8036352,16072704,8036352.0,1962,24576,8192,0,0,0.0,0.0,114688,0,0,0,"{""access_log_jsonb_w_pkey"":245760}",2880,2880,0,0,7219683,7226904,,,,0,4,ModifyTable on access_log_jsonb_w [Hash Join [Seq Scan on access_log_jsonb_w; Hash [Bitmap Heap Scan on expected_update [Bitmap Index Scan using expected_update_pkey]]]]
1,UA-3/json/X-0/m14,UA-3/json/X-0,UA-3,UA-3,json,json,X-0,head-to-head,measured,14,1,True,False,,True,846.289,,0.316,0.289,847.603,10.191,858.083,929.079,15061,18232798,1265,,18397920,165122,15062.0,1265.0,18232832.0,969.0,975.0,0.0,364.2299999999959,0.0,36350,0,2531,1262,538,3,37670.0,0.0,0.0,1262.0,0.0,0.0,71.4230000000025,0.0,0.0,5000.0,4.0,4996.0,10000,5000,10240000,20463616,10223616.0,2498,24576,8192,0,0,0.0,0.0,114688,0,0,0,"{""access_log_json_w_pkey"":245760}",1,1,0,0,8434066,8448585,0,8430545,8430545,0,4,ModifyTable on access_log_json_w [Hash Join [Seq Scan on access_log_json_w; Hash [Bitmap Heap Scan on expected_update [Bitmap Index Scan using expected_update_pkey]]]]
1,UA-3/jsonb/X-0/m14,UA-3/jsonb/X-0,UA-3,UA-3,jsonb,jsonb,X-0,head-to-head,measured,14,1,True,False,,True,1079.99,,0.269,0.236,1081.005,15.602,1096.8430000000003,1160.108,15062,15788614,996,,15928976,140362,15063.0,996.0,15788648.0,352.0,358.0,0.0,163.66700000000128,0.0,35826,0,1995,995,538,3,36878.0,0.0,0.0,995.0,0.0,0.0,45.126000000000204,0.0,0.0,5000.0,4.0,4996.0,10000,5000,8036352,16072704,8036352.0,1962,24576,8192,0,0,0.0,0.0,114688,0,0,0,"{""access_log_jsonb_w_pkey"":245760}",2880,2880,0,0,7219683,7226904,,,,0,4,ModifyTable on access_log_jsonb_w [Hash Join [Seq Scan on access_log_jsonb_w; Hash [Bitmap Heap Scan on expected_update [Bitmap Index Scan using expected_update_pkey]]]]
1,UA-3/json/X-1/m14,UA-3/json/X-1,UA-3,UA-3,json,json,X-1,head-to-head,measured,14,1,True,False,,True,2110.427,,0.513,0.26,2111.875,15.537,2127.672,2237.417,40526,20498141,1318,,20671320,173179,40527.0,1318.0,20498175.0,9.0,19.0,0.0,16.172000000005937,0.0,86411,53,2638,1316,538,3,87775.0,53.0,0.0,1316.0,0.0,0.0,72.87100000000282,0.0,0.0,5000.0,0.0,4996.0,5000,5000,10240000,20463616,10223616.0,2498,24576,8192,0,0,0.0,0.0,114688,499712,942080,442368,"{""access_log_json_w_i1a_record_validity"":98304,""access_log_json_w_i1b_entity_type_code"":114688,""access_log_json_w_i1c_status_code"":106496,""access_log_json_w_i1d_latitude_degrees"":278528,""access_log_json_w_i1e_event_timestamp_utc"":344064,""access_log_json_w_pkey"":245760}",1,1,0,0,8434066,8448585,0,8430545,8430545,0,4,ModifyTable on access_log_json_w [Hash Join [Seq Scan on access_log_json_w; Hash [Bitmap Heap Scan on expected_update [Bitmap Index Scan using expected_update_pkey]]]]
1,UA-3/jsonb/X-1/m14,UA-3/jsonb/X-1,UA-3,UA-3,jsonb,jsonb,X-1,head-to-head,measured,14,1,True,False,,True,1260.079,,0.516,0.36,1262.088,5.328,1267.7759999999998,1382.76,40531,18046214,1048,,18195096,148882,40532.0,1048.0,18046248.0,371.0,378.0,0.0,143.9210000000021,0.0,85887,52,2101,1049,538,3,87070.0,52.0,0.0,1049.0,0.0,0.0,48.74500000000262,0.0,0.0,5000.0,0.0,4996.0,5000,5000,8036352,16072704,8036352.0,1962,24576,8192,0,0,0.0,0.0,114688,499712,942080,442368,"{""access_log_jsonb_w_i1a_record_validity"":98304,""access_log_jsonb_w_i1b_entity_type_code"":114688,""access_log_jsonb_w_i1c_status_code"":106496,""access_log_jsonb_w_i1d_latitude_degrees"":278528,""access_log_jsonb_w_i1e_event_timestamp_utc"":344064,""access_log_jsonb_w_pkey"":245760}",2880,2880,0,0,7219683,7226904,,,,0,4,ModifyTable on access_log_jsonb_w [Hash Join [Seq Scan on access_log_jsonb_w; Hash [Bitmap Heap Scan on expected_update [Bitmap Index Scan using expected_update_pkey]]]]
1,UA-3/jsonb/X-4/m14,UA-3/jsonb/X-4,UA-3,UA-3,jsonb,jsonb,X-4,separate: GIN (jsonb only),measured,14,1,True,False,,True,3453.676,,0.389,0.289,3454.858,3.295,3458.4420000000005,3524.154,124676,47835203,2255,,48384616,549413,124678.0,2255.0,47835291.0,550.0,568.0,0.0,221.15499999999884,0.0,334244,52,4314,2262,538,3,335345.0,52.0,0.0,2262.0,0.0,0.0,102.54699999999866,0.0,0.0,5000.0,0.0,4996.0,5000,5000,8036352,16072704,8036352.0,1962,24576,8192,0,0,0.0,0.0,114688,8749056,19079168,10330112,"{""access_log_jsonb_w_i1a_record_validity"":98304,""access_log_jsonb_w_i1b_entity_type_code"":114688,""access_log_jsonb_w_i1c_status_code"":106496,""access_log_jsonb_w_i1d_latitude_degrees"":278528,""access_log_jsonb_w_i1e_event_timestamp_utc"":344064,""access_log_jsonb_w_i2_gin_jsonb_ops"":9773056,""access_log_jsonb_w_i3_gin_jsonb_path_ops"":8364032,""access_log_jsonb_w_pkey"":245760}",2880,2880,0,0,7219683,7226904,,,,0,4,ModifyTable on access_log_jsonb_w [Hash Join [Seq Scan on access_log_jsonb_w; Hash [Bitmap Heap Scan on expected_update [Bitmap Index Scan using expected_update_pkey]]]]
1,UA-3/jsonb/X-4/m15,UA-3/jsonb/X-4,UA-3,UA-3,jsonb,jsonb,X-4,separate: GIN (jsonb only),measured,15,1,True,False,,True,3365.784,,0.352,0.244,3366.933,8.207,3375.384,3447.403,124676,47835203,2255,,48384560,549357,124677.0,2255.0,47835237.0,479.0,496.0,0.0,215.80299999999988,0.0,334244,52,4314,2262,538,3,335347.0,52.0,0.0,2262.0,0.0,0.0,99.11100000000079,0.0,0.0,5000.0,0.0,4996.0,5000,5000,8036352,16072704,8036352.0,1962,24576,8192,0,0,0.0,0.0,114688,8749056,19079168,10330112,"{""access_log_jsonb_w_i1a_record_validity"":98304,""access_log_jsonb_w_i1b_entity_type_code"":114688,""access_log_jsonb_w_i1c_status_code"":106496,""access_log_jsonb_w_i1d_latitude_degrees"":278528,""access_log_jsonb_w_i1e_event_timestamp_utc"":344064,""access_log_jsonb_w_i2_gin_jsonb_ops"":9773056,""access_log_jsonb_w_i3_gin_jsonb_path_ops"":8364032,""access_log_jsonb_w_pkey"":245760}",2880,2880,0,0,7219683,7226904,,,,0,4,ModifyTable on access_log_jsonb_w [Hash Join [Seq Scan on access_log_jsonb_w; Hash [Bitmap Heap Scan on expected_update [Bitmap Index Scan using expected_update_pkey]]]]
1,UA-3/jsonb/X-1/m15,UA-3/jsonb/X-1,UA-3,UA-3,jsonb,jsonb,X-1,head-to-head,measured,15,1,True,False,,True,1382.389,,0.527,0.439,1383.956,12.129,1396.524,1515.419,40531,18046214,1048,,18195120,148906,40532.0,1048.0,18046248.0,107.0,114.0,0.0,60.01799999999639,0.0,85887,52,2101,1049,538,3,86976.0,52.0,0.0,1049.0,0.0,0.0,60.04000000000087,0.0,0.0,5000.0,0.0,4996.0,5000,5000,8036352,16072704,8036352.0,1962,24576,8192,0,0,0.0,0.0,114688,499712,942080,442368,"{""access_log_jsonb_w_i1a_record_validity"":98304,""access_log_jsonb_w_i1b_entity_type_code"":114688,""access_log_jsonb_w_i1c_status_code"":106496,""access_log_jsonb_w_i1d_latitude_degrees"":278528,""access_log_jsonb_w_i1e_event_timestamp_utc"":344064,""access_log_jsonb_w_pkey"":245760}",2880,2880,0,0,7219683,7226904,,,,0,4,ModifyTable on access_log_jsonb_w [Hash Join [Seq Scan on access_log_jsonb_w; Hash [Bitmap Heap Scan on expected_update [Bitmap Index Scan using expected_update_pkey]]]]
1,UA-3/json/X-1/m15,UA-3/json/X-1,UA-3,UA-3,json,json,X-1,head-to-head,measured,15,1,True,False,,True,1796.88,,0.454,0.288,1798.205,16.338,1814.831,1894.226,40526,20498141,1318,,20671320,173179,40528.0,1319.0,20503592.0,122.0,132.0,0.0,40.81899999998859,0.0,86411,53,2638,1316,538,3,87770.0,53.0,0.0,1316.0,0.0,0.0,63.87299999999959,0.0,0.0,5000.0,0.0,4996.0,5000,5000,10240000,20463616,10223616.0,2498,24576,8192,0,0,0.0,0.0,114688,499712,942080,442368,"{""access_log_json_w_i1a_record_validity"":98304,""access_log_json_w_i1b_entity_type_code"":114688,""access_log_json_w_i1c_status_code"":106496,""access_log_json_w_i1d_latitude_degrees"":278528,""access_log_json_w_i1e_event_timestamp_utc"":344064,""access_log_json_w_pkey"":245760}",1,1,0,0,8434066,8448585,0,8430545,8430545,0,4,ModifyTable on access_log_json_w [Hash Join [Seq Scan on access_log_json_w; Hash [Bitmap Heap Scan on expected_update [Bitmap Index Scan using expected_update_pkey]]]]
1,UA-3/jsonb/X-0/m15,UA-3/jsonb/X-0,UA-3,UA-3,jsonb,jsonb,X-0,head-to-head,measured,15,1,True,False,,True,984.023,,0.305,0.283,985.12,2.019,987.422,1063.48,15062,15788614,996,,15928904,140290,15063.0,996.0,15788648.0,461.0,467.0,0.0,116.82600000000093,0.0,35826,0,1995,995,538,3,36878.0,0.0,0.0,995.0,0.0,0.0,42.04000000000087,0.0,0.0,5000.0,4.0,4996.0,10000,5000,8036352,16072704,8036352.0,1962,24576,8192,0,0,0.0,0.0,114688,0,0,0,"{""access_log_jsonb_w_pkey"":245760}",2880,2880,0,0,7219683,7226904,,,,0,4,ModifyTable on access_log_jsonb_w [Hash Join [Seq Scan on access_log_jsonb_w; Hash [Bitmap Heap Scan on expected_update [Bitmap Index Scan using expected_update_pkey]]]]
1,UA-3/json/X-0/m15,UA-3/json/X-0,UA-3,UA-3,json,json,X-0,head-to-head,measured,15,1,True,False,,True,854.942,,0.367,0.311,856.374,5.586,862.2710000000001,950.875,15061,18232798,1265,,18397904,165106,15062.0,1265.0,18232832.0,794.0,799.0,0.0,346.76200000000244,0.0,36350,0,2531,1262,538,3,37679.0,0.0,0.0,1262.0,0.0,0.0,58.45400000000154,0.0,0.0,5000.0,4.0,4996.0,10000,5000,10240000,20463616,10223616.0,2498,24576,8192,0,0,0.0,0.0,114688,0,0,0,"{""access_log_json_w_pkey"":245760}",1,1,0,0,8434066,8448585,0,8430545,8430545,0,4,ModifyTable on access_log_json_w [Hash Join [Seq Scan on access_log_json_w; Hash [Bitmap Heap Scan on expected_update [Bitmap Index Scan using expected_update_pkey]]]]
1,UA-3/json/X-0/d01,UA-3/json/X-0,UA-3,UA-3,json,json,X-0,head-to-head,detail,1,1,True,False,,True,926.222,,0.355,0.282,927.747,9.108,937.137,1014.651,15061,18232798,1265,,18397904,165106,15062.0,1265.0,18232832.0,1033.0,1039.0,0.0,425.93399999999383,0.0,36350,0,2531,1262,538,3,37670.0,0.0,0.0,1262.0,0.0,0.0,59.52599999999802,0.0,0.0,5000.0,4.0,4996.0,10000,5000,10240000,20463616,10223616.0,2498,24576,8192,0,0,0.0,0.0,114688,0,0,0,"{""access_log_json_w_pkey"":245760}",1,1,0,0,8434066,8448585,0,8430545,8430545,0,4,ModifyTable on access_log_json_w [Hash Join [Seq Scan on access_log_json_w; Hash [Bitmap Heap Scan on expected_update [Bitmap Index Scan using expected_update_pkey]]]]
1,UA-3/json/X-1/d01,UA-3/json/X-1,UA-3,UA-3,json,json,X-1,head-to-head,detail,1,1,True,False,,True,1901.614,,0.333,0.257,1902.973,4.999,1908.229,1972.325,40526,20498141,1318,,20671336,173195,40528.0,1319.0,20503568.0,153.0,164.0,0.0,67.6869999999908,0.0,86411,53,2638,1316,538,3,87770.0,53.0,0.0,1316.0,0.0,0.0,58.99199999999837,0.0,0.0,5000.0,0.0,4996.0,5000,5000,10240000,20463616,10223616.0,2498,24576,8192,0,0,0.0,0.0,114688,499712,942080,442368,"{""access_log_json_w_i1a_record_validity"":98304,""access_log_json_w_i1b_entity_type_code"":114688,""access_log_json_w_i1c_status_code"":106496,""access_log_json_w_i1d_latitude_degrees"":278528,""access_log_json_w_i1e_event_timestamp_utc"":344064,""access_log_json_w_pkey"":245760}",1,1,0,0,8434066,8448585,0,8430545,8430545,0,4,ModifyTable on access_log_json_w [Hash Join [Seq Scan on access_log_json_w; Hash [Bitmap Heap Scan on expected_update [Bitmap Index Scan using expected_update_pkey]]]]
1,UA-3/jsonb/X-0/d01,UA-3/jsonb/X-0,UA-3,UA-3,jsonb,jsonb,X-0,head-to-head,detail,1,1,True,False,,True,919.798,,0.336,0.352,921.053,13.047,934.452,997.298,15062,15788614,996,,15928920,140306,15063.0,996.0,15788648.0,184.0,190.0,0.0,84.25099999998929,0.0,35826,0,1995,995,538,3,36878.0,0.0,0.0,995.0,0.0,0.0,46.51599999999962,0.0,0.0,5000.0,4.0,4996.0,10000,5000,8036352,16072704,8036352.0,1962,24576,8192,0,0,0.0,0.0,114688,0,0,0,"{""access_log_jsonb_w_pkey"":245760}",2880,2880,0,0,7219683,7226904,,,,0,4,ModifyTable on access_log_jsonb_w [Hash Join [Seq Scan on access_log_jsonb_w; Hash [Bitmap Heap Scan on expected_update [Bitmap Index Scan using expected_update_pkey]]]]
1,UA-3/jsonb/X-1/d01,UA-3/jsonb/X-1,UA-3,UA-3,jsonb,jsonb,X-1,head-to-head,detail,1,1,True,False,,True,1459.896,,0.328,0.243,1461.063,4.558,1465.864,1535.562,40531,18046214,1048,,18195096,148882,40532.0,1048.0,18046248.0,230.0,238.0,0.0,83.21099999999569,0.0,85887,52,2101,1049,538,3,86978.0,52.0,0.0,1049.0,0.0,0.0,53.00799999999799,0.0,0.0,5000.0,0.0,4996.0,5000,5000,8036352,16072704,8036352.0,1962,24576,8192,0,0,0.0,0.0,114688,499712,942080,442368,"{""access_log_jsonb_w_i1a_record_validity"":98304,""access_log_jsonb_w_i1b_entity_type_code"":114688,""access_log_jsonb_w_i1c_status_code"":106496,""access_log_jsonb_w_i1d_latitude_degrees"":278528,""access_log_jsonb_w_i1e_event_timestamp_utc"":344064,""access_log_jsonb_w_pkey"":245760}",2880,2880,0,0,7219683,7226904,,,,0,4,ModifyTable on access_log_jsonb_w [Hash Join [Seq Scan on access_log_jsonb_w; Hash [Bitmap Heap Scan on expected_update [Bitmap Index Scan using expected_update_pkey]]]]
1,UA-3/jsonb/X-4/d01,UA-3/jsonb/X-4,UA-3,UA-3,jsonb,jsonb,X-4,separate: GIN (jsonb only),detail,1,1,True,False,,True,3574.09,,0.351,0.274,3575.263,7.92,3583.457,3650.417,124676,47835203,2255,,48384560,549357,124677.0,2255.0,47835237.0,729.0,747.0,0.0,259.84599999999045,0.0,334244,52,4314,2262,538,3,335345.0,52.0,0.0,2262.0,0.0,0.0,105.72600000000239,0.0,0.0,5000.0,0.0,4996.0,5000,5000,8036352,16072704,8036352.0,1962,24576,8192,0,0,0.0,0.0,114688,8749056,19079168,10330112,"{""access_log_jsonb_w_i1a_record_validity"":98304,""access_log_jsonb_w_i1b_entity_type_code"":114688,""access_log_jsonb_w_i1c_status_code"":106496,""access_log_jsonb_w_i1d_latitude_degrees"":278528,""access_log_jsonb_w_i1e_event_timestamp_utc"":344064,""access_log_jsonb_w_i2_gin_jsonb_ops"":9773056,""access_log_jsonb_w_i3_gin_jsonb_path_ops"":8364032,""access_log_jsonb_w_pkey"":245760}",2880,2880,0,0,7219683,7226904,,,,0,4,ModifyTable on access_log_jsonb_w [Hash Join [Seq Scan on access_log_jsonb_w; Hash [Bitmap Heap Scan on expected_update [Bitmap Index Scan using expected_update_pkey]]]]
1,UB-R238/UB-jsonb/X-1/w01,UB-R238/UB-jsonb/X-1,UB-R238,UB-jsonb,UB-jsonb,jsonb,X-1,separate: update mechanism,warmup,1,1,True,False,,True,43.683,,0.45,0.345,46.919,5.875,53.138999999999996,132.751,1925,2626690,286,,2649088,22398,1926.0,286.0,2626724.0,0.0,1.0,0.0,5.451999999990221,0.0,5168,50,341,51,0,3,6265.0,50.0,0.0,51.0,0.0,0.0,2.94800000000032,0.0,0.0,238.0,0.0,237.0,10000,238,8036352,8445952,409600.0,1031,24576,8192,0,0,0.0,0.0,0,499712,507904,8192,"{""access_log_jsonb_w_i1a_record_validity"":65536,""access_log_jsonb_w_i1b_entity_type_code"":57344,""access_log_jsonb_w_i1c_status_code"":57344,""access_log_jsonb_w_i1d_latitude_degrees"":147456,""access_log_jsonb_w_i1e_event_timestamp_utc"":180224,""access_log_jsonb_w_pkey"":131072}",2880,2880,0,0,7219683,7219827,,,,0,4,ModifyTable on access_log_jsonb_w [Hash Join [Seq Scan on access_log_jsonb_w; Hash [Bitmap Heap Scan on expected_update [Bitmap Index Scan using expected_update_pkey]]]]
1,UB-R238/UB-json-cast/X-1/w01,UB-R238/UB-json-cast/X-1,UB-R238,UB-json-cast,UB-json-cast,json,X-1,separate: update mechanism,warmup,1,1,True,False,,True,127.977,,0.443,0.287,129.294,1.853,131.43400000000003,210.509,1925,2520817,283,,2543232,22415,1927.0,284.0,2526268.0,0.0,2.0,0.0,1.5179999999963911,0.0,5429,48,348,61,0,3,6833.0,48.0,0.0,61.0,0.0,0.0,2.63300000000163,0.0,0.0,238.0,0.0,238.0,5000,238,10240000,10731520,491520.0,1310,24576,8192,0,0,0.0,0.0,0,499712,507904,8192,"{""access_log_json_w_i1a_record_validity"":65536,""access_log_json_w_i1b_entity_type_code"":57344,""access_log_json_w_i1c_status_code"":57344,""access_log_json_w_i1d_latitude_degrees"":147456,""access_log_json_w_i1e_event_timestamp_utc"":180224,""access_log_json_w_pkey"":131072}",1,1,0,0,8434066,8470242,238,433602,397664,0,4,ModifyTable on access_log_json_w [Hash Join [Seq Scan on access_log_json_w; Hash [Bitmap Heap Scan on expected_update [Bitmap Index Scan using expected_update_pkey]]]]
1,UB-R238/UB-json-text/X-1/w01,UB-R238/UB-json-text/X-1,UB-R238,UB-json-text,UB-json-text,json,X-1,separate: update mechanism,warmup,1,1,True,False,,True,106.305,,0.353,0.28,118.913,15.28,134.47299999999998,221.657,1925,2484878,283,,2507200,22322,1926.0,283.0,2484912.0,0.0,2.0,0.0,14.934000000008382,0.0,5429,48,348,61,0,3,6798.0,48.0,0.0,61.0,0.0,0.0,2.8510000000023865,0.0,0.0,238.0,0.0,238.0,5000,238,10240000,10731520,491520.0,1310,24576,8192,0,0,0.0,0.0,0,499712,507904,8192,"{""access_log_json_w_i1a_record_validity"":65536,""access_log_json_w_i1b_entity_type_code"":57344,""access_log_json_w_i1c_status_code"":57344,""access_log_json_w_i1d_latitude_degrees"":147456,""access_log_json_w_i1e_event_timestamp_utc"":180224,""access_log_json_w_pkey"":131072}",1,1,0,0,8434066,8434304,0,397664,397664,0,4,ModifyTable on access_log_json_w [Hash Join [Seq Scan on access_log_json_w; Hash [Bitmap Heap Scan on expected_update [Bitmap Index Scan using expected_update_pkey]]]]
1,UB-R238/UB-json-text/X-1/w02,UB-R238/UB-json-text/X-1,UB-R238,UB-json-text,UB-json-text,json,X-1,separate: update mechanism,warmup,2,1,True,False,,True,110.634,,0.533,0.322,112.185,7.834,120.34100000000001,202.343,1925,2484878,283,,2507200,22322,1926.0,283.0,2484912.0,0.0,2.0,0.0,3.956000000005588,0.0,5429,48,348,61,0,3,6788.0,48.0,0.0,61.0,0.0,0.0,3.3909999999996217,0.0,0.0,238.0,0.0,238.0,5000,238,10240000,10731520,491520.0,1310,24576,8192,0,0,0.0,0.0,0,499712,507904,8192,"{""access_log_json_w_i1a_record_validity"":65536,""access_log_json_w_i1b_entity_type_code"":57344,""access_log_json_w_i1c_status_code"":57344,""access_log_json_w_i1d_latitude_degrees"":147456,""access_log_json_w_i1e_event_timestamp_utc"":180224,""access_log_json_w_pkey"":131072}",1,1,0,0,8434066,8434304,0,397664,397664,0,4,ModifyTable on access_log_json_w [Hash Join [Seq Scan on access_log_json_w; Hash [Bitmap Heap Scan on expected_update [Bitmap Index Scan using expected_update_pkey]]]]
1,UB-R238/UB-json-cast/X-1/w02,UB-R238/UB-json-cast/X-1,UB-R238,UB-json-cast,UB-json-cast,json,X-1,separate: update mechanism,warmup,2,1,True,False,,True,131.381,,0.414,0.359,132.67,14.408,147.43699999999998,221.978,1925,2520817,283,,2543232,22415,1927.0,284.0,2526260.0,0.0,3.0,0.0,14.009000000005472,0.0,5429,48,348,61,0,3,6788.0,48.0,0.0,61.0,0.0,0.0,3.3739999999997963,0.0,0.0,238.0,0.0,238.0,5000,238,10240000,10731520,491520.0,1310,24576,8192,0,0,0.0,0.0,0,499712,507904,8192,"{""access_log_json_w_i1a_record_validity"":65536,""access_log_json_w_i1b_entity_type_code"":57344,""access_log_json_w_i1c_status_code"":57344,""access_log_json_w_i1d_latitude_degrees"":147456,""access_log_json_w_i1e_event_timestamp_utc"":180224,""access_log_json_w_pkey"":131072}",1,1,0,0,8434066,8470242,238,433602,397664,0,4,ModifyTable on access_log_json_w [Hash Join [Seq Scan on access_log_json_w; Hash [Bitmap Heap Scan on expected_update [Bitmap Index Scan using expected_update_pkey]]]]
1,UB-R238/UB-jsonb/X-1/w02,UB-R238/UB-jsonb/X-1,UB-R238,UB-jsonb,UB-jsonb,jsonb,X-1,separate: update mechanism,warmup,2,1,True,False,,True,51.053,,0.445,0.364,52.441,18.033,70.838,149.27,1925,2626690,286,,2649104,22414,1926.0,286.0,2626724.0,0.0,2.0,0.0,15.592000000004191,0.0,5168,50,341,51,0,3,6259.0,50.0,0.0,51.0,0.0,0.0,2.993000000002212,0.0,0.0,238.0,0.0,237.0,10000,238,8036352,8445952,409600.0,1031,24576,8192,0,0,0.0,0.0,0,499712,507904,8192,"{""access_log_jsonb_w_i1a_record_validity"":65536,""access_log_jsonb_w_i1b_entity_type_code"":57344,""access_log_jsonb_w_i1c_status_code"":57344,""access_log_jsonb_w_i1d_latitude_degrees"":147456,""access_log_jsonb_w_i1e_event_timestamp_utc"":180224,""access_log_jsonb_w_pkey"":131072}",2880,2880,0,0,7219683,7219827,,,,0,4,ModifyTable on access_log_jsonb_w [Hash Join [Seq Scan on access_log_jsonb_w; Hash [Bitmap Heap Scan on expected_update [Bitmap Index Scan using expected_update_pkey]]]]
1,UB-R238/UB-jsonb/X-1/w03,UB-R238/UB-jsonb/X-1,UB-R238,UB-jsonb,UB-jsonb,jsonb,X-1,separate: update mechanism,warmup,3,1,True,False,,True,31.493,,0.332,0.284,32.568,4.887,37.739,98.189,1925,2626690,286,,2649088,22398,1926.0,286.0,2626724.0,0.0,1.0,0.0,4.521999999997206,0.0,5168,50,341,51,0,3,6257.0,50.0,0.0,51.0,0.0,0.0,2.243000000002212,0.0,0.0,238.0,0.0,237.0,10000,238,8036352,8445952,409600.0,1031,24576,8192,0,0,0.0,0.0,0,499712,507904,8192,"{""access_log_jsonb_w_i1a_record_validity"":65536,""access_log_jsonb_w_i1b_entity_type_code"":57344,""access_log_jsonb_w_i1c_status_code"":57344,""access_log_jsonb_w_i1d_latitude_degrees"":147456,""access_log_jsonb_w_i1e_event_timestamp_utc"":180224,""access_log_jsonb_w_pkey"":131072}",2880,2880,0,0,7219683,7219827,,,,0,4,ModifyTable on access_log_jsonb_w [Hash Join [Seq Scan on access_log_jsonb_w; Hash [Bitmap Heap Scan on expected_update [Bitmap Index Scan using expected_update_pkey]]]]
1,UB-R238/UB-json-cast/X-1/w03,UB-R238/UB-json-cast/X-1,UB-R238,UB-json-cast,UB-json-cast,json,X-1,separate: update mechanism,warmup,3,1,True,False,,True,136.709,,0.466,0.284,138.036,14.208,152.528,256.875,1925,2520817,283,,2543288,22471,1926.0,283.0,2520851.0,0.0,2.0,0.0,13.85099999999511,0.0,5429,48,348,61,0,3,6788.0,48.0,0.0,61.0,0.0,0.0,3.0390000000006694,0.0,0.0,238.0,0.0,238.0,5000,238,10240000,10731520,491520.0,1310,24576,8192,0,0,0.0,0.0,0,499712,507904,8192,"{""access_log_json_w_i1a_record_validity"":65536,""access_log_json_w_i1b_entity_type_code"":57344,""access_log_json_w_i1c_status_code"":57344,""access_log_json_w_i1d_latitude_degrees"":147456,""access_log_json_w_i1e_event_timestamp_utc"":180224,""access_log_json_w_pkey"":131072}",1,1,0,0,8434066,8470242,238,433602,397664,0,4,ModifyTable on access_log_json_w [Hash Join [Seq Scan on access_log_json_w; Hash [Bitmap Heap Scan on expected_update [Bitmap Index Scan using expected_update_pkey]]]]
1,UB-R238/UB-json-text/X-1/w03,UB-R238/UB-json-text/X-1,UB-R238,UB-json-text,UB-json-text,json,X-1,separate: update mechanism,warmup,3,1,True,False,,True,114.567,,0.411,0.286,115.941,5.68,121.90700000000001,203.839,1925,2484878,283,,2507216,22338,1926.0,283.0,2484912.0,0.0,2.0,0.0,3.7379999999975553,0.0,5429,48,348,61,0,3,6788.0,48.0,0.0,61.0,0.0,0.0,2.9320000000006985,0.0,0.0,238.0,0.0,238.0,5000,238,10240000,10731520,491520.0,1310,24576,8192,0,0,0.0,0.0,0,499712,507904,8192,"{""access_log_json_w_i1a_record_validity"":65536,""access_log_json_w_i1b_entity_type_code"":57344,""access_log_json_w_i1c_status_code"":57344,""access_log_json_w_i1d_latitude_degrees"":147456,""access_log_json_w_i1e_event_timestamp_utc"":180224,""access_log_json_w_pkey"":131072}",1,1,0,0,8434066,8434304,0,397664,397664,0,4,ModifyTable on access_log_json_w [Hash Join [Seq Scan on access_log_json_w; Hash [Bitmap Heap Scan on expected_update [Bitmap Index Scan using expected_update_pkey]]]]
1,UB-R238/UB-json-text/X-1/m01,UB-R238/UB-json-text/X-1,UB-R238,UB-json-text,UB-json-text,json,X-1,separate: update mechanism,measured,1,1,True,False,,True,106.811,,0.405,0.264,108.025,14.811,123.1,208.796,1925,2484878,283,,2507200,22322,1927.0,284.0,2490321.0,0.0,3.0,0.0,14.456000000005588,0.0,5429,48,348,61,0,3,6788.0,48.0,0.0,61.0,0.0,0.0,3.403999999998632,0.0,0.0,238.0,0.0,238.0,5000,238,10240000,10731520,491520.0,1310,24576,8192,0,0,0.0,0.0,0,499712,507904,8192,"{""access_log_json_w_i1a_record_validity"":65536,""access_log_json_w_i1b_entity_type_code"":57344,""access_log_json_w_i1c_status_code"":57344,""access_log_json_w_i1d_latitude_degrees"":147456,""access_log_json_w_i1e_event_timestamp_utc"":180224,""access_log_json_w_pkey"":131072}",1,1,0,0,8434066,8434304,0,397664,397664,0,4,ModifyTable on access_log_json_w [Hash Join [Seq Scan on access_log_json_w; Hash [Bitmap Heap Scan on expected_update [Bitmap Index Scan using expected_update_pkey]]]]
1,UB-R238/UB-json-cast/X-1/m01,UB-R238/UB-json-cast/X-1,UB-R238,UB-json-cast,UB-json-cast,json,X-1,separate: update mechanism,measured,1,1,True,False,,True,123.061,,0.41,0.364,124.309,15.379,140.052,231.192,1925,2520817,283,,2543256,22439,1926.0,283.0,2520851.0,0.0,2.0,0.0,15.02400000000489,0.0,5429,48,348,61,0,3,6786.0,48.0,0.0,61.0,0.0,0.0,3.2920000000012806,0.0,0.0,238.0,0.0,238.0,5000,238,10240000,10731520,491520.0,1310,24576,8192,0,0,0.0,0.0,0,499712,507904,8192,"{""access_log_json_w_i1a_record_validity"":65536,""access_log_json_w_i1b_entity_type_code"":57344,""access_log_json_w_i1c_status_code"":57344,""access_log_json_w_i1d_latitude_degrees"":147456,""access_log_json_w_i1e_event_timestamp_utc"":180224,""access_log_json_w_pkey"":131072}",1,1,0,0,8434066,8470242,238,433602,397664,0,4,ModifyTable on access_log_json_w [Hash Join [Seq Scan on access_log_json_w; Hash [Bitmap Heap Scan on expected_update [Bitmap Index Scan using expected_update_pkey]]]]
1,UB-R238/UB-jsonb/X-1/m01,UB-R238/UB-jsonb/X-1,UB-R238,UB-jsonb,UB-jsonb,jsonb,X-1,separate: update mechanism,measured,1,1,True,False,,True,50.135,,0.426,0.35,51.562,15.519,67.431,145.134,1925,2626690,286,,2649816,23126,1927.0,287.0,2627421.0,0.0,1.0,0.0,15.029999999998836,0.0,5168,50,341,51,0,3,6259.0,50.0,0.0,51.0,0.0,0.0,3.4429999999993015,0.0,0.0,238.0,0.0,237.0,5000,238,8036352,8445952,409600.0,1031,24576,8192,0,0,0.0,0.0,0,499712,507904,8192,"{""access_log_jsonb_w_i1a_record_validity"":65536,""access_log_jsonb_w_i1b_entity_type_code"":57344,""access_log_jsonb_w_i1c_status_code"":57344,""access_log_jsonb_w_i1d_latitude_degrees"":147456,""access_log_jsonb_w_i1e_event_timestamp_utc"":180224,""access_log_jsonb_w_pkey"":131072}",2880,2880,0,0,7219683,7219827,,,,0,4,ModifyTable on access_log_jsonb_w [Hash Join [Seq Scan on access_log_jsonb_w; Hash [Bitmap Heap Scan on expected_update [Bitmap Index Scan using expected_update_pkey]]]]
1,UB-R238/UB-jsonb/X-1/m02,UB-R238/UB-jsonb/X-1,UB-R238,UB-jsonb,UB-jsonb,jsonb,X-1,separate: update mechanism,measured,2,1,True,False,,True,32.513,,0.329,0.28,33.65,4.598,38.528,101.649,1925,2626690,286,,2649088,22398,1926.0,286.0,2626724.0,0.0,2.0,0.0,4.356999999989057,0.0,5168,50,341,51,0,3,6259.0,50.0,0.0,51.0,0.0,0.0,2.161000000000058,0.0,0.0,238.0,0.0,237.0,10000,238,8036352,8445952,409600.0,1031,24576,8192,0,0,0.0,0.0,0,499712,507904,8192,"{""access_log_jsonb_w_i1a_record_validity"":65536,""access_log_jsonb_w_i1b_entity_type_code"":57344,""access_log_jsonb_w_i1c_status_code"":57344,""access_log_jsonb_w_i1d_latitude_degrees"":147456,""access_log_jsonb_w_i1e_event_timestamp_utc"":180224,""access_log_jsonb_w_pkey"":131072}",2880,2880,0,0,7219683,7219827,,,,0,4,ModifyTable on access_log_jsonb_w [Hash Join [Seq Scan on access_log_jsonb_w; Hash [Bitmap Heap Scan on expected_update [Bitmap Index Scan using expected_update_pkey]]]]
1,UB-R238/UB-json-cast/X-1/m02,UB-R238/UB-json-cast/X-1,UB-R238,UB-json-cast,UB-json-cast,json,X-1,separate: update mechanism,measured,2,1,True,False,,True,137.58,,0.431,0.285,139.089,14.049,153.423,226.91,1925,2520817,283,,2543232,22415,1926.0,283.0,2520851.0,0.0,2.0,0.0,4.231999999989057,0.0,5429,48,348,61,0,3,6788.0,48.0,0.0,61.0,0.0,0.0,3.1010000000023865,0.0,0.0,238.0,0.0,238.0,5000,238,10240000,10731520,491520.0,1310,24576,8192,0,0,0.0,0.0,0,499712,507904,8192,"{""access_log_json_w_i1a_record_validity"":65536,""access_log_json_w_i1b_entity_type_code"":57344,""access_log_json_w_i1c_status_code"":57344,""access_log_json_w_i1d_latitude_degrees"":147456,""access_log_json_w_i1e_event_timestamp_utc"":180224,""access_log_json_w_pkey"":131072}",1,1,0,0,8434066,8470242,238,433602,397664,0,4,ModifyTable on access_log_json_w [Hash Join [Seq Scan on access_log_json_w; Hash [Bitmap Heap Scan on expected_update [Bitmap Index Scan using expected_update_pkey]]]]
1,UB-R238/UB-json-text/X-1/m02,UB-R238/UB-json-text/X-1,UB-R238,UB-json-text,UB-json-text,json,X-1,separate: update mechanism,measured,2,1,True,False,,True,112.11,,0.435,0.321,113.484,15.09,128.89499999999998,216.446,1925,2484878,283,,2507200,22322,1927.0,284.0,2490321.0,0.0,3.0,0.0,14.638999999995576,0.0,5429,48,348,61,0,3,6786.0,48.0,0.0,61.0,0.0,0.0,3.899999999997817,0.0,0.0,238.0,0.0,238.0,5000,238,10240000,10731520,491520.0,1310,24576,8192,0,0,0.0,0.0,0,499712,507904,8192,"{""access_log_json_w_i1a_record_validity"":65536,""access_log_json_w_i1b_entity_type_code"":57344,""access_log_json_w_i1c_status_code"":57344,""access_log_json_w_i1d_latitude_degrees"":147456,""access_log_json_w_i1e_event_timestamp_utc"":180224,""access_log_json_w_pkey"":131072}",1,1,0,0,8434066,8434304,0,397664,397664,0,4,ModifyTable on access_log_json_w [Hash Join [Seq Scan on access_log_json_w; Hash [Bitmap Heap Scan on expected_update [Bitmap Index Scan using expected_update_pkey]]]]
1,UB-R238/UB-json-text/X-1/m03,UB-R238/UB-json-text/X-1,UB-R238,UB-json-text,UB-json-text,json,X-1,separate: update mechanism,measured,3,1,True,False,,True,100.863,,0.428,0.282,102.15,17.736,120.168,211.97,1925,2484878,283,,2507216,22338,1926.0,283.0,2484912.0,0.0,2.0,0.0,15.11699999999837,0.0,5429,48,348,61,0,3,6786.0,48.0,0.0,61.0,0.0,0.0,3.1369999999988067,0.0,0.0,238.0,0.0,238.0,5000,238,10240000,10731520,491520.0,1310,24576,8192,0,0,0.0,0.0,0,499712,507904,8192,"{""access_log_json_w_i1a_record_validity"":65536,""access_log_json_w_i1b_entity_type_code"":57344,""access_log_json_w_i1c_status_code"":57344,""access_log_json_w_i1d_latitude_degrees"":147456,""access_log_json_w_i1e_event_timestamp_utc"":180224,""access_log_json_w_pkey"":131072}",1,1,0,0,8434066,8434304,0,397664,397664,0,4,ModifyTable on access_log_json_w [Hash Join [Seq Scan on access_log_json_w; Hash [Bitmap Heap Scan on expected_update [Bitmap Index Scan using expected_update_pkey]]]]
1,UB-R238/UB-json-cast/X-1/m03,UB-R238/UB-json-cast/X-1,UB-R238,UB-json-cast,UB-json-cast,json,X-1,separate: update mechanism,measured,3,1,True,False,,True,121.355,,0.331,0.277,122.507,5.022,127.80600000000001,195.73,1925,2520817,283,,2543256,22439,1926.0,283.0,2520851.0,0.0,2.0,0.0,4.6820000000006985,0.0,5429,48,348,61,0,3,6786.0,48.0,0.0,61.0,0.0,0.0,2.798000000002503,0.0,0.0,238.0,0.0,238.0,5000,238,10240000,10731520,491520.0,1310,24576,8192,0,0,0.0,0.0,0,499712,507904,8192,"{""access_log_json_w_i1a_record_validity"":65536,""access_log_json_w_i1b_entity_type_code"":57344,""access_log_json_w_i1c_status_code"":57344,""access_log_json_w_i1d_latitude_degrees"":147456,""access_log_json_w_i1e_event_timestamp_utc"":180224,""access_log_json_w_pkey"":131072}",1,1,0,0,8434066,8470242,238,433602,397664,0,4,ModifyTable on access_log_json_w [Hash Join [Seq Scan on access_log_json_w; Hash [Bitmap Heap Scan on expected_update [Bitmap Index Scan using expected_update_pkey]]]]
1,UB-R238/UB-jsonb/X-1/m03,UB-R238/UB-jsonb/X-1,UB-R238,UB-jsonb,UB-jsonb,jsonb,X-1,separate: update mechanism,measured,3,1,True,False,,True,39.796,,0.422,0.351,41.217,5.508,47.076,125.852,1925,2626690,286,,2649088,22398,1926.0,286.0,2626724.0,0.0,1.0,0.0,5.130999999993946,0.0,5168,50,341,51,0,3,6259.0,50.0,0.0,51.0,0.0,0.0,2.8060000000004948,0.0,0.0,238.0,0.0,237.0,10000,238,8036352,8445952,409600.0,1031,24576,8192,0,0,0.0,0.0,0,499712,507904,8192,"{""access_log_jsonb_w_i1a_record_validity"":65536,""access_log_jsonb_w_i1b_entity_type_code"":57344,""access_log_jsonb_w_i1c_status_code"":57344,""access_log_jsonb_w_i1d_latitude_degrees"":147456,""access_log_jsonb_w_i1e_event_timestamp_utc"":180224,""access_log_jsonb_w_pkey"":131072}",2880,2880,0,0,7219683,7219827,,,,0,4,ModifyTable on access_log_jsonb_w [Hash Join [Seq Scan on access_log_jsonb_w; Hash [Bitmap Heap Scan on expected_update [Bitmap Index Scan using expected_update_pkey]]]]
1,UB-R238/UB-jsonb/X-1/m04,UB-R238/UB-jsonb/X-1,UB-R238,UB-jsonb,UB-jsonb,jsonb,X-1,separate: update mechanism,measured,4,1,True,False,,True,43.972,,0.413,0.35,45.307,19.405,65.06200000000001,146.746,1925,2626690,286,,2649104,22414,1926.0,286.0,2626724.0,0.0,2.0,0.0,16.426000000006752,0.0,5168,50,341,51,0,3,6259.0,50.0,0.0,51.0,0.0,0.0,2.808000000000902,0.0,0.0,238.0,0.0,237.0,10000,238,8036352,8445952,409600.0,1031,24576,8192,0,0,0.0,0.0,0,499712,507904,8192,"{""access_log_jsonb_w_i1a_record_validity"":65536,""access_log_jsonb_w_i1b_entity_type_code"":57344,""access_log_jsonb_w_i1c_status_code"":57344,""access_log_jsonb_w_i1d_latitude_degrees"":147456,""access_log_jsonb_w_i1e_event_timestamp_utc"":180224,""access_log_jsonb_w_pkey"":131072}",2880,2880,0,0,7219683,7219827,,,,0,4,ModifyTable on access_log_jsonb_w [Hash Join [Seq Scan on access_log_jsonb_w; Hash [Bitmap Heap Scan on expected_update [Bitmap Index Scan using expected_update_pkey]]]]
1,UB-R238/UB-json-cast/X-1/m04,UB-R238/UB-json-cast/X-1,UB-R238,UB-json-cast,UB-json-cast,json,X-1,separate: update mechanism,measured,4,1,True,False,,True,124.079,,0.419,0.287,125.32,15.2,140.807,234.847,1925,2520817,283,,2543232,22415,1926.0,283.0,2520851.0,0.0,2.0,0.0,14.809999999997672,0.0,5429,48,348,61,0,3,6832.0,48.0,0.0,61.0,0.0,0.0,2.6339999999981956,0.0,0.0,238.0,0.0,238.0,5000,238,10240000,10731520,491520.0,1310,24576,8192,0,0,0.0,0.0,0,499712,507904,8192,"{""access_log_json_w_i1a_record_validity"":65536,""access_log_json_w_i1b_entity_type_code"":57344,""access_log_json_w_i1c_status_code"":57344,""access_log_json_w_i1d_latitude_degrees"":147456,""access_log_json_w_i1e_event_timestamp_utc"":180224,""access_log_json_w_pkey"":131072}",1,1,0,0,8434066,8470242,238,433602,397664,0,4,ModifyTable on access_log_json_w [Hash Join [Seq Scan on access_log_json_w; Hash [Bitmap Heap Scan on expected_update [Bitmap Index Scan using expected_update_pkey]]]]
1,UB-R238/UB-json-text/X-1/m04,UB-R238/UB-json-text/X-1,UB-R238,UB-json-text,UB-json-text,json,X-1,separate: update mechanism,measured,4,1,True,False,,True,100.825,,0.38,0.271,102.059,15.515,117.845,216.006,1925,2484878,283,,2507200,22322,1927.0,284.0,2490305.0,0.0,3.0,0.0,15.11600000000908,0.0,5429,48,348,61,0,3,6786.0,48.0,0.0,61.0,0.0,0.0,3.812000000001717,0.0,0.0,238.0,0.0,238.0,5000,238,10240000,10731520,491520.0,1310,24576,8192,0,0,0.0,0.0,0,499712,507904,8192,"{""access_log_json_w_i1a_record_validity"":65536,""access_log_json_w_i1b_entity_type_code"":57344,""access_log_json_w_i1c_status_code"":57344,""access_log_json_w_i1d_latitude_degrees"":147456,""access_log_json_w_i1e_event_timestamp_utc"":180224,""access_log_json_w_pkey"":131072}",1,1,0,0,8434066,8434304,0,397664,397664,0,4,ModifyTable on access_log_json_w [Hash Join [Seq Scan on access_log_json_w; Hash [Bitmap Heap Scan on expected_update [Bitmap Index Scan using expected_update_pkey]]]]
1,UB-R238/UB-json-text/X-1/m05,UB-R238/UB-json-text/X-1,UB-R238,UB-json-text,UB-json-text,json,X-1,separate: update mechanism,measured,5,1,True,False,,True,116.62,,0.405,0.303,117.898,15.104,133.305,219.884,1925,2484878,283,,2507200,22322,1926.0,283.0,2484912.0,0.0,2.0,0.0,14.701000000000931,0.0,5429,48,348,61,0,3,6786.0,48.0,0.0,61.0,0.0,0.0,3.2440000000024156,0.0,0.0,238.0,0.0,238.0,5000,238,10240000,10731520,491520.0,1310,24576,8192,0,0,0.0,0.0,0,499712,507904,8192,"{""access_log_json_w_i1a_record_validity"":65536,""access_log_json_w_i1b_entity_type_code"":57344,""access_log_json_w_i1c_status_code"":57344,""access_log_json_w_i1d_latitude_degrees"":147456,""access_log_json_w_i1e_event_timestamp_utc"":180224,""access_log_json_w_pkey"":131072}",1,1,0,0,8434066,8434304,0,397664,397664,0,4,ModifyTable on access_log_json_w [Hash Join [Seq Scan on access_log_json_w; Hash [Bitmap Heap Scan on expected_update [Bitmap Index Scan using expected_update_pkey]]]]
1,UB-R238/UB-json-cast/X-1/m05,UB-R238/UB-json-cast/X-1,UB-R238,UB-json-cast,UB-json-cast,json,X-1,separate: update mechanism,measured,5,1,True,False,,True,140.965,,0.419,0.344,142.279,7.455,150.078,236.294,1925,2520817,283,,2543272,22455,1926.0,283.0,2520851.0,0.0,2.0,0.0,4.902999999991152,0.0,5429,48,348,61,0,3,6786.0,48.0,0.0,61.0,0.0,0.0,3.5199999999967986,0.0,0.0,238.0,0.0,238.0,5000,238,10240000,10731520,491520.0,1310,24576,8192,0,0,0.0,0.0,0,499712,507904,8192,"{""access_log_json_w_i1a_record_validity"":65536,""access_log_json_w_i1b_entity_type_code"":57344,""access_log_json_w_i1c_status_code"":57344,""access_log_json_w_i1d_latitude_degrees"":147456,""access_log_json_w_i1e_event_timestamp_utc"":180224,""access_log_json_w_pkey"":131072}",1,1,0,0,8434066,8470242,238,433602,397664,0,4,ModifyTable on access_log_json_w [Hash Join [Seq Scan on access_log_json_w; Hash [Bitmap Heap Scan on expected_update [Bitmap Index Scan using expected_update_pkey]]]]
1,UB-R238/UB-jsonb/X-1/m05,UB-R238/UB-jsonb/X-1,UB-R238,UB-jsonb,UB-jsonb,jsonb,X-1,separate: update mechanism,measured,5,1,True,False,,True,38.996,,0.408,0.305,40.289,23.055,63.649,143.943,1925,2626690,286,,2649088,22398,1926.0,286.0,2626724.0,0.0,1.0,0.0,22.60800000000745,0.0,5168,50,341,51,0,3,6259.0,50.0,0.0,51.0,0.0,0.0,2.7950000000018917,0.0,0.0,238.0,0.0,237.0,10000,238,8036352,8445952,409600.0,1031,24576,8192,0,0,0.0,0.0,0,499712,507904,8192,"{""access_log_jsonb_w_i1a_record_validity"":65536,""access_log_jsonb_w_i1b_entity_type_code"":57344,""access_log_jsonb_w_i1c_status_code"":57344,""access_log_jsonb_w_i1d_latitude_degrees"":147456,""access_log_jsonb_w_i1e_event_timestamp_utc"":180224,""access_log_jsonb_w_pkey"":131072}",2880,2880,0,0,7219683,7219827,,,,0,4,ModifyTable on access_log_jsonb_w [Hash Join [Seq Scan on access_log_jsonb_w; Hash [Bitmap Heap Scan on expected_update [Bitmap Index Scan using expected_update_pkey]]]]
1,UB-R238/UB-jsonb/X-1/m06,UB-R238/UB-jsonb/X-1,UB-R238,UB-jsonb,UB-jsonb,jsonb,X-1,separate: update mechanism,measured,6,1,True,False,,True,37.845,,0.414,0.3,39.149,16.234,55.683,133.903,1925,2626690,286,,2649088,22398,1926.0,286.0,2626724.0,0.0,2.0,0.0,15.794999999998254,0.0,5168,50,341,51,0,3,6259.0,50.0,0.0,51.0,0.0,0.0,2.583999999998923,0.0,0.0,238.0,0.0,237.0,10000,238,8036352,8445952,409600.0,1031,24576,8192,0,0,0.0,0.0,0,499712,507904,8192,"{""access_log_jsonb_w_i1a_record_validity"":65536,""access_log_jsonb_w_i1b_entity_type_code"":57344,""access_log_jsonb_w_i1c_status_code"":57344,""access_log_jsonb_w_i1d_latitude_degrees"":147456,""access_log_jsonb_w_i1e_event_timestamp_utc"":180224,""access_log_jsonb_w_pkey"":131072}",2880,2880,0,0,7219683,7219827,,,,0,4,ModifyTable on access_log_jsonb_w [Hash Join [Seq Scan on access_log_jsonb_w; Hash [Bitmap Heap Scan on expected_update [Bitmap Index Scan using expected_update_pkey]]]]
1,UB-R238/UB-json-cast/X-1/m06,UB-R238/UB-json-cast/X-1,UB-R238,UB-json-cast,UB-json-cast,json,X-1,separate: update mechanism,measured,6,1,True,False,,True,120.934,,0.4,0.32,122.188,6.022,128.53,206.205,1925,2520817,283,,2543272,22455,1927.0,284.0,2526252.0,0.0,2.0,0.0,3.919000000008964,0.0,5429,48,348,61,0,3,6788.0,48.0,0.0,61.0,0.0,0.0,2.563000000001921,0.0,0.0,238.0,0.0,238.0,5000,238,10240000,10731520,491520.0,1310,24576,8192,0,0,0.0,0.0,0,499712,507904,8192,"{""access_log_json_w_i1a_record_validity"":65536,""access_log_json_w_i1b_entity_type_code"":57344,""access_log_json_w_i1c_status_code"":57344,""access_log_json_w_i1d_latitude_degrees"":147456,""access_log_json_w_i1e_event_timestamp_utc"":180224,""access_log_json_w_pkey"":131072}",1,1,0,0,8434066,8470242,238,433602,397664,0,4,ModifyTable on access_log_json_w [Hash Join [Seq Scan on access_log_json_w; Hash [Bitmap Heap Scan on expected_update [Bitmap Index Scan using expected_update_pkey]]]]
1,UB-R238/UB-json-text/X-1/m06,UB-R238/UB-json-text/X-1,UB-R238,UB-json-text,UB-json-text,json,X-1,separate: update mechanism,measured,6,1,True,False,,True,104.945,,0.434,0.307,106.212,3.441,109.96000000000001,182.403,1925,2484878,283,,2507200,22322,1926.0,283.0,2484912.0,0.0,2.0,0.0,3.0939999999973224,0.0,5429,48,348,61,0,3,6786.0,48.0,0.0,61.0,0.0,0.0,3.599999999998545,0.0,0.0,238.0,0.0,238.0,5000,238,10240000,10731520,491520.0,1310,24576,8192,0,0,0.0,0.0,0,499712,507904,8192,"{""access_log_json_w_i1a_record_validity"":65536,""access_log_json_w_i1b_entity_type_code"":57344,""access_log_json_w_i1c_status_code"":57344,""access_log_json_w_i1d_latitude_degrees"":147456,""access_log_json_w_i1e_event_timestamp_utc"":180224,""access_log_json_w_pkey"":131072}",1,1,0,0,8434066,8434304,0,397664,397664,0,4,ModifyTable on access_log_json_w [Hash Join [Seq Scan on access_log_json_w; Hash [Bitmap Heap Scan on expected_update [Bitmap Index Scan using expected_update_pkey]]]]
1,UB-R238/UB-json-text/X-1/m07,UB-R238/UB-json-text/X-1,UB-R238,UB-json-text,UB-json-text,json,X-1,separate: update mechanism,measured,7,1,True,False,,True,106.986,,0.424,0.294,108.305,5.02,113.619,193.827,1925,2484878,283,,2507200,22322,1926.0,283.0,2484912.0,0.0,2.0,0.0,4.680000000007567,0.0,5429,48,348,61,0,3,6786.0,48.0,0.0,61.0,0.0,0.0,3.3400000000001455,0.0,0.0,238.0,0.0,238.0,5000,238,10240000,10731520,491520.0,1310,24576,8192,0,0,0.0,0.0,0,499712,507904,8192,"{""access_log_json_w_i1a_record_validity"":65536,""access_log_json_w_i1b_entity_type_code"":57344,""access_log_json_w_i1c_status_code"":57344,""access_log_json_w_i1d_latitude_degrees"":147456,""access_log_json_w_i1e_event_timestamp_utc"":180224,""access_log_json_w_pkey"":131072}",1,1,0,0,8434066,8434304,0,397664,397664,0,4,ModifyTable on access_log_json_w [Hash Join [Seq Scan on access_log_json_w; Hash [Bitmap Heap Scan on expected_update [Bitmap Index Scan using expected_update_pkey]]]]
1,UB-R238/UB-json-cast/X-1/m07,UB-R238/UB-json-cast/X-1,UB-R238,UB-json-cast,UB-json-cast,json,X-1,separate: update mechanism,measured,7,1,True,False,,True,132.779,,0.421,0.292,134.029,14.739,149.06,220.027,1925,2520817,283,,2543256,22439,1926.0,283.0,2520851.0,0.0,2.0,0.0,14.372999999992317,0.0,5429,48,348,61,0,3,6786.0,48.0,0.0,61.0,0.0,0.0,2.730999999999767,0.0,0.0,238.0,0.0,238.0,5000,238,10240000,10731520,491520.0,1310,24576,8192,0,0,0.0,0.0,0,499712,507904,8192,"{""access_log_json_w_i1a_record_validity"":65536,""access_log_json_w_i1b_entity_type_code"":57344,""access_log_json_w_i1c_status_code"":57344,""access_log_json_w_i1d_latitude_degrees"":147456,""access_log_json_w_i1e_event_timestamp_utc"":180224,""access_log_json_w_pkey"":131072}",1,1,0,0,8434066,8470242,238,433602,397664,0,4,ModifyTable on access_log_json_w [Hash Join [Seq Scan on access_log_json_w; Hash [Bitmap Heap Scan on expected_update [Bitmap Index Scan using expected_update_pkey]]]]
1,UB-R238/UB-jsonb/X-1/m07,UB-R238/UB-jsonb/X-1,UB-R238,UB-jsonb,UB-jsonb,jsonb,X-1,separate: update mechanism,measured,7,1,True,False,,True,33.59,,0.426,0.336,34.824,14.049,49.208999999999996,129.188,1925,2626690,286,,2649088,22398,1927.0,287.0,2632113.0,0.0,1.0,0.0,13.710999999995693,0.0,5168,50,341,51,0,3,6259.0,50.0,0.0,51.0,0.0,0.0,2.3629999999975553,0.0,0.0,238.0,0.0,237.0,10000,238,8036352,8445952,409600.0,1031,24576,8192,0,0,0.0,0.0,0,499712,507904,8192,"{""access_log_jsonb_w_i1a_record_validity"":65536,""access_log_jsonb_w_i1b_entity_type_code"":57344,""access_log_jsonb_w_i1c_status_code"":57344,""access_log_jsonb_w_i1d_latitude_degrees"":147456,""access_log_jsonb_w_i1e_event_timestamp_utc"":180224,""access_log_jsonb_w_pkey"":131072}",2880,2880,0,0,7219683,7219827,,,,0,4,ModifyTable on access_log_jsonb_w [Hash Join [Seq Scan on access_log_jsonb_w; Hash [Bitmap Heap Scan on expected_update [Bitmap Index Scan using expected_update_pkey]]]]
1,UB-R238/UB-jsonb/X-1/m08,UB-R238/UB-jsonb/X-1,UB-R238,UB-jsonb,UB-jsonb,jsonb,X-1,separate: update mechanism,measured,8,1,True,False,,True,39.275,,0.416,0.357,40.742,16.123,57.221999999999994,136.748,1925,2626690,286,,2649088,22398,1926.0,286.0,2626724.0,0.0,2.0,0.0,15.713000000003376,0.0,5168,50,341,51,0,3,6283.0,50.0,0.0,51.0,0.0,0.0,2.6669999999976426,0.0,0.0,238.0,0.0,237.0,10000,238,8036352,8445952,409600.0,1031,24576,8192,0,0,0.0,0.0,0,499712,507904,8192,"{""access_log_jsonb_w_i1a_record_validity"":65536,""access_log_jsonb_w_i1b_entity_type_code"":57344,""access_log_jsonb_w_i1c_status_code"":57344,""access_log_jsonb_w_i1d_latitude_degrees"":147456,""access_log_jsonb_w_i1e_event_timestamp_utc"":180224,""access_log_jsonb_w_pkey"":131072}",2880,2880,0,0,7219683,7219827,,,,0,4,ModifyTable on access_log_jsonb_w [Hash Join [Seq Scan on access_log_jsonb_w; Hash [Bitmap Heap Scan on expected_update [Bitmap Index Scan using expected_update_pkey]]]]
1,UB-R238/UB-json-cast/X-1/m08,UB-R238/UB-json-cast/X-1,UB-R238,UB-json-cast,UB-json-cast,json,X-1,separate: update mechanism,measured,8,1,True,False,,True,136.846,,0.416,0.375,138.097,2.996,141.46800000000002,235.424,1925,2520817,283,,2543232,22415,1926.0,283.0,2520851.0,0.0,2.0,0.0,2.6670000000012806,0.0,5429,48,348,61,0,3,6788.0,48.0,0.0,61.0,0.0,0.0,2.9730000000017753,0.0,0.0,238.0,0.0,238.0,5000,238,10240000,10731520,491520.0,1310,24576,8192,0,0,0.0,0.0,0,499712,507904,8192,"{""access_log_json_w_i1a_record_validity"":65536,""access_log_json_w_i1b_entity_type_code"":57344,""access_log_json_w_i1c_status_code"":57344,""access_log_json_w_i1d_latitude_degrees"":147456,""access_log_json_w_i1e_event_timestamp_utc"":180224,""access_log_json_w_pkey"":131072}",1,1,0,0,8434066,8470242,238,433602,397664,0,4,ModifyTable on access_log_json_w [Hash Join [Seq Scan on access_log_json_w; Hash [Bitmap Heap Scan on expected_update [Bitmap Index Scan using expected_update_pkey]]]]
1,UB-R238/UB-json-text/X-1/m08,UB-R238/UB-json-text/X-1,UB-R238,UB-json-text,UB-json-text,json,X-1,separate: update mechanism,measured,8,1,True,False,,True,112.382,,0.453,0.367,113.704,17.418,131.489,223.64,1925,2484878,283,,2507216,22338,1926.0,283.0,2484912.0,0.0,2.0,0.0,15.16700000000128,0.0,5429,48,348,61,0,3,6786.0,48.0,0.0,61.0,0.0,0.0,3.510999999998603,0.0,0.0,238.0,0.0,238.0,5000,238,10240000,10731520,491520.0,1310,24576,8192,0,0,0.0,0.0,0,499712,507904,8192,"{""access_log_json_w_i1a_record_validity"":65536,""access_log_json_w_i1b_entity_type_code"":57344,""access_log_json_w_i1c_status_code"":57344,""access_log_json_w_i1d_latitude_degrees"":147456,""access_log_json_w_i1e_event_timestamp_utc"":180224,""access_log_json_w_pkey"":131072}",1,1,0,0,8434066,8434304,0,397664,397664,0,4,ModifyTable on access_log_json_w [Hash Join [Seq Scan on access_log_json_w; Hash [Bitmap Heap Scan on expected_update [Bitmap Index Scan using expected_update_pkey]]]]
1,UB-R238/UB-json-text/X-1/m09,UB-R238/UB-json-text/X-1,UB-R238,UB-json-text,UB-json-text,json,X-1,separate: update mechanism,measured,9,1,True,False,,True,110.948,,0.42,0.439,112.379,15.542,128.35999999999999,217.617,1925,2484878,283,,2507200,22322,1927.0,284.0,2490309.0,0.0,3.0,0.0,15.086999999999534,0.0,5429,48,348,61,0,3,6786.0,48.0,0.0,61.0,0.0,0.0,3.1929999999993015,0.0,0.0,238.0,0.0,238.0,5000,238,10240000,10731520,491520.0,1310,24576,8192,0,0,0.0,0.0,0,499712,507904,8192,"{""access_log_json_w_i1a_record_validity"":65536,""access_log_json_w_i1b_entity_type_code"":57344,""access_log_json_w_i1c_status_code"":57344,""access_log_json_w_i1d_latitude_degrees"":147456,""access_log_json_w_i1e_event_timestamp_utc"":180224,""access_log_json_w_pkey"":131072}",1,1,0,0,8434066,8434304,0,397664,397664,0,4,ModifyTable on access_log_json_w [Hash Join [Seq Scan on access_log_json_w; Hash [Bitmap Heap Scan on expected_update [Bitmap Index Scan using expected_update_pkey]]]]
1,UB-R238/UB-json-cast/X-1/m09,UB-R238/UB-json-cast/X-1,UB-R238,UB-json-cast,UB-json-cast,json,X-1,separate: update mechanism,measured,9,1,True,False,,True,126.687,,0.584,0.321,128.116,12.999,141.436,221.725,1925,2520817,283,,2543232,22415,1926.0,283.0,2520851.0,0.0,2.0,0.0,12.76699999999255,0.0,5429,48,348,61,0,3,6788.0,48.0,0.0,61.0,0.0,0.0,2.382000000001426,0.0,0.0,238.0,0.0,238.0,5000,238,10240000,10731520,491520.0,1310,24576,8192,0,0,0.0,0.0,0,499712,507904,8192,"{""access_log_json_w_i1a_record_validity"":65536,""access_log_json_w_i1b_entity_type_code"":57344,""access_log_json_w_i1c_status_code"":57344,""access_log_json_w_i1d_latitude_degrees"":147456,""access_log_json_w_i1e_event_timestamp_utc"":180224,""access_log_json_w_pkey"":131072}",1,1,0,0,8434066,8470242,238,433602,397664,0,4,ModifyTable on access_log_json_w [Hash Join [Seq Scan on access_log_json_w; Hash [Bitmap Heap Scan on expected_update [Bitmap Index Scan using expected_update_pkey]]]]
1,UB-R238/UB-jsonb/X-1/m09,UB-R238/UB-jsonb/X-1,UB-R238,UB-jsonb,UB-jsonb,jsonb,X-1,separate: update mechanism,measured,9,1,True,False,,True,33.894,,0.328,0.229,35.046,1.722,36.997,106.139,1925,2626690,286,,2649088,22398,1926.0,286.0,2626724.0,0.0,2.0,0.0,1.3509999999951106,0.0,5168,50,341,51,0,3,6261.0,50.0,0.0,51.0,0.0,0.0,2.33100000000195,0.0,0.0,238.0,0.0,237.0,5000,238,8036352,8445952,409600.0,1031,24576,8192,0,0,0.0,0.0,0,499712,507904,8192,"{""access_log_jsonb_w_i1a_record_validity"":65536,""access_log_jsonb_w_i1b_entity_type_code"":57344,""access_log_jsonb_w_i1c_status_code"":57344,""access_log_jsonb_w_i1d_latitude_degrees"":147456,""access_log_jsonb_w_i1e_event_timestamp_utc"":180224,""access_log_jsonb_w_pkey"":131072}",2880,2880,0,0,7219683,7219827,,,,0,4,ModifyTable on access_log_jsonb_w [Hash Join [Seq Scan on access_log_jsonb_w; Hash [Bitmap Heap Scan on expected_update [Bitmap Index Scan using expected_update_pkey]]]]
1,UB-R238/UB-jsonb/X-1/m10,UB-R238/UB-jsonb/X-1,UB-R238,UB-jsonb,UB-jsonb,jsonb,X-1,separate: update mechanism,measured,10,1,True,False,,True,32.05,,0.356,0.273,33.224,15.888,49.385,114.496,1925,2626690,286,,2649816,23126,1927.0,287.0,2627425.0,0.0,2.0,0.0,15.54299999999057,0.0,5168,50,341,51,0,3,6261.0,50.0,0.0,51.0,0.0,0.0,2.382000000001426,0.0,0.0,238.0,0.0,237.0,10000,238,8036352,8445952,409600.0,1031,24576,8192,0,0,0.0,0.0,0,499712,507904,8192,"{""access_log_jsonb_w_i1a_record_validity"":65536,""access_log_jsonb_w_i1b_entity_type_code"":57344,""access_log_jsonb_w_i1c_status_code"":57344,""access_log_jsonb_w_i1d_latitude_degrees"":147456,""access_log_jsonb_w_i1e_event_timestamp_utc"":180224,""access_log_jsonb_w_pkey"":131072}",2880,2880,0,0,7219683,7219827,,,,0,4,ModifyTable on access_log_jsonb_w [Hash Join [Seq Scan on access_log_jsonb_w; Hash [Bitmap Heap Scan on expected_update [Bitmap Index Scan using expected_update_pkey]]]]
1,UB-R238/UB-json-cast/X-1/m10,UB-R238/UB-json-cast/X-1,UB-R238,UB-json-cast,UB-json-cast,json,X-1,separate: update mechanism,measured,10,1,True,False,,True,132.131,,0.41,0.328,133.39,15.113,148.831,229.719,1925,2520817,283,,2543232,22415,1929.0,286.0,2531258.0,0.0,3.0,0.0,14.626000000003842,0.0,5429,48,348,61,0,3,6837.0,48.0,0.0,61.0,0.0,0.0,3.657999999999447,0.0,0.0,238.0,0.0,238.0,5000,238,10240000,10731520,491520.0,1310,24576,8192,0,0,0.0,0.0,0,499712,507904,8192,"{""access_log_json_w_i1a_record_validity"":65536,""access_log_json_w_i1b_entity_type_code"":57344,""access_log_json_w_i1c_status_code"":57344,""access_log_json_w_i1d_latitude_degrees"":147456,""access_log_json_w_i1e_event_timestamp_utc"":180224,""access_log_json_w_pkey"":131072}",1,1,0,0,8434066,8470242,238,433602,397664,0,4,ModifyTable on access_log_json_w [Hash Join [Seq Scan on access_log_json_w; Hash [Bitmap Heap Scan on expected_update [Bitmap Index Scan using expected_update_pkey]]]]
1,UB-R238/UB-json-text/X-1/m10,UB-R238/UB-json-text/X-1,UB-R238,UB-json-text,UB-json-text,json,X-1,separate: update mechanism,measured,10,1,True,False,,True,116.919,,0.411,0.325,118.301,15.449,134.07500000000002,218.575,1925,2484878,283,,2507200,22322,1927.0,284.0,2489033.0,0.0,2.0,0.0,14.995999999999185,0.0,5429,48,348,61,0,3,6794.0,48.0,0.0,61.0,0.0,0.0,3.587999999999738,0.0,0.0,238.0,0.0,238.0,5000,238,10240000,10731520,491520.0,1310,24576,8192,0,0,0.0,0.0,0,499712,507904,8192,"{""access_log_json_w_i1a_record_validity"":65536,""access_log_json_w_i1b_entity_type_code"":57344,""access_log_json_w_i1c_status_code"":57344,""access_log_json_w_i1d_latitude_degrees"":147456,""access_log_json_w_i1e_event_timestamp_utc"":180224,""access_log_json_w_pkey"":131072}",1,1,0,0,8434066,8434304,0,397664,397664,0,4,ModifyTable on access_log_json_w [Hash Join [Seq Scan on access_log_json_w; Hash [Bitmap Heap Scan on expected_update [Bitmap Index Scan using expected_update_pkey]]]]
1,UB-R238/UB-json-text/X-1/m11,UB-R238/UB-json-text/X-1,UB-R238,UB-json-text,UB-json-text,json,X-1,separate: update mechanism,measured,11,1,True,False,,True,100.341,,0.346,0.291,101.467,7.933,109.691,175.01,1925,2484878,283,,2507272,22394,1927.0,284.0,2489057.0,0.0,3.0,0.0,5.740000000005239,0.0,5429,48,348,61,0,3,6790.0,48.0,0.0,61.0,0.0,0.0,2.951999999997497,0.0,0.0,238.0,0.0,238.0,5000,238,10240000,10731520,491520.0,1310,24576,8192,0,0,0.0,0.0,0,499712,507904,8192,"{""access_log_json_w_i1a_record_validity"":65536,""access_log_json_w_i1b_entity_type_code"":57344,""access_log_json_w_i1c_status_code"":57344,""access_log_json_w_i1d_latitude_degrees"":147456,""access_log_json_w_i1e_event_timestamp_utc"":180224,""access_log_json_w_pkey"":131072}",1,1,0,0,8434066,8434304,0,397664,397664,0,4,ModifyTable on access_log_json_w [Hash Join [Seq Scan on access_log_json_w; Hash [Bitmap Heap Scan on expected_update [Bitmap Index Scan using expected_update_pkey]]]]
1,UB-R238/UB-json-cast/X-1/m11,UB-R238/UB-json-cast/X-1,UB-R238,UB-json-cast,UB-json-cast,json,X-1,separate: update mechanism,measured,11,1,True,False,,True,131.598,,0.459,0.3,132.905,13.813,147.018,229.043,1925,2520817,283,,2548568,27751,1928.0,285.0,2530321.0,0.0,3.0,0.0,13.39900000000489,0.0,5429,48,348,61,0,3,6790.0,48.0,0.0,61.0,0.0,0.0,2.7409999999945285,0.0,0.0,238.0,0.0,238.0,5000,238,10240000,10731520,491520.0,1310,24576,8192,0,0,0.0,0.0,0,499712,507904,8192,"{""access_log_json_w_i1a_record_validity"":65536,""access_log_json_w_i1b_entity_type_code"":57344,""access_log_json_w_i1c_status_code"":57344,""access_log_json_w_i1d_latitude_degrees"":147456,""access_log_json_w_i1e_event_timestamp_utc"":180224,""access_log_json_w_pkey"":131072}",1,1,0,0,8434066,8470242,238,433602,397664,0,4,ModifyTable on access_log_json_w [Hash Join [Seq Scan on access_log_json_w; Hash [Bitmap Heap Scan on expected_update [Bitmap Index Scan using expected_update_pkey]]]]
1,UB-R238/UB-jsonb/X-1/m11,UB-R238/UB-jsonb/X-1,UB-R238,UB-jsonb,UB-jsonb,jsonb,X-1,separate: update mechanism,measured,11,1,True,False,,True,40.22,,0.418,0.359,41.599,15.195,57.153,149.571,1925,2626690,286,,2649088,22398,1926.0,286.0,2626724.0,0.0,1.0,0.0,14.692999999999302,0.0,5168,50,341,51,0,3,6261.0,50.0,0.0,51.0,0.0,0.0,2.8099999999976717,0.0,0.0,238.0,0.0,237.0,10000,238,8036352,8445952,409600.0,1031,24576,8192,0,0,0.0,0.0,0,499712,507904,8192,"{""access_log_jsonb_w_i1a_record_validity"":65536,""access_log_jsonb_w_i1b_entity_type_code"":57344,""access_log_jsonb_w_i1c_status_code"":57344,""access_log_jsonb_w_i1d_latitude_degrees"":147456,""access_log_jsonb_w_i1e_event_timestamp_utc"":180224,""access_log_jsonb_w_pkey"":131072}",2880,2880,0,0,7219683,7219827,,,,0,4,ModifyTable on access_log_jsonb_w [Hash Join [Seq Scan on access_log_jsonb_w; Hash [Bitmap Heap Scan on expected_update [Bitmap Index Scan using expected_update_pkey]]]]
1,UB-R238/UB-jsonb/X-1/m12,UB-R238/UB-jsonb/X-1,UB-R238,UB-jsonb,UB-jsonb,jsonb,X-1,separate: update mechanism,measured,12,1,True,False,,True,37.094,,0.446,0.311,38.395,17.557,56.263000000000005,163.671,1925,2626690,286,,2649104,22414,1926.0,286.0,2626724.0,0.0,2.0,0.0,15.338000000003376,0.0,5168,50,341,51,0,3,6259.0,50.0,0.0,51.0,0.0,0.0,2.6450000000040745,0.0,0.0,238.0,0.0,237.0,10000,238,8036352,8445952,409600.0,1031,24576,8192,0,0,0.0,0.0,0,499712,507904,8192,"{""access_log_jsonb_w_i1a_record_validity"":65536,""access_log_jsonb_w_i1b_entity_type_code"":57344,""access_log_jsonb_w_i1c_status_code"":57344,""access_log_jsonb_w_i1d_latitude_degrees"":147456,""access_log_jsonb_w_i1e_event_timestamp_utc"":180224,""access_log_jsonb_w_pkey"":131072}",2880,2880,0,0,7219683,7219827,,,,0,4,ModifyTable on access_log_jsonb_w [Hash Join [Seq Scan on access_log_jsonb_w; Hash [Bitmap Heap Scan on expected_update [Bitmap Index Scan using expected_update_pkey]]]]
1,UB-R238/UB-json-cast/X-1/m12,UB-R238/UB-json-cast/X-1,UB-R238,UB-json-cast,UB-json-cast,json,X-1,separate: update mechanism,measured,12,1,True,False,,True,124.186,,0.422,0.368,125.465,3.082,128.915,212.723,1925,2520817,283,,2543232,22415,1926.0,283.0,2520851.0,0.0,2.0,0.0,2.7890000000043074,0.0,5429,48,348,61,0,3,6790.0,48.0,0.0,61.0,0.0,0.0,3.2849999999962165,0.0,0.0,238.0,0.0,238.0,5000,238,10240000,10731520,491520.0,1310,24576,8192,0,0,0.0,0.0,0,499712,507904,8192,"{""access_log_json_w_i1a_record_validity"":65536,""access_log_json_w_i1b_entity_type_code"":57344,""access_log_json_w_i1c_status_code"":57344,""access_log_json_w_i1d_latitude_degrees"":147456,""access_log_json_w_i1e_event_timestamp_utc"":180224,""access_log_json_w_pkey"":131072}",1,1,0,0,8434066,8470242,238,433602,397664,0,4,ModifyTable on access_log_json_w [Hash Join [Seq Scan on access_log_json_w; Hash [Bitmap Heap Scan on expected_update [Bitmap Index Scan using expected_update_pkey]]]]
1,UB-R238/UB-json-text/X-1/m12,UB-R238/UB-json-text/X-1,UB-R238,UB-json-text,UB-json-text,json,X-1,separate: update mechanism,measured,12,1,True,False,,True,106.768,,0.423,0.315,108.113,2.712,111.14,209.542,1925,2484878,283,,2507200,22322,1926.0,283.0,2484912.0,0.0,2.0,0.0,2.372000000003027,0.0,5429,48,348,61,0,3,6790.0,48.0,0.0,61.0,0.0,0.0,3.1739999999990687,0.0,0.0,238.0,0.0,238.0,5000,238,10240000,10731520,491520.0,1310,24576,8192,0,0,0.0,0.0,0,499712,507904,8192,"{""access_log_json_w_i1a_record_validity"":65536,""access_log_json_w_i1b_entity_type_code"":57344,""access_log_json_w_i1c_status_code"":57344,""access_log_json_w_i1d_latitude_degrees"":147456,""access_log_json_w_i1e_event_timestamp_utc"":180224,""access_log_json_w_pkey"":131072}",1,1,0,0,8434066,8434304,0,397664,397664,0,4,ModifyTable on access_log_json_w [Hash Join [Seq Scan on access_log_json_w; Hash [Bitmap Heap Scan on expected_update [Bitmap Index Scan using expected_update_pkey]]]]
1,UB-R238/UB-json-text/X-1/m13,UB-R238/UB-json-text/X-1,UB-R238,UB-json-text,UB-json-text,json,X-1,separate: update mechanism,measured,13,1,True,False,,True,97.867,,0.41,0.346,99.055,15.746,115.147,193.228,1925,2484878,283,,2507200,22322,1926.0,283.0,2484912.0,0.0,2.0,0.0,15.347999999998137,0.0,5429,48,348,61,0,3,6790.0,48.0,0.0,61.0,0.0,0.0,2.550999999999476,0.0,0.0,238.0,0.0,238.0,5000,238,10240000,10731520,491520.0,1310,24576,8192,0,0,0.0,0.0,0,499712,507904,8192,"{""access_log_json_w_i1a_record_validity"":65536,""access_log_json_w_i1b_entity_type_code"":57344,""access_log_json_w_i1c_status_code"":57344,""access_log_json_w_i1d_latitude_degrees"":147456,""access_log_json_w_i1e_event_timestamp_utc"":180224,""access_log_json_w_pkey"":131072}",1,1,0,0,8434066,8434304,0,397664,397664,0,4,ModifyTable on access_log_json_w [Hash Join [Seq Scan on access_log_json_w; Hash [Bitmap Heap Scan on expected_update [Bitmap Index Scan using expected_update_pkey]]]]
1,UB-R238/UB-json-cast/X-1/m13,UB-R238/UB-json-cast/X-1,UB-R238,UB-json-cast,UB-json-cast,json,X-1,separate: update mechanism,measured,13,1,True,False,,True,137.076,,0.472,0.319,138.478,16.161,154.958,227.102,1925,2520817,283,,2548584,27767,1927.0,284.0,2526156.0,0.0,3.0,0.0,13.735000000000582,0.0,5429,48,348,61,0,3,6788.0,48.0,0.0,61.0,0.0,0.0,2.963999999999942,0.0,0.0,238.0,0.0,238.0,5000,238,10240000,10731520,491520.0,1310,24576,8192,0,0,0.0,0.0,0,499712,507904,8192,"{""access_log_json_w_i1a_record_validity"":65536,""access_log_json_w_i1b_entity_type_code"":57344,""access_log_json_w_i1c_status_code"":57344,""access_log_json_w_i1d_latitude_degrees"":147456,""access_log_json_w_i1e_event_timestamp_utc"":180224,""access_log_json_w_pkey"":131072}",1,1,0,0,8434066,8470242,238,433602,397664,0,4,ModifyTable on access_log_json_w [Hash Join [Seq Scan on access_log_json_w; Hash [Bitmap Heap Scan on expected_update [Bitmap Index Scan using expected_update_pkey]]]]
1,UB-R238/UB-jsonb/X-1/m13,UB-R238/UB-jsonb/X-1,UB-R238,UB-jsonb,UB-jsonb,jsonb,X-1,separate: update mechanism,measured,13,1,True,False,,True,44.115,,0.3,0.187,45.433,5.626,51.245999999999995,130.405,1925,2626690,286,,2649088,22398,1926.0,286.0,2626724.0,0.0,1.0,0.0,5.205999999991036,0.0,5168,50,341,51,0,3,6261.0,50.0,0.0,51.0,0.0,0.0,2.813000000001921,0.0,0.0,238.0,0.0,237.0,5000,238,8036352,8445952,409600.0,1031,24576,8192,0,0,0.0,0.0,0,499712,507904,8192,"{""access_log_jsonb_w_i1a_record_validity"":65536,""access_log_jsonb_w_i1b_entity_type_code"":57344,""access_log_jsonb_w_i1c_status_code"":57344,""access_log_jsonb_w_i1d_latitude_degrees"":147456,""access_log_jsonb_w_i1e_event_timestamp_utc"":180224,""access_log_jsonb_w_pkey"":131072}",2880,2880,0,0,7219683,7219827,,,,0,4,ModifyTable on access_log_jsonb_w [Hash Join [Seq Scan on access_log_jsonb_w; Hash [Bitmap Heap Scan on expected_update [Bitmap Index Scan using expected_update_pkey]]]]
1,UB-R238/UB-jsonb/X-1/m14,UB-R238/UB-jsonb/X-1,UB-R238,UB-jsonb,UB-jsonb,jsonb,X-1,separate: update mechanism,measured,14,1,True,False,,True,40.527,,0.407,0.296,41.887,6.439,48.622,128.759,1925,2626690,286,,2649088,22398,1926.0,286.0,2626724.0,0.0,2.0,0.0,6.038000000000466,0.0,5168,50,341,51,0,3,6261.0,50.0,0.0,51.0,0.0,0.0,2.536000000000058,0.0,0.0,238.0,0.0,237.0,5000,238,8036352,8445952,409600.0,1031,24576,8192,0,0,0.0,0.0,0,499712,507904,8192,"{""access_log_jsonb_w_i1a_record_validity"":65536,""access_log_jsonb_w_i1b_entity_type_code"":57344,""access_log_jsonb_w_i1c_status_code"":57344,""access_log_jsonb_w_i1d_latitude_degrees"":147456,""access_log_jsonb_w_i1e_event_timestamp_utc"":180224,""access_log_jsonb_w_pkey"":131072}",2880,2880,0,0,7219683,7219827,,,,0,4,ModifyTable on access_log_jsonb_w [Hash Join [Seq Scan on access_log_jsonb_w; Hash [Bitmap Heap Scan on expected_update [Bitmap Index Scan using expected_update_pkey]]]]
1,UB-R238/UB-json-cast/X-1/m14,UB-R238/UB-json-cast/X-1,UB-R238,UB-json-cast,UB-json-cast,json,X-1,separate: update mechanism,measured,14,1,True,False,,True,126.258,,0.41,0.404,127.524,5.709,133.637,216.349,1925,2520817,283,,2543272,22455,1926.0,283.0,2520851.0,0.0,2.0,0.0,3.264999999999418,0.0,5429,48,348,61,0,3,6790.0,48.0,0.0,61.0,0.0,0.0,3.61699999999837,0.0,0.0,238.0,0.0,238.0,5000,238,10240000,10731520,491520.0,1310,24576,8192,0,0,0.0,0.0,0,499712,507904,8192,"{""access_log_json_w_i1a_record_validity"":65536,""access_log_json_w_i1b_entity_type_code"":57344,""access_log_json_w_i1c_status_code"":57344,""access_log_json_w_i1d_latitude_degrees"":147456,""access_log_json_w_i1e_event_timestamp_utc"":180224,""access_log_json_w_pkey"":131072}",1,1,0,0,8434066,8470242,238,433602,397664,0,4,ModifyTable on access_log_json_w [Hash Join [Seq Scan on access_log_json_w; Hash [Bitmap Heap Scan on expected_update [Bitmap Index Scan using expected_update_pkey]]]]
1,UB-R238/UB-json-text/X-1/m14,UB-R238/UB-json-text/X-1,UB-R238,UB-json-text,UB-json-text,json,X-1,separate: update mechanism,measured,14,1,True,False,,True,109.189,,0.411,0.281,110.526,2.918,113.72500000000001,193.144,1925,2484878,283,,2507200,22322,1926.0,283.0,2484912.0,0.0,2.0,0.0,2.5390000000043074,0.0,5429,48,348,61,0,3,6788.0,48.0,0.0,61.0,0.0,0.0,3.1889999999984866,0.0,0.0,238.0,0.0,238.0,5000,238,10240000,10731520,491520.0,1310,24576,8192,0,0,0.0,0.0,0,499712,507904,8192,"{""access_log_json_w_i1a_record_validity"":65536,""access_log_json_w_i1b_entity_type_code"":57344,""access_log_json_w_i1c_status_code"":57344,""access_log_json_w_i1d_latitude_degrees"":147456,""access_log_json_w_i1e_event_timestamp_utc"":180224,""access_log_json_w_pkey"":131072}",1,1,0,0,8434066,8434304,0,397664,397664,0,4,ModifyTable on access_log_json_w [Hash Join [Seq Scan on access_log_json_w; Hash [Bitmap Heap Scan on expected_update [Bitmap Index Scan using expected_update_pkey]]]]
1,UB-R238/UB-json-text/X-1/m15,UB-R238/UB-json-text/X-1,UB-R238,UB-json-text,UB-json-text,json,X-1,separate: update mechanism,measured,15,1,True,False,,True,102.359,,0.413,0.374,103.731,4.413,108.51799999999999,192.511,1925,2484878,283,,2507200,22322,1926.0,283.0,2484912.0,0.0,3.0,0.0,4.038000000000466,0.0,5429,48,348,61,0,3,6788.0,48.0,0.0,61.0,0.0,0.0,2.7870000000039,0.0,0.0,238.0,0.0,238.0,5000,238,10240000,10731520,491520.0,1310,24576,8192,0,0,0.0,0.0,0,499712,507904,8192,"{""access_log_json_w_i1a_record_validity"":65536,""access_log_json_w_i1b_entity_type_code"":57344,""access_log_json_w_i1c_status_code"":57344,""access_log_json_w_i1d_latitude_degrees"":147456,""access_log_json_w_i1e_event_timestamp_utc"":180224,""access_log_json_w_pkey"":131072}",1,1,0,0,8434066,8434304,0,397664,397664,0,4,ModifyTable on access_log_json_w [Hash Join [Seq Scan on access_log_json_w; Hash [Bitmap Heap Scan on expected_update [Bitmap Index Scan using expected_update_pkey]]]]
1,UB-R238/UB-json-cast/X-1/m15,UB-R238/UB-json-cast/X-1,UB-R238,UB-json-cast,UB-json-cast,json,X-1,separate: update mechanism,measured,15,1,True,False,,True,141.954,,0.477,0.396,143.214,3.418,147.028,253.427,1925,2520817,283,,2548568,27751,1927.0,284.0,2526156.0,0.0,3.0,0.0,3.051000000006752,0.0,5429,48,348,61,0,3,6788.0,48.0,0.0,61.0,0.0,0.0,3.3770000000004075,0.0,0.0,238.0,0.0,238.0,5000,238,10240000,10731520,491520.0,1310,24576,8192,0,0,0.0,0.0,0,499712,507904,8192,"{""access_log_json_w_i1a_record_validity"":65536,""access_log_json_w_i1b_entity_type_code"":57344,""access_log_json_w_i1c_status_code"":57344,""access_log_json_w_i1d_latitude_degrees"":147456,""access_log_json_w_i1e_event_timestamp_utc"":180224,""access_log_json_w_pkey"":131072}",1,1,0,0,8434066,8470242,238,433602,397664,0,4,ModifyTable on access_log_json_w [Hash Join [Seq Scan on access_log_json_w; Hash [Bitmap Heap Scan on expected_update [Bitmap Index Scan using expected_update_pkey]]]]
1,UB-R238/UB-jsonb/X-1/m15,UB-R238/UB-jsonb/X-1,UB-R238,UB-jsonb,UB-jsonb,jsonb,X-1,separate: update mechanism,measured,15,1,True,False,,True,39.244,,0.45,0.351,40.633,3.516,44.5,134.566,1925,2626690,286,,2649112,22422,1926.0,286.0,2626724.0,0.0,2.0,0.0,3.1459999999933643,0.0,5168,50,341,51,0,3,6261.0,50.0,0.0,51.0,0.0,0.0,2.602999999995518,0.0,0.0,238.0,0.0,237.0,10000,238,8036352,8445952,409600.0,1031,24576,8192,0,0,0.0,0.0,0,499712,507904,8192,"{""access_log_jsonb_w_i1a_record_validity"":65536,""access_log_jsonb_w_i1b_entity_type_code"":57344,""access_log_jsonb_w_i1c_status_code"":57344,""access_log_jsonb_w_i1d_latitude_degrees"":147456,""access_log_jsonb_w_i1e_event_timestamp_utc"":180224,""access_log_jsonb_w_pkey"":131072}",2880,2880,0,0,7219683,7219827,,,,0,4,ModifyTable on access_log_jsonb_w [Hash Join [Seq Scan on access_log_jsonb_w; Hash [Bitmap Heap Scan on expected_update [Bitmap Index Scan using expected_update_pkey]]]]
1,UB-R238/UB-jsonb/X-1/d01,UB-R238/UB-jsonb/X-1,UB-R238,UB-jsonb,UB-jsonb,jsonb,X-1,separate: update mechanism,detail,1,1,True,False,,True,40.363,,0.401,0.346,41.703,14.352,56.400999999999996,132.463,1925,2626690,286,,2649112,22422,1926.0,286.0,2626724.0,0.0,2.0,0.0,3.3590000000112923,0.0,5168,50,341,51,0,3,6261.0,50.0,0.0,51.0,0.0,0.0,2.5570000000006985,0.0,0.0,238.0,0.0,237.0,10000,238,8036352,8445952,409600.0,1031,24576,8192,0,0,0.0,0.0,0,499712,507904,8192,"{""access_log_jsonb_w_i1a_record_validity"":65536,""access_log_jsonb_w_i1b_entity_type_code"":57344,""access_log_jsonb_w_i1c_status_code"":57344,""access_log_jsonb_w_i1d_latitude_degrees"":147456,""access_log_jsonb_w_i1e_event_timestamp_utc"":180224,""access_log_jsonb_w_pkey"":131072}",2880,2880,0,0,7219683,7219827,,,,0,4,ModifyTable on access_log_jsonb_w [Hash Join [Seq Scan on access_log_jsonb_w; Hash [Bitmap Heap Scan on expected_update [Bitmap Index Scan using expected_update_pkey]]]]
1,UB-R238/UB-json-cast/X-1/d01,UB-R238/UB-json-cast/X-1,UB-R238,UB-json-cast,UB-json-cast,json,X-1,separate: update mechanism,detail,1,1,True,False,,True,136.065,,0.423,0.304,137.365,3.109,140.77800000000002,230.856,1925,2520817,283,,2543232,22415,1927.0,284.0,2524824.0,0.0,2.0,0.0,2.74900000001071,0.0,5429,48,348,61,0,3,6839.0,48.0,0.0,61.0,0.0,0.0,3.8919999999998254,0.0,0.0,238.0,0.0,238.0,5000,238,10240000,10731520,491520.0,1310,24576,8192,0,0,0.0,0.0,0,499712,507904,8192,"{""access_log_json_w_i1a_record_validity"":65536,""access_log_json_w_i1b_entity_type_code"":57344,""access_log_json_w_i1c_status_code"":57344,""access_log_json_w_i1d_latitude_degrees"":147456,""access_log_json_w_i1e_event_timestamp_utc"":180224,""access_log_json_w_pkey"":131072}",1,1,0,0,8434066,8470242,238,433602,397664,0,4,ModifyTable on access_log_json_w [Hash Join [Seq Scan on access_log_json_w; Hash [Bitmap Heap Scan on expected_update [Bitmap Index Scan using expected_update_pkey]]]]
1,UB-R238/UB-json-text/X-1/d01,UB-R238/UB-json-text/X-1,UB-R238,UB-json-text,UB-json-text,json,X-1,separate: update mechanism,detail,1,1,True,False,,True,104.01,,0.436,0.367,105.306,4.208,109.881,177.33,1925,2484878,283,,2512512,27634,1927.0,284.0,2490177.0,0.0,2.0,0.0,2.2710000000079162,0.0,5429,48,348,61,0,3,6795.0,48.0,0.0,61.0,0.0,0.0,3.048000000002503,0.0,0.0,238.0,0.0,238.0,5000,238,10240000,10731520,491520.0,1310,24576,8192,0,0,0.0,0.0,0,499712,507904,8192,"{""access_log_json_w_i1a_record_validity"":65536,""access_log_json_w_i1b_entity_type_code"":57344,""access_log_json_w_i1c_status_code"":57344,""access_log_json_w_i1d_latitude_degrees"":147456,""access_log_json_w_i1e_event_timestamp_utc"":180224,""access_log_json_w_pkey"":131072}",1,1,0,0,8434066,8434304,0,397664,397664,0,4,ModifyTable on access_log_json_w [Hash Join [Seq Scan on access_log_json_w; Hash [Bitmap Heap Scan on expected_update [Bitmap Index Scan using expected_update_pkey]]]]
1,UB-R5000/UB-jsonb/X-1/w01,UB-R5000/UB-jsonb/X-1,UB-R5000,UB-jsonb,UB-jsonb,jsonb,X-1,separate: update mechanism,warmup,1,1,True,False,,True,866.771,,0.403,0.367,868.128,15.066,883.561,967.014,40525,18045847,1048,,18194656,148809,40526.0,1048.0,18045881.0,282.0,287.0,0.0,132.05199999999604,0.0,85728,52,2099,1047,0,3,86821.0,52.0,0.0,1047.0,0.0,0.0,50.961999999999534,0.0,0.0,5000.0,0.0,4996.0,10000,5000,8036352,16056320,8019968.0,1960,24576,8192,0,0,0.0,0.0,114688,499712,942080,442368,"{""access_log_jsonb_w_i1a_record_validity"":98304,""access_log_jsonb_w_i1b_entity_type_code"":114688,""access_log_jsonb_w_i1c_status_code"":106496,""access_log_jsonb_w_i1d_latitude_degrees"":278528,""access_log_jsonb_w_i1e_event_timestamp_utc"":344064,""access_log_jsonb_w_pkey"":245760}",2880,2880,0,0,7219683,7226904,,,,0,4,ModifyTable on access_log_jsonb_w [Hash Join [Seq Scan on access_log_jsonb_w; Hash [Bitmap Heap Scan on expected_update [Bitmap Index Scan using expected_update_pkey]]]]
1,UB-R5000/UB-json-cast/X-1/w01,UB-R5000/UB-json-cast/X-1,UB-R5000,UB-json-cast,UB-json-cast,json,X-1,separate: update mechanism,warmup,1,1,True,False,,True,2400.033,,0.416,0.332,2401.328,4.259,2405.919,2492.794,40529,21247117,1317,,21422656,175539,40530.0,1317.0,21247151.0,0.0,14.0,0.0,1.7779999999911524,0.0,86411,52,2638,1317,0,3,87777.0,52.0,0.0,1317.0,0.0,0.0,52.971000000005006,0.0,0.0,5000.0,0.0,4998.0,5000,5000,10240000,20471808,10231808.0,2499,24576,8192,0,0,0.0,0.0,114688,499712,942080,442368,"{""access_log_json_w_i1a_record_validity"":98304,""access_log_json_w_i1b_entity_type_code"":114688,""access_log_json_w_i1c_status_code"":106496,""access_log_json_w_i1d_latitude_degrees"":278528,""access_log_json_w_i1e_event_timestamp_utc"":344064,""access_log_json_w_pkey"":245760}",1,4,0,0,8434066,9200388,5000,9185546,8430545,0,4,ModifyTable on access_log_json_w [Hash Join [Seq Scan on access_log_json_w; Hash [Bitmap Heap Scan on expected_update [Bitmap Index Scan using expected_update_pkey]]]]
1,UB-R5000/UB-json-text/X-1/w01,UB-R5000/UB-json-text/X-1,UB-R5000,UB-json-text,UB-json-text,json,X-1,separate: update mechanism,warmup,1,1,True,False,,True,1927.668,,0.342,0.271,1928.815,9.893,1938.979,2042.285,40525,20497306,1318,,20670440,173134,40526.0,1318.0,20497340.0,3.0,13.0,0.0,8.236999999993714,0.0,86410,53,2639,1317,0,3,87774.0,53.0,0.0,1317.0,0.0,0.0,50.63300000000163,0.0,0.0,5000.0,0.0,4996.0,5000,5000,10240000,20471808,10231808.0,2499,24576,8192,0,0,0.0,0.0,114688,499712,942080,442368,"{""access_log_json_w_i1a_record_validity"":98304,""access_log_json_w_i1b_entity_type_code"":114688,""access_log_json_w_i1c_status_code"":106496,""access_log_json_w_i1d_latitude_degrees"":278528,""access_log_json_w_i1e_event_timestamp_utc"":344064,""access_log_json_w_pkey"":245760}",1,1,0,0,8434066,8448585,0,8430545,8430545,0,4,ModifyTable on access_log_json_w [Hash Join [Seq Scan on access_log_json_w; Hash [Bitmap Heap Scan on expected_update [Bitmap Index Scan using expected_update_pkey]]]]
1,UB-R5000/UB-json-text/X-1/w02,UB-R5000/UB-json-text/X-1,UB-R5000,UB-json-text,UB-json-text,json,X-1,separate: update mechanism,warmup,2,1,True,False,,True,2248.168,,0.465,0.279,2249.477,16.98,2266.736,2383.781,40525,20497306,1318,,20670456,173150,40526.0,1318.0,20497340.0,12.0,23.0,0.0,7.834999999991851,0.0,86410,53,2639,1317,0,3,87774.0,53.0,0.0,1317.0,0.0,0.0,67.61000000000058,0.0,0.0,5000.0,0.0,4996.0,5000,5000,10240000,20471808,10231808.0,2499,24576,8192,0,0,0.0,0.0,114688,499712,942080,442368,"{""access_log_json_w_i1a_record_validity"":98304,""access_log_json_w_i1b_entity_type_code"":114688,""access_log_json_w_i1c_status_code"":106496,""access_log_json_w_i1d_latitude_degrees"":278528,""access_log_json_w_i1e_event_timestamp_utc"":344064,""access_log_json_w_pkey"":245760}",1,1,0,0,8434066,8448585,0,8430545,8430545,0,4,ModifyTable on access_log_json_w [Hash Join [Seq Scan on access_log_json_w; Hash [Bitmap Heap Scan on expected_update [Bitmap Index Scan using expected_update_pkey]]]]
1,UB-R5000/UB-json-cast/X-1/w02,UB-R5000/UB-json-cast/X-1,UB-R5000,UB-json-cast,UB-json-cast,json,X-1,separate: update mechanism,warmup,2,1,True,False,,True,2496.421,,0.465,0.296,2497.925,14.218,2512.439,2606.059,40529,21247117,1317,,21427960,180843,40531.0,1318.0,21252428.0,0.0,13.0,0.0,1.75700000001234,0.0,86411,52,2638,1317,0,3,87775.0,52.0,0.0,1317.0,0.0,0.0,70.67799999999988,0.0,0.0,5000.0,0.0,4998.0,5000,5000,10240000,20471808,10231808.0,2499,24576,8192,0,0,0.0,0.0,114688,499712,942080,442368,"{""access_log_json_w_i1a_record_validity"":98304,""access_log_json_w_i1b_entity_type_code"":114688,""access_log_json_w_i1c_status_code"":106496,""access_log_json_w_i1d_latitude_degrees"":278528,""access_log_json_w_i1e_event_timestamp_utc"":344064,""access_log_json_w_pkey"":245760}",1,4,0,0,8434066,9200388,5000,9185546,8430545,0,4,ModifyTable on access_log_json_w [Hash Join [Seq Scan on access_log_json_w; Hash [Bitmap Heap Scan on expected_update [Bitmap Index Scan using expected_update_pkey]]]]
1,UB-R5000/UB-jsonb/X-1/w02,UB-R5000/UB-jsonb/X-1,UB-R5000,UB-jsonb,UB-jsonb,jsonb,X-1,separate: update mechanism,warmup,2,1,True,False,,True,993.885,,0.412,0.301,995.115,2.532,997.9480000000001,1076.83,40525,18045847,1048,,18194656,148809,40526.0,1048.0,18045881.0,566.0,572.0,0.0,200.6180000000022,0.0,85728,52,2099,1047,0,3,86821.0,52.0,0.0,1047.0,0.0,0.0,51.86000000000058,0.0,0.0,5000.0,0.0,4996.0,10000,5000,8036352,16056320,8019968.0,1960,24576,8192,0,0,0.0,0.0,114688,499712,942080,442368,"{""access_log_jsonb_w_i1a_record_validity"":98304,""access_log_jsonb_w_i1b_entity_type_code"":114688,""access_log_jsonb_w_i1c_status_code"":106496,""access_log_jsonb_w_i1d_latitude_degrees"":278528,""access_log_jsonb_w_i1e_event_timestamp_utc"":344064,""access_log_jsonb_w_pkey"":245760}",2880,2880,0,0,7219683,7226904,,,,0,4,ModifyTable on access_log_jsonb_w [Hash Join [Seq Scan on access_log_jsonb_w; Hash [Bitmap Heap Scan on expected_update [Bitmap Index Scan using expected_update_pkey]]]]
1,UB-R5000/UB-jsonb/X-1/w03,UB-R5000/UB-jsonb/X-1,UB-R5000,UB-jsonb,UB-jsonb,jsonb,X-1,separate: update mechanism,warmup,3,1,True,False,,True,806.629,,0.456,0.232,807.915,19.408,827.555,890.235,40525,18045847,1048,,18194656,148809,40526.0,1048.0,18045881.0,211.0,216.0,0.0,99.6869999999908,0.0,85728,52,2099,1047,0,3,86821.0,52.0,0.0,1047.0,0.0,0.0,43.13799999999901,0.0,0.0,5000.0,0.0,4996.0,10000,5000,8036352,16056320,8019968.0,1960,24576,8192,0,0,0.0,0.0,114688,499712,942080,442368,"{""access_log_jsonb_w_i1a_record_validity"":98304,""access_log_jsonb_w_i1b_entity_type_code"":114688,""access_log_jsonb_w_i1c_status_code"":106496,""access_log_jsonb_w_i1d_latitude_degrees"":278528,""access_log_jsonb_w_i1e_event_timestamp_utc"":344064,""access_log_jsonb_w_pkey"":245760}",2880,2880,0,0,7219683,7226904,,,,0,4,ModifyTable on access_log_jsonb_w [Hash Join [Seq Scan on access_log_jsonb_w; Hash [Bitmap Heap Scan on expected_update [Bitmap Index Scan using expected_update_pkey]]]]
1,UB-R5000/UB-json-cast/X-1/w03,UB-R5000/UB-json-cast/X-1,UB-R5000,UB-json-cast,UB-json-cast,json,X-1,separate: update mechanism,warmup,3,1,True,False,,True,2504.049,,0.467,0.39,2505.447,18.042,2523.879,2622.607,40529,21247117,1317,,21422672,175555,40530.0,1317.0,21247151.0,0.0,13.0,0.0,3.091999999989639,0.0,86411,52,2638,1317,0,3,87777.0,52.0,0.0,1317.0,0.0,0.0,53.07499999999709,0.0,0.0,5000.0,0.0,4998.0,5000,5000,10240000,20471808,10231808.0,2499,24576,8192,0,0,0.0,0.0,114688,499712,942080,442368,"{""access_log_json_w_i1a_record_validity"":98304,""access_log_json_w_i1b_entity_type_code"":114688,""access_log_json_w_i1c_status_code"":106496,""access_log_json_w_i1d_latitude_degrees"":278528,""access_log_json_w_i1e_event_timestamp_utc"":344064,""access_log_json_w_pkey"":245760}",1,4,0,0,8434066,9200388,5000,9185546,8430545,0,4,ModifyTable on access_log_json_w [Hash Join [Seq Scan on access_log_json_w; Hash [Bitmap Heap Scan on expected_update [Bitmap Index Scan using expected_update_pkey]]]]
1,UB-R5000/UB-json-text/X-1/w03,UB-R5000/UB-json-text/X-1,UB-R5000,UB-json-text,UB-json-text,json,X-1,separate: update mechanism,warmup,3,1,True,False,,True,1958.701,,0.405,0.291,1960.016,15.373,1975.68,2055.631,40525,20497306,1318,,20670496,173190,40527.0,1318.0,20497394.0,24.0,34.0,0.0,10.37400000001071,0.0,86410,53,2639,1317,0,3,87774.0,53.0,0.0,1317.0,0.0,0.0,60.32100000000355,0.0,0.0,5000.0,0.0,4996.0,5000,5000,10240000,20471808,10231808.0,2499,24576,8192,0,0,0.0,0.0,114688,499712,942080,442368,"{""access_log_json_w_i1a_record_validity"":98304,""access_log_json_w_i1b_entity_type_code"":114688,""access_log_json_w_i1c_status_code"":106496,""access_log_json_w_i1d_latitude_degrees"":278528,""access_log_json_w_i1e_event_timestamp_utc"":344064,""access_log_json_w_pkey"":245760}",1,1,0,0,8434066,8448585,0,8430545,8430545,0,4,ModifyTable on access_log_json_w [Hash Join [Seq Scan on access_log_json_w; Hash [Bitmap Heap Scan on expected_update [Bitmap Index Scan using expected_update_pkey]]]]
1,UB-R5000/UB-json-text/X-1/m01,UB-R5000/UB-json-text/X-1,UB-R5000,UB-json-text,UB-json-text,json,X-1,separate: update mechanism,measured,1,1,True,False,,True,1920.23,,0.541,0.327,1921.78,6.202,1928.309,2022.523,40525,20497306,1318,,20670440,173134,40528.0,1320.0,20503090.0,0.0,11.0,0.0,4.005999999993946,0.0,86410,53,2639,1317,0,3,87850.0,53.0,0.0,1317.0,0.0,0.0,51.77100000000064,0.0,0.0,5000.0,0.0,4996.0,5000,5000,10240000,20471808,10231808.0,2499,24576,8192,0,0,0.0,0.0,114688,499712,942080,442368,"{""access_log_json_w_i1a_record_validity"":98304,""access_log_json_w_i1b_entity_type_code"":114688,""access_log_json_w_i1c_status_code"":106496,""access_log_json_w_i1d_latitude_degrees"":278528,""access_log_json_w_i1e_event_timestamp_utc"":344064,""access_log_json_w_pkey"":245760}",1,1,0,0,8434066,8448585,0,8430545,8430545,0,4,ModifyTable on access_log_json_w [Hash Join [Seq Scan on access_log_json_w; Hash [Bitmap Heap Scan on expected_update [Bitmap Index Scan using expected_update_pkey]]]]
1,UB-R5000/UB-json-cast/X-1/m01,UB-R5000/UB-json-cast/X-1,UB-R5000,UB-json-cast,UB-json-cast,json,X-1,separate: update mechanism,measured,1,1,True,False,,True,2458.798,,0.376,0.234,2459.971,16.034,2476.239,2551.645,40529,21247117,1317,,21427976,180859,40531.0,1318.0,21252440.0,0.0,13.0,0.0,3.088000000003376,0.0,86411,52,2638,1317,0,3,87776.0,52.0,0.0,1317.0,0.0,0.0,53.766999999999825,0.0,0.0,5000.0,0.0,4998.0,5000,5000,10240000,20471808,10231808.0,2499,24576,8192,0,0,0.0,0.0,114688,499712,942080,442368,"{""access_log_json_w_i1a_record_validity"":98304,""access_log_json_w_i1b_entity_type_code"":114688,""access_log_json_w_i1c_status_code"":106496,""access_log_json_w_i1d_latitude_degrees"":278528,""access_log_json_w_i1e_event_timestamp_utc"":344064,""access_log_json_w_pkey"":245760}",1,4,0,0,8434066,9200388,5000,9185546,8430545,0,4,ModifyTable on access_log_json_w [Hash Join [Seq Scan on access_log_json_w; Hash [Bitmap Heap Scan on expected_update [Bitmap Index Scan using expected_update_pkey]]]]
1,UB-R5000/UB-jsonb/X-1/m01,UB-R5000/UB-jsonb/X-1,UB-R5000,UB-jsonb,UB-jsonb,jsonb,X-1,separate: update mechanism,measured,1,1,True,False,,True,989.252,,0.452,0.297,990.569,5.652,996.518,1078.535,40525,18045847,1048,,18194656,148809,40526.0,1048.0,18045881.0,621.0,627.0,0.0,232.02099999999336,0.0,85728,52,2099,1047,0,3,86823.0,52.0,0.0,1047.0,0.0,0.0,45.61399999999412,0.0,0.0,5000.0,0.0,4996.0,10000,5000,8036352,16056320,8019968.0,1960,24576,8192,0,0,0.0,0.0,114688,499712,942080,442368,"{""access_log_jsonb_w_i1a_record_validity"":98304,""access_log_jsonb_w_i1b_entity_type_code"":114688,""access_log_jsonb_w_i1c_status_code"":106496,""access_log_jsonb_w_i1d_latitude_degrees"":278528,""access_log_jsonb_w_i1e_event_timestamp_utc"":344064,""access_log_jsonb_w_pkey"":245760}",2880,2880,0,0,7219683,7226904,,,,0,4,ModifyTable on access_log_jsonb_w [Hash Join [Seq Scan on access_log_jsonb_w; Hash [Bitmap Heap Scan on expected_update [Bitmap Index Scan using expected_update_pkey]]]]
1,UB-R5000/UB-jsonb/X-1/m02,UB-R5000/UB-jsonb/X-1,UB-R5000,UB-jsonb,UB-jsonb,jsonb,X-1,separate: update mechanism,measured,2,1,True,False,,True,817.038,,0.409,0.291,818.282,15.977,834.5500000000001,911.285,40525,18045847,1048,,18194656,148809,40526.0,1048.0,18045881.0,303.0,308.0,0.0,112.63099999999395,0.0,85728,52,2099,1047,0,3,86821.0,52.0,0.0,1047.0,0.0,0.0,42.42299999999523,0.0,0.0,5000.0,0.0,4996.0,10000,5000,8036352,16056320,8019968.0,1960,24576,8192,0,0,0.0,0.0,114688,499712,942080,442368,"{""access_log_jsonb_w_i1a_record_validity"":98304,""access_log_jsonb_w_i1b_entity_type_code"":114688,""access_log_jsonb_w_i1c_status_code"":106496,""access_log_jsonb_w_i1d_latitude_degrees"":278528,""access_log_jsonb_w_i1e_event_timestamp_utc"":344064,""access_log_jsonb_w_pkey"":245760}",2880,2880,0,0,7219683,7226904,,,,0,4,ModifyTable on access_log_jsonb_w [Hash Join [Seq Scan on access_log_jsonb_w; Hash [Bitmap Heap Scan on expected_update [Bitmap Index Scan using expected_update_pkey]]]]
1,UB-R5000/UB-json-cast/X-1/m02,UB-R5000/UB-json-cast/X-1,UB-R5000,UB-json-cast,UB-json-cast,json,X-1,separate: update mechanism,measured,2,1,True,False,,True,2833.823,,0.415,0.35,2835.151,15.801,2851.3019999999997,2935.326,40529,21247117,1317,,21422656,175539,40530.0,1317.0,21247151.0,0.0,15.0,0.0,3.1499999999941792,0.0,86411,52,2638,1317,0,3,87770.0,52.0,0.0,1317.0,0.0,0.0,57.950000000004366,0.0,0.0,5000.0,0.0,4998.0,5000,5000,10240000,20471808,10231808.0,2499,24576,8192,0,0,0.0,0.0,114688,499712,942080,442368,"{""access_log_json_w_i1a_record_validity"":98304,""access_log_json_w_i1b_entity_type_code"":114688,""access_log_json_w_i1c_status_code"":106496,""access_log_json_w_i1d_latitude_degrees"":278528,""access_log_json_w_i1e_event_timestamp_utc"":344064,""access_log_json_w_pkey"":245760}",1,4,0,0,8434066,9200388,5000,9185546,8430545,0,4,ModifyTable on access_log_json_w [Hash Join [Seq Scan on access_log_json_w; Hash [Bitmap Heap Scan on expected_update [Bitmap Index Scan using expected_update_pkey]]]]
1,UB-R5000/UB-json-text/X-1/m02,UB-R5000/UB-json-text/X-1,UB-R5000,UB-json-text,UB-json-text,json,X-1,separate: update mechanism,measured,2,1,True,False,,True,1933.738,,0.409,0.329,1935.25,4.4,1939.979,2024.541,40525,20497306,1318,,20670440,173134,40526.0,1318.0,20497340.0,0.0,10.0,0.0,2.3179999999993015,0.0,86410,53,2639,1317,0,3,87769.0,53.0,0.0,1317.0,0.0,0.0,50.86499999999796,0.0,0.0,5000.0,0.0,4996.0,5000,5000,10240000,20471808,10231808.0,2499,24576,8192,0,0,0.0,0.0,114688,499712,942080,442368,"{""access_log_json_w_i1a_record_validity"":98304,""access_log_json_w_i1b_entity_type_code"":114688,""access_log_json_w_i1c_status_code"":106496,""access_log_json_w_i1d_latitude_degrees"":278528,""access_log_json_w_i1e_event_timestamp_utc"":344064,""access_log_json_w_pkey"":245760}",1,1,0,0,8434066,8448585,0,8430545,8430545,0,4,ModifyTable on access_log_json_w [Hash Join [Seq Scan on access_log_json_w; Hash [Bitmap Heap Scan on expected_update [Bitmap Index Scan using expected_update_pkey]]]]
1,UB-R5000/UB-json-text/X-1/m03,UB-R5000/UB-json-text/X-1,UB-R5000,UB-json-text,UB-json-text,json,X-1,separate: update mechanism,measured,3,1,True,False,,True,2012.765,,0.331,0.291,2013.872,17.095,2031.258,2094.064,40525,20497306,1318,,20670456,173150,40526.0,1318.0,20497340.0,0.0,10.0,0.0,4.400999999998021,0.0,86410,53,2639,1317,0,3,87769.0,53.0,0.0,1317.0,0.0,0.0,61.84000000000378,0.0,0.0,5000.0,0.0,4996.0,5000,5000,10240000,20471808,10231808.0,2499,24576,8192,0,0,0.0,0.0,114688,499712,942080,442368,"{""access_log_json_w_i1a_record_validity"":98304,""access_log_json_w_i1b_entity_type_code"":114688,""access_log_json_w_i1c_status_code"":106496,""access_log_json_w_i1d_latitude_degrees"":278528,""access_log_json_w_i1e_event_timestamp_utc"":344064,""access_log_json_w_pkey"":245760}",1,1,0,0,8434066,8448585,0,8430545,8430545,0,4,ModifyTable on access_log_json_w [Hash Join [Seq Scan on access_log_json_w; Hash [Bitmap Heap Scan on expected_update [Bitmap Index Scan using expected_update_pkey]]]]
1,UB-R5000/UB-json-cast/X-1/m03,UB-R5000/UB-json-cast/X-1,UB-R5000,UB-json-cast,UB-json-cast,json,X-1,separate: update mechanism,measured,3,1,True,False,,True,2428.201,,0.476,0.327,2429.67,18.351,2448.3480000000004,2526.177,40529,21247117,1317,,21428024,180907,40532.0,1318.0,21252494.0,0.0,14.0,0.0,2.959000000002561,0.0,86411,52,2638,1317,0,3,87770.0,52.0,0.0,1317.0,0.0,0.0,61.825000000004366,0.0,0.0,5000.0,0.0,4998.0,5000,5000,10240000,20471808,10231808.0,2499,24576,8192,0,0,0.0,0.0,114688,499712,942080,442368,"{""access_log_json_w_i1a_record_validity"":98304,""access_log_json_w_i1b_entity_type_code"":114688,""access_log_json_w_i1c_status_code"":106496,""access_log_json_w_i1d_latitude_degrees"":278528,""access_log_json_w_i1e_event_timestamp_utc"":344064,""access_log_json_w_pkey"":245760}",1,4,0,0,8434066,9200388,5000,9185546,8430545,0,4,ModifyTable on access_log_json_w [Hash Join [Seq Scan on access_log_json_w; Hash [Bitmap Heap Scan on expected_update [Bitmap Index Scan using expected_update_pkey]]]]
1,UB-R5000/UB-jsonb/X-1/m03,UB-R5000/UB-jsonb/X-1,UB-R5000,UB-jsonb,UB-jsonb,jsonb,X-1,separate: update mechanism,measured,3,1,True,False,,True,894.55,,0.397,0.327,895.861,3.385,899.573,973.447,40525,18045847,1048,,18195360,149513,40527.0,1049.0,18046582.0,416.0,422.0,0.0,142.3969999999972,0.0,85728,52,2099,1047,0,3,86821.0,52.0,0.0,1047.0,0.0,0.0,44.45499999999447,0.0,0.0,5000.0,0.0,4996.0,10000,5000,8036352,16056320,8019968.0,1960,24576,8192,0,0,0.0,0.0,114688,499712,942080,442368,"{""access_log_jsonb_w_i1a_record_validity"":98304,""access_log_jsonb_w_i1b_entity_type_code"":114688,""access_log_jsonb_w_i1c_status_code"":106496,""access_log_jsonb_w_i1d_latitude_degrees"":278528,""access_log_jsonb_w_i1e_event_timestamp_utc"":344064,""access_log_jsonb_w_pkey"":245760}",2880,2880,0,0,7219683,7226904,,,,0,4,ModifyTable on access_log_jsonb_w [Hash Join [Seq Scan on access_log_jsonb_w; Hash [Bitmap Heap Scan on expected_update [Bitmap Index Scan using expected_update_pkey]]]]
1,UB-R5000/UB-jsonb/X-1/m04,UB-R5000/UB-jsonb/X-1,UB-R5000,UB-jsonb,UB-jsonb,jsonb,X-1,separate: update mechanism,measured,4,1,True,False,,True,977.729,,0.407,0.345,979.189,19.631,999.165,1084.77,40525,18045847,1048,,18194656,148809,40526.0,1048.0,18045881.0,582.0,588.0,0.0,215.68299999999,0.0,85728,52,2099,1047,0,3,86821.0,52.0,0.0,1047.0,0.0,0.0,50.38900000000285,0.0,0.0,5000.0,0.0,4996.0,5000,5000,8036352,16056320,8019968.0,1960,24576,8192,0,0,0.0,0.0,114688,499712,942080,442368,"{""access_log_jsonb_w_i1a_record_validity"":98304,""access_log_jsonb_w_i1b_entity_type_code"":114688,""access_log_jsonb_w_i1c_status_code"":106496,""access_log_jsonb_w_i1d_latitude_degrees"":278528,""access_log_jsonb_w_i1e_event_timestamp_utc"":344064,""access_log_jsonb_w_pkey"":245760}",2880,2880,0,0,7219683,7226904,,,,0,4,ModifyTable on access_log_jsonb_w [Hash Join [Seq Scan on access_log_jsonb_w; Hash [Bitmap Heap Scan on expected_update [Bitmap Index Scan using expected_update_pkey]]]]
1,UB-R5000/UB-json-cast/X-1/m04,UB-R5000/UB-json-cast/X-1,UB-R5000,UB-json-cast,UB-json-cast,json,X-1,separate: update mechanism,measured,4,1,True,False,,True,2825.836,,0.341,0.281,2826.946,11.401,2838.6279999999997,2905.966,40529,21247117,1317,,21422696,175579,40530.0,1317.0,21247151.0,0.0,15.0,0.0,1.7549999999901047,0.0,86411,52,2638,1317,0,3,87772.0,52.0,0.0,1317.0,0.0,0.0,69.87600000000384,0.0,0.0,5000.0,0.0,4998.0,5000,5000,10240000,20471808,10231808.0,2499,24576,8192,0,0,0.0,0.0,114688,499712,942080,442368,"{""access_log_json_w_i1a_record_validity"":98304,""access_log_json_w_i1b_entity_type_code"":114688,""access_log_json_w_i1c_status_code"":106496,""access_log_json_w_i1d_latitude_degrees"":278528,""access_log_json_w_i1e_event_timestamp_utc"":344064,""access_log_json_w_pkey"":245760}",1,4,0,0,8434066,9200388,5000,9185546,8430545,0,4,ModifyTable on access_log_json_w [Hash Join [Seq Scan on access_log_json_w; Hash [Bitmap Heap Scan on expected_update [Bitmap Index Scan using expected_update_pkey]]]]
1,UB-R5000/UB-json-text/X-1/m04,UB-R5000/UB-json-text/X-1,UB-R5000,UB-json-text,UB-json-text,json,X-1,separate: update mechanism,measured,4,1,True,False,,True,1930.178,,0.422,0.282,1931.431,13.2,1944.913,2038.615,40525,20497306,1318,,20670440,173134,40528.0,1320.0,20506290.0,41.0,52.0,0.0,23.638999999995576,0.0,86410,53,2639,1317,0,3,87815.0,53.0,0.0,1317.0,0.0,0.0,59.012000000002445,0.0,0.0,5000.0,0.0,4996.0,5000,5000,10240000,20471808,10231808.0,2499,24576,8192,0,0,0.0,0.0,114688,499712,942080,442368,"{""access_log_json_w_i1a_record_validity"":98304,""access_log_json_w_i1b_entity_type_code"":114688,""access_log_json_w_i1c_status_code"":106496,""access_log_json_w_i1d_latitude_degrees"":278528,""access_log_json_w_i1e_event_timestamp_utc"":344064,""access_log_json_w_pkey"":245760}",1,1,0,0,8434066,8448585,0,8430545,8430545,0,4,ModifyTable on access_log_json_w [Hash Join [Seq Scan on access_log_json_w; Hash [Bitmap Heap Scan on expected_update [Bitmap Index Scan using expected_update_pkey]]]]
1,UB-R5000/UB-json-text/X-1/m05,UB-R5000/UB-json-text/X-1,UB-R5000,UB-json-text,UB-json-text,json,X-1,separate: update mechanism,measured,5,1,True,False,,True,2056.784,,0.396,0.39,2058.071,4.534,2062.995,2151.051,40525,20497306,1318,,20675744,178438,40527.0,1319.0,20502617.0,5.0,16.0,0.0,15.771999999997206,0.0,86410,53,2639,1317,0,3,87769.0,53.0,0.0,1317.0,0.0,0.0,57.75600000000122,0.0,0.0,5000.0,0.0,4996.0,5000,5000,10240000,20471808,10231808.0,2499,24576,8192,0,0,0.0,0.0,114688,499712,942080,442368,"{""access_log_json_w_i1a_record_validity"":98304,""access_log_json_w_i1b_entity_type_code"":114688,""access_log_json_w_i1c_status_code"":106496,""access_log_json_w_i1d_latitude_degrees"":278528,""access_log_json_w_i1e_event_timestamp_utc"":344064,""access_log_json_w_pkey"":245760}",1,1,0,0,8434066,8448585,0,8430545,8430545,0,4,ModifyTable on access_log_json_w [Hash Join [Seq Scan on access_log_json_w; Hash [Bitmap Heap Scan on expected_update [Bitmap Index Scan using expected_update_pkey]]]]
1,UB-R5000/UB-json-cast/X-1/m05,UB-R5000/UB-json-cast/X-1,UB-R5000,UB-json-cast,UB-json-cast,json,X-1,separate: update mechanism,measured,5,1,True,False,,True,2507.897,,0.419,0.348,2509.271,3.458,2513.077,2597.125,40529,21247117,1317,,21422656,175539,40530.0,1317.0,21247151.0,0.0,14.0,0.0,1.1980000000039581,0.0,86411,52,2638,1317,0,3,87770.0,52.0,0.0,1317.0,0.0,0.0,62.411999999996624,0.0,0.0,5000.0,0.0,4998.0,5000,5000,10240000,20471808,10231808.0,2499,24576,8192,0,0,0.0,0.0,114688,499712,942080,442368,"{""access_log_json_w_i1a_record_validity"":98304,""access_log_json_w_i1b_entity_type_code"":114688,""access_log_json_w_i1c_status_code"":106496,""access_log_json_w_i1d_latitude_degrees"":278528,""access_log_json_w_i1e_event_timestamp_utc"":344064,""access_log_json_w_pkey"":245760}",1,4,0,0,8434066,9200388,5000,9185546,8430545,0,4,ModifyTable on access_log_json_w [Hash Join [Seq Scan on access_log_json_w; Hash [Bitmap Heap Scan on expected_update [Bitmap Index Scan using expected_update_pkey]]]]
1,UB-R5000/UB-jsonb/X-1/m05,UB-R5000/UB-jsonb/X-1,UB-R5000,UB-jsonb,UB-jsonb,jsonb,X-1,separate: update mechanism,measured,5,1,True,False,,True,932.761,,0.348,0.271,933.923,6.144,940.338,1003.9,40525,18045847,1048,,18194656,148809,40526.0,1048.0,18045881.0,407.0,413.0,0.0,153.28599999999278,0.0,85728,52,2099,1047,0,3,86821.0,52.0,0.0,1047.0,0.0,0.0,56.84800000000541,0.0,0.0,5000.0,0.0,4996.0,10000,5000,8036352,16056320,8019968.0,1960,24576,8192,0,0,0.0,0.0,114688,499712,942080,442368,"{""access_log_jsonb_w_i1a_record_validity"":98304,""access_log_jsonb_w_i1b_entity_type_code"":114688,""access_log_jsonb_w_i1c_status_code"":106496,""access_log_jsonb_w_i1d_latitude_degrees"":278528,""access_log_jsonb_w_i1e_event_timestamp_utc"":344064,""access_log_jsonb_w_pkey"":245760}",2880,2880,0,0,7219683,7226904,,,,0,4,ModifyTable on access_log_jsonb_w [Hash Join [Seq Scan on access_log_jsonb_w; Hash [Bitmap Heap Scan on expected_update [Bitmap Index Scan using expected_update_pkey]]]]
1,UB-R5000/UB-jsonb/X-1/m06,UB-R5000/UB-jsonb/X-1,UB-R5000,UB-jsonb,UB-jsonb,jsonb,X-1,separate: update mechanism,measured,6,1,True,False,,True,779.075,,0.358,0.282,780.248,5.836,786.3660000000001,853.577,40525,18045847,1048,,18194680,148833,40526.0,1048.0,18045881.0,399.0,404.0,0.0,111.47000000000116,0.0,85728,52,2099,1047,0,3,86821.0,52.0,0.0,1047.0,0.0,0.0,41.28500000000349,0.0,0.0,5000.0,0.0,4996.0,10000,5000,8036352,16056320,8019968.0,1960,24576,8192,0,0,0.0,0.0,114688,499712,942080,442368,"{""access_log_jsonb_w_i1a_record_validity"":98304,""access_log_jsonb_w_i1b_entity_type_code"":114688,""access_log_jsonb_w_i1c_status_code"":106496,""access_log_jsonb_w_i1d_latitude_degrees"":278528,""access_log_jsonb_w_i1e_event_timestamp_utc"":344064,""access_log_jsonb_w_pkey"":245760}",2880,2880,0,0,7219683,7226904,,,,0,4,ModifyTable on access_log_jsonb_w [Hash Join [Seq Scan on access_log_jsonb_w; Hash [Bitmap Heap Scan on expected_update [Bitmap Index Scan using expected_update_pkey]]]]
1,UB-R5000/UB-json-cast/X-1/m06,UB-R5000/UB-json-cast/X-1,UB-R5000,UB-json-cast,UB-json-cast,json,X-1,separate: update mechanism,measured,6,1,True,False,,True,2535.517,,0.358,0.238,2536.736,9.347,2546.321,2630.857,40529,21247117,1317,,21429456,182339,40532.0,1318.0,21253918.0,0.0,13.0,0.0,1.8319999999948777,0.0,86411,52,2638,1317,0,3,87772.0,52.0,0.0,1317.0,0.0,0.0,55.59800000000541,0.0,0.0,5000.0,0.0,4998.0,5000,5000,10240000,20471808,10231808.0,2499,24576,8192,0,0,0.0,0.0,114688,499712,942080,442368,"{""access_log_json_w_i1a_record_validity"":98304,""access_log_json_w_i1b_entity_type_code"":114688,""access_log_json_w_i1c_status_code"":106496,""access_log_json_w_i1d_latitude_degrees"":278528,""access_log_json_w_i1e_event_timestamp_utc"":344064,""access_log_json_w_pkey"":245760}",1,4,0,0,8434066,9200388,5000,9185546,8430545,0,4,ModifyTable on access_log_json_w [Hash Join [Seq Scan on access_log_json_w; Hash [Bitmap Heap Scan on expected_update [Bitmap Index Scan using expected_update_pkey]]]]
1,UB-R5000/UB-json-text/X-1/m06,UB-R5000/UB-json-text/X-1,UB-R5000,UB-json-text,UB-json-text,json,X-1,separate: update mechanism,measured,6,1,True,False,,True,1932.089,,0.627,0.362,1933.66,15.291,1949.313,2049.169,40525,20497306,1318,,20676528,179222,40527.0,1319.0,20503401.0,16.0,26.0,0.0,20.3179999999993,0.0,86410,53,2639,1317,0,3,87769.0,53.0,0.0,1317.0,0.0,0.0,50.150000000001455,0.0,0.0,5000.0,0.0,4996.0,5000,5000,10240000,20471808,10231808.0,2499,24576,8192,0,0,0.0,0.0,114688,499712,942080,442368,"{""access_log_json_w_i1a_record_validity"":98304,""access_log_json_w_i1b_entity_type_code"":114688,""access_log_json_w_i1c_status_code"":106496,""access_log_json_w_i1d_latitude_degrees"":278528,""access_log_json_w_i1e_event_timestamp_utc"":344064,""access_log_json_w_pkey"":245760}",1,1,0,0,8434066,8448585,0,8430545,8430545,0,4,ModifyTable on access_log_json_w [Hash Join [Seq Scan on access_log_json_w; Hash [Bitmap Heap Scan on expected_update [Bitmap Index Scan using expected_update_pkey]]]]
1,UB-R5000/UB-json-text/X-1/m07,UB-R5000/UB-json-text/X-1,UB-R5000,UB-json-text,UB-json-text,json,X-1,separate: update mechanism,measured,7,1,True,False,,True,1886.751,,0.379,0.289,1887.95,2.762,1891.001,1976.179,40525,20497306,1318,,20670512,173206,40526.0,1318.0,20497340.0,0.0,11.0,0.0,0.6239999999961583,0.0,86410,53,2639,1317,0,3,87769.0,53.0,0.0,1317.0,0.0,0.0,57.195999999996275,0.0,0.0,5000.0,0.0,4996.0,5000,5000,10240000,20471808,10231808.0,2499,24576,8192,0,0,0.0,0.0,114688,499712,942080,442368,"{""access_log_json_w_i1a_record_validity"":98304,""access_log_json_w_i1b_entity_type_code"":114688,""access_log_json_w_i1c_status_code"":106496,""access_log_json_w_i1d_latitude_degrees"":278528,""access_log_json_w_i1e_event_timestamp_utc"":344064,""access_log_json_w_pkey"":245760}",1,1,0,0,8434066,8448585,0,8430545,8430545,0,4,ModifyTable on access_log_json_w [Hash Join [Seq Scan on access_log_json_w; Hash [Bitmap Heap Scan on expected_update [Bitmap Index Scan using expected_update_pkey]]]]
1,UB-R5000/UB-json-cast/X-1/m07,UB-R5000/UB-json-cast/X-1,UB-R5000,UB-json-cast,UB-json-cast,json,X-1,separate: update mechanism,measured,7,1,True,False,,True,2511.692,,0.423,0.359,2512.982,3.935,2517.276,2610.158,40529,21247117,1317,,21422672,175555,40530.0,1317.0,21247151.0,0.0,13.0,0.0,1.5730000000039581,0.0,86411,52,2638,1317,0,3,87770.0,52.0,0.0,1317.0,0.0,0.0,61.633999999998196,0.0,0.0,5000.0,0.0,4998.0,5000,5000,10240000,20471808,10231808.0,2499,24576,8192,0,0,0.0,0.0,114688,499712,942080,442368,"{""access_log_json_w_i1a_record_validity"":98304,""access_log_json_w_i1b_entity_type_code"":114688,""access_log_json_w_i1c_status_code"":106496,""access_log_json_w_i1d_latitude_degrees"":278528,""access_log_json_w_i1e_event_timestamp_utc"":344064,""access_log_json_w_pkey"":245760}",1,4,0,0,8434066,9200388,5000,9185546,8430545,0,4,ModifyTable on access_log_json_w [Hash Join [Seq Scan on access_log_json_w; Hash [Bitmap Heap Scan on expected_update [Bitmap Index Scan using expected_update_pkey]]]]
1,UB-R5000/UB-jsonb/X-1/m07,UB-R5000/UB-jsonb/X-1,UB-R5000,UB-jsonb,UB-jsonb,jsonb,X-1,separate: update mechanism,measured,7,1,True,False,,True,955.991,,0.429,0.371,957.288,3.706,961.365,1050.151,40525,18045847,1048,,18194656,148809,40526.0,1048.0,18045881.0,574.0,580.0,0.0,210.4950000000099,0.0,85728,52,2099,1047,0,3,86821.0,52.0,0.0,1047.0,0.0,0.0,44.32299999999668,0.0,0.0,5000.0,0.0,4996.0,10000,5000,8036352,16056320,8019968.0,1960,24576,8192,0,0,0.0,0.0,114688,499712,942080,442368,"{""access_log_jsonb_w_i1a_record_validity"":98304,""access_log_jsonb_w_i1b_entity_type_code"":114688,""access_log_jsonb_w_i1c_status_code"":106496,""access_log_jsonb_w_i1d_latitude_degrees"":278528,""access_log_jsonb_w_i1e_event_timestamp_utc"":344064,""access_log_jsonb_w_pkey"":245760}",2880,2880,0,0,7219683,7226904,,,,0,4,ModifyTable on access_log_jsonb_w [Hash Join [Seq Scan on access_log_jsonb_w; Hash [Bitmap Heap Scan on expected_update [Bitmap Index Scan using expected_update_pkey]]]]
1,UB-R5000/UB-jsonb/X-1/m08,UB-R5000/UB-jsonb/X-1,UB-R5000,UB-jsonb,UB-jsonb,jsonb,X-1,separate: update mechanism,measured,8,1,True,False,,True,975.276,,0.325,0.279,976.371,9.476,986.126,1058.219,40525,18045847,1048,,18194680,148833,40526.0,1048.0,18045881.0,513.0,519.0,0.0,184.78199999999197,0.0,85728,52,2099,1047,0,3,86821.0,52.0,0.0,1047.0,0.0,0.0,52.19800000000396,0.0,0.0,5000.0,0.0,4996.0,10000,5000,8036352,16056320,8019968.0,1960,24576,8192,0,0,0.0,0.0,114688,499712,942080,442368,"{""access_log_jsonb_w_i1a_record_validity"":98304,""access_log_jsonb_w_i1b_entity_type_code"":114688,""access_log_jsonb_w_i1c_status_code"":106496,""access_log_jsonb_w_i1d_latitude_degrees"":278528,""access_log_jsonb_w_i1e_event_timestamp_utc"":344064,""access_log_jsonb_w_pkey"":245760}",2880,2880,0,0,7219683,7226904,,,,0,4,ModifyTable on access_log_jsonb_w [Hash Join [Seq Scan on access_log_jsonb_w; Hash [Bitmap Heap Scan on expected_update [Bitmap Index Scan using expected_update_pkey]]]]
1,UB-R5000/UB-json-cast/X-1/m08,UB-R5000/UB-json-cast/X-1,UB-R5000,UB-json-cast,UB-json-cast,json,X-1,separate: update mechanism,measured,8,1,True,False,wal-foreign-activity,True,2509.463,,0.438,0.351,2511.653,15.016,2527.02,2615.417,40529,21247117,1317,,21657984,410867,40674.0,1369.0,21481060.0,0.0,18.0,0.0,2.5979999999981374,0.0,86411,52,2638,1317,0,3,87772.0,52.0,0.0,1317.0,0.0,0.0,53.12600000000384,0.0,0.0,5000.0,0.0,4998.0,5000,5000,10240000,20471808,10231808.0,2499,24576,8192,0,0,0.0,0.0,114688,499712,942080,442368,"{""access_log_json_w_i1a_record_validity"":98304,""access_log_json_w_i1b_entity_type_code"":114688,""access_log_json_w_i1c_status_code"":106496,""access_log_json_w_i1d_latitude_degrees"":278528,""access_log_json_w_i1e_event_timestamp_utc"":344064,""access_log_json_w_pkey"":245760}",1,4,0,0,8434066,9200388,5000,9185546,8430545,0,4,ModifyTable on access_log_json_w [Hash Join [Seq Scan on access_log_json_w; Hash [Bitmap Heap Scan on expected_update [Bitmap Index Scan using expected_update_pkey]]]]
1,UB-R5000/UB-json-text/X-1/m08,UB-R5000/UB-json-text/X-1,UB-R5000,UB-json-text,UB-json-text,json,X-1,separate: update mechanism,measured,8,1,True,False,,True,1984.214,,0.378,0.331,1985.455,14.164,1999.9499999999998,2086.823,40525,20497306,1318,,20670464,173158,40526.0,1318.0,20497340.0,2.0,12.0,0.0,23.402000000001863,0.0,86410,53,2639,1317,0,3,87775.0,53.0,0.0,1317.0,0.0,0.0,60.59300000000076,0.0,0.0,5000.0,0.0,4996.0,5000,5000,10240000,20471808,10231808.0,2499,24576,8192,0,0,0.0,0.0,114688,499712,942080,442368,"{""access_log_json_w_i1a_record_validity"":98304,""access_log_json_w_i1b_entity_type_code"":114688,""access_log_json_w_i1c_status_code"":106496,""access_log_json_w_i1d_latitude_degrees"":278528,""access_log_json_w_i1e_event_timestamp_utc"":344064,""access_log_json_w_pkey"":245760}",1,1,0,0,8434066,8448585,0,8430545,8430545,0,4,ModifyTable on access_log_json_w [Hash Join [Seq Scan on access_log_json_w; Hash [Bitmap Heap Scan on expected_update [Bitmap Index Scan using expected_update_pkey]]]]
1,UB-R5000/UB-json-text/X-1/m09,UB-R5000/UB-json-text/X-1,UB-R5000,UB-json-text,UB-json-text,json,X-1,separate: update mechanism,measured,9,1,True,False,,True,1894.68,,0.441,0.367,1896.005,7.608,1903.98,1989.669,40525,20497306,1318,,20675832,178526,40528.0,1319.0,20502699.0,0.0,10.0,0.0,5.281999999991967,0.0,86410,53,2639,1317,0,3,87771.0,53.0,0.0,1317.0,0.0,0.0,50.099999999998545,0.0,0.0,5000.0,0.0,4996.0,5000,5000,10240000,20471808,10231808.0,2499,24576,8192,0,0,0.0,0.0,114688,499712,942080,442368,"{""access_log_json_w_i1a_record_validity"":98304,""access_log_json_w_i1b_entity_type_code"":114688,""access_log_json_w_i1c_status_code"":106496,""access_log_json_w_i1d_latitude_degrees"":278528,""access_log_json_w_i1e_event_timestamp_utc"":344064,""access_log_json_w_pkey"":245760}",1,1,0,0,8434066,8448585,0,8430545,8430545,0,4,ModifyTable on access_log_json_w [Hash Join [Seq Scan on access_log_json_w; Hash [Bitmap Heap Scan on expected_update [Bitmap Index Scan using expected_update_pkey]]]]
1,UB-R5000/UB-json-cast/X-1/m09,UB-R5000/UB-json-cast/X-1,UB-R5000,UB-json-cast,UB-json-cast,json,X-1,separate: update mechanism,measured,9,1,True,False,,True,2767.514,,0.395,0.285,2768.768,15.913,2784.966,2870.649,40529,21247117,1317,,21422656,175539,40530.0,1317.0,21247151.0,0.0,15.0,0.0,3.0449999999982538,0.0,86411,52,2638,1317,0,3,87772.0,52.0,0.0,1317.0,0.0,0.0,60.15699999999924,0.0,0.0,5000.0,0.0,4998.0,5000,5000,10240000,20471808,10231808.0,2499,24576,8192,0,0,0.0,0.0,114688,499712,942080,442368,"{""access_log_json_w_i1a_record_validity"":98304,""access_log_json_w_i1b_entity_type_code"":114688,""access_log_json_w_i1c_status_code"":106496,""access_log_json_w_i1d_latitude_degrees"":278528,""access_log_json_w_i1e_event_timestamp_utc"":344064,""access_log_json_w_pkey"":245760}",1,4,0,0,8434066,9200388,5000,9185546,8430545,0,4,ModifyTable on access_log_json_w [Hash Join [Seq Scan on access_log_json_w; Hash [Bitmap Heap Scan on expected_update [Bitmap Index Scan using expected_update_pkey]]]]
1,UB-R5000/UB-jsonb/X-1/m09,UB-R5000/UB-jsonb/X-1,UB-R5000,UB-jsonb,UB-jsonb,jsonb,X-1,separate: update mechanism,measured,9,1,True,False,,True,843.95,,0.376,0.273,845.332,7.708,853.313,934.021,40525,18045847,1048,,18194656,148809,40526.0,1048.0,18045881.0,252.0,257.0,0.0,113.56900000000314,0.0,85728,52,2099,1047,0,3,86821.0,52.0,0.0,1047.0,0.0,0.0,41.633999999998196,0.0,0.0,5000.0,0.0,4996.0,10000,5000,8036352,16056320,8019968.0,1960,24576,8192,0,0,0.0,0.0,114688,499712,942080,442368,"{""access_log_jsonb_w_i1a_record_validity"":98304,""access_log_jsonb_w_i1b_entity_type_code"":114688,""access_log_jsonb_w_i1c_status_code"":106496,""access_log_jsonb_w_i1d_latitude_degrees"":278528,""access_log_jsonb_w_i1e_event_timestamp_utc"":344064,""access_log_jsonb_w_pkey"":245760}",2880,2880,0,0,7219683,7226904,,,,0,4,ModifyTable on access_log_jsonb_w [Hash Join [Seq Scan on access_log_jsonb_w; Hash [Bitmap Heap Scan on expected_update [Bitmap Index Scan using expected_update_pkey]]]]
1,UB-R5000/UB-jsonb/X-1/m10,UB-R5000/UB-jsonb/X-1,UB-R5000,UB-jsonb,UB-jsonb,jsonb,X-1,separate: update mechanism,measured,10,1,True,False,,True,962.05,,0.418,0.314,963.33,6.591,970.235,1051.593,40525,18045847,1048,,18196856,151009,40528.0,1049.0,18048076.0,531.0,537.0,0.0,201.54800000000978,0.0,85728,52,2099,1047,0,3,86819.0,52.0,0.0,1047.0,0.0,0.0,46.124000000003434,0.0,0.0,5000.0,0.0,4996.0,10000,5000,8036352,16056320,8019968.0,1960,24576,8192,0,0,0.0,0.0,114688,499712,942080,442368,"{""access_log_jsonb_w_i1a_record_validity"":98304,""access_log_jsonb_w_i1b_entity_type_code"":114688,""access_log_jsonb_w_i1c_status_code"":106496,""access_log_jsonb_w_i1d_latitude_degrees"":278528,""access_log_jsonb_w_i1e_event_timestamp_utc"":344064,""access_log_jsonb_w_pkey"":245760}",2880,2880,0,0,7219683,7226904,,,,0,4,ModifyTable on access_log_jsonb_w [Hash Join [Seq Scan on access_log_jsonb_w; Hash [Bitmap Heap Scan on expected_update [Bitmap Index Scan using expected_update_pkey]]]]
1,UB-R5000/UB-json-cast/X-1/m10,UB-R5000/UB-json-cast/X-1,UB-R5000,UB-json-cast,UB-json-cast,json,X-1,separate: update mechanism,measured,10,1,True,False,,True,2417.226,,0.39,0.294,2418.553,5.128,2423.975,2518.04,40529,21247117,1317,,21422680,175563,40530.0,1317.0,21247151.0,0.0,13.0,0.0,2.9210000000020955,0.0,86411,52,2638,1317,0,3,87772.0,52.0,0.0,1317.0,0.0,0.0,49.71099999999569,0.0,0.0,5000.0,0.0,4998.0,5000,5000,10240000,20471808,10231808.0,2499,24576,8192,0,0,0.0,0.0,114688,499712,942080,442368,"{""access_log_json_w_i1a_record_validity"":98304,""access_log_json_w_i1b_entity_type_code"":114688,""access_log_json_w_i1c_status_code"":106496,""access_log_json_w_i1d_latitude_degrees"":278528,""access_log_json_w_i1e_event_timestamp_utc"":344064,""access_log_json_w_pkey"":245760}",1,4,0,0,8434066,9200388,5000,9185546,8430545,0,4,ModifyTable on access_log_json_w [Hash Join [Seq Scan on access_log_json_w; Hash [Bitmap Heap Scan on expected_update [Bitmap Index Scan using expected_update_pkey]]]]
1,UB-R5000/UB-json-text/X-1/m10,UB-R5000/UB-json-text/X-1,UB-R5000,UB-json-text,UB-json-text,json,X-1,separate: update mechanism,measured,10,1,True,False,,True,2000.415,,0.328,0.289,2001.557,16.679,2018.525,2094.56,40525,20497306,1318,,20670440,173134,40526.0,1318.0,20497340.0,0.0,10.0,0.0,3.827000000004773,0.0,86410,53,2639,1317,0,3,87771.0,53.0,0.0,1317.0,0.0,0.0,67.94700000000012,0.0,0.0,5000.0,0.0,4996.0,5000,5000,10240000,20471808,10231808.0,2499,24576,8192,0,0,0.0,0.0,114688,499712,942080,442368,"{""access_log_json_w_i1a_record_validity"":98304,""access_log_json_w_i1b_entity_type_code"":114688,""access_log_json_w_i1c_status_code"":106496,""access_log_json_w_i1d_latitude_degrees"":278528,""access_log_json_w_i1e_event_timestamp_utc"":344064,""access_log_json_w_pkey"":245760}",1,1,0,0,8434066,8448585,0,8430545,8430545,0,4,ModifyTable on access_log_json_w [Hash Join [Seq Scan on access_log_json_w; Hash [Bitmap Heap Scan on expected_update [Bitmap Index Scan using expected_update_pkey]]]]
1,UB-R5000/UB-json-text/X-1/m11,UB-R5000/UB-json-text/X-1,UB-R5000,UB-json-text,UB-json-text,json,X-1,separate: update mechanism,measured,11,1,True,False,,True,1921.098,,0.552,0.291,1922.631,18.676,1941.598,2026.203,40525,20497306,1318,,20675784,178478,40527.0,1319.0,20502637.0,0.0,10.0,0.0,5.576000000000931,0.0,86410,53,2639,1317,0,3,87771.0,53.0,0.0,1317.0,0.0,0.0,56.065999999998894,0.0,0.0,5000.0,0.0,4996.0,5000,5000,10240000,20471808,10231808.0,2499,24576,8192,0,0,0.0,0.0,114688,499712,942080,442368,"{""access_log_json_w_i1a_record_validity"":98304,""access_log_json_w_i1b_entity_type_code"":114688,""access_log_json_w_i1c_status_code"":106496,""access_log_json_w_i1d_latitude_degrees"":278528,""access_log_json_w_i1e_event_timestamp_utc"":344064,""access_log_json_w_pkey"":245760}",1,1,0,0,8434066,8448585,0,8430545,8430545,0,4,ModifyTable on access_log_json_w [Hash Join [Seq Scan on access_log_json_w; Hash [Bitmap Heap Scan on expected_update [Bitmap Index Scan using expected_update_pkey]]]]
1,UB-R5000/UB-json-cast/X-1/m11,UB-R5000/UB-json-cast/X-1,UB-R5000,UB-json-cast,UB-json-cast,json,X-1,separate: update mechanism,measured,11,1,True,False,,True,2446.52,,0.334,0.265,2447.535,14.819,2462.6189999999997,2525.839,40529,21247117,1317,,21422672,175555,40530.0,1317.0,21247151.0,0.0,13.0,0.0,1.8689999999915017,0.0,86411,52,2638,1317,0,3,87770.0,52.0,0.0,1317.0,0.0,0.0,54.461999999999534,0.0,0.0,5000.0,0.0,4998.0,5000,5000,10240000,20471808,10231808.0,2499,24576,8192,0,0,0.0,0.0,114688,499712,942080,442368,"{""access_log_json_w_i1a_record_validity"":98304,""access_log_json_w_i1b_entity_type_code"":114688,""access_log_json_w_i1c_status_code"":106496,""access_log_json_w_i1d_latitude_degrees"":278528,""access_log_json_w_i1e_event_timestamp_utc"":344064,""access_log_json_w_pkey"":245760}",1,4,0,0,8434066,9200388,5000,9185546,8430545,0,4,ModifyTable on access_log_json_w [Hash Join [Seq Scan on access_log_json_w; Hash [Bitmap Heap Scan on expected_update [Bitmap Index Scan using expected_update_pkey]]]]
1,UB-R5000/UB-jsonb/X-1/m11,UB-R5000/UB-jsonb/X-1,UB-R5000,UB-jsonb,UB-jsonb,jsonb,X-1,separate: update mechanism,measured,11,1,True,False,,True,947.305,,0.389,0.272,948.576,4.779,953.6270000000001,1034.075,40525,18045847,1048,,18194656,148809,40526.0,1048.0,18045881.0,446.0,452.0,0.0,178.37900000000081,0.0,85728,52,2099,1047,0,3,86821.0,52.0,0.0,1047.0,0.0,0.0,42.16899999999441,0.0,0.0,5000.0,0.0,4996.0,10000,5000,8036352,16056320,8019968.0,1960,24576,8192,0,0,0.0,0.0,114688,499712,942080,442368,"{""access_log_jsonb_w_i1a_record_validity"":98304,""access_log_jsonb_w_i1b_entity_type_code"":114688,""access_log_jsonb_w_i1c_status_code"":106496,""access_log_jsonb_w_i1d_latitude_degrees"":278528,""access_log_jsonb_w_i1e_event_timestamp_utc"":344064,""access_log_jsonb_w_pkey"":245760}",2880,2880,0,0,7219683,7226904,,,,0,4,ModifyTable on access_log_jsonb_w [Hash Join [Seq Scan on access_log_jsonb_w; Hash [Bitmap Heap Scan on expected_update [Bitmap Index Scan using expected_update_pkey]]]]
1,UB-R5000/UB-jsonb/X-1/m12,UB-R5000/UB-jsonb/X-1,UB-R5000,UB-jsonb,UB-jsonb,jsonb,X-1,separate: update mechanism,measured,12,1,True,False,wal-foreign-activity,True,844.467,,0.472,0.394,847.386,19.213,866.9929999999999,966.389,40525,18045847,1048,,18402336,356489,40698.0,1090.0,18252154.0,202.0,210.0,0.0,90.12700000000768,0.0,85728,52,2099,1047,0,3,86821.0,52.0,0.0,1047.0,0.0,0.0,47.15400000000227,0.0,0.0,5000.0,0.0,4996.0,10000,5000,8036352,16056320,8019968.0,1960,24576,8192,0,0,0.0,0.0,114688,499712,942080,442368,"{""access_log_jsonb_w_i1a_record_validity"":98304,""access_log_jsonb_w_i1b_entity_type_code"":114688,""access_log_jsonb_w_i1c_status_code"":106496,""access_log_jsonb_w_i1d_latitude_degrees"":278528,""access_log_jsonb_w_i1e_event_timestamp_utc"":344064,""access_log_jsonb_w_pkey"":245760}",2880,2880,0,0,7219683,7226904,,,,0,4,ModifyTable on access_log_jsonb_w [Hash Join [Seq Scan on access_log_jsonb_w; Hash [Bitmap Heap Scan on expected_update [Bitmap Index Scan using expected_update_pkey]]]]
1,UB-R5000/UB-json-cast/X-1/m12,UB-R5000/UB-json-cast/X-1,UB-R5000,UB-json-cast,UB-json-cast,json,X-1,separate: update mechanism,measured,12,1,True,False,,True,2496.183,,0.449,0.407,2497.557,15.916,2513.88,2611.525,40529,21247117,1317,,21422672,175555,40530.0,1317.0,21247151.0,0.0,12.0,0.0,2.9259999999922,0.0,86411,52,2638,1317,0,3,87770.0,52.0,0.0,1317.0,0.0,0.0,53.43399999999383,0.0,0.0,5000.0,0.0,4998.0,5000,5000,10240000,20471808,10231808.0,2499,24576,8192,0,0,0.0,0.0,114688,499712,942080,442368,"{""access_log_json_w_i1a_record_validity"":98304,""access_log_json_w_i1b_entity_type_code"":114688,""access_log_json_w_i1c_status_code"":106496,""access_log_json_w_i1d_latitude_degrees"":278528,""access_log_json_w_i1e_event_timestamp_utc"":344064,""access_log_json_w_pkey"":245760}",1,4,0,0,8434066,9200388,5000,9185546,8430545,0,4,ModifyTable on access_log_json_w [Hash Join [Seq Scan on access_log_json_w; Hash [Bitmap Heap Scan on expected_update [Bitmap Index Scan using expected_update_pkey]]]]
1,UB-R5000/UB-json-text/X-1/m12,UB-R5000/UB-json-text/X-1,UB-R5000,UB-json-text,UB-json-text,json,X-1,separate: update mechanism,measured,12,1,True,False,,True,1990.517,,0.43,0.283,1991.766,16.889,2008.9379999999999,2099.031,40525,20497306,1318,,20675800,178494,40528.0,1319.0,20502671.0,0.0,11.0,0.0,4.25700000001234,0.0,86410,53,2639,1317,0,3,87769.0,53.0,0.0,1317.0,0.0,0.0,66.61000000000058,0.0,0.0,5000.0,0.0,4996.0,5000,5000,10240000,20471808,10231808.0,2499,24576,8192,0,0,0.0,0.0,114688,499712,942080,442368,"{""access_log_json_w_i1a_record_validity"":98304,""access_log_json_w_i1b_entity_type_code"":114688,""access_log_json_w_i1c_status_code"":106496,""access_log_json_w_i1d_latitude_degrees"":278528,""access_log_json_w_i1e_event_timestamp_utc"":344064,""access_log_json_w_pkey"":245760}",1,1,0,0,8434066,8448585,0,8430545,8430545,0,4,ModifyTable on access_log_json_w [Hash Join [Seq Scan on access_log_json_w; Hash [Bitmap Heap Scan on expected_update [Bitmap Index Scan using expected_update_pkey]]]]
1,UB-R5000/UB-json-text/X-1/m13,UB-R5000/UB-json-text/X-1,UB-R5000,UB-json-text,UB-json-text,json,X-1,separate: update mechanism,measured,13,1,True,False,,True,1948.028,,0.323,0.274,1949.137,14.08,1963.4909999999998,2032.44,40525,20497306,1318,,20670464,173158,40526.0,1318.0,20497340.0,8.0,18.0,0.0,14.40899999999965,0.0,86410,53,2639,1317,0,3,87769.0,53.0,0.0,1317.0,0.0,0.0,47.25699999999779,0.0,0.0,5000.0,0.0,4996.0,5000,5000,10240000,20471808,10231808.0,2499,24576,8192,0,0,0.0,0.0,114688,499712,942080,442368,"{""access_log_json_w_i1a_record_validity"":98304,""access_log_json_w_i1b_entity_type_code"":114688,""access_log_json_w_i1c_status_code"":106496,""access_log_json_w_i1d_latitude_degrees"":278528,""access_log_json_w_i1e_event_timestamp_utc"":344064,""access_log_json_w_pkey"":245760}",1,1,0,0,8434066,8448585,0,8430545,8430545,0,4,ModifyTable on access_log_json_w [Hash Join [Seq Scan on access_log_json_w; Hash [Bitmap Heap Scan on expected_update [Bitmap Index Scan using expected_update_pkey]]]]
1,UB-R5000/UB-json-cast/X-1/m13,UB-R5000/UB-json-cast/X-1,UB-R5000,UB-json-cast,UB-json-cast,json,X-1,separate: update mechanism,measured,13,1,True,False,,True,2445.315,,0.417,0.347,2446.637,6.669,2453.6530000000002,2532.269,40529,21247117,1317,,21422656,175539,40530.0,1317.0,21247151.0,0.0,13.0,0.0,2.118000000002212,0.0,86411,52,2638,1317,0,3,87770.0,52.0,0.0,1317.0,0.0,0.0,53.955000000001746,0.0,0.0,5000.0,0.0,4998.0,5000,5000,10240000,20471808,10231808.0,2499,24576,8192,0,0,0.0,0.0,114688,499712,942080,442368,"{""access_log_json_w_i1a_record_validity"":98304,""access_log_json_w_i1b_entity_type_code"":114688,""access_log_json_w_i1c_status_code"":106496,""access_log_json_w_i1d_latitude_degrees"":278528,""access_log_json_w_i1e_event_timestamp_utc"":344064,""access_log_json_w_pkey"":245760}",1,4,0,0,8434066,9200388,5000,9185546,8430545,0,4,ModifyTable on access_log_json_w [Hash Join [Seq Scan on access_log_json_w; Hash [Bitmap Heap Scan on expected_update [Bitmap Index Scan using expected_update_pkey]]]]
1,UB-R5000/UB-jsonb/X-1/m13,UB-R5000/UB-jsonb/X-1,UB-R5000,UB-jsonb,UB-jsonb,jsonb,X-1,separate: update mechanism,measured,13,1,True,False,,True,909.16,,0.409,0.398,910.573,9.595,920.566,1005.819,40525,18045847,1048,,18194656,148809,40527.0,1049.0,18052590.0,549.0,555.0,0.0,200.89500000000407,0.0,85728,52,2099,1047,0,3,86821.0,52.0,0.0,1047.0,0.0,0.0,44.447000000000116,0.0,0.0,5000.0,0.0,4996.0,5000,5000,8036352,16056320,8019968.0,1960,24576,8192,0,0,0.0,0.0,114688,499712,942080,442368,"{""access_log_jsonb_w_i1a_record_validity"":98304,""access_log_jsonb_w_i1b_entity_type_code"":114688,""access_log_jsonb_w_i1c_status_code"":106496,""access_log_jsonb_w_i1d_latitude_degrees"":278528,""access_log_jsonb_w_i1e_event_timestamp_utc"":344064,""access_log_jsonb_w_pkey"":245760}",2880,2880,0,0,7219683,7226904,,,,0,4,ModifyTable on access_log_jsonb_w [Hash Join [Seq Scan on access_log_jsonb_w; Hash [Bitmap Heap Scan on expected_update [Bitmap Index Scan using expected_update_pkey]]]]
1,UB-R5000/UB-jsonb/X-1/m14,UB-R5000/UB-jsonb/X-1,UB-R5000,UB-jsonb,UB-jsonb,jsonb,X-1,separate: update mechanism,measured,14,1,True,False,,True,865.614,,0.501,0.38,866.976,15.796,883.152,973.051,40525,18045847,1048,,18194656,148809,40527.0,1049.0,18051942.0,417.0,423.0,0.0,149.93299999999,0.0,85728,52,2099,1047,0,3,86821.0,52.0,0.0,1047.0,0.0,0.0,46.325000000004366,0.0,0.0,5000.0,0.0,4996.0,10000,5000,8036352,16056320,8019968.0,1960,24576,8192,0,0,0.0,0.0,114688,499712,942080,442368,"{""access_log_jsonb_w_i1a_record_validity"":98304,""access_log_jsonb_w_i1b_entity_type_code"":114688,""access_log_jsonb_w_i1c_status_code"":106496,""access_log_jsonb_w_i1d_latitude_degrees"":278528,""access_log_jsonb_w_i1e_event_timestamp_utc"":344064,""access_log_jsonb_w_pkey"":245760}",2880,2880,0,0,7219683,7226904,,,,0,4,ModifyTable on access_log_jsonb_w [Hash Join [Seq Scan on access_log_jsonb_w; Hash [Bitmap Heap Scan on expected_update [Bitmap Index Scan using expected_update_pkey]]]]
1,UB-R5000/UB-json-cast/X-1/m14,UB-R5000/UB-json-cast/X-1,UB-R5000,UB-json-cast,UB-json-cast,json,X-1,separate: update mechanism,measured,14,1,True,False,,True,3111.754,,0.332,0.239,3112.851,15.338,3128.4280000000003,3197.416,40529,21247117,1317,,21422656,175539,40530.0,1317.0,21247151.0,0.0,15.0,0.0,2.8659999999945285,0.0,86411,52,2638,1317,0,3,87772.0,52.0,0.0,1317.0,0.0,0.0,60.64100000000326,0.0,0.0,5000.0,0.0,4998.0,5000,5000,10240000,20471808,10231808.0,2499,24576,8192,0,0,0.0,0.0,114688,499712,942080,442368,"{""access_log_json_w_i1a_record_validity"":98304,""access_log_json_w_i1b_entity_type_code"":114688,""access_log_json_w_i1c_status_code"":106496,""access_log_json_w_i1d_latitude_degrees"":278528,""access_log_json_w_i1e_event_timestamp_utc"":344064,""access_log_json_w_pkey"":245760}",1,4,0,0,8434066,9200388,5000,9185546,8430545,0,4,ModifyTable on access_log_json_w [Hash Join [Seq Scan on access_log_json_w; Hash [Bitmap Heap Scan on expected_update [Bitmap Index Scan using expected_update_pkey]]]]
1,UB-R5000/UB-json-text/X-1/m14,UB-R5000/UB-json-text/X-1,UB-R5000,UB-json-text,UB-json-text,json,X-1,separate: update mechanism,measured,14,1,True,False,,True,1926.453,,0.458,0.384,1927.9,7.232,1935.516,2021.071,40525,20497306,1318,,20670440,173134,40526.0,1318.0,20497340.0,0.0,10.0,0.0,4.830000000001746,0.0,86410,53,2639,1317,0,3,87771.0,53.0,0.0,1317.0,0.0,0.0,61.612999999997555,0.0,0.0,5000.0,0.0,4996.0,5000,5000,10240000,20471808,10231808.0,2499,24576,8192,0,0,0.0,0.0,114688,499712,942080,442368,"{""access_log_json_w_i1a_record_validity"":98304,""access_log_json_w_i1b_entity_type_code"":114688,""access_log_json_w_i1c_status_code"":106496,""access_log_json_w_i1d_latitude_degrees"":278528,""access_log_json_w_i1e_event_timestamp_utc"":344064,""access_log_json_w_pkey"":245760}",1,1,0,0,8434066,8448585,0,8430545,8430545,0,4,ModifyTable on access_log_json_w [Hash Join [Seq Scan on access_log_json_w; Hash [Bitmap Heap Scan on expected_update [Bitmap Index Scan using expected_update_pkey]]]]
1,UB-R5000/UB-json-text/X-1/m15,UB-R5000/UB-json-text/X-1,UB-R5000,UB-json-text,UB-json-text,json,X-1,separate: update mechanism,measured,15,1,True,False,,True,1949.843,,0.58,0.347,1951.346,14.612,1966.305,2057.426,40525,20497306,1318,,20676552,179246,40527.0,1319.0,20503409.0,23.0,33.0,0.0,10.230999999999767,0.0,86410,53,2639,1317,0,3,87771.0,53.0,0.0,1317.0,0.0,0.0,51.94499999999971,0.0,0.0,5000.0,0.0,4996.0,5000,5000,10240000,20471808,10231808.0,2499,24576,8192,0,0,0.0,0.0,114688,499712,942080,442368,"{""access_log_json_w_i1a_record_validity"":98304,""access_log_json_w_i1b_entity_type_code"":114688,""access_log_json_w_i1c_status_code"":106496,""access_log_json_w_i1d_latitude_degrees"":278528,""access_log_json_w_i1e_event_timestamp_utc"":344064,""access_log_json_w_pkey"":245760}",1,1,0,0,8434066,8448585,0,8430545,8430545,0,4,ModifyTable on access_log_json_w [Hash Join [Seq Scan on access_log_json_w; Hash [Bitmap Heap Scan on expected_update [Bitmap Index Scan using expected_update_pkey]]]]
1,UB-R5000/UB-json-cast/X-1/m15,UB-R5000/UB-json-cast/X-1,UB-R5000,UB-json-cast,UB-json-cast,json,X-1,separate: update mechanism,measured,15,1,True,False,,True,2462.885,,0.413,0.337,2464.203,17.769,2482.3089999999997,2578.717,40529,21247117,1317,,21422752,175635,40531.0,1317.0,21247205.0,0.0,13.0,0.0,3.6080000000074506,0.0,86411,52,2638,1317,0,3,87772.0,52.0,0.0,1317.0,0.0,0.0,57.12299999999959,0.0,0.0,5000.0,0.0,4998.0,5000,5000,10240000,20471808,10231808.0,2499,24576,8192,0,0,0.0,0.0,114688,499712,942080,442368,"{""access_log_json_w_i1a_record_validity"":98304,""access_log_json_w_i1b_entity_type_code"":114688,""access_log_json_w_i1c_status_code"":106496,""access_log_json_w_i1d_latitude_degrees"":278528,""access_log_json_w_i1e_event_timestamp_utc"":344064,""access_log_json_w_pkey"":245760}",1,4,0,0,8434066,9200388,5000,9185546,8430545,0,4,ModifyTable on access_log_json_w [Hash Join [Seq Scan on access_log_json_w; Hash [Bitmap Heap Scan on expected_update [Bitmap Index Scan using expected_update_pkey]]]]
1,UB-R5000/UB-jsonb/X-1/m15,UB-R5000/UB-jsonb/X-1,UB-R5000,UB-jsonb,UB-jsonb,jsonb,X-1,separate: update mechanism,measured,15,1,True,False,,True,973.652,,0.409,0.38,974.962,5.629,980.971,1072.989,40525,18045847,1048,,18194656,148809,40527.0,1049.0,18051182.0,560.0,566.0,0.0,202.86299999999756,0.0,85728,52,2099,1047,0,3,86841.0,52.0,0.0,1047.0,0.0,0.0,43.763999999995576,0.0,0.0,5000.0,0.0,4996.0,10000,5000,8036352,16056320,8019968.0,1960,24576,8192,0,0,0.0,0.0,114688,499712,942080,442368,"{""access_log_jsonb_w_i1a_record_validity"":98304,""access_log_jsonb_w_i1b_entity_type_code"":114688,""access_log_jsonb_w_i1c_status_code"":106496,""access_log_jsonb_w_i1d_latitude_degrees"":278528,""access_log_jsonb_w_i1e_event_timestamp_utc"":344064,""access_log_jsonb_w_pkey"":245760}",2880,2880,0,0,7219683,7226904,,,,0,4,ModifyTable on access_log_jsonb_w [Hash Join [Seq Scan on access_log_jsonb_w; Hash [Bitmap Heap Scan on expected_update [Bitmap Index Scan using expected_update_pkey]]]]
1,UB-R5000/UB-jsonb/X-1/d01,UB-R5000/UB-jsonb/X-1,UB-R5000,UB-jsonb,UB-jsonb,jsonb,X-1,separate: update mechanism,detail,1,1,True,False,,True,880.671,,0.403,0.369,882.003,13.306,895.6780000000001,988.784,40525,18045847,1048,,18194656,148809,40526.0,1048.0,18045881.0,383.0,389.0,0.0,169.30999999999767,0.0,85728,52,2099,1047,0,3,86821.0,52.0,0.0,1047.0,0.0,0.0,42.23599999999715,0.0,0.0,5000.0,0.0,4996.0,5000,5000,8036352,16056320,8019968.0,1960,24576,8192,0,0,0.0,0.0,114688,499712,942080,442368,"{""access_log_jsonb_w_i1a_record_validity"":98304,""access_log_jsonb_w_i1b_entity_type_code"":114688,""access_log_jsonb_w_i1c_status_code"":106496,""access_log_jsonb_w_i1d_latitude_degrees"":278528,""access_log_jsonb_w_i1e_event_timestamp_utc"":344064,""access_log_jsonb_w_pkey"":245760}",2880,2880,0,0,7219683,7226904,,,,0,4,ModifyTable on access_log_jsonb_w [Hash Join [Seq Scan on access_log_jsonb_w; Hash [Bitmap Heap Scan on expected_update [Bitmap Index Scan using expected_update_pkey]]]]
1,UB-R5000/UB-json-cast/X-1/d01,UB-R5000/UB-json-cast/X-1,UB-R5000,UB-json-cast,UB-json-cast,json,X-1,separate: update mechanism,detail,1,1,True,False,,True,2542.235,,0.468,0.318,2543.654,5.107,2549.079,2641.057,40529,21247117,1317,,21422728,175611,40531.0,1317.0,21247205.0,0.0,14.0,0.0,3.1820000000006985,0.0,86411,52,2638,1317,0,3,87774.0,52.0,0.0,1317.0,0.0,0.0,58.04000000000087,0.0,0.0,5000.0,0.0,4998.0,5000,5000,10240000,20471808,10231808.0,2499,24576,8192,0,0,0.0,0.0,114688,499712,942080,442368,"{""access_log_json_w_i1a_record_validity"":98304,""access_log_json_w_i1b_entity_type_code"":114688,""access_log_json_w_i1c_status_code"":106496,""access_log_json_w_i1d_latitude_degrees"":278528,""access_log_json_w_i1e_event_timestamp_utc"":344064,""access_log_json_w_pkey"":245760}",1,4,0,0,8434066,9200388,5000,9185546,8430545,0,4,ModifyTable on access_log_json_w [Hash Join [Seq Scan on access_log_json_w; Hash [Bitmap Heap Scan on expected_update [Bitmap Index Scan using expected_update_pkey]]]]
1,UB-R5000/UB-json-text/X-1/d01,UB-R5000/UB-json-text/X-1,UB-R5000,UB-json-text,UB-json-text,json,X-1,separate: update mechanism,detail,1,1,True,False,,True,1953.876,,0.409,0.352,1955.113,17.432,1972.8970000000002,2066.095,40525,20497306,1318,,20670440,173134,40526.0,1318.0,20497340.0,8.0,18.0,0.0,17.319000000003143,0.0,86410,53,2639,1317,0,3,87769.0,53.0,0.0,1317.0,0.0,0.0,52.16000000000349,0.0,0.0,5000.0,0.0,4996.0,5000,5000,10240000,20471808,10231808.0,2499,24576,8192,0,0,0.0,0.0,114688,499712,942080,442368,"{""access_log_json_w_i1a_record_validity"":98304,""access_log_json_w_i1b_entity_type_code"":114688,""access_log_json_w_i1c_status_code"":106496,""access_log_json_w_i1d_latitude_degrees"":278528,""access_log_json_w_i1e_event_timestamp_utc"":344064,""access_log_json_w_pkey"":245760}",1,1,0,0,8434066,8448585,0,8430545,8430545,,4,ModifyTable on access_log_json_w [Hash Join [Seq Scan on access_log_json_w; Hash [Bitmap Heap Scan on expected_update [Bitmap Index Scan using expected_update_pkey]]]]
2,W1b/json/X-0/w01,W1b/json/X-0,W1b,W1b,json,json,X-0,head-to-head,warmup,1,1,True,False,,True,18.831,0.075324,,0.489,28.431,3.725,32.645,101.561,,,,558376,558416,40.0,501.0,15.0,555847.0,0.0,2.0,0.0,1.3509999999951106,0.0,,,,,,,3792.0,0.0,0.0,62.0,0.0,0.0,2.7969999999986612,0.0,250.0,0.0,0.0,0.0,9750,0,9732096,10240000,507904.0,1250,24576,8192,0,0,0.0,0.0,0,0,0,0,"{""access_log_json_w_pkey"":122880}",1,1,0,0,8013364,8434066,0,0,0,0,4,DO loop (250 single-row INSERT)
2,W1b/jsonb/X-0/w01,W1b/jsonb/X-0,W1b,W1b,jsonb,jsonb,X-0,head-to-head,warmup,1,1,True,False,,True,34.809,0.139236,,0.162,40.029,1.905,42.096000000000004,91.845,,,,500608,500648,40.0,501.0,14.0,498314.0,0.0,1.0,0.0,1.5679999999993015,0.0,,,,,,,3150.0,0.0,0.0,50.0,0.0,0.0,1.9510000000009313,0.0,250.0,0.0,0.0,0.0,9750,0,7643136,8052736,409600.0,983,24576,8192,0,0,0.0,0.0,0,0,0,0,"{""access_log_jsonb_w_pkey"":122880}",2743,2880,0,0,6853343,7219683,,,,0,4,DO loop (250 single-row INSERT)
2,W1b/json/X-1/w01,W1b/json/X-1,W1b,W1b,json,json,X-1,head-to-head,warmup,1,1,True,False,,True,120.444,0.48177600000000004,,0.29,126.895,1.032,128.217,197.51,,,,957016,957056,40.0,1754.0,62.0,953092.0,0.0,2.0,0.0,0.6889999999984866,0.0,,,,,,,5885.0,50.0,0.0,64.0,0.0,0.0,3.8999999999941792,0.0,250.0,0.0,0.0,0.0,5000,0,9732096,10240000,507904.0,1250,24576,8192,0,0,0.0,0.0,0,475136,491520,16384,"{""access_log_json_w_i1a_record_validity"":57344,""access_log_json_w_i1b_entity_type_code"":65536,""access_log_json_w_i1c_status_code"":57344,""access_log_json_w_i1d_latitude_degrees"":139264,""access_log_json_w_i1e_event_timestamp_utc"":172032,""access_log_json_w_pkey"":122880}",1,1,0,0,8013364,8434066,0,0,0,0,4,DO loop (250 single-row INSERT)
2,W1b/jsonb/X-1/w01,W1b/jsonb/X-1,W1b,W1b,jsonb,jsonb,X-1,head-to-head,warmup,1,1,True,False,,True,63.769,0.25507599999999997,,0.232,68.597,11.935,80.764,167.856,,,,876992,877032,40.0,1754.0,58.0,873392.0,0.0,1.0,0.0,11.536999999996624,0.0,,,,,,,5644.0,47.0,0.0,52.0,0.0,0.0,2.7929999999978463,0.0,250.0,0.0,0.0,0.0,5000,0,7643136,8052736,409600.0,983,24576,8192,0,0,0.0,0.0,0,475136,491520,16384,"{""access_log_jsonb_w_i1a_record_validity"":57344,""access_log_jsonb_w_i1b_entity_type_code"":65536,""access_log_jsonb_w_i1c_status_code"":57344,""access_log_jsonb_w_i1d_latitude_degrees"":139264,""access_log_jsonb_w_i1e_event_timestamp_utc"":172032,""access_log_jsonb_w_pkey"":122880}",2743,2880,0,0,6853343,7219683,,,,0,4,DO loop (250 single-row INSERT)
2,W1b/jsonb/X-4/w01,W1b/jsonb/X-4,W1b,W1b,jsonb,jsonb,X-4,separate: GIN (jsonb only),warmup,1,1,True,False,,True,145.341,0.581364,,0.317,151.014,3.794,155.12500000000003,232.511,,,,1675848,1675888,40.0,2384.0,58.0,1668660.0,0.0,1.0,0.0,3.393000000010943,0.0,,,,,,,6654.0,47.0,0.0,182.0,0.0,0.0,9.527999999998428,0.0,250.0,0.0,0.0,0.0,5000,0,7643136,8052736,409600.0,983,24576,8192,0,0,0.0,0.0,0,8380416,9461760,1081344,"{""access_log_jsonb_w_i1a_record_validity"":57344,""access_log_jsonb_w_i1b_entity_type_code"":65536,""access_log_jsonb_w_i1c_status_code"":57344,""access_log_jsonb_w_i1d_latitude_degrees"":139264,""access_log_jsonb_w_i1e_event_timestamp_utc"":172032,""access_log_jsonb_w_i2_gin_jsonb_ops"":4988928,""access_log_jsonb_w_i3_gin_jsonb_path_ops"":3981312,""access_log_jsonb_w_pkey"":122880}",2743,2880,0,0,6853343,7219683,,,,0,4,DO loop (250 single-row INSERT)
2,W1b/jsonb/X-4/w02,W1b/jsonb/X-4,W1b,W1b,jsonb,jsonb,X-4,separate: GIN (jsonb only),warmup,2,1,True,False,,True,133.683,0.534732,,0.301,140.291,1.668,142.26,213.041,,,,1675872,1675912,40.0,2384.0,58.0,1668660.0,0.0,3.0,0.0,1.3080000000045402,0.0,,,,,,,6652.0,47.0,0.0,182.0,0.0,0.0,8.47099999999773,0.0,250.0,0.0,0.0,0.0,5000,0,7643136,8052736,409600.0,983,24576,8192,0,0,0.0,0.0,0,8380416,9461760,1081344,"{""access_log_jsonb_w_i1a_record_validity"":57344,""access_log_jsonb_w_i1b_entity_type_code"":65536,""access_log_jsonb_w_i1c_status_code"":57344,""access_log_jsonb_w_i1d_latitude_degrees"":139264,""access_log_jsonb_w_i1e_event_timestamp_utc"":172032,""access_log_jsonb_w_i2_gin_jsonb_ops"":4988928,""access_log_jsonb_w_i3_gin_jsonb_path_ops"":3981312,""access_log_jsonb_w_pkey"":122880}",2743,2880,0,0,6853343,7219683,,,,0,4,DO loop (250 single-row INSERT)
2,W1b/jsonb/X-1/w02,W1b/jsonb/X-1,W1b,W1b,jsonb,jsonb,X-1,head-to-head,warmup,2,1,True,False,,True,63.89,0.25556,,0.336,70.675,13.28,84.291,165.524,,,,876992,877032,40.0,1754.0,58.0,873392.0,0.0,2.0,0.0,12.85899999999674,0.0,,,,,,,5644.0,47.0,0.0,52.0,0.0,0.0,2.75800000000163,0.0,250.0,0.0,0.0,0.0,5000,0,7643136,8052736,409600.0,983,24576,8192,0,0,0.0,0.0,0,475136,491520,16384,"{""access_log_jsonb_w_i1a_record_validity"":57344,""access_log_jsonb_w_i1b_entity_type_code"":65536,""access_log_jsonb_w_i1c_status_code"":57344,""access_log_jsonb_w_i1d_latitude_degrees"":139264,""access_log_jsonb_w_i1e_event_timestamp_utc"":172032,""access_log_jsonb_w_pkey"":122880}",2743,2880,0,0,6853343,7219683,,,,0,4,DO loop (250 single-row INSERT)
2,W1b/json/X-1/w02,W1b/json/X-1,W1b,W1b,json,json,X-1,head-to-head,warmup,2,1,True,False,,True,104.719,0.41887599999999997,,0.288,111.379,0.982,112.649,186.848,,,,957016,957056,40.0,1754.0,62.0,953092.0,0.0,2.0,0.0,0.6520000000018626,0.0,,,,,,,5887.0,50.0,0.0,64.0,0.0,0.0,3.7930000000051223,0.0,250.0,0.0,0.0,0.0,5000,0,9732096,10240000,507904.0,1250,24576,8192,0,0,0.0,0.0,0,475136,491520,16384,"{""access_log_json_w_i1a_record_validity"":57344,""access_log_json_w_i1b_entity_type_code"":65536,""access_log_json_w_i1c_status_code"":57344,""access_log_json_w_i1d_latitude_degrees"":139264,""access_log_json_w_i1e_event_timestamp_utc"":172032,""access_log_json_w_pkey"":122880}",1,1,0,0,8013364,8434066,0,0,0,0,4,DO loop (250 single-row INSERT)
2,W1b/jsonb/X-0/w02,W1b/jsonb/X-0,W1b,W1b,jsonb,jsonb,X-0,head-to-head,warmup,2,1,True,False,,True,43.468,0.17387200000000003,,0.433,49.995,12.018,62.446,133.567,,,,500608,500648,40.0,501.0,14.0,498314.0,0.0,1.0,0.0,11.512999999991735,0.0,,,,,,,3149.0,0.0,0.0,50.0,0.0,0.0,2.6370000000024447,0.0,250.0,0.0,0.0,0.0,5000,0,7643136,8052736,409600.0,983,24576,8192,0,0,0.0,0.0,0,0,0,0,"{""access_log_jsonb_w_pkey"":122880}",2743,2880,0,0,6853343,7219683,,,,0,4,DO loop (250 single-row INSERT)
2,W1b/json/X-0/w02,W1b/json/X-0,W1b,W1b,json,json,X-0,head-to-head,warmup,2,1,True,False,,True,14.156,0.056624,,0.276,19.264,1.699,21.239,72.397,,,,558376,558416,40.0,501.0,15.0,555847.0,0.0,1.0,0.0,1.3390000000072177,0.0,,,,,,,3403.0,0.0,0.0,62.0,0.0,0.0,2.411000000000058,0.0,250.0,0.0,0.0,0.0,9750,0,9732096,10240000,507904.0,1250,24576,8192,0,0,0.0,0.0,0,0,0,0,"{""access_log_json_w_pkey"":122880}",1,1,0,0,8013364,8434066,0,0,0,0,4,DO loop (250 single-row INSERT)
2,W1b/jsonb/X-0/w03,W1b/jsonb/X-0,W1b,W1b,jsonb,jsonb,X-0,head-to-head,warmup,3,1,True,False,,True,41.061,0.164244,,0.292,47.811,11.991,60.094,119.278,,,,500608,500648,40.0,501.0,14.0,498314.0,0.0,1.0,0.0,11.52699999998731,0.0,,,,,,,3150.0,0.0,0.0,50.0,0.0,0.0,2.1019999999989523,0.0,250.0,0.0,0.0,0.0,5000,0,7643136,8052736,409600.0,983,24576,8192,0,0,0.0,0.0,0,0,0,0,"{""access_log_jsonb_w_pkey"":122880}",2743,2880,0,0,6853343,7219683,,,,0,4,DO loop (250 single-row INSERT)
2,W1b/json/X-0/w03,W1b/json/X-0,W1b,W1b,json,json,X-0,head-to-head,warmup,3,1,False,True,autovacuum-worker|wal-counter-inconsistent|wal-foreign-activity,True,19.093,0.076372,,0.421,26.527,4.197,31.145,123.3,,,,567352,598560,31208.0,712.0,96.0,945913.0,0.0,6.0,0.0,1.463000000003376,0.0,,,,,,,3466.0,0.0,0.0,62.0,0.0,0.0,3.032999999995809,0.0,250.0,0.0,0.0,0.0,9750,0,9732096,10240000,507904.0,1250,24576,8192,0,0,0.0,0.0,0,0,0,0,"{""access_log_json_w_pkey"":122880}",1,1,0,0,8013364,8434066,0,0,0,0,4,DO loop (250 single-row INSERT)
2,W1b/json/X-0/w03,W1b/json/X-0,W1b,W1b,json,json,X-0,head-to-head,warmup,3,2,True,False,,True,19.307,0.07722799999999999,,0.385,26.086,2.22,28.691,96.995,,,,558400,558440,40.0,501.0,15.0,555847.0,0.0,1.0,0.0,1.7930000000051223,0.0,,,,,,,3396.0,0.0,0.0,62.0,0.0,0.0,3.253000000004249,0.0,250.0,0.0,0.0,0.0,9750,0,9732096,10240000,507904.0,1250,24576,8192,0,0,0.0,0.0,0,0,0,0,"{""access_log_json_w_pkey"":122880}",1,1,0,0,8013364,8434066,0,0,0,0,4,DO loop (250 single-row INSERT)
2,W1b/jsonb/X-1/w03,W1b/jsonb/X-1,W1b,W1b,jsonb,jsonb,X-1,head-to-head,warmup,3,1,True,False,,True,52.115,0.20846,,0.268,57.236,12.181,69.685,130.075,,,,876992,877032,40.0,1754.0,58.0,873392.0,0.0,1.0,0.0,11.779999999998836,0.0,,,,,,,5647.0,47.0,0.0,52.0,0.0,0.0,2.3250000000043656,0.0,250.0,0.0,0.0,0.0,5000,0,7643136,8052736,409600.0,983,24576,8192,0,0,0.0,0.0,0,475136,491520,16384,"{""access_log_jsonb_w_i1a_record_validity"":57344,""access_log_jsonb_w_i1b_entity_type_code"":65536,""access_log_jsonb_w_i1c_status_code"":57344,""access_log_jsonb_w_i1d_latitude_degrees"":139264,""access_log_jsonb_w_i1e_event_timestamp_utc"":172032,""access_log_jsonb_w_pkey"":122880}",2743,2880,0,0,6853343,7219683,,,,0,4,DO loop (250 single-row INSERT)
2,W1b/json/X-1/w03,W1b/json/X-1,W1b,W1b,json,json,X-1,head-to-head,warmup,3,1,True,False,,True,109.215,0.43686,,0.28,115.786,12.108,128.174,207.171,,,,957016,957056,40.0,1754.0,62.0,953092.0,0.0,1.0,0.0,11.698000000003958,0.0,,,,,,,5892.0,50.0,0.0,64.0,0.0,0.0,3.065999999998894,0.0,250.0,0.0,0.0,0.0,5000,0,9732096,10240000,507904.0,1250,24576,8192,0,0,0.0,0.0,0,475136,491520,16384,"{""access_log_json_w_i1a_record_validity"":57344,""access_log_json_w_i1b_entity_type_code"":65536,""access_log_json_w_i1c_status_code"":57344,""access_log_json_w_i1d_latitude_degrees"":139264,""access_log_json_w_i1e_event_timestamp_utc"":172032,""access_log_json_w_pkey"":122880}",1,1,0,0,8013364,8434066,0,0,0,0,4,DO loop (250 single-row INSERT)
2,W1b/jsonb/X-4/w03,W1b/jsonb/X-4,W1b,W1b,jsonb,jsonb,X-4,separate: GIN (jsonb only),warmup,3,1,True,False,,True,157.122,0.628488,,0.232,163.256,1.501,164.989,256.94,,,,1675848,1675888,40.0,2384.0,58.0,1668660.0,0.0,2.0,0.0,1.1189999999915017,0.0,,,,,,,6661.0,47.0,0.0,182.0,0.0,0.0,9.49199999999837,0.0,250.0,0.0,0.0,0.0,5000,0,7643136,8052736,409600.0,983,24576,8192,0,0,0.0,0.0,0,8380416,9461760,1081344,"{""access_log_jsonb_w_i1a_record_validity"":57344,""access_log_jsonb_w_i1b_entity_type_code"":65536,""access_log_jsonb_w_i1c_status_code"":57344,""access_log_jsonb_w_i1d_latitude_degrees"":139264,""access_log_jsonb_w_i1e_event_timestamp_utc"":172032,""access_log_jsonb_w_i2_gin_jsonb_ops"":4988928,""access_log_jsonb_w_i3_gin_jsonb_path_ops"":3981312,""access_log_jsonb_w_pkey"":122880}",2743,2880,0,0,6853343,7219683,,,,0,4,DO loop (250 single-row INSERT)
2,W1b/jsonb/X-4/m01,W1b/jsonb/X-4,W1b,W1b,jsonb,jsonb,X-4,separate: GIN (jsonb only),measured,1,1,True,False,,True,135.534,0.542136,,0.287,141.932,14.375,156.594,251.975,,,,1675848,1675888,40.0,2384.0,58.0,1668660.0,0.0,2.0,0.0,13.967000000004191,0.0,,,,,,,6659.0,47.0,0.0,182.0,0.0,0.0,9.203999999997905,0.0,250.0,0.0,0.0,0.0,5000,0,7643136,8052736,409600.0,983,24576,8192,0,0,0.0,0.0,0,8380416,9461760,1081344,"{""access_log_jsonb_w_i1a_record_validity"":57344,""access_log_jsonb_w_i1b_entity_type_code"":65536,""access_log_jsonb_w_i1c_status_code"":57344,""access_log_jsonb_w_i1d_latitude_degrees"":139264,""access_log_jsonb_w_i1e_event_timestamp_utc"":172032,""access_log_jsonb_w_i2_gin_jsonb_ops"":4988928,""access_log_jsonb_w_i3_gin_jsonb_path_ops"":3981312,""access_log_jsonb_w_pkey"":122880}",2743,2880,0,0,6853343,7219683,,,,0,4,DO loop (250 single-row INSERT)
2,W1b/json/X-1/m01,W1b/json/X-1,W1b,W1b,json,json,X-1,head-to-head,measured,1,1,True,False,,True,112.466,0.449864,,0.369,119.388,12.126,131.883,210.263,,,,957016,957056,40.0,1754.0,62.0,953092.0,0.0,1.0,0.0,11.788000000000466,0.0,,,,,,,5892.0,50.0,0.0,64.0,0.0,0.0,3.870999999999185,0.0,250.0,0.0,0.0,0.0,5000,0,9732096,10240000,507904.0,1250,24576,8192,0,0,0.0,0.0,0,475136,491520,16384,"{""access_log_json_w_i1a_record_validity"":57344,""access_log_json_w_i1b_entity_type_code"":65536,""access_log_json_w_i1c_status_code"":57344,""access_log_json_w_i1d_latitude_degrees"":139264,""access_log_json_w_i1e_event_timestamp_utc"":172032,""access_log_json_w_pkey"":122880}",1,1,0,0,8013364,8434066,0,0,0,0,4,DO loop (250 single-row INSERT)
2,W1b/jsonb/X-1/m01,W1b/jsonb/X-1,W1b,W1b,jsonb,jsonb,X-1,head-to-head,measured,1,1,True,False,,True,62.242,0.248968,,0.344,68.847,1.156,70.347,152.834,,,,876992,877032,40.0,1754.0,58.0,873392.0,0.0,2.0,0.0,0.8399999999965075,0.0,,,,,,,5649.0,47.0,0.0,52.0,0.0,0.0,2.661000000000058,0.0,250.0,0.0,0.0,0.0,5000,0,7643136,8052736,409600.0,983,24576,8192,0,0,0.0,0.0,0,475136,491520,16384,"{""access_log_jsonb_w_i1a_record_validity"":57344,""access_log_jsonb_w_i1b_entity_type_code"":65536,""access_log_jsonb_w_i1c_status_code"":57344,""access_log_jsonb_w_i1d_latitude_degrees"":139264,""access_log_jsonb_w_i1e_event_timestamp_utc"":172032,""access_log_jsonb_w_pkey"":122880}",2743,2880,0,0,6853343,7219683,,,,0,4,DO loop (250 single-row INSERT)
2,W1b/json/X-0/m01,W1b/json/X-0,W1b,W1b,json,json,X-0,head-to-head,measured,1,1,True,False,,True,18.447,0.07378799999999999,,0.289,25.19,12.257,37.736000000000004,103.53,,,,558400,558440,40.0,501.0,15.0,555847.0,0.0,1.0,0.0,11.713000000003376,0.0,,,,,,,3395.0,0.0,0.0,62.0,0.0,0.0,2.8500000000058208,0.0,250.0,0.0,0.0,0.0,9750,0,9732096,10240000,507904.0,1250,24576,8192,0,0,0.0,0.0,0,0,0,0,"{""access_log_json_w_pkey"":122880}",1,1,0,0,8013364,8434066,0,0,0,0,4,DO loop (250 single-row INSERT)
2,W1b/jsonb/X-0/m01,W1b/jsonb/X-0,W1b,W1b,jsonb,jsonb,X-0,head-to-head,measured,1,1,True,False,,True,41.664,0.166656,,0.295,48.121,12.641,61.057,123.021,,,,500608,500648,40.0,502.0,15.0,503599.0,0.0,2.0,0.0,0.45900000000256114,0.0,,,,,,,3155.0,0.0,0.0,50.0,0.0,0.0,2.400999999998021,0.0,250.0,0.0,0.0,0.0,5000,0,7643136,8052736,409600.0,983,24576,8192,0,0,0.0,0.0,0,0,0,0,"{""access_log_jsonb_w_pkey"":122880}",2743,2880,0,0,6853343,7219683,,,,0,4,DO loop (250 single-row INSERT)
2,W1b/json/X-0/m02,W1b/json/X-0,W1b,W1b,json,json,X-0,head-to-head,measured,2,1,True,False,,True,17.042,0.068168,,0.372,23.935,1.901,26.208,89.254,,,,558376,558416,40.0,501.0,15.0,555847.0,0.0,1.0,0.0,1.4700000000011642,0.0,,,,,,,3396.0,0.0,0.0,62.0,0.0,0.0,2.7960000000020955,0.0,250.0,0.0,0.0,0.0,9750,0,9732096,10240000,507904.0,1250,24576,8192,0,0,0.0,0.0,0,0,0,0,"{""access_log_json_w_pkey"":122880}",1,1,0,0,8013364,8434066,0,0,0,0,4,DO loop (250 single-row INSERT)
2,W1b/jsonb/X-0/m02,W1b/jsonb/X-0,W1b,W1b,jsonb,jsonb,X-0,head-to-head,measured,2,1,True,False,,True,43.255,0.17302,,0.448,49.692,12.132,62.272,127.026,,,,500608,500648,40.0,501.0,14.0,498314.0,0.0,1.0,0.0,11.680999999996857,0.0,,,,,,,3150.0,0.0,0.0,50.0,0.0,0.0,2.5060000000012224,0.0,250.0,0.0,0.0,0.0,5000,0,7643136,8052736,409600.0,983,24576,8192,0,0,0.0,0.0,0,0,0,0,"{""access_log_jsonb_w_pkey"":122880}",2743,2880,0,0,6853343,7219683,,,,0,4,DO loop (250 single-row INSERT)
2,W1b/json/X-1/m02,W1b/json/X-1,W1b,W1b,json,json,X-1,head-to-head,measured,2,1,True,False,,True,130.91,0.52364,,0.152,136.493,1.61,138.255,215.801,,,,957016,957056,40.0,1754.0,62.0,953092.0,0.0,2.0,0.0,1.3439999999973224,0.0,,,,,,,5892.0,50.0,0.0,64.0,0.0,0.0,3.529999999998836,0.0,250.0,0.0,0.0,0.0,5000,0,9732096,10240000,507904.0,1250,24576,8192,0,0,0.0,0.0,0,475136,491520,16384,"{""access_log_json_w_i1a_record_validity"":57344,""access_log_json_w_i1b_entity_type_code"":65536,""access_log_json_w_i1c_status_code"":57344,""access_log_json_w_i1d_latitude_degrees"":139264,""access_log_json_w_i1e_event_timestamp_utc"":172032,""access_log_json_w_pkey"":122880}",1,1,0,0,8013364,8434066,0,0,0,0,4,DO loop (250 single-row INSERT)
2,W1b/jsonb/X-1/m02,W1b/jsonb/X-1,W1b,W1b,jsonb,jsonb,X-1,head-to-head,measured,2,1,True,False,,True,64.817,0.259268,,0.317,70.863,2.778,73.958,157.657,,,,876992,877032,40.0,1754.0,58.0,873392.0,0.0,1.0,0.0,2.4089999999996508,0.0,,,,,,,5649.0,47.0,0.0,52.0,0.0,0.0,2.7410000000018044,0.0,250.0,0.0,0.0,0.0,5000,0,7643136,8052736,409600.0,983,24576,8192,0,0,0.0,0.0,0,475136,491520,16384,"{""access_log_jsonb_w_i1a_record_validity"":57344,""access_log_jsonb_w_i1b_entity_type_code"":65536,""access_log_jsonb_w_i1c_status_code"":57344,""access_log_jsonb_w_i1d_latitude_degrees"":139264,""access_log_jsonb_w_i1e_event_timestamp_utc"":172032,""access_log_jsonb_w_pkey"":122880}",2743,2880,0,0,6853343,7219683,,,,0,4,DO loop (250 single-row INSERT)
2,W1b/jsonb/X-4/m02,W1b/jsonb/X-4,W1b,W1b,jsonb,jsonb,X-4,separate: GIN (jsonb only),measured,2,1,True,False,,True,166.013,0.664052,,0.286,172.968,2.699,175.953,251.796,,,,1675872,1675912,40.0,2384.0,58.0,1668660.0,0.0,3.0,0.0,2.385999999998603,0.0,,,,,,,6661.0,47.0,0.0,182.0,0.0,0.0,9.652999999998428,0.0,250.0,0.0,0.0,0.0,5000,0,7643136,8052736,409600.0,983,24576,8192,0,0,0.0,0.0,0,8380416,9461760,1081344,"{""access_log_jsonb_w_i1a_record_validity"":57344,""access_log_jsonb_w_i1b_entity_type_code"":65536,""access_log_jsonb_w_i1c_status_code"":57344,""access_log_jsonb_w_i1d_latitude_degrees"":139264,""access_log_jsonb_w_i1e_event_timestamp_utc"":172032,""access_log_jsonb_w_i2_gin_jsonb_ops"":4988928,""access_log_jsonb_w_i3_gin_jsonb_path_ops"":3981312,""access_log_jsonb_w_pkey"":122880}",2743,2880,0,0,6853343,7219683,,,,0,4,DO loop (250 single-row INSERT)
2,W1b/jsonb/X-4/m03,W1b/jsonb/X-4,W1b,W1b,jsonb,jsonb,X-4,separate: GIN (jsonb only),measured,3,1,True,False,,True,135.535,0.54214,,0.314,142.34,1.196,143.85,224.424,,,,1675848,1675888,40.0,2384.0,58.0,1668660.0,0.0,2.0,0.0,0.8790000000008149,0.0,,,,,,,6659.0,47.0,0.0,182.0,0.0,0.0,8.822000000000116,0.0,250.0,0.0,0.0,0.0,5000,0,7643136,8052736,409600.0,983,24576,8192,0,0,0.0,0.0,0,8380416,9461760,1081344,"{""access_log_jsonb_w_i1a_record_validity"":57344,""access_log_jsonb_w_i1b_entity_type_code"":65536,""access_log_jsonb_w_i1c_status_code"":57344,""access_log_jsonb_w_i1d_latitude_degrees"":139264,""access_log_jsonb_w_i1e_event_timestamp_utc"":172032,""access_log_jsonb_w_i2_gin_jsonb_ops"":4988928,""access_log_jsonb_w_i3_gin_jsonb_path_ops"":3981312,""access_log_jsonb_w_pkey"":122880}",2743,2880,0,0,6853343,7219683,,,,0,4,DO loop (250 single-row INSERT)
2,W1b/jsonb/X-1/m03,W1b/jsonb/X-1,W1b,W1b,jsonb,jsonb,X-1,head-to-head,measured,3,1,True,False,,True,59.171,0.236684,,0.27,65.966,12.482,78.71799999999999,155.633,,,,876992,877032,40.0,1754.0,58.0,873392.0,0.0,1.0,0.0,12.048999999999069,0.0,,,,,,,5649.0,47.0,0.0,52.0,0.0,0.0,2.713999999999942,0.0,250.0,0.0,0.0,0.0,5000,0,7643136,8052736,409600.0,983,24576,8192,0,0,0.0,0.0,0,475136,491520,16384,"{""access_log_jsonb_w_i1a_record_validity"":57344,""access_log_jsonb_w_i1b_entity_type_code"":65536,""access_log_jsonb_w_i1c_status_code"":57344,""access_log_jsonb_w_i1d_latitude_degrees"":139264,""access_log_jsonb_w_i1e_event_timestamp_utc"":172032,""access_log_jsonb_w_pkey"":122880}",2743,2880,0,0,6853343,7219683,,,,0,4,DO loop (250 single-row INSERT)
2,W1b/json/X-1/m03,W1b/json/X-1,W1b,W1b,json,json,X-1,head-to-head,measured,3,1,True,False,,True,109.869,0.439476,,0.282,116.766,13.022,130.07,206.309,,,,957016,957056,40.0,1754.0,62.0,953092.0,0.0,2.0,0.0,12.64999999999418,0.0,,,,,,,5892.0,50.0,0.0,64.0,0.0,0.0,3.0599999999976717,0.0,250.0,0.0,0.0,0.0,5000,0,9732096,10240000,507904.0,1250,24576,8192,0,0,0.0,0.0,0,475136,491520,16384,"{""access_log_json_w_i1a_record_validity"":57344,""access_log_json_w_i1b_entity_type_code"":65536,""access_log_json_w_i1c_status_code"":57344,""access_log_json_w_i1d_latitude_degrees"":139264,""access_log_json_w_i1e_event_timestamp_utc"":172032,""access_log_json_w_pkey"":122880}",1,1,0,0,8013364,8434066,0,0,0,0,4,DO loop (250 single-row INSERT)
2,W1b/jsonb/X-0/m03,W1b/jsonb/X-0,W1b,W1b,jsonb,jsonb,X-0,head-to-head,measured,3,1,True,False,,True,44.224,0.176896,,0.278,50.701,2.156,53.135,113.348,,,,500608,500648,40.0,501.0,14.0,498314.0,0.0,1.0,0.0,1.679999999993015,0.0,,,,,,,3149.0,0.0,0.0,50.0,0.0,0.0,2.2949999999982538,0.0,250.0,0.0,0.0,0.0,5000,0,7643136,8052736,409600.0,983,24576,8192,0,0,0.0,0.0,0,0,0,0,"{""access_log_jsonb_w_pkey"":122880}",2743,2880,0,0,6853343,7219683,,,,0,4,DO loop (250 single-row INSERT)
2,W1b/json/X-0/m03,W1b/json/X-0,W1b,W1b,json,json,X-0,head-to-head,measured,3,1,False,True,autovacuum-worker|wal-counter-inconsistent,True,23.12,0.09248,,0.339,32.394,2.123,34.855999999999995,138.681,,,,558376,738776,180400.0,501.0,15.0,555847.0,0.0,1.0,0.0,1.6530000000057044,0.0,,,,,,,3435.0,0.0,0.0,62.0,0.0,0.0,3.595000000001164,0.0,250.0,0.0,0.0,0.0,9750,0,9732096,10240000,507904.0,1250,24576,8192,0,0,0.0,0.0,0,0,0,0,"{""access_log_json_w_pkey"":122880}",1,1,0,0,8013364,8434066,0,0,0,0,4,DO loop (250 single-row INSERT)
2,W1b/json/X-0/m03,W1b/json/X-0,W1b,W1b,json,json,X-0,head-to-head,measured,3,2,True,False,,True,18.392,0.073568,,0.302,25.451,11.826,37.579,104.716,,,,558376,558416,40.0,501.0,15.0,555847.0,0.0,1.0,0.0,11.415000000008149,0.0,,,,,,,3409.0,0.0,0.0,62.0,0.0,0.0,3.315999999998894,0.0,250.0,0.0,0.0,0.0,9750,0,9732096,10240000,507904.0,1250,24576,8192,0,0,0.0,0.0,0,0,0,0,"{""access_log_json_w_pkey"":122880}",1,1,0,0,8013364,8434066,0,0,0,0,4,DO loop (250 single-row INSERT)
2,W1b/jsonb/X-0/m04,W1b/jsonb/X-0,W1b,W1b,jsonb,jsonb,X-0,head-to-head,measured,4,1,True,False,,True,38.777,0.155108,,0.264,44.51,11.57,56.344,115.878,,,,500608,500648,40.0,501.0,14.0,498314.0,0.0,1.0,0.0,11.147000000011758,0.0,,,,,,,3150.0,0.0,0.0,50.0,0.0,0.0,2.5639999999984866,0.0,250.0,0.0,0.0,0.0,5000,0,7643136,8052736,409600.0,983,24576,8192,0,0,0.0,0.0,0,0,0,0,"{""access_log_jsonb_w_pkey"":122880}",2743,2880,0,0,6853343,7219683,,,,0,4,DO loop (250 single-row INSERT)
2,W1b/json/X-0/m04,W1b/json/X-0,W1b,W1b,json,json,X-0,head-to-head,measured,4,1,True,False,,True,18.613,0.074452,,0.373,26.314,10.401,37.088,101.457,,,,558376,558416,40.0,501.0,15.0,555847.0,0.0,1.0,0.0,9.90899999999965,0.0,,,,,,,3395.0,0.0,0.0,62.0,0.0,0.0,3.47099999999773,0.0,250.0,0.0,0.0,0.0,9750,0,9732096,10240000,507904.0,1250,24576,8192,0,0,0.0,0.0,0,0,0,0,"{""access_log_json_w_pkey"":122880}",1,1,0,0,8013364,8434066,0,0,0,0,4,DO loop (250 single-row INSERT)
2,W1b/jsonb/X-1/m04,W1b/jsonb/X-1,W1b,W1b,jsonb,jsonb,X-1,head-to-head,measured,4,1,True,False,,True,102.259,0.409036,,0.438,110.031,12.265,122.73400000000001,204.7,,,,876992,877032,40.0,1754.0,58.0,873392.0,0.0,1.0,0.0,11.823000000003958,0.0,,,,,,,5649.0,47.0,0.0,52.0,0.0,0.0,4.203000000001339,0.0,250.0,0.0,0.0,0.0,5000,0,7643136,8052736,409600.0,983,24576,8192,0,0,0.0,0.0,0,475136,491520,16384,"{""access_log_jsonb_w_i1a_record_validity"":57344,""access_log_jsonb_w_i1b_entity_type_code"":65536,""access_log_jsonb_w_i1c_status_code"":57344,""access_log_jsonb_w_i1d_latitude_degrees"":139264,""access_log_jsonb_w_i1e_event_timestamp_utc"":172032,""access_log_jsonb_w_pkey"":122880}",2743,2880,0,0,6853343,7219683,,,,0,4,DO loop (250 single-row INSERT)
2,W1b/json/X-1/m04,W1b/json/X-1,W1b,W1b,json,json,X-1,head-to-head,measured,4,1,True,False,,True,111.937,0.447748,,0.354,119.451,13.067,132.87199999999999,219.387,,,,957016,957056,40.0,1754.0,62.0,953092.0,0.0,2.0,0.0,12.634000000005472,0.0,,,,,,,5892.0,50.0,0.0,64.0,0.0,0.0,3.388999999995576,0.0,250.0,0.0,0.0,0.0,5000,0,9732096,10240000,507904.0,1250,24576,8192,0,0,0.0,0.0,0,475136,491520,16384,"{""access_log_json_w_i1a_record_validity"":57344,""access_log_json_w_i1b_entity_type_code"":65536,""access_log_json_w_i1c_status_code"":57344,""access_log_json_w_i1d_latitude_degrees"":139264,""access_log_json_w_i1e_event_timestamp_utc"":172032,""access_log_json_w_pkey"":122880}",1,1,0,0,8013364,8434066,0,0,0,0,4,DO loop (250 single-row INSERT)
2,W1b/jsonb/X-4/m04,W1b/jsonb/X-4,W1b,W1b,jsonb,jsonb,X-4,separate: GIN (jsonb only),measured,4,1,True,False,,True,121.298,0.485192,,0.227,126.997,12.03,139.254,205.31,,,,1675872,1675912,40.0,2384.0,58.0,1668660.0,0.0,2.0,0.0,11.648000000001048,0.0,,,,,,,6661.0,47.0,0.0,182.0,0.0,0.0,7.262000000002445,0.0,250.0,0.0,0.0,0.0,5000,0,7643136,8052736,409600.0,983,24576,8192,0,0,0.0,0.0,0,8380416,9461760,1081344,"{""access_log_jsonb_w_i1a_record_validity"":57344,""access_log_jsonb_w_i1b_entity_type_code"":65536,""access_log_jsonb_w_i1c_status_code"":57344,""access_log_jsonb_w_i1d_latitude_degrees"":139264,""access_log_jsonb_w_i1e_event_timestamp_utc"":172032,""access_log_jsonb_w_i2_gin_jsonb_ops"":4988928,""access_log_jsonb_w_i3_gin_jsonb_path_ops"":3981312,""access_log_jsonb_w_pkey"":122880}",2743,2880,0,0,6853343,7219683,,,,0,4,DO loop (250 single-row INSERT)
2,W1b/jsonb/X-4/m05,W1b/jsonb/X-4,W1b,W1b,jsonb,jsonb,X-4,separate: GIN (jsonb only),measured,5,1,True,False,,True,135.524,0.542096,,0.439,141.853,13.445,155.737,241.04,,,,1675872,1675912,40.0,2384.0,58.0,1668660.0,0.0,1.0,0.0,13.063000000009197,0.0,,,,,,,6659.0,47.0,0.0,182.0,0.0,0.0,9.142999999996391,0.0,250.0,0.0,0.0,0.0,5000,0,7643136,8052736,409600.0,983,24576,8192,0,0,0.0,0.0,0,8380416,9461760,1081344,"{""access_log_jsonb_w_i1a_record_validity"":57344,""access_log_jsonb_w_i1b_entity_type_code"":65536,""access_log_jsonb_w_i1c_status_code"":57344,""access_log_jsonb_w_i1d_latitude_degrees"":139264,""access_log_jsonb_w_i1e_event_timestamp_utc"":172032,""access_log_jsonb_w_i2_gin_jsonb_ops"":4988928,""access_log_jsonb_w_i3_gin_jsonb_path_ops"":3981312,""access_log_jsonb_w_pkey"":122880}",2743,2880,0,0,6853343,7219683,,,,0,4,DO loop (250 single-row INSERT)
2,W1b/json/X-1/m05,W1b/json/X-1,W1b,W1b,json,json,X-1,head-to-head,measured,5,1,True,False,,True,106.05,0.42419999999999997,,0.318,112.905,12.653,125.876,200.858,,,,957016,957056,40.0,1754.0,62.0,953092.0,0.0,2.0,0.0,12.270000000004075,0.0,,,,,,,5892.0,50.0,0.0,64.0,0.0,0.0,2.9629999999961,0.0,250.0,0.0,0.0,0.0,5000,0,9732096,10240000,507904.0,1250,24576,8192,0,0,0.0,0.0,0,475136,491520,16384,"{""access_log_json_w_i1a_record_validity"":57344,""access_log_json_w_i1b_entity_type_code"":65536,""access_log_json_w_i1c_status_code"":57344,""access_log_json_w_i1d_latitude_degrees"":139264,""access_log_json_w_i1e_event_timestamp_utc"":172032,""access_log_json_w_pkey"":122880}",1,1,0,0,8013364,8434066,0,0,0,0,4,DO loop (250 single-row INSERT)
2,W1b/jsonb/X-1/m05,W1b/jsonb/X-1,W1b,W1b,jsonb,jsonb,X-1,head-to-head,measured,5,1,True,False,,True,62.776,0.251104,,0.286,69.675,2.518,72.479,142.326,,,,876992,877032,40.0,1755.0,59.0,878677.0,0.0,2.0,0.0,2.1889999999984866,0.0,,,,,,,5649.0,47.0,0.0,52.0,0.0,0.0,2.614000000001397,0.0,250.0,0.0,0.0,0.0,5000,0,7643136,8052736,409600.0,983,24576,8192,0,0,0.0,0.0,0,475136,491520,16384,"{""access_log_jsonb_w_i1a_record_validity"":57344,""access_log_jsonb_w_i1b_entity_type_code"":65536,""access_log_jsonb_w_i1c_status_code"":57344,""access_log_jsonb_w_i1d_latitude_degrees"":139264,""access_log_jsonb_w_i1e_event_timestamp_utc"":172032,""access_log_jsonb_w_pkey"":122880}",2743,2880,0,0,6853343,7219683,,,,0,4,DO loop (250 single-row INSERT)
2,W1b/json/X-0/m05,W1b/json/X-0,W1b,W1b,json,json,X-0,head-to-head,measured,5,1,True,False,,True,23.163,0.092652,,0.337,29.709,1.72,31.766,90.143,,,,558376,558416,40.0,502.0,15.0,555901.0,0.0,1.0,0.0,1.4019999999873107,0.0,,,,,,,3395.0,0.0,0.0,62.0,0.0,0.0,3.7110000000029686,0.0,250.0,0.0,0.0,0.0,9750,0,9732096,10240000,507904.0,1250,24576,8192,0,0,0.0,0.0,0,0,0,0,"{""access_log_json_w_pkey"":122880}",1,1,0,0,8013364,8434066,0,0,0,0,4,DO loop (250 single-row INSERT)
2,W1b/jsonb/X-0/m05,W1b/jsonb/X-0,W1b,W1b,jsonb,jsonb,X-0,head-to-head,measured,5,1,True,False,,True,44.947,0.179788,,0.283,52.069,2.401,54.753,125.126,,,,500608,500648,40.0,501.0,14.0,498314.0,0.0,1.0,0.0,1.8929999999963911,0.0,,,,,,,3157.0,0.0,0.0,50.0,0.0,0.0,2.5449999999982538,0.0,250.0,0.0,0.0,0.0,5000,0,7643136,8052736,409600.0,983,24576,8192,0,0,0.0,0.0,0,0,0,0,"{""access_log_jsonb_w_pkey"":122880}",2743,2880,0,0,6853343,7219683,,,,0,4,DO loop (250 single-row INSERT)
2,W1b/json/X-0/m06,W1b/json/X-0,W1b,W1b,json,json,X-0,head-to-head,measured,6,1,True,False,,True,16.891,0.067564,,0.339,24.017,1.986,26.342,90.864,,,,558376,558416,40.0,501.0,15.0,555847.0,0.0,1.0,0.0,1.588000000003376,0.0,,,,,,,3396.0,0.0,0.0,62.0,0.0,0.0,2.3980000000010477,0.0,250.0,0.0,0.0,0.0,9750,0,9732096,10240000,507904.0,1250,24576,8192,0,0,0.0,0.0,0,0,0,0,"{""access_log_json_w_pkey"":122880}",1,1,0,0,8013364,8434066,0,0,0,0,4,DO loop (250 single-row INSERT)
2,W1b/jsonb/X-0/m06,W1b/jsonb/X-0,W1b,W1b,jsonb,jsonb,X-0,head-to-head,measured,6,1,True,False,,True,51.685,0.20674,,0.396,60.087,12.198,72.68100000000001,168.073,,,,500608,500648,40.0,501.0,14.0,498314.0,0.0,1.0,0.0,11.687999999994645,0.0,,,,,,,3150.0,0.0,0.0,50.0,0.0,0.0,3.3289999999979045,0.0,250.0,0.0,0.0,0.0,5000,0,7643136,8052736,409600.0,983,24576,8192,0,0,0.0,0.0,0,0,0,0,"{""access_log_jsonb_w_pkey"":122880}",2743,2880,0,0,6853343,7219683,,,,0,4,DO loop (250 single-row INSERT)
2,W1b/json/X-1/m06,W1b/json/X-1,W1b,W1b,json,json,X-1,head-to-head,measured,6,1,True,False,,True,80.741,0.322964,,0.172,85.694,2.521,88.387,140.991,,,,957016,957056,40.0,1754.0,62.0,953092.0,0.0,2.0,0.0,2.2140000000072177,0.0,,,,,,,5892.0,50.0,0.0,64.0,0.0,0.0,3.4420000000027358,0.0,250.0,0.0,0.0,0.0,5000,0,9732096,10240000,507904.0,1250,24576,8192,0,0,0.0,0.0,0,475136,491520,16384,"{""access_log_json_w_i1a_record_validity"":57344,""access_log_json_w_i1b_entity_type_code"":65536,""access_log_json_w_i1c_status_code"":57344,""access_log_json_w_i1d_latitude_degrees"":139264,""access_log_json_w_i1e_event_timestamp_utc"":172032,""access_log_json_w_pkey"":122880}",1,1,0,0,8013364,8434066,0,0,0,0,4,DO loop (250 single-row INSERT)
2,W1b/jsonb/X-1/m06,W1b/jsonb/X-1,W1b,W1b,jsonb,jsonb,X-1,head-to-head,measured,6,1,True,False,,True,72.05,0.2882,,0.269,81.045,2.674,83.98800000000001,205.341,,,,876992,877032,40.0,1754.0,58.0,873392.0,0.0,2.0,0.0,2.3319999999948777,0.0,,,,,,,5649.0,47.0,0.0,52.0,0.0,0.0,3.4060000000026776,0.0,250.0,0.0,0.0,0.0,5000,0,7643136,8052736,409600.0,983,24576,8192,0,0,0.0,0.0,0,475136,491520,16384,"{""access_log_jsonb_w_i1a_record_validity"":57344,""access_log_jsonb_w_i1b_entity_type_code"":65536,""access_log_jsonb_w_i1c_status_code"":57344,""access_log_jsonb_w_i1d_latitude_degrees"":139264,""access_log_jsonb_w_i1e_event_timestamp_utc"":172032,""access_log_jsonb_w_pkey"":122880}",2743,2880,0,0,6853343,7219683,,,,0,4,DO loop (250 single-row INSERT)
2,W1b/jsonb/X-4/m06,W1b/jsonb/X-4,W1b,W1b,jsonb,jsonb,X-4,separate: GIN (jsonb only),measured,6,1,True,False,,True,114.227,0.45690800000000004,,0.344,121.769,12.232,134.345,221.236,,,,1675848,1675888,40.0,2384.0,58.0,1668660.0,0.0,2.0,0.0,11.79200000000128,0.0,,,,,,,6659.0,47.0,0.0,182.0,0.0,0.0,7.913000000000466,0.0,250.0,0.0,0.0,0.0,5000,0,7643136,8052736,409600.0,983,24576,8192,0,0,0.0,0.0,0,8380416,9461760,1081344,"{""access_log_jsonb_w_i1a_record_validity"":57344,""access_log_jsonb_w_i1b_entity_type_code"":65536,""access_log_jsonb_w_i1c_status_code"":57344,""access_log_jsonb_w_i1d_latitude_degrees"":139264,""access_log_jsonb_w_i1e_event_timestamp_utc"":172032,""access_log_jsonb_w_i2_gin_jsonb_ops"":4988928,""access_log_jsonb_w_i3_gin_jsonb_path_ops"":3981312,""access_log_jsonb_w_pkey"":122880}",2743,2880,0,0,6853343,7219683,,,,0,4,DO loop (250 single-row INSERT)
2,W1b/jsonb/X-4/m07,W1b/jsonb/X-4,W1b,W1b,jsonb,jsonb,X-4,separate: GIN (jsonb only),measured,7,1,True,False,,True,143.023,0.5720919999999999,,0.304,148.535,2.249,151.088,227.795,,,,1675872,1675912,40.0,2385.0,59.0,1673949.0,0.0,2.0,0.0,1.875,0.0,,,,,,,6661.0,47.0,0.0,182.0,0.0,0.0,10.552999999999884,0.0,250.0,0.0,0.0,0.0,5000,0,7643136,8052736,409600.0,983,24576,8192,0,0,0.0,0.0,0,8380416,9461760,1081344,"{""access_log_jsonb_w_i1a_record_validity"":57344,""access_log_jsonb_w_i1b_entity_type_code"":65536,""access_log_jsonb_w_i1c_status_code"":57344,""access_log_jsonb_w_i1d_latitude_degrees"":139264,""access_log_jsonb_w_i1e_event_timestamp_utc"":172032,""access_log_jsonb_w_i2_gin_jsonb_ops"":4988928,""access_log_jsonb_w_i3_gin_jsonb_path_ops"":3981312,""access_log_jsonb_w_pkey"":122880}",2743,2880,0,0,6853343,7219683,,,,0,4,DO loop (250 single-row INSERT)
2,W1b/jsonb/X-1/m07,W1b/jsonb/X-1,W1b,W1b,jsonb,jsonb,X-1,head-to-head,measured,7,1,True,False,,True,51.699,0.20679599999999998,,0.187,57.822,0.984,58.993,115.472,,,,876992,877032,40.0,1754.0,58.0,873392.0,0.0,2.0,0.0,0.6940000000031432,0.0,,,,,,,5647.0,47.0,0.0,52.0,0.0,0.0,2.3320000000021537,0.0,250.0,0.0,0.0,0.0,5000,0,7643136,8052736,409600.0,983,24576,8192,0,0,0.0,0.0,0,475136,491520,16384,"{""access_log_jsonb_w_i1a_record_validity"":57344,""access_log_jsonb_w_i1b_entity_type_code"":65536,""access_log_jsonb_w_i1c_status_code"":57344,""access_log_jsonb_w_i1d_latitude_degrees"":139264,""access_log_jsonb_w_i1e_event_timestamp_utc"":172032,""access_log_jsonb_w_pkey"":122880}",2743,2880,0,0,6853343,7219683,,,,0,4,DO loop (250 single-row INSERT)
2,W1b/json/X-1/m07,W1b/json/X-1,W1b,W1b,json,json,X-1,head-to-head,measured,7,1,True,False,,True,100.624,0.40249599999999996,,0.383,107.748,2.275,110.406,166.003,,,,957016,957056,40.0,1754.0,62.0,953092.0,0.0,1.0,0.0,1.9519999999902211,0.0,,,,,,,5964.0,50.0,0.0,64.0,0.0,0.0,2.8259999999936554,0.0,250.0,0.0,0.0,0.0,5000,0,9732096,10240000,507904.0,1250,24576,8192,0,0,0.0,0.0,0,475136,491520,16384,"{""access_log_json_w_i1a_record_validity"":57344,""access_log_json_w_i1b_entity_type_code"":65536,""access_log_json_w_i1c_status_code"":57344,""access_log_json_w_i1d_latitude_degrees"":139264,""access_log_json_w_i1e_event_timestamp_utc"":172032,""access_log_json_w_pkey"":122880}",1,1,0,0,8013364,8434066,0,0,0,0,4,DO loop (250 single-row INSERT)
2,W1b/jsonb/X-0/m07,W1b/jsonb/X-0,W1b,W1b,jsonb,jsonb,X-0,head-to-head,measured,7,1,True,False,,True,61.822,0.247288,,0.388,69.591,2.376,72.355,165.146,,,,500608,500648,40.0,501.0,14.0,498314.0,0.0,1.0,0.0,1.9700000000011642,0.0,,,,,,,3148.0,0.0,0.0,50.0,0.0,0.0,3.235000000000582,0.0,250.0,0.0,0.0,0.0,5000,0,7643136,8052736,409600.0,983,24576,8192,0,0,0.0,0.0,0,0,0,0,"{""access_log_jsonb_w_pkey"":122880}",2743,2880,0,0,6853343,7219683,,,,0,4,DO loop (250 single-row INSERT)
2,W1b/json/X-0/m07,W1b/json/X-0,W1b,W1b,json,json,X-0,head-to-head,measured,7,1,True,False,,True,23.253,0.093012,,0.339,30.075,2.438,32.852,93.86,,,,558376,558416,40.0,501.0,15.0,555847.0,0.0,1.0,0.0,2.004000000000815,0.0,,,,,,,3402.0,0.0,0.0,62.0,0.0,0.0,3.7950000000055297,0.0,250.0,0.0,0.0,0.0,9750,0,9732096,10240000,507904.0,1250,24576,8192,0,0,0.0,0.0,0,0,0,0,"{""access_log_json_w_pkey"":122880}",1,1,0,0,8013364,8434066,0,0,0,0,4,DO loop (250 single-row INSERT)
2,W1b/jsonb/X-0/m08,W1b/jsonb/X-0,W1b,W1b,jsonb,jsonb,X-0,head-to-head,measured,8,1,True,False,,True,39.501,0.15800399999999998,,0.326,45.803,1.569,47.698,103.29,,,,500608,500648,40.0,501.0,14.0,498314.0,0.0,2.0,0.0,1.1929999999993015,0.0,,,,,,,3149.0,0.0,0.0,50.0,0.0,0.0,2.5389999999970314,0.0,250.0,0.0,0.0,0.0,5000,0,7643136,8052736,409600.0,983,24576,8192,0,0,0.0,0.0,0,0,0,0,"{""access_log_jsonb_w_pkey"":122880}",2743,2880,0,0,6853343,7219683,,,,0,4,DO loop (250 single-row INSERT)
2,W1b/json/X-0/m08,W1b/json/X-0,W1b,W1b,json,json,X-0,head-to-head,measured,8,1,True,False,,True,18.75,0.075,,0.377,26.689,12.124,39.19,107.648,,,,558376,558416,40.0,501.0,15.0,555847.0,0.0,1.0,0.0,11.663999999989755,0.0,,,,,,,3396.0,0.0,0.0,62.0,0.0,0.0,2.8839999999981956,0.0,250.0,0.0,0.0,0.0,9750,0,9732096,10240000,507904.0,1250,24576,8192,0,0,0.0,0.0,0,0,0,0,"{""access_log_json_w_pkey"":122880}",1,1,0,0,8013364,8434066,0,0,0,0,4,DO loop (250 single-row INSERT)
2,W1b/jsonb/X-1/m08,W1b/jsonb/X-1,W1b,W1b,jsonb,jsonb,X-1,head-to-head,measured,8,1,True,False,,True,63.587,0.254348,,0.349,70.638,12.387,83.37400000000001,177.725,,,,876992,877032,40.0,1754.0,58.0,873392.0,0.0,1.0,0.0,11.96500000001106,0.0,,,,,,,5641.0,47.0,0.0,52.0,0.0,0.0,2.694999999999709,0.0,250.0,0.0,0.0,0.0,5000,0,7643136,8052736,409600.0,983,24576,8192,0,0,0.0,0.0,0,475136,491520,16384,"{""access_log_jsonb_w_i1a_record_validity"":57344,""access_log_jsonb_w_i1b_entity_type_code"":65536,""access_log_jsonb_w_i1c_status_code"":57344,""access_log_jsonb_w_i1d_latitude_degrees"":139264,""access_log_jsonb_w_i1e_event_timestamp_utc"":172032,""access_log_jsonb_w_pkey"":122880}",2743,2880,0,0,6853343,7219683,,,,0,4,DO loop (250 single-row INSERT)
2,W1b/json/X-1/m08,W1b/json/X-1,W1b,W1b,json,json,X-1,head-to-head,measured,8,1,True,False,,True,101.461,0.405844,,0.374,108.254,1.511,110.139,188.396,,,,957016,957056,40.0,1754.0,62.0,953092.0,0.0,2.0,0.0,1.1599999999889405,0.0,,,,,,,5887.0,50.0,0.0,64.0,0.0,0.0,3.6080000000001746,0.0,250.0,0.0,0.0,0.0,5000,0,9732096,10240000,507904.0,1250,24576,8192,0,0,0.0,0.0,0,475136,491520,16384,"{""access_log_json_w_i1a_record_validity"":57344,""access_log_json_w_i1b_entity_type_code"":65536,""access_log_json_w_i1c_status_code"":57344,""access_log_json_w_i1d_latitude_degrees"":139264,""access_log_json_w_i1e_event_timestamp_utc"":172032,""access_log_json_w_pkey"":122880}",1,1,0,0,8013364,8434066,0,0,0,0,4,DO loop (250 single-row INSERT)
2,W1b/jsonb/X-4/m08,W1b/jsonb/X-4,W1b,W1b,jsonb,jsonb,X-4,separate: GIN (jsonb only),measured,8,1,True,False,,True,134.673,0.5386920000000001,,0.371,141.363,11.758,153.49200000000002,239.666,,,,1675872,1675912,40.0,2384.0,58.0,1668660.0,0.0,2.0,0.0,11.322000000000116,0.0,,,,,,,6654.0,47.0,0.0,182.0,0.0,0.0,8.070999999996275,0.0,250.0,0.0,0.0,0.0,5000,0,7643136,8052736,409600.0,983,24576,8192,0,0,0.0,0.0,0,8380416,9461760,1081344,"{""access_log_jsonb_w_i1a_record_validity"":57344,""access_log_jsonb_w_i1b_entity_type_code"":65536,""access_log_jsonb_w_i1c_status_code"":57344,""access_log_jsonb_w_i1d_latitude_degrees"":139264,""access_log_jsonb_w_i1e_event_timestamp_utc"":172032,""access_log_jsonb_w_i2_gin_jsonb_ops"":4988928,""access_log_jsonb_w_i3_gin_jsonb_path_ops"":3981312,""access_log_jsonb_w_pkey"":122880}",2743,2880,0,0,6853343,7219683,,,,0,4,DO loop (250 single-row INSERT)
2,W1b/jsonb/X-4/m09,W1b/jsonb/X-4,W1b,W1b,jsonb,jsonb,X-4,separate: GIN (jsonb only),measured,9,1,True,False,,True,133.169,0.532676,,0.329,139.458,12.496,152.28300000000002,228.608,,,,1675872,1675912,40.0,2384.0,58.0,1668660.0,0.0,2.0,0.0,12.053999999989173,0.0,,,,,,,6652.0,47.0,0.0,182.0,0.0,0.0,8.40400000000227,0.0,250.0,0.0,0.0,0.0,5000,0,7643136,8052736,409600.0,983,24576,8192,0,0,0.0,0.0,0,8380416,9461760,1081344,"{""access_log_jsonb_w_i1a_record_validity"":57344,""access_log_jsonb_w_i1b_entity_type_code"":65536,""access_log_jsonb_w_i1c_status_code"":57344,""access_log_jsonb_w_i1d_latitude_degrees"":139264,""access_log_jsonb_w_i1e_event_timestamp_utc"":172032,""access_log_jsonb_w_i2_gin_jsonb_ops"":4988928,""access_log_jsonb_w_i3_gin_jsonb_path_ops"":3981312,""access_log_jsonb_w_pkey"":122880}",2743,2880,0,0,6853343,7219683,,,,0,4,DO loop (250 single-row INSERT)
2,W1b/json/X-1/m09,W1b/json/X-1,W1b,W1b,json,json,X-1,head-to-head,measured,9,1,True,False,,True,110.853,0.443412,,0.291,116.502,1.377,118.16999999999999,183.257,,,,956992,957032,40.0,1754.0,62.0,953092.0,0.0,2.0,0.0,1.0170000000071013,0.0,,,,,,,5887.0,50.0,0.0,64.0,0.0,0.0,3.449000000000524,0.0,250.0,0.0,0.0,0.0,5000,0,9732096,10240000,507904.0,1250,24576,8192,0,0,0.0,0.0,0,475136,491520,16384,"{""access_log_json_w_i1a_record_validity"":57344,""access_log_json_w_i1b_entity_type_code"":65536,""access_log_json_w_i1c_status_code"":57344,""access_log_json_w_i1d_latitude_degrees"":139264,""access_log_json_w_i1e_event_timestamp_utc"":172032,""access_log_json_w_pkey"":122880}",1,1,0,0,8013364,8434066,0,0,0,0,4,DO loop (250 single-row INSERT)
2,W1b/jsonb/X-1/m09,W1b/jsonb/X-1,W1b,W1b,jsonb,jsonb,X-1,head-to-head,measured,9,1,True,False,,True,60.873,0.243492,,0.369,67.345,12.265,79.979,157.91,,,,876992,877032,40.0,1755.0,59.0,878673.0,0.0,2.0,0.0,11.773999999990338,0.0,,,,,,,5643.0,47.0,0.0,52.0,0.0,0.0,2.617000000005646,0.0,250.0,0.0,0.0,0.0,5000,0,7643136,8052736,409600.0,983,24576,8192,0,0,0.0,0.0,0,475136,491520,16384,"{""access_log_jsonb_w_i1a_record_validity"":57344,""access_log_jsonb_w_i1b_entity_type_code"":65536,""access_log_jsonb_w_i1c_status_code"":57344,""access_log_jsonb_w_i1d_latitude_degrees"":139264,""access_log_jsonb_w_i1e_event_timestamp_utc"":172032,""access_log_jsonb_w_pkey"":122880}",2743,2880,0,0,6853343,7219683,,,,0,4,DO loop (250 single-row INSERT)
2,W1b/json/X-0/m09,W1b/json/X-0,W1b,W1b,json,json,X-0,head-to-head,measured,9,1,True,False,,True,17.933,0.071732,,0.363,24.293,12.447,37.102999999999994,96.88,,,,558376,558416,40.0,501.0,15.0,555847.0,0.0,1.0,0.0,11.922999999995227,0.0,,,,,,,3395.0,0.0,0.0,62.0,0.0,0.0,2.7769999999945867,0.0,250.0,0.0,0.0,0.0,9750,0,9732096,10240000,507904.0,1250,24576,8192,0,0,0.0,0.0,0,0,0,0,"{""access_log_json_w_pkey"":122880}",1,1,0,0,8013364,8434066,0,0,0,0,4,DO loop (250 single-row INSERT)
2,W1b/jsonb/X-0/m09,W1b/jsonb/X-0,W1b,W1b,jsonb,jsonb,X-0,head-to-head,measured,9,1,True,False,,True,38.144,0.152576,,0.378,44.08,8.593,53.051,128.974,,,,500608,500648,40.0,501.0,14.0,498314.0,0.0,1.0,0.0,8.179999999993015,0.0,,,,,,,3157.0,0.0,0.0,50.0,0.0,0.0,1.8570000000036089,0.0,250.0,0.0,0.0,0.0,5000,0,7643136,8052736,409600.0,983,24576,8192,0,0,0.0,0.0,0,0,0,0,"{""access_log_jsonb_w_pkey"":122880}",2743,2880,0,0,6853343,7219683,,,,0,4,DO loop (250 single-row INSERT)
2,W1b/json/X-0/m10,W1b/json/X-0,W1b,W1b,json,json,X-0,head-to-head,measured,10,1,True,False,,True,18.103,0.072412,,0.366,25.158,12.285,37.809,98.372,,,,558400,558440,40.0,501.0,15.0,555847.0,0.0,1.0,0.0,11.762999999991735,0.0,,,,,,,3396.0,0.0,0.0,62.0,0.0,0.0,2.963000000003376,0.0,250.0,0.0,0.0,0.0,9750,0,9732096,10240000,507904.0,1250,24576,8192,0,0,0.0,0.0,0,0,0,0,"{""access_log_json_w_pkey"":122880}",1,1,0,0,8013364,8434066,0,0,0,0,4,DO loop (250 single-row INSERT)
2,W1b/jsonb/X-0/m10,W1b/jsonb/X-0,W1b,W1b,jsonb,jsonb,X-0,head-to-head,measured,10,1,True,False,,True,41.741,0.166964,,0.354,48.122,12.156,60.632,123.085,,,,500632,500672,40.0,501.0,14.0,498314.0,0.0,1.0,0.0,11.71600000000035,0.0,,,,,,,3149.0,0.0,0.0,50.0,0.0,0.0,2.118000000002212,0.0,250.0,0.0,0.0,0.0,5000,0,7643136,8052736,409600.0,983,24576,8192,0,0,0.0,0.0,0,0,0,0,"{""access_log_jsonb_w_pkey"":122880}",2743,2880,0,0,6853343,7219683,,,,0,4,DO loop (250 single-row INSERT)
2,W1b/json/X-1/m10,W1b/json/X-1,W1b,W1b,json,json,X-1,head-to-head,measured,10,1,True,False,,True,103.055,0.41222000000000003,,0.362,109.858,2.095,112.315,191.628,,,,957016,957056,40.0,1754.0,62.0,953092.0,0.0,1.0,0.0,1.805000000007567,0.0,,,,,,,5887.0,50.0,0.0,64.0,0.0,0.0,2.8510000000023865,0.0,250.0,0.0,0.0,0.0,5000,0,9732096,10240000,507904.0,1250,24576,8192,0,0,0.0,0.0,0,475136,491520,16384,"{""access_log_json_w_i1a_record_validity"":57344,""access_log_json_w_i1b_entity_type_code"":65536,""access_log_json_w_i1c_status_code"":57344,""access_log_json_w_i1d_latitude_degrees"":139264,""access_log_json_w_i1e_event_timestamp_utc"":172032,""access_log_json_w_pkey"":122880}",1,1,0,0,8013364,8434066,0,0,0,0,4,DO loop (250 single-row INSERT)
2,W1b/jsonb/X-1/m10,W1b/jsonb/X-1,W1b,W1b,jsonb,jsonb,X-1,head-to-head,measured,10,1,True,False,,True,58.272,0.233088,,0.327,64.64,1.423,66.39,149.752,,,,876992,877032,40.0,1754.0,58.0,873392.0,0.0,2.0,0.0,1.0429999999905704,0.0,,,,,,,5644.0,47.0,0.0,52.0,0.0,0.0,3.1810000000041327,0.0,250.0,0.0,0.0,0.0,5000,0,7643136,8052736,409600.0,983,24576,8192,0,0,0.0,0.0,0,475136,491520,16384,"{""access_log_jsonb_w_i1a_record_validity"":57344,""access_log_jsonb_w_i1b_entity_type_code"":65536,""access_log_jsonb_w_i1c_status_code"":57344,""access_log_jsonb_w_i1d_latitude_degrees"":139264,""access_log_jsonb_w_i1e_event_timestamp_utc"":172032,""access_log_jsonb_w_pkey"":122880}",2743,2880,0,0,6853343,7219683,,,,0,4,DO loop (250 single-row INSERT)
2,W1b/jsonb/X-4/m10,W1b/jsonb/X-4,W1b,W1b,jsonb,jsonb,X-4,separate: GIN (jsonb only),measured,10,1,True,False,,True,139.338,0.557352,,0.369,145.742,12.155,158.266,244.427,,,,1675872,1675912,40.0,2384.0,58.0,1668660.0,0.0,2.0,0.0,11.713999999992666,0.0,,,,,,,6652.0,47.0,0.0,182.0,0.0,0.0,8.026000000005297,0.0,250.0,0.0,0.0,0.0,5000,0,7643136,8052736,409600.0,983,24576,8192,0,0,0.0,0.0,0,8380416,9461760,1081344,"{""access_log_jsonb_w_i1a_record_validity"":57344,""access_log_jsonb_w_i1b_entity_type_code"":65536,""access_log_jsonb_w_i1c_status_code"":57344,""access_log_jsonb_w_i1d_latitude_degrees"":139264,""access_log_jsonb_w_i1e_event_timestamp_utc"":172032,""access_log_jsonb_w_i2_gin_jsonb_ops"":4988928,""access_log_jsonb_w_i3_gin_jsonb_path_ops"":3981312,""access_log_jsonb_w_pkey"":122880}",2743,2880,0,0,6853343,7219683,,,,0,4,DO loop (250 single-row INSERT)
2,W1b/jsonb/X-4/m11,W1b/jsonb/X-4,W1b,W1b,jsonb,jsonb,X-4,separate: GIN (jsonb only),measured,11,1,True,False,,True,137.99,0.55196,,0.349,144.208,3.697,148.254,243.329,,,,1675872,1675912,40.0,2385.0,59.0,1673949.0,0.0,2.0,0.0,3.3040000000037253,0.0,,,,,,,6653.0,47.0,0.0,182.0,0.0,0.0,9.601000000002387,0.0,250.0,0.0,0.0,0.0,5000,0,7643136,8052736,409600.0,983,24576,8192,0,0,0.0,0.0,0,8380416,9461760,1081344,"{""access_log_jsonb_w_i1a_record_validity"":57344,""access_log_jsonb_w_i1b_entity_type_code"":65536,""access_log_jsonb_w_i1c_status_code"":57344,""access_log_jsonb_w_i1d_latitude_degrees"":139264,""access_log_jsonb_w_i1e_event_timestamp_utc"":172032,""access_log_jsonb_w_i2_gin_jsonb_ops"":4988928,""access_log_jsonb_w_i3_gin_jsonb_path_ops"":3981312,""access_log_jsonb_w_pkey"":122880}",2743,2880,0,0,6853343,7219683,,,,0,4,DO loop (250 single-row INSERT)
2,W1b/jsonb/X-1/m11,W1b/jsonb/X-1,W1b,W1b,jsonb,jsonb,X-1,head-to-head,measured,11,1,True,False,,True,61.402,0.245608,,0.356,67.704,2.89,70.94999999999999,148.81,,,,876992,877032,40.0,1754.0,58.0,873392.0,0.0,3.0,0.0,2.4720000000088476,0.0,,,,,,,5641.0,47.0,0.0,52.0,0.0,0.0,2.8100000000049477,0.0,250.0,0.0,0.0,0.0,5000,0,7643136,8052736,409600.0,983,24576,8192,0,0,0.0,0.0,0,475136,491520,16384,"{""access_log_jsonb_w_i1a_record_validity"":57344,""access_log_jsonb_w_i1b_entity_type_code"":65536,""access_log_jsonb_w_i1c_status_code"":57344,""access_log_jsonb_w_i1d_latitude_degrees"":139264,""access_log_jsonb_w_i1e_event_timestamp_utc"":172032,""access_log_jsonb_w_pkey"":122880}",2743,2880,0,0,6853343,7219683,,,,0,4,DO loop (250 single-row INSERT)
2,W1b/json/X-1/m11,W1b/json/X-1,W1b,W1b,json,json,X-1,head-to-head,measured,11,1,True,False,,True,99.467,0.397868,,0.327,105.344,1.573,107.24399999999999,171.337,,,,956992,957032,40.0,1755.0,62.0,953160.0,0.0,2.0,0.0,1.18399999999383,0.0,,,,,,,5935.0,50.0,0.0,64.0,0.0,0.0,3.0709999999962747,0.0,250.0,0.0,0.0,0.0,5000,0,9732096,10240000,507904.0,1250,24576,8192,0,0,0.0,0.0,0,475136,491520,16384,"{""access_log_json_w_i1a_record_validity"":57344,""access_log_json_w_i1b_entity_type_code"":65536,""access_log_json_w_i1c_status_code"":57344,""access_log_json_w_i1d_latitude_degrees"":139264,""access_log_json_w_i1e_event_timestamp_utc"":172032,""access_log_json_w_pkey"":122880}",1,1,0,0,8013364,8434066,0,0,0,0,4,DO loop (250 single-row INSERT)
2,W1b/jsonb/X-0/m11,W1b/jsonb/X-0,W1b,W1b,jsonb,jsonb,X-0,head-to-head,measured,11,1,True,False,,True,40.021,0.160084,,0.323,46.567,11.929,58.819,121.989,,,,500608,500648,40.0,501.0,14.0,498314.0,0.0,1.0,0.0,11.46799999999348,0.0,,,,,,,3149.0,0.0,0.0,50.0,0.0,0.0,2.117999999994936,0.0,250.0,0.0,0.0,0.0,5000,0,7643136,8052736,409600.0,983,24576,8192,0,0,0.0,0.0,0,0,0,0,"{""access_log_jsonb_w_pkey"":122880}",2743,2880,0,0,6853343,7219683,,,,0,4,DO loop (250 single-row INSERT)
2,W1b/json/X-0/m11,W1b/json/X-0,W1b,W1b,json,json,X-0,head-to-head,measured,11,1,True,False,,True,20.193,0.08077200000000001,,0.358,26.865,2.047,29.27,111.8,,,,558376,558416,40.0,501.0,15.0,555847.0,0.0,1.0,0.0,1.6109999999898719,0.0,,,,,,,3400.0,0.0,0.0,62.0,0.0,0.0,3.1449999999967986,0.0,250.0,0.0,0.0,0.0,9750,0,9732096,10240000,507904.0,1250,24576,8192,0,0,0.0,0.0,0,0,0,0,"{""access_log_json_w_pkey"":122880}",1,1,0,0,8013364,8434066,0,0,0,0,4,DO loop (250 single-row INSERT)
2,W1b/jsonb/X-0/m12,W1b/jsonb/X-0,W1b,W1b,jsonb,jsonb,X-0,head-to-head,measured,12,1,True,False,,True,40.839,0.163356,,0.357,47.109,1.6,49.066,121.281,,,,500608,500648,40.0,501.0,14.0,498314.0,0.0,2.0,0.0,1.2229999999981374,0.0,,,,,,,3148.0,0.0,0.0,50.0,0.0,0.0,2.1149999999979627,0.0,250.0,0.0,0.0,0.0,5000,0,7643136,8052736,409600.0,983,24576,8192,0,0,0.0,0.0,0,0,0,0,"{""access_log_jsonb_w_pkey"":122880}",2743,2880,0,0,6853343,7219683,,,,0,4,DO loop (250 single-row INSERT)
2,W1b/json/X-0/m12,W1b/json/X-0,W1b,W1b,json,json,X-0,head-to-head,measured,12,1,True,False,,True,16.641,0.066564,,0.345,23.175,2.32,25.84,91.637,,,,558376,558416,40.0,501.0,15.0,555847.0,0.0,1.0,0.0,1.8850000000093132,0.0,,,,,,,3395.0,0.0,0.0,62.0,0.0,0.0,2.4650000000037835,0.0,250.0,0.0,0.0,0.0,9750,0,9732096,10240000,507904.0,1250,24576,8192,0,0,0.0,0.0,0,0,0,0,"{""access_log_json_w_pkey"":122880}",1,1,0,0,8013364,8434066,0,0,0,0,4,DO loop (250 single-row INSERT)
2,W1b/jsonb/X-1/m12,W1b/jsonb/X-1,W1b,W1b,jsonb,jsonb,X-1,head-to-head,measured,12,1,True,False,,True,63.05,0.2522,,0.399,69.904,12.671,82.97399999999999,164.919,,,,876992,877032,40.0,1754.0,58.0,873392.0,0.0,2.0,0.0,12.206000000005588,0.0,,,,,,,5644.0,47.0,0.0,52.0,0.0,0.0,2.6679999999978463,0.0,250.0,0.0,0.0,0.0,5000,0,7643136,8052736,409600.0,983,24576,8192,0,0,0.0,0.0,0,475136,491520,16384,"{""access_log_jsonb_w_i1a_record_validity"":57344,""access_log_jsonb_w_i1b_entity_type_code"":65536,""access_log_jsonb_w_i1c_status_code"":57344,""access_log_jsonb_w_i1d_latitude_degrees"":139264,""access_log_jsonb_w_i1e_event_timestamp_utc"":172032,""access_log_jsonb_w_pkey"":122880}",2743,2880,0,0,6853343,7219683,,,,0,4,DO loop (250 single-row INSERT)
2,W1b/json/X-1/m12,W1b/json/X-1,W1b,W1b,json,json,X-1,head-to-head,measured,12,1,True,False,,True,106.288,0.425152,,0.384,113.15,12.016,125.55000000000001,199.263,,,,957016,957056,40.0,1754.0,62.0,953092.0,0.0,1.0,0.0,11.573999999993248,0.0,,,,,,,5887.0,50.0,0.0,64.0,0.0,0.0,3.4899999999979627,0.0,250.0,0.0,0.0,0.0,5000,0,9732096,10240000,507904.0,1250,24576,8192,0,0,0.0,0.0,0,475136,491520,16384,"{""access_log_json_w_i1a_record_validity"":57344,""access_log_json_w_i1b_entity_type_code"":65536,""access_log_json_w_i1c_status_code"":57344,""access_log_json_w_i1d_latitude_degrees"":139264,""access_log_json_w_i1e_event_timestamp_utc"":172032,""access_log_json_w_pkey"":122880}",1,1,0,0,8013364,8434066,0,0,0,0,4,DO loop (250 single-row INSERT)
2,W1b/jsonb/X-4/m12,W1b/jsonb/X-4,W1b,W1b,jsonb,jsonb,X-4,separate: GIN (jsonb only),measured,12,1,True,False,,True,128.069,0.512276,,0.355,133.933,7.131,141.41899999999998,229.246,,,,1675872,1675912,40.0,2384.0,58.0,1668660.0,0.0,2.0,0.0,6.778000000005704,0.0,,,,,,,6654.0,47.0,0.0,182.0,0.0,0.0,7.903000000005704,0.0,250.0,0.0,0.0,0.0,5000,0,7643136,8052736,409600.0,983,24576,8192,0,0,0.0,0.0,0,8380416,9461760,1081344,"{""access_log_jsonb_w_i1a_record_validity"":57344,""access_log_jsonb_w_i1b_entity_type_code"":65536,""access_log_jsonb_w_i1c_status_code"":57344,""access_log_jsonb_w_i1d_latitude_degrees"":139264,""access_log_jsonb_w_i1e_event_timestamp_utc"":172032,""access_log_jsonb_w_i2_gin_jsonb_ops"":4988928,""access_log_jsonb_w_i3_gin_jsonb_path_ops"":3981312,""access_log_jsonb_w_pkey"":122880}",2743,2880,0,0,6853343,7219683,,,,0,4,DO loop (250 single-row INSERT)
2,W1b/jsonb/X-4/m13,W1b/jsonb/X-4,W1b,W1b,jsonb,jsonb,X-4,separate: GIN (jsonb only),measured,13,1,True,False,,True,135.794,0.543176,,0.356,142.448,3.493,146.297,226.929,,,,1675888,1675928,40.0,2384.0,58.0,1668660.0,0.0,3.0,0.0,1.6539999999949941,0.0,,,,,,,6652.0,47.0,0.0,182.0,0.0,0.0,8.163000000000466,0.0,250.0,0.0,0.0,0.0,5000,0,7643136,8052736,409600.0,983,24576,8192,0,0,0.0,0.0,0,8380416,9461760,1081344,"{""access_log_jsonb_w_i1a_record_validity"":57344,""access_log_jsonb_w_i1b_entity_type_code"":65536,""access_log_jsonb_w_i1c_status_code"":57344,""access_log_jsonb_w_i1d_latitude_degrees"":139264,""access_log_jsonb_w_i1e_event_timestamp_utc"":172032,""access_log_jsonb_w_i2_gin_jsonb_ops"":4988928,""access_log_jsonb_w_i3_gin_jsonb_path_ops"":3981312,""access_log_jsonb_w_pkey"":122880}",2743,2880,0,0,6853343,7219683,,,,0,4,DO loop (250 single-row INSERT)
2,W1b/json/X-1/m13,W1b/json/X-1,W1b,W1b,json,json,X-1,head-to-head,measured,13,1,True,False,,True,105.999,0.423996,,0.359,112.583,12.046,124.988,196.833,,,,957016,957056,40.0,1754.0,62.0,953092.0,0.0,1.0,0.0,11.588000000003376,0.0,,,,,,,5887.0,50.0,0.0,64.0,0.0,0.0,2.8919999999998254,0.0,250.0,0.0,0.0,0.0,5000,0,9732096,10240000,507904.0,1250,24576,8192,0,0,0.0,0.0,0,475136,491520,16384,"{""access_log_json_w_i1a_record_validity"":57344,""access_log_json_w_i1b_entity_type_code"":65536,""access_log_json_w_i1c_status_code"":57344,""access_log_json_w_i1d_latitude_degrees"":139264,""access_log_json_w_i1e_event_timestamp_utc"":172032,""access_log_json_w_pkey"":122880}",1,1,0,0,8013364,8434066,0,0,0,0,4,DO loop (250 single-row INSERT)
2,W1b/jsonb/X-1/m13,W1b/jsonb/X-1,W1b,W1b,jsonb,jsonb,X-1,head-to-head,measured,13,1,True,False,,True,50.725,0.2029,,0.301,56.137,1.238,57.676,129.257,,,,876992,877032,40.0,1755.0,59.0,878677.0,0.0,2.0,0.0,0.9720000000088476,0.0,,,,,,,5644.0,47.0,0.0,52.0,0.0,0.0,2.175999999999476,0.0,250.0,0.0,0.0,0.0,5000,0,7643136,8052736,409600.0,983,24576,8192,0,0,0.0,0.0,0,475136,491520,16384,"{""access_log_jsonb_w_i1a_record_validity"":57344,""access_log_jsonb_w_i1b_entity_type_code"":65536,""access_log_jsonb_w_i1c_status_code"":57344,""access_log_jsonb_w_i1d_latitude_degrees"":139264,""access_log_jsonb_w_i1e_event_timestamp_utc"":172032,""access_log_jsonb_w_pkey"":122880}",2743,2880,0,0,6853343,7219683,,,,0,4,DO loop (250 single-row INSERT)
2,W1b/json/X-0/m13,W1b/json/X-0,W1b,W1b,json,json,X-0,head-to-head,measured,13,1,True,False,,True,16.288,0.065152,,0.352,22.858,7.485,30.695,92.378,,,,558400,558440,40.0,501.0,15.0,555847.0,0.0,1.0,0.0,7.028999999994994,0.0,,,,,,,3395.0,0.0,0.0,62.0,0.0,0.0,2.440999999998894,0.0,250.0,0.0,0.0,0.0,9750,0,9732096,10240000,507904.0,1250,24576,8192,0,0,0.0,0.0,0,0,0,0,"{""access_log_json_w_pkey"":122880}",1,1,0,0,8013364,8434066,0,0,0,0,4,DO loop (250 single-row INSERT)
2,W1b/jsonb/X-0/m13,W1b/jsonb/X-0,W1b,W1b,jsonb,jsonb,X-0,head-to-head,measured,13,1,True,False,,True,34.446,0.137784,,0.332,39.955,1.718,42.004999999999995,94.148,,,,500608,500648,40.0,501.0,14.0,498314.0,0.0,1.0,0.0,1.3760000000038417,0.0,,,,,,,3157.0,0.0,0.0,50.0,0.0,0.0,2.0129999999990105,0.0,250.0,0.0,0.0,0.0,5000,0,7643136,8052736,409600.0,983,24576,8192,0,0,0.0,0.0,0,0,0,0,"{""access_log_jsonb_w_pkey"":122880}",2743,2880,0,0,6853343,7219683,,,,0,4,DO loop (250 single-row INSERT)
2,W1b/json/X-0/m14,W1b/json/X-0,W1b,W1b,json,json,X-0,head-to-head,measured,14,1,True,False,,True,15.987,0.063948,,0.341,22.111,12.218,34.67,98.772,,,,558376,558416,40.0,501.0,15.0,555847.0,0.0,2.0,0.0,11.747000000003027,0.0,,,,,,,3396.0,0.0,0.0,62.0,0.0,0.0,2.574000000000524,0.0,250.0,0.0,0.0,0.0,9750,0,9732096,10240000,507904.0,1250,24576,8192,0,0,0.0,0.0,0,0,0,0,"{""access_log_json_w_pkey"":122880}",1,1,0,0,8013364,8434066,0,0,0,0,4,DO loop (250 single-row INSERT)
2,W1b/jsonb/X-0/m14,W1b/jsonb/X-0,W1b,W1b,jsonb,jsonb,X-0,head-to-head,measured,14,1,True,False,,True,42.998,0.17199199999999998,,0.375,49.532,12.086,61.992999999999995,132.63,,,,500608,500648,40.0,501.0,14.0,498314.0,0.0,1.0,0.0,11.552999999999884,0.0,,,,,,,3150.0,0.0,0.0,50.0,0.0,0.0,2.2040000000051805,0.0,250.0,0.0,0.0,0.0,5000,0,7643136,8052736,409600.0,983,24576,8192,0,0,0.0,0.0,0,0,0,0,"{""access_log_jsonb_w_pkey"":122880}",2743,2880,0,0,6853343,7219683,,,,0,4,DO loop (250 single-row INSERT)
2,W1b/json/X-1/m14,W1b/json/X-1,W1b,W1b,json,json,X-1,head-to-head,measured,14,1,True,False,,True,106.638,0.42655200000000004,,0.413,113.874,12.282,126.56899999999999,204.949,,,,957016,957056,40.0,1754.0,62.0,953092.0,0.0,1.0,0.0,11.807000000000698,0.0,,,,,,,5887.0,50.0,0.0,64.0,0.0,0.0,3.1410000000032596,0.0,250.0,0.0,0.0,0.0,5000,0,9732096,10240000,507904.0,1250,24576,8192,0,0,0.0,0.0,0,475136,491520,16384,"{""access_log_json_w_i1a_record_validity"":57344,""access_log_json_w_i1b_entity_type_code"":65536,""access_log_json_w_i1c_status_code"":57344,""access_log_json_w_i1d_latitude_degrees"":139264,""access_log_json_w_i1e_event_timestamp_utc"":172032,""access_log_json_w_pkey"":122880}",1,1,0,0,8013364,8434066,0,0,0,0,4,DO loop (250 single-row INSERT)
2,W1b/jsonb/X-1/m14,W1b/jsonb/X-1,W1b,W1b,jsonb,jsonb,X-1,head-to-head,measured,14,1,True,False,,True,78.289,0.313156,,0.365,85.13,2.892,88.38699999999999,166.598,,,,876992,877032,40.0,1754.0,58.0,873392.0,0.0,1.0,0.0,2.438000000009197,0.0,,,,,,,5644.0,47.0,0.0,52.0,0.0,0.0,2.9360000000015134,0.0,250.0,0.0,0.0,0.0,5000,0,7643136,8052736,409600.0,983,24576,8192,0,0,0.0,0.0,0,475136,491520,16384,"{""access_log_jsonb_w_i1a_record_validity"":57344,""access_log_jsonb_w_i1b_entity_type_code"":65536,""access_log_jsonb_w_i1c_status_code"":57344,""access_log_jsonb_w_i1d_latitude_degrees"":139264,""access_log_jsonb_w_i1e_event_timestamp_utc"":172032,""access_log_jsonb_w_pkey"":122880}",2743,2880,0,0,6853343,7219683,,,,0,4,DO loop (250 single-row INSERT)
2,W1b/jsonb/X-4/m14,W1b/jsonb/X-4,W1b,W1b,jsonb,jsonb,X-4,separate: GIN (jsonb only),measured,14,1,True,False,,True,127.079,0.508316,,0.412,133.897,12.89,147.199,235.034,,,,1675848,1675888,40.0,2384.0,58.0,1668660.0,0.0,1.0,0.0,12.436000000001513,0.0,,,,,,,6652.0,47.0,0.0,182.0,0.0,0.0,7.471000000005006,0.0,250.0,0.0,0.0,0.0,5000,0,7643136,8052736,409600.0,983,24576,8192,0,0,0.0,0.0,0,8380416,9461760,1081344,"{""access_log_jsonb_w_i1a_record_validity"":57344,""access_log_jsonb_w_i1b_entity_type_code"":65536,""access_log_jsonb_w_i1c_status_code"":57344,""access_log_jsonb_w_i1d_latitude_degrees"":139264,""access_log_jsonb_w_i1e_event_timestamp_utc"":172032,""access_log_jsonb_w_i2_gin_jsonb_ops"":4988928,""access_log_jsonb_w_i3_gin_jsonb_path_ops"":3981312,""access_log_jsonb_w_pkey"":122880}",2743,2880,0,0,6853343,7219683,,,,0,4,DO loop (250 single-row INSERT)
2,W1b/jsonb/X-4/m15,W1b/jsonb/X-4,W1b,W1b,jsonb,jsonb,X-4,separate: GIN (jsonb only),measured,15,1,True,False,,True,133.44,0.53376,,0.363,140.565,15.718,156.646,236.262,,,,1675888,1675928,40.0,2385.0,59.0,1673949.0,0.0,3.0,0.0,13.432999999989988,0.0,,,,,,,6654.0,47.0,0.0,182.0,0.0,0.0,7.730999999999767,0.0,250.0,0.0,0.0,0.0,5000,0,7643136,8052736,409600.0,983,24576,8192,0,0,0.0,0.0,0,8380416,9461760,1081344,"{""access_log_jsonb_w_i1a_record_validity"":57344,""access_log_jsonb_w_i1b_entity_type_code"":65536,""access_log_jsonb_w_i1c_status_code"":57344,""access_log_jsonb_w_i1d_latitude_degrees"":139264,""access_log_jsonb_w_i1e_event_timestamp_utc"":172032,""access_log_jsonb_w_i2_gin_jsonb_ops"":4988928,""access_log_jsonb_w_i3_gin_jsonb_path_ops"":3981312,""access_log_jsonb_w_pkey"":122880}",2743,2880,0,0,6853343,7219683,,,,0,4,DO loop (250 single-row INSERT)
2,W1b/jsonb/X-1/m15,W1b/jsonb/X-1,W1b,W1b,jsonb,jsonb,X-1,head-to-head,measured,15,1,True,False,,True,69.199,0.276796,,0.338,75.997,9.763,86.098,160.406,,,,876992,877032,40.0,1754.0,58.0,873392.0,0.0,1.0,0.0,9.322999999989406,0.0,,,,,,,5642.0,47.0,0.0,52.0,0.0,0.0,3.661000000000058,0.0,250.0,0.0,0.0,0.0,5000,0,7643136,8052736,409600.0,983,24576,8192,0,0,0.0,0.0,0,475136,491520,16384,"{""access_log_jsonb_w_i1a_record_validity"":57344,""access_log_jsonb_w_i1b_entity_type_code"":65536,""access_log_jsonb_w_i1c_status_code"":57344,""access_log_jsonb_w_i1d_latitude_degrees"":139264,""access_log_jsonb_w_i1e_event_timestamp_utc"":172032,""access_log_jsonb_w_pkey"":122880}",2743,2880,0,0,6853343,7219683,,,,0,4,DO loop (250 single-row INSERT)
2,W1b/json/X-1/m15,W1b/json/X-1,W1b,W1b,json,json,X-1,head-to-head,measured,15,1,True,False,,True,99.225,0.3969,,0.34,105.284,1.233,106.85700000000001,166.973,,,,957016,957056,40.0,1754.0,62.0,953092.0,0.0,2.0,0.0,0.8779999999969732,0.0,,,,,,,5887.0,50.0,0.0,64.0,0.0,0.0,3.069999999999709,0.0,250.0,0.0,0.0,0.0,5000,0,9732096,10240000,507904.0,1250,24576,8192,0,0,0.0,0.0,0,475136,491520,16384,"{""access_log_json_w_i1a_record_validity"":57344,""access_log_json_w_i1b_entity_type_code"":65536,""access_log_json_w_i1c_status_code"":57344,""access_log_json_w_i1d_latitude_degrees"":139264,""access_log_json_w_i1e_event_timestamp_utc"":172032,""access_log_json_w_pkey"":122880}",1,1,0,0,8013364,8434066,0,0,0,0,4,DO loop (250 single-row INSERT)
2,W1b/jsonb/X-0/m15,W1b/jsonb/X-0,W1b,W1b,jsonb,jsonb,X-0,head-to-head,measured,15,1,True,False,,True,50.937,0.20374799999999998,,0.365,57.693,1.487,59.545,125.675,,,,500632,500672,40.0,501.0,14.0,498314.0,0.0,2.0,0.0,1.102999999988242,0.0,,,,,,,3180.0,0.0,0.0,50.0,0.0,0.0,2.50800000000163,0.0,250.0,0.0,0.0,0.0,5000,0,7643136,8052736,409600.0,983,24576,8192,0,0,0.0,0.0,0,0,0,0,"{""access_log_jsonb_w_pkey"":122880}",2743,2880,0,0,6853343,7219683,,,,0,4,DO loop (250 single-row INSERT)
2,W1b/json/X-0/m15,W1b/json/X-0,W1b,W1b,json,json,X-0,head-to-head,measured,15,1,True,False,,True,16.195,0.06478,,0.324,22.21,2.039,24.573000000000004,81.186,,,,558376,558416,40.0,501.0,15.0,555847.0,0.0,1.0,0.0,1.6279999999969732,0.0,,,,,,,3401.0,0.0,0.0,62.0,0.0,0.0,2.4689999999973224,0.0,250.0,0.0,0.0,0.0,9750,0,9732096,10240000,507904.0,1250,24576,8192,0,0,0.0,0.0,0,0,0,0,"{""access_log_json_w_pkey"":122880}",1,1,0,0,8013364,8434066,0,0,0,,4,DO loop (250 single-row INSERT)
